FIPS,State,Year,Total Population,Labor Force Population,Employed,Unemployed
01,Alabama,1976,"2,632,667   ","1,500,615   ","1,399,921   ","100,694   "
02,Alaska,1976,"239,917   ","164,450   ","151,844   ","12,606   "
04,Arizona,1976,"1,650,917   ","981,641   ","885,169   ","96,472   "
05,Arkansas,1976,"1,546,583   ","893,849   ","832,100   ","61,749   "
06,California,1976,"15,823,750   ","9,892,525   ","8,982,727   ","909,798   "
08,Colorado,1976,"1,858,250   ","1,241,861   ","1,167,716   ","74,145   "
09,Connecticut,1976,"2,260,083   ","1,451,846   ","1,318,663   ","133,183   "
10,Delaware,1976,"420,667   ","263,764   ","240,906   ","22,858   "
11,District of Columbia,1976,"517,250   ","332,022   ","303,139   ","28,883   "
12,Florida,1976,"6,509,000   ","3,598,839   ","3,264,416   ","334,423   "
13,Georgia,1976,"3,557,750   ","2,270,404   ","2,085,187   ","185,217   "
15,Hawaii,1976,"591,833   ","409,851   ","372,252   ","37,599   "
16,Idaho,1976,"589,333   ","372,484   ","351,593   ","20,891   "
17,Illinois,1976,"8,177,500   ","5,147,046   ","4,810,302   ","336,744   "
18,Indiana,1976,"3,812,500   ","2,438,409   ","2,290,238   ","148,171   "
19,Iowa,1976,"2,081,583   ","1,338,535   ","1,282,842   ","55,693   "
20,Kansas,1976,"1,647,583   ","1,077,340   ","1,032,679   ","44,661   "
21,Kentucky,1976,"2,486,500   ","1,493,465   ","1,412,199   ","81,266   "
22,Louisiana,1976,"2,707,250   ","1,532,221   ","1,430,872   ","101,349   "
23,Maine,1976,"772,833   ","476,111   ","434,945   ","41,166   "
24,Maryland,1976,"2,977,417   ","1,912,208   ","1,785,342   ","126,866   "
25,Massachusetts,1976,"4,212,167   ","2,727,705   ","2,460,609   ","267,096   "
26,Michigan,1976,"6,453,167   ","3,983,699   ","3,608,680   ","375,019   "
27,Minnesota,1976,"2,812,250   ","1,848,717   ","1,741,662   ","107,055   "
28,Mississippi,1976,"1,657,167   ","970,119   ","906,906   ","63,213   "
29,Missouri,1976,"3,486,917   ","2,123,405   ","1,991,342   ","132,063   "
30,Montana,1976,"536,667   ","334,039   ","314,166   ","19,873   "
31,Nebraska,1976,"1,101,167   ","715,076   ","692,532   ","22,544   "
32,Nevada,1976,"463,417   ","327,990   ","299,003   ","28,987   "
33,New Hampshire,1976,"602,000   ","398,208   ","372,607   ","25,601   "
34,New Jersey,1976,"5,382,750   ","3,321,131   ","2,975,947   ","345,184   "
35,New Mexico,1976,"808,000   ","487,474   ","444,908   ","42,566   "
36,New York,1976,"13,221,750   ","7,675,931   ","6,890,638   ","785,293   "
37,North Carolina,1976,"3,937,333   ","2,607,795   ","2,444,932   ","162,863   "
38,North Dakota,1976,"446,250   ","280,260   ","269,603   ","10,657   "
39,Ohio,1976,"7,731,000   ","4,751,112   ","4,383,254   ","367,858   "
40,Oklahoma,1976,"2,020,583   ","1,192,532   ","1,125,887   ","66,645   "
41,Oregon,1976,"1,739,583   ","1,096,938   ","994,687   ","102,251   "
42,Pennsylvania,1976,"8,807,167   ","5,135,350   ","4,724,246   ","411,104   "
44,Rhode Island,1976,"695,750   ","441,582   ","406,183   ","35,399   "
45,South Carolina,1976,"2,007,417   ","1,298,668   ","1,207,409   ","91,259   "
46,South Dakota,1976,"480,583   ","311,866   ","301,348   ","10,518   "
47,Tennessee,1976,"3,112,917   ","1,859,433   ","1,745,655   ","113,778   "
48,Texas,1976,"8,957,667   ","5,697,726   ","5,366,318   ","331,408   "
49,Utah,1976,"836,417   ","524,995   ","495,591   ","29,404   "
50,Vermont,1976,"342,917   ","218,251   ","200,286   ","17,965   "
51,Virginia,1976,"3,578,083   ","2,339,607   ","2,202,015   ","137,592   "
53,Washington,1976,"2,633,667   ","1,616,057   ","1,474,505   ","141,552   "
54,West Virginia,1976,"1,366,917   ","708,264   ","657,388   ","50,876   "
55,Wisconsin,1976,"3,266,333   ","2,146,137   ","2,026,390   ","119,747   "
56,Wyoming,1976,"275,500   ","180,542   ","173,486   ","7,056   "
01,Alabama,1977,"2,688,917   ","1,563,594   ","1,452,205   ","111,389   "
02,Alaska,1977,"248,083   ","173,464   ","156,535   ","16,929   "
04,Arizona,1977,"1,726,250   ","1,042,825   ","955,224   ","87,601   "
05,Arkansas,1977,"1,581,917   ","924,497   ","864,630   ","59,867   "
06,California,1977,"16,277,917   ","10,373,015   ","9,504,657   ","868,358   "
08,Colorado,1977,"1,923,667   ","1,295,181   ","1,213,371   ","81,810   "
09,Connecticut,1977,"2,286,000   ","1,485,777   ","1,381,208   ","104,569   "
10,Delaware,1977,"428,583   ","272,109   ","249,896   ","22,213   "
11,District of Columbia,1977,"512,500   ","327,546   ","299,505   ","28,041   "
12,Florida,1977,"6,720,167   ","3,730,425   ","3,422,065   ","308,360   "
13,Georgia,1977,"3,646,333   ","2,329,611   ","2,168,157   ","161,454   "
15,Hawaii,1977,"608,917   ","417,073   ","385,647   ","31,426   "
16,Idaho,1977,"611,000   ","397,049   ","373,740   ","23,309   "
17,Illinois,1977,"8,280,750   ","5,286,687   ","4,959,428   ","327,259   "
18,Indiana,1977,"3,868,417   ","2,484,950   ","2,341,895   ","143,055   "
19,Iowa,1977,"2,109,250   ","1,385,948   ","1,330,065   ","55,883   "
20,Kansas,1977,"1,673,667   ","1,110,166   ","1,067,006   ","43,160   "
21,Kentucky,1977,"2,538,167   ","1,537,832   ","1,463,254   ","74,578   "
22,Louisiana,1977,"2,775,417   ","1,601,603   ","1,490,729   ","110,874   "
23,Maine,1977,"790,083   ","480,599   ","440,348   ","40,251   "
24,Maryland,1977,"3,030,250   ","1,969,310   ","1,849,405   ","119,905   "
25,Massachusetts,1977,"4,254,167   ","2,753,330   ","2,536,924   ","216,406   "
26,Michigan,1977,"6,543,083   ","4,109,294   ","3,771,768   ","337,526   "
27,Minnesota,1977,"2,861,667   ","1,919,749   ","1,818,464   ","101,285   "
28,Mississippi,1977,"1,690,583   ","993,611   ","922,082   ","71,529   "
29,Missouri,1977,"3,535,000   ","2,204,297   ","2,072,054   ","132,243   "
30,Montana,1977,"550,500   ","348,780   ","327,199   ","21,581   "
31,Nebraska,1977,"1,114,417   ","740,271   ","715,354   ","24,917   "
32,Nevada,1977,"492,500   ","350,765   ","326,882   ","23,883   "
33,New Hampshire,1977,"625,667   ","418,944   ","395,710   ","23,234   "
34,New Jersey,1977,"5,436,833   ","3,386,590   ","3,070,037   ","316,553   "
35,New Mexico,1977,"838,583   ","511,830   ","472,384   ","39,446   "
36,New York,1977,"13,244,083   ","7,731,821   ","7,023,829   ","707,992   "
37,North Carolina,1977,"4,027,333   ","2,684,570   ","2,526,540   ","158,030   "
38,North Dakota,1977,"453,417   ","288,469   ","275,671   ","12,798   "
39,Ohio,1977,"7,812,167   ","4,831,332   ","4,518,935   ","312,397   "
40,Oklahoma,1977,"2,065,583   ","1,240,130   ","1,181,129   ","59,001   "
41,Oregon,1977,"1,800,333   ","1,151,895   ","1,066,485   ","85,410   "
42,Pennsylvania,1977,"8,879,000   ","5,210,584   ","4,808,178   ","402,406   "
44,Rhode Island,1977,"706,083   ","449,144   ","412,920   ","36,224   "
45,South Carolina,1977,"2,061,250   ","1,326,585   ","1,236,934   ","89,651   "
46,South Dakota,1977,"486,583   ","318,691   ","307,876   ","10,815   "
47,Tennessee,1977,"3,188,167   ","1,936,837   ","1,816,156   ","120,681   "
48,Texas,1977,"9,243,167   ","5,963,232   ","5,639,355   ","323,877   "
49,Utah,1977,"866,000   ","546,697   ","518,236   ","28,461   "
50,Vermont,1977,"351,583   ","227,947   ","212,019   ","15,928   "
51,Virginia,1977,"3,667,667   ","2,402,669   ","2,271,354   ","131,315   "
53,Washington,1977,"2,719,000   ","1,708,029   ","1,565,199   ","142,830   "
54,West Virginia,1977,"1,394,583   ","719,521   ","669,856   ","49,665   "
55,Wisconsin,1977,"3,319,417   ","2,187,585   ","2,077,001   ","110,584   "
56,Wyoming,1977,"288,833   ","195,237   ","188,744   ","6,493   "
01,Alabama,1978,"2,745,083   ","1,619,692   ","1,514,671   ","105,021   "
02,Alaska,1978,"255,000   ","182,160   ","162,741   ","19,419   "
04,Arizona,1978,"1,809,083   ","1,085,110   ","1,020,576   ","64,534   "
05,Arkansas,1978,"1,616,250   ","947,223   ","888,262   ","58,961   "
06,California,1978,"16,761,667   ","10,914,879   ","10,135,587   ","779,292   "
08,Colorado,1978,"1,994,750   ","1,353,528   ","1,278,333   ","75,195   "
09,Connecticut,1978,"2,312,833   ","1,512,562   ","1,432,247   ","80,315   "
10,Delaware,1978,"434,750   ","277,169   ","257,618   ","19,551   "
11,District of Columbia,1978,"508,750   ","332,994   ","307,293   ","25,701   "
12,Florida,1978,"6,970,583   ","3,961,546   ","3,692,603   ","268,943   "
13,Georgia,1978,"3,732,167   ","2,411,350   ","2,273,425   ","137,925   "
15,Hawaii,1978,"624,167   ","421,691   ","392,269   ","29,422   "
16,Idaho,1978,"631,667   ","414,751   ","391,937   ","22,814   "
17,Illinois,1978,"8,365,417   ","5,422,917   ","5,096,902   ","326,015   "
18,Indiana,1978,"3,928,917   ","2,583,919   ","2,439,912   ","144,007   "
19,Iowa,1978,"2,129,333   ","1,415,797   ","1,360,723   ","55,074   "
20,Kansas,1978,"1,697,750   ","1,135,794   ","1,101,120   ","34,674   "
21,Kentucky,1978,"2,581,583   ","1,576,591   ","1,496,608   ","79,983   "
22,Louisiana,1978,"2,836,500   ","1,667,189   ","1,553,455   ","113,734   "
23,Maine,1978,"805,333   ","485,432   ","454,300   ","31,132   "
24,Maryland,1978,"3,076,917   ","2,050,467   ","1,936,450   ","114,017   "
25,Massachusetts,1978,"4,297,167   ","2,815,479   ","2,642,147   ","173,332   "
26,Michigan,1978,"6,634,500   ","4,220,924   ","3,924,773   ","296,151   "
27,Minnesota,1978,"2,907,500   ","1,978,503   ","1,899,967   ","78,536   "
28,Mississippi,1978,"1,722,000   ","1,009,957   ","941,591   ","68,366   "
29,Missouri,1978,"3,581,750   ","2,261,997   ","2,151,197   ","110,800   "
30,Montana,1978,"564,667   ","364,452   ","344,035   ","20,417   "
31,Nebraska,1978,"1,127,167   ","752,855   ","730,576   ","22,279   "
32,Nevada,1978,"528,750   ","373,273   ","356,739   ","16,534   "
33,New Hampshire,1978,"647,833   ","435,293   ","418,708   ","16,585   "
34,New Jersey,1978,"5,497,917   ","3,461,135   ","3,209,835   ","251,300   "
35,New Mexico,1978,"866,417   ","532,398   ","499,606   ","32,792   "
36,New York,1978,"13,252,750   ","7,845,437   ","7,241,610   ","603,827   "
37,North Carolina,1978,"4,113,167   ","2,764,442   ","2,638,240   ","126,202   "
38,North Dakota,1978,"458,750   ","294,926   ","282,521   ","12,405   "
39,Ohio,1978,"7,891,000   ","4,953,805   ","4,681,184   ","272,621   "
40,Oklahoma,1978,"2,112,167   ","1,268,668   ","1,226,210   ","42,458   "
41,Oregon,1978,"1,862,167   ","1,209,185   ","1,135,098   ","74,087   "
42,Pennsylvania,1978,"8,938,917   ","5,302,803   ","4,931,164   ","371,639   "
44,Rhode Island,1978,"714,333   ","450,905   ","422,337   ","28,568   "
45,South Carolina,1978,"2,117,667   ","1,357,715   ","1,282,095   ","75,620   "
46,South Dakota,1978,"490,000   ","322,748   ","312,458   ","10,290   "
47,Tennessee,1978,"3,254,167   ","1,974,814   ","1,861,117   ","113,697   "
48,Texas,1978,"9,535,417   ","6,231,252   ","5,924,912   ","306,340   "
49,Utah,1978,"896,750   ","568,456   ","546,449   ","22,007   "
50,Vermont,1978,"359,833   ","237,269   ","224,165   ","13,104   "
51,Virginia,1978,"3,755,667   ","2,484,887   ","2,356,079   ","128,808   "
53,Washington,1978,"2,823,333   ","1,809,452   ","1,686,389   ","123,063   "
54,West Virginia,1978,"1,412,667   ","736,242   ","689,102   ","47,140   "
55,Wisconsin,1978,"3,366,333   ","2,252,355   ","2,142,167   ","110,188   "
56,Wyoming,1978,"304,250   ","210,109   ","203,975   ","6,134   "
01,Alabama,1979,"2,790,583   ","1,658,246   ","1,538,621   ","119,625   "
02,Alaska,1979,"258,167   ","184,739   ","167,982   ","16,757   "
04,Arizona,1979,"1,908,083   ","1,155,789   ","1,097,452   ","58,337   "
05,Arkansas,1979,"1,646,917   ","974,311   ","913,221   ","61,090   "
06,California,1979,"17,214,167   ","11,292,953   ","10,590,466   ","702,487   "
08,Colorado,1979,"2,069,833   ","1,434,055   ","1,367,649   ","66,406   "
09,Connecticut,1979,"2,339,167   ","1,565,208   ","1,485,071   ","80,137   "
10,Delaware,1979,"439,167   ","281,027   ","261,772   ","19,255   "
11,District of Columbia,1979,"501,833   ","329,713   ","307,281   ","22,432   "
12,Florida,1979,"7,279,417   ","4,141,853   ","3,894,608   ","247,245   "
13,Georgia,1979,"3,828,667   ","2,468,340   ","2,342,044   ","126,296   "
15,Hawaii,1979,"644,250   ","428,331   ","403,984   ","24,347   "
16,Idaho,1979,"647,917   ","428,395   ","403,515   ","24,880   "
17,Illinois,1979,"8,420,333   ","5,458,173   ","5,155,032   ","303,141   "
18,Indiana,1979,"3,977,750   ","2,631,223   ","2,461,836   ","169,387   "
19,Iowa,1979,"2,142,083   ","1,422,631   ","1,363,266   ","59,365   "
20,Kansas,1979,"1,719,250   ","1,161,289   ","1,125,464   ","35,825   "
21,Kentucky,1979,"2,619,667   ","1,611,702   ","1,522,101   ","89,601   "
22,Louisiana,1979,"2,905,500   ","1,719,431   ","1,604,853   ","114,578   "
23,Maine,1979,"818,417   ","498,906   ","465,875   ","33,031   "
24,Maryland,1979,"3,114,500   ","2,112,310   ","1,989,843   ","122,467   "
25,Massachusetts,1979,"4,338,667   ","2,859,551   ","2,703,084   ","156,467   "
26,Michigan,1979,"6,718,333   ","4,324,424   ","3,985,396   ","339,028   "
27,Minnesota,1979,"2,957,083   ","2,046,339   ","1,958,140   ","88,199   "
28,Mississippi,1979,"1,748,333   ","1,021,623   ","963,423   ","58,200   "
29,Missouri,1979,"3,620,750   ","2,301,831   ","2,192,454   ","109,377   "
30,Montana,1979,"571,917   ","369,431   ","350,133   ","19,298   "
31,Nebraska,1979,"1,137,750   ","759,449   ","737,550   ","21,899   "
32,Nevada,1979,"567,667   ","402,062   ","382,264   ","19,798   "
33,New Hampshire,1979,"667,583   ","454,533   ","440,262   ","14,271   "
34,New Jersey,1979,"5,553,917   ","3,560,961   ","3,317,384   ","243,577   "
35,New Mexico,1979,"895,583   ","553,121   ","516,463   ","36,658   "
36,New York,1979,"13,278,917   ","7,994,479   ","7,428,372   ","566,107   "
37,North Carolina,1979,"4,197,500   ","2,809,110   ","2,673,630   ","135,480   "
38,North Dakota,1979,"463,500   ","300,003   ","287,587   ","12,416   "
39,Ohio,1979,"7,948,500   ","5,059,133   ","4,761,466   ","297,667   "
40,Oklahoma,1979,"2,162,917   ","1,309,688   ","1,269,065   ","40,623   "
41,Oregon,1979,"1,923,417   ","1,246,757   ","1,162,290   ","84,467   "
42,Pennsylvania,1979,"9,001,833   ","5,377,512   ","5,001,124   ","376,388   "
44,Rhode Island,1979,"719,000   ","463,450   ","434,112   ","29,338   "
45,South Carolina,1979,"2,169,417   ","1,374,740   ","1,306,553   ","68,187   "
46,South Dakota,1979,"492,917   ","326,159   ","315,185   ","10,974   "
47,Tennessee,1979,"3,330,417   ","2,036,299   ","1,916,951   ","119,348   "
48,Texas,1979,"9,870,750   ","6,501,097   ","6,217,782   ","283,315   "
49,Utah,1979,"929,083   ","605,874   ","579,295   ","26,579   "
50,Vermont,1979,"368,667   ","243,880   ","231,586   ","12,294   "
51,Virginia,1979,"3,824,750   ","2,532,240   ","2,412,098   ","120,142   "
53,Washington,1979,"2,940,250   ","1,918,785   ","1,789,134   ","129,651   "
54,West Virginia,1979,"1,430,417   ","754,601   ","699,025   ","55,576   "
55,Wisconsin,1979,"3,419,750   ","2,309,934   ","2,205,872   ","104,062   "
56,Wyoming,1979,"319,667   ","222,839   ","217,096   ","5,743   "
01,Alabama,1980,"2,827,447   ","1,674,844   ","1,529,549   ","145,295   "
02,Alaska,1980,"264,746   ","189,697   ","171,714   ","17,983   "
04,Arizona,1980,"1,995,956   ","1,234,989   ","1,153,197   ","81,792   "
05,Arkansas,1980,"1,668,874   ","990,297   ","915,727   ","74,570   "
06,California,1980,"17,718,629   ","11,625,403   ","10,824,606   ","800,797   "
08,Colorado,1980,"2,128,525   ","1,498,087   ","1,410,497   ","87,590   "
09,Connecticut,1980,"2,370,384   ","1,589,268   ","1,498,315   ","90,953   "
10,Delaware,1980,"439,938   ","283,825   ","262,436   ","21,389   "
11,District of Columbia,1980,"493,230   ","324,450   ","300,505   ","23,945   "
12,Florida,1980,"7,616,882   ","4,315,685   ","4,057,730   ","257,955   "
13,Georgia,1980,"3,923,903   ","2,535,168   ","2,376,030   ","159,138   "
15,Hawaii,1980,"663,065   ","440,106   ","418,355   ","21,751   "
16,Idaho,1980,"659,186   ","429,834   ","397,324   ","32,510   "
17,Illinois,1980,"8,463,613   ","5,531,765   ","5,081,896   ","449,869   "
18,Indiana,1980,"4,008,455   ","2,620,116   ","2,368,618   ","251,498   "
19,Iowa,1980,"2,147,602   ","1,426,731   ","1,342,010   ","84,721   "
20,Kansas,1980,"1,737,519   ","1,179,000   ","1,126,445   ","52,555   "
21,Kentucky,1980,"2,648,553   ","1,658,848   ","1,526,863   ","131,985   "
22,Louisiana,1980,"2,975,702   ","1,768,955   ","1,644,534   ","124,421   "
23,Maine,1980,"826,019   ","506,346   ","468,566   ","37,780   "
24,Maryland,1980,"3,149,488   ","2,144,150   ","2,005,479   ","138,671   "
25,Massachusetts,1980,"4,377,840   ","2,873,352   ","2,708,306   ","165,046   "
26,Michigan,1980,"6,768,893   ","4,324,500   ","3,795,230   ","529,270   "
27,Minnesota,1980,"3,007,350   ","2,102,487   ","1,980,706   ","121,781   "
28,Mississippi,1980,"1,769,652   ","1,047,998   ","971,384   ","76,614   "
29,Missouri,1980,"3,657,455   ","2,328,674   ","2,161,084   ","167,590   "
30,Montana,1980,"574,749   ","372,105   ","348,593   ","23,512   "
31,Nebraska,1980,"1,146,267   ","762,797   ","733,546   ","29,251   "
32,Nevada,1980,"607,134   ","432,812   ","405,362   ","27,450   "
33,New Hampshire,1980,"682,685   ","467,511   ","446,382   ","21,129   "
34,New Jersey,1980,"5,598,129   ","3,583,732   ","3,329,317   ","254,415   "
35,New Mexico,1980,"922,037   ","565,189   ","522,477   ","42,712   "
36,New York,1980,"13,322,426   ","7,981,729   ","7,389,881   ","591,848   "
37,North Carolina,1980,"4,295,955   ","2,854,655   ","2,673,128   ","181,527   "
38,North Dakota,1980,"466,350   ","302,809   ","288,072   ","14,737   "
39,Ohio,1980,"7,989,256   ","5,076,095   ","4,648,020   ","428,075   "
40,Oklahoma,1980,"2,216,676   ","1,365,398   ","1,308,683   ","56,715   "
41,Oregon,1980,"1,974,044   ","1,289,641   ","1,181,775   ","107,866   "
42,Pennsylvania,1980,"9,039,557   ","5,436,045   ","4,991,257   ","444,788   "
44,Rhode Island,1980,"719,856   ","470,502   ","436,578   ","33,924   "
45,South Carolina,1980,"2,221,189   ","1,394,098   ","1,300,398   ","93,700   "
46,South Dakota,1980,"494,466   ","330,945   ","315,306   ","15,639   "
47,Tennessee,1980,"3,397,469   ","2,072,917   ","1,919,912   ","153,005   "
48,Texas,1980,"10,232,341   ","6,773,499   ","6,417,776   ","355,723   "
49,Utah,1980,"962,469   ","632,561   ","592,884   ","39,677   "
50,Vermont,1980,"376,360   ","249,339   ","234,245   ","15,094   "
51,Virginia,1980,"3,890,393   ","2,568,196   ","2,433,545   ","134,651   "
53,Washington,1980,"3,058,630   ","1,977,044   ","1,819,779   ","157,265   "
54,West Virginia,1980,"1,442,468   ","767,789   ","690,097   ","77,692   "
55,Wisconsin,1980,"3,474,314   ","2,349,430   ","2,177,209   ","172,221   "
56,Wyoming,1980,"334,692   ","234,831   ","225,769   ","9,062   "
01,Alabama,1981,"2,858,456   ","1,685,545   ","1,503,812   ","181,733   "
02,Alaska,1981,"276,213   ","200,224   ","181,770   ","18,454   "
04,Arizona,1981,"2,065,717   ","1,279,257   ","1,200,120   ","79,137   "
05,Arkansas,1981,"1,682,439   ","1,017,654   ","930,079   ","87,575   "
06,California,1981,"18,170,107   ","11,893,544   ","11,009,471   ","884,073   "
08,Colorado,1981,"2,190,755   ","1,542,343   ","1,455,221   ","87,122   "
09,Connecticut,1981,"2,403,884   ","1,603,953   ","1,505,424   ","98,529   "
10,Delaware,1981,"444,350   ","287,358   ","264,812   ","22,546   "
11,District of Columbia,1981,"493,044   ","312,403   ","285,072   ","27,331   "
12,Florida,1981,"7,929,606   ","4,549,672   ","4,241,137   ","308,535   "
13,Georgia,1981,"4,021,679   ","2,599,937   ","2,431,781   ","168,156   "
15,Hawaii,1981,"675,608   ","449,922   ","426,625   ","23,297   "
16,Idaho,1981,"669,237   ","430,246   ","397,582   ","32,664   "
17,Illinois,1981,"8,496,349   ","5,574,045   ","5,091,268   ","482,777   "
18,Indiana,1981,"4,020,219   ","2,612,493   ","2,356,868   ","255,625   "
19,Iowa,1981,"2,148,453   ","1,420,794   ","1,328,687   ","92,107   "
20,Kansas,1981,"1,749,786   ","1,177,800   ","1,127,152   ","50,648   "
21,Kentucky,1981,"2,670,911   ","1,664,748   ","1,520,636   ","144,112   "
22,Louisiana,1981,"3,029,265   ","1,834,503   ","1,679,147   ","155,356   "
23,Maine,1981,"835,128   ","512,249   ","475,092   ","37,157   "
24,Maryland,1981,"3,207,735   ","2,180,040   ","2,021,494   ","158,546   "
25,Massachusetts,1981,"4,428,494   ","2,953,474   ","2,763,875   ","189,599   "
26,Michigan,1981,"6,779,929   ","4,299,104   ","3,765,318   ","533,786   "
27,Minnesota,1981,"3,041,286   ","2,141,995   ","2,018,817   ","123,178   "
28,Mississippi,1981,"1,790,247   ","1,051,779   ","962,010   ","89,769   "
29,Missouri,1981,"3,676,179   ","2,313,615   ","2,135,639   ","177,976   "
30,Montana,1981,"581,396   ","382,654   ","356,754   ","25,900   "
31,Nebraska,1981,"1,152,185   ","768,886   ","737,139   ","31,747   "
32,Nevada,1981,"639,945   ","466,537   ","432,301   ","34,236   "
33,New Hampshire,1981,"696,686   ","478,630   ","454,403   ","24,227   "
34,New Jersey,1981,"5,658,915   ","3,607,497   ","3,336,698   ","270,799   "
35,New Mexico,1981,"945,726   ","579,757   ","537,837   ","41,920   "
36,New York,1981,"13,421,022   ","8,031,607   ","7,421,093   ","610,514   "
37,North Carolina,1981,"4,377,319   ","2,907,237   ","2,719,606   ","187,631   "
38,North Dakota,1981,"470,644   ","307,754   ","292,679   ","15,075   "
39,Ohio,1981,"8,018,516   ","5,098,336   ","4,614,373   ","483,963   "
40,Oklahoma,1981,"2,265,556   ","1,427,611   ","1,376,365   ","51,246   "
41,Oregon,1981,"1,998,660   ","1,328,381   ","1,199,023   ","129,358   "
42,Pennsylvania,1981,"9,075,749   ","5,451,476   ","4,996,861   ","454,615   "
44,Rhode Island,1981,"726,221   ","476,903   ","440,637   ","36,266   "
45,South Carolina,1981,"2,266,387   ","1,431,228   ","1,314,047   ","117,181   "
46,South Dakota,1981,"493,987   ","331,175   ","315,201   ","15,974   "
47,Tennessee,1981,"3,436,829   ","2,110,445   ","1,923,396   ","187,049   "
48,Texas,1981,"10,587,660   ","7,112,523   ","6,733,807   ","378,716   "
49,Utah,1981,"992,203   ","650,351   ","607,031   ","43,320   "
50,Vermont,1981,"380,848   ","255,965   ","241,290   ","14,675   "
51,Virginia,1981,"3,964,871   ","2,611,486   ","2,457,712   ","153,774   "
53,Washington,1981,"3,129,836   ","2,001,241   ","1,814,897   ","186,344   "
54,West Virginia,1981,"1,450,296   ","772,293   ","690,304   ","81,989   "
55,Wisconsin,1981,"3,511,249   ","2,374,912   ","2,187,847   ","187,065   "
56,Wyoming,1981,"346,145   ","245,592   ","235,357   ","10,235   "
01,Alabama,1982,"2,879,742   ","1,713,224   ","1,476,783   ","236,441   "
02,Alaska,1982,"296,865   ","216,972   ","195,305   ","21,667   "
04,Arizona,1982,"2,141,023   ","1,361,520   ","1,225,888   ","135,632   "
05,Arkansas,1982,"1,690,974   ","1,015,608   ","919,430   ","96,178   "
06,California,1982,"18,601,456   ","12,265,023   ","11,029,220   ","1,235,803   "
08,Colorado,1982,"2,259,166   ","1,598,254   ","1,475,668   ","122,586   "
09,Connecticut,1982,"2,428,716   ","1,618,515   ","1,507,758   ","110,757   "
10,Delaware,1982,"449,499   ","293,602   ","268,830   ","24,772   "
11,District of Columbia,1982,"492,914   ","314,538   ","281,959   ","32,579   "
12,Florida,1982,"8,198,443   ","4,728,174   ","4,324,040   ","404,134   "
13,Georgia,1982,"4,104,580   ","2,668,990   ","2,461,101   ","207,889   "
15,Hawaii,1982,"689,816   ","459,169   ","431,034   ","28,135   "
16,Idaho,1982,"678,021   ","443,477   ","399,341   ","44,136   "
17,Illinois,1982,"8,502,786   ","5,576,377   ","4,944,976   ","631,401   "
18,Indiana,1982,"4,022,794   ","2,593,044   ","2,284,854   ","308,190   "
19,Iowa,1982,"2,139,032   ","1,403,735   ","1,285,764   ","117,971   "
20,Kansas,1982,"1,761,495   ","1,188,653   ","1,112,893   ","75,760   "
21,Kentucky,1982,"2,690,729   ","1,678,475   ","1,497,508   ","180,967   "
22,Louisiana,1982,"3,081,085   ","1,848,354   ","1,659,975   ","188,379   "
23,Maine,1982,"842,817   ","520,759   ","476,427   ","44,332   "
24,Maryland,1982,"3,248,907   ","2,193,598   ","2,014,825   ","178,773   "
25,Massachusetts,1982,"4,461,648   ","2,992,852   ","2,758,667   ","234,185   "
26,Michigan,1982,"6,751,810   ","4,267,539   ","3,609,538   ","658,001   "
27,Minnesota,1982,"3,063,020   ","2,155,306   ","1,986,836   ","168,470   "
28,Mississippi,1982,"1,806,704   ","1,060,169   ","943,935   ","116,234   "
29,Missouri,1982,"3,683,452   ","2,313,840   ","2,099,238   ","214,602   "
30,Montana,1982,"587,789   ","387,456   ","354,171   ","33,285   "
31,Nebraska,1982,"1,154,414   ","775,745   ","733,194   ","42,551   "
32,Nevada,1982,"669,115   ","490,769   ","441,910   ","48,859   "
33,New Hampshire,1982,"708,677   ","485,319   ","452,064   ","33,255   "
34,New Jersey,1982,"5,708,580   ","3,635,940   ","3,317,248   ","318,692   "
35,New Mexico,1982,"970,550   ","598,219   ","544,159   ","54,060   "
36,New York,1982,"13,515,867   ","8,032,577   ","7,333,550   ","699,027   "
37,North Carolina,1982,"4,452,563   ","2,955,629   ","2,680,579   ","275,050   "
38,North Dakota,1982,"475,234   ","311,120   ","293,925   ","17,195   "
39,Ohio,1982,"8,019,866   ","5,113,747   ","4,462,876   ","650,871   "
40,Oklahoma,1982,"2,339,380   ","1,480,319   ","1,389,839   ","90,480   "
41,Oregon,1982,"2,003,943   ","1,326,031   ","1,175,726   ","150,305   "
42,Pennsylvania,1982,"9,093,172   ","5,444,963   ","4,853,704   ","591,259   "
44,Rhode Island,1982,"731,252   ","480,443   ","433,169   ","47,274   "
45,South Carolina,1982,"2,306,997   ","1,481,395   ","1,321,621   ","159,774   "
46,South Dakota,1982,"494,001   ","331,746   ","313,776   ","17,970   "
47,Tennessee,1982,"3,468,046   ","2,131,629   ","1,879,496   ","252,133   "
48,Texas,1982,"11,016,607   ","7,402,521   ","6,890,189   ","512,332   "
49,Utah,1982,"1,021,204   ","674,629   ","619,916   ","54,713   "
50,Vermont,1982,"385,069   ","261,804   ","243,361   ","18,443   "
51,Virginia,1982,"4,029,975   ","2,672,798   ","2,476,690   ","196,108   "
53,Washington,1982,"3,172,076   ","2,040,626   ","1,800,905   ","239,721   "
54,West Virginia,1982,"1,453,603   ","774,847   ","666,425   ","108,422   "
55,Wisconsin,1982,"3,532,673   ","2,419,764   ","2,169,257   ","250,507   "
56,Wyoming,1982,"354,363   ","250,499   ","235,647   ","14,852   "
01,Alabama,1983,"2,897,147   ","1,749,571   ","1,507,337   ","242,234   "
02,Alaska,1983,"326,692   ","235,485   ","211,650   ","23,835   "
04,Arizona,1983,"2,224,228   ","1,413,641   ","1,285,269   ","128,372   "
05,Arkansas,1983,"1,706,766   ","1,030,726   ","930,571   ","100,155   "
06,California,1983,"18,975,417   ","12,459,424   ","11,234,383   ","1,225,041   "
08,Colorado,1983,"2,320,570   ","1,664,301   ","1,546,377   ","117,924   "
09,Connecticut,1983,"2,449,191   ","1,630,976   ","1,533,252   ","97,724   "
10,Delaware,1983,"454,220   ","294,895   ","272,101   ","22,794   "
11,District of Columbia,1983,"494,808   ","322,552   ","287,636   ","34,916   "
12,Florida,1983,"8,458,634   ","4,939,852   ","4,514,185   ","425,667   "
13,Georgia,1983,"4,178,317   ","2,714,453   ","2,508,076   ","206,377   "
15,Hawaii,1983,"707,271   ","470,590   ","442,775   ","27,815   "
16,Idaho,1983,"687,284   ","452,143   ","410,572   ","41,571   "
17,Illinois,1983,"8,501,694   ","5,552,358   ","4,903,101   ","649,257   "
18,Indiana,1983,"4,020,619   ","2,568,336   ","2,283,754   ","284,582   "
19,Iowa,1983,"2,131,787   ","1,399,057   ","1,284,822   ","114,235   "
20,Kansas,1983,"1,771,078   ","1,185,841   ","1,115,942   ","69,899   "
21,Kentucky,1983,"2,711,004   ","1,691,845   ","1,501,641   ","190,204   "
22,Louisiana,1983,"3,123,772   ","1,882,691   ","1,666,364   ","216,327   "
23,Maine,1983,"853,002   ","534,304   ","490,216   ","44,088   "
24,Maryland,1983,"3,279,773   ","2,229,440   ","2,074,495   ","154,945   "
25,Massachusetts,1983,"4,498,677   ","2,995,527   ","2,787,418   ","208,109   "
26,Michigan,1983,"6,714,953   ","4,267,600   ","3,649,197   ","618,403   "
27,Minnesota,1983,"3,075,907   ","2,175,401   ","2,000,289   ","175,112   "
28,Mississippi,1983,"1,815,313   ","1,065,775   ","937,718   ","128,057   "
29,Missouri,1983,"3,701,683   ","2,339,653   ","2,108,978   ","230,675   "
30,Montana,1983,"595,593   ","395,263   ","360,693   ","34,570   "
31,Nebraska,1983,"1,159,331   ","778,272   ","735,136   ","43,136   "
32,Nevada,1983,"687,823   ","499,145   ","450,225   ","48,920   "
33,New Hampshire,1983,"719,823   ","499,650   ","472,396   ","27,254   "
34,New Jersey,1983,"5,770,936   ","3,695,308   ","3,390,087   ","305,221   "
35,New Mexico,1983,"996,095   ","614,753   ","554,649   ","60,104   "
36,New York,1983,"13,620,528   ","8,110,593   ","7,386,874   ","723,719   "
37,North Carolina,1983,"4,513,704   ","2,976,639   ","2,708,701   ","267,938   "
38,North Dakota,1983,"481,188   ","315,012   ","296,765   ","18,247   "
39,Ohio,1983,"7,996,887   ","5,081,641   ","4,458,134   ","623,507   "
40,Oklahoma,1983,"2,400,759   ","1,518,823   ","1,395,340   ","123,483   "
41,Oregon,1983,"2,008,728   ","1,338,968   ","1,193,981   ","144,987   "
42,Pennsylvania,1983,"9,101,949   ","5,418,680   ","4,822,518   ","596,162   "
44,Rhode Island,1983,"734,948   ","479,927   ","439,467   ","40,460   "
45,South Carolina,1983,"2,340,604   ","1,478,129   ","1,332,493   ","145,636   "
46,South Dakota,1983,"497,050   ","332,237   ","315,041   ","17,196   "
47,Tennessee,1983,"3,493,052   ","2,174,360   ","1,923,659   ","250,701   "
48,Texas,1983,"11,367,958   ","7,689,124   ","7,067,524   ","621,600   "
49,Utah,1983,"1,052,318   ","695,881   ","633,212   ","62,669   "
50,Vermont,1983,"389,275   ","263,910   ","246,843   ","17,067   "
51,Virginia,1983,"4,096,971   ","2,737,418   ","2,565,739   ","171,679   "
53,Washington,1983,"3,206,747   ","2,067,720   ","1,838,213   ","229,507   "
54,West Virginia,1983,"1,456,717   ","753,039   ","624,274   ","128,765   "
55,Wisconsin,1983,"3,536,102   ","2,408,532   ","2,171,105   ","237,427   "
56,Wyoming,1983,"357,908   ","252,791   ","233,007   ","19,784   "
01,Alabama,1984,"2,920,865   ","1,777,120   ","1,574,773   ","202,347   "
02,Alaska,1984,"344,968   ","249,886   ","225,150   ","24,736   "
04,Arizona,1984,"2,313,756   ","1,464,207   ","1,391,472   ","72,735   "
05,Arkansas,1984,"1,720,758   ","1,040,156   ","951,555   ","88,601   "
06,California,1984,"19,493,327   ","12,836,418   ","11,840,393   ","996,025   "
08,Colorado,1984,"2,362,335   ","1,709,851   ","1,616,112   ","93,739   "
09,Connecticut,1984,"2,473,452   ","1,684,212   ","1,606,021   ","78,191   "
10,Delaware,1984,"460,588   ","305,900   ","287,336   ","18,564   "
11,District of Columbia,1984,"498,173   ","330,555   ","301,376   ","29,179   "
12,Florida,1984,"8,735,304   ","5,198,246   ","4,856,842   ","341,404   "
13,Georgia,1984,"4,278,667   ","2,797,670   ","2,626,579   ","171,091   "
15,Hawaii,1984,"719,309   ","474,645   ","448,956   ","25,689   "
16,Idaho,1984,"695,862   ","460,075   ","426,931   ","33,144   "
17,Illinois,1984,"8,513,927   ","5,544,572   ","5,036,954   ","507,618   "
18,Indiana,1984,"4,031,179   ","2,601,903   ","2,381,319   ","220,584   "
19,Iowa,1984,"2,124,880   ","1,397,265   ","1,300,539   ","96,726   "
20,Kansas,1984,"1,778,046   ","1,192,227   ","1,133,639   ","58,588   "
21,Kentucky,1984,"2,719,449   ","1,697,823   ","1,543,460   ","154,363   "
22,Louisiana,1984,"3,133,861   ","1,906,269   ","1,710,895   ","195,374   "
23,Maine,1984,"864,599   ","547,928   ","514,342   ","33,586   "
24,Maryland,1984,"3,329,714   ","2,275,905   ","2,153,269   ","122,636   "
25,Massachusetts,1984,"4,545,071   ","3,066,374   ","2,920,059   ","146,315   "
26,Michigan,1984,"6,738,231   ","4,311,604   ","3,825,465   ","486,139   "
27,Minnesota,1984,"3,092,662   ","2,211,218   ","2,070,487   ","140,731   "
28,Mississippi,1984,"1,826,857   ","1,079,399   ","964,335   ","115,064   "
29,Missouri,1984,"3,722,038   ","2,350,543   ","2,178,753   ","171,790   "
30,Montana,1984,"600,562   ","403,173   ","372,987   ","30,186   "
31,Nebraska,1984,"1,160,666   ","778,885   ","744,375   ","34,510   "
32,Nevada,1984,"713,573   ","516,516   ","476,814   ","39,702   "
33,New Hampshire,1984,"736,031   ","521,095   ","499,149   ","21,946   "
34,New Jersey,1984,"5,823,753   ","3,800,210   ","3,560,513   ","239,697   "
35,New Mexico,1984,"1,016,253   ","630,551   ","581,986   ","48,565   "
36,New York,1984,"13,723,933   ","8,160,917   ","7,568,472   ","592,445   "
37,North Carolina,1984,"4,603,151   ","3,053,399   ","2,851,704   ","201,695   "
38,North Dakota,1984,"481,841   ","318,613   ","301,736   ","16,877   "
39,Ohio,1984,"7,993,813   ","5,073,997   ","4,596,434   ","477,563   "
40,Oklahoma,1984,"2,402,721   ","1,532,195   ","1,428,416   ","103,779   "
41,Oregon,1984,"2,024,104   ","1,335,654   ","1,211,564   ","124,090   "
42,Pennsylvania,1984,"9,099,041   ","5,429,744   ","4,949,209   ","480,535   "
44,Rhode Island,1984,"741,057   ","488,341   ","462,114   ","26,227   "
45,South Carolina,1984,"2,377,872   ","1,495,372   ","1,391,236   ","104,136   "
46,South Dakota,1984,"498,591   ","332,568   ","318,122   ","14,446   "
47,Tennessee,1984,"3,526,543   ","2,215,565   ","2,023,130   ","192,435   "
48,Texas,1984,"11,636,261   ","7,964,319   ","7,477,586   ","486,733   "
49,Utah,1984,"1,058,594   ","714,152   ","667,270   ","46,882   "
50,Vermont,1984,"393,049   ","268,456   ","255,385   ","13,071   "
51,Virginia,1984,"4,172,570   ","2,821,243   ","2,678,618   ","142,625   "
53,Washington,1984,"3,252,216   ","2,084,457   ","1,891,312   ","193,145   "
54,West Virginia,1984,"1,450,574   ","747,562   ","642,275   ","105,287   "
55,Wisconsin,1984,"3,550,094   ","2,396,383   ","2,222,204   ","174,179   "
56,Wyoming,1984,"355,197   ","250,310   ","234,662   ","15,648   "
01,Alabama,1985,"2,946,670   ","1,791,515   ","1,619,802   ","171,713   "
02,Alaska,1985,"354,927   ","257,555   ","232,278   ","25,277   "
04,Arizona,1985,"2,409,812   ","1,530,050   ","1,432,796   ","97,254   "
05,Arkansas,1985,"1,731,565   ","1,046,320   ","957,673   ","88,647   "
06,California,1985,"20,060,457   ","13,247,309   ","12,294,451   ","952,858   "
08,Colorado,1985,"2,395,204   ","1,715,650   ","1,613,183   ","102,467   "
09,Connecticut,1985,"2,497,540   ","1,722,424   ","1,645,610   ","76,814   "
10,Delaware,1985,"468,681   ","314,280   ","298,349   ","15,931   "
11,District of Columbia,1985,"502,072   ","334,848   ","308,112   ","26,736   "
12,Florida,1985,"9,012,547   ","5,409,881   ","5,080,342   ","329,539   "
13,Georgia,1985,"4,406,923   ","2,902,369   ","2,717,339   ","185,030   "
15,Hawaii,1985,"730,429   ","481,567   ","456,279   ","25,288   "
16,Idaho,1985,"696,384   ","463,940   ","427,621   ","36,319   "
17,Illinois,1985,"8,513,755   ","5,580,145   ","5,074,239   ","505,906   "
18,Indiana,1985,"4,036,419   ","2,664,999   ","2,460,152   ","204,847   "
19,Iowa,1985,"2,106,087   ","1,395,586   ","1,292,047   ","103,539   "
20,Kansas,1985,"1,772,956   ","1,216,036   ","1,153,392   ","62,644   "
21,Kentucky,1985,"2,730,781   ","1,690,143   ","1,538,363   ","151,780   "
22,Louisiana,1985,"3,136,575   ","1,934,277   ","1,713,269   ","221,008   "
23,Maine,1985,"873,778   ","554,785   ","523,783   ","31,002   "
24,Maryland,1985,"3,391,314   ","2,310,962   ","2,203,994   ","106,968   "
25,Massachusetts,1985,"4,576,203   ","3,081,580   ","2,954,889   ","126,691   "
26,Michigan,1985,"6,788,568   ","4,354,116   ","3,917,403   ","436,713   "
27,Minnesota,1985,"3,107,068   ","2,224,090   ","2,090,206   ","133,884   "
28,Mississippi,1985,"1,847,780   ","1,113,231   ","997,274   ","115,957   "
29,Missouri,1985,"3,735,383   ","2,410,890   ","2,250,694   ","160,196   "
30,Montana,1985,"602,201   ","403,615   ","372,600   ","31,015   "
31,Nebraska,1985,"1,150,861   ","790,995   ","750,677   ","40,318   "
32,Nevada,1985,"749,159   ","536,846   ","496,391   ","40,455   "
33,New Hampshire,1985,"755,383   ","537,854   ","518,071   ","19,783   "
34,New Jersey,1985,"5,856,324   ","3,823,473   ","3,608,207   ","215,266   "
35,New Mexico,1985,"1,033,686   ","654,110   ","597,556   ","56,554   "
36,New York,1985,"13,799,431   ","8,369,979   ","7,814,579   ","555,400   "
37,North Carolina,1985,"4,707,551   ","3,136,561   ","2,958,776   ","177,785   "
38,North Dakota,1985,"477,578   ","323,163   ","305,355   ","17,808   "
39,Ohio,1985,"8,017,233   ","5,104,307   ","4,648,377   ","455,930   "
40,Oklahoma,1985,"2,381,817   ","1,542,913   ","1,432,871   ","110,042   "
41,Oregon,1985,"2,028,809   ","1,329,001   ","1,214,373   ","114,628   "
42,Pennsylvania,1985,"9,086,012   ","5,475,437   ","5,038,402   ","437,035   "
44,Rhode Island,1985,"747,247   ","497,987   ","474,815   ","23,172   "
45,South Carolina,1985,"2,425,715   ","1,548,432   ","1,442,703   ","105,729   "
46,South Dakota,1985,"495,791   ","337,482   ","321,042   ","16,440   "
47,Tennessee,1985,"3,576,467   ","2,241,847   ","2,063,862   ","177,985   "
48,Texas,1985,"11,886,971   ","8,170,178   ","7,595,295   ","574,883   "
49,Utah,1985,"1,073,053   ","739,444   ","694,659   ","44,785   "
50,Vermont,1985,"397,883   ","276,780   ","263,946   ","12,834   "
51,Virginia,1985,"4,238,594   ","2,878,984   ","2,725,698   ","153,286   "
53,Washington,1985,"3,291,097   ","2,123,640   ","1,947,214   ","176,426   "
54,West Virginia,1985,"1,441,585   ","741,855   ","644,052   ","97,803   "
55,Wisconsin,1985,"3,566,158   ","2,393,380   ","2,222,231   ","171,149   "
56,Wyoming,1985,"350,059   ","248,314   ","230,974   ","17,340   "
01,Alabama,1986,"2,974,300   ","1,834,211   ","1,659,628   ","174,583   "
02,Alaska,1986,"364,039   ","263,945   ","234,872   ","29,073   "
04,Arizona,1986,"2,497,149   ","1,614,329   ","1,500,863   ","113,466   "
05,Arkansas,1986,"1,742,579   ","1,063,155   ","972,432   ","90,723   "
06,California,1986,"20,569,266   ","13,673,385   ","12,748,941   ","924,444   "
08,Colorado,1986,"2,426,695   ","1,713,986   ","1,584,985   ","129,001   "
09,Connecticut,1986,"2,520,446   ","1,756,103   ","1,690,526   ","65,577   "
10,Delaware,1986,"476,590   ","323,034   ","309,044   ","13,990   "
11,District of Columbia,1986,"501,205   ","337,669   ","312,911   ","24,758   "
12,Florida,1986,"9,289,716   ","5,658,855   ","5,328,031   ","330,824   "
13,Georgia,1986,"4,507,135   ","3,015,828   ","2,837,782   ","178,046   "
15,Hawaii,1986,"744,630   ","493,692   ","470,768   ","22,924   "
16,Idaho,1986,"702,369   ","469,225   ","429,582   ","39,643   "
17,Illinois,1986,"8,536,392   ","5,599,470   ","5,135,075   ","464,395   "
18,Indiana,1986,"4,053,580   ","2,697,310   ","2,514,514   ","182,796   "
19,Iowa,1986,"2,088,948   ","1,408,813   ","1,313,190   ","95,623   "
20,Kansas,1986,"1,790,149   ","1,231,748   ","1,165,785   ","65,963   "
21,Kentucky,1986,"2,742,917   ","1,695,692   ","1,539,170   ","156,522   "
22,Louisiana,1986,"3,144,939   ","1,930,986   ","1,691,983   ","239,003   "
23,Maine,1986,"882,454   ","565,507   ","535,652   ","29,855   "
24,Maryland,1986,"3,454,164   ","2,390,787   ","2,283,107   ","107,680   "
25,Massachusetts,1986,"4,613,325   ","3,101,572   ","2,977,529   ","124,043   "
26,Michigan,1986,"6,851,130   ","4,394,659   ","4,003,314   ","391,345   "
27,Minnesota,1986,"3,144,148   ","2,238,777   ","2,115,062   ","123,715   "
28,Mississippi,1986,"1,848,679   ","1,139,522   ","1,009,647   ","129,875   "
29,Missouri,1986,"3,771,191   ","2,473,039   ","2,314,997   ","158,042   "
30,Montana,1986,"599,099   ","403,421   ","371,422   ","31,999   "
31,Nebraska,1986,"1,152,518   ","797,269   ","758,519   ","38,750   "
32,Nevada,1986,"770,907   ","557,532   ","522,329   ","35,203   "
33,New Hampshire,1986,"776,876   ","558,398   ","543,668   ","14,730   "
34,New Jersey,1986,"5,932,256   ","3,888,814   ","3,693,156   ","195,658   "
35,New Mexico,1986,"1,063,154   ","672,436   ","610,537   ","61,899   "
36,New York,1986,"13,855,849   ","8,508,340   ","7,980,511   ","527,829   "
37,North Carolina,1986,"4,778,002   ","3,219,948   ","3,048,920   ","171,028   "
38,North Dakota,1986,"475,865   ","324,307   ","306,244   ","18,063   "
39,Ohio,1986,"8,034,634   ","5,177,850   ","4,748,123   ","429,727   "
40,Oklahoma,1986,"2,390,378   ","1,565,366   ","1,435,265   ","130,101   "
41,Oregon,1986,"2,057,371   ","1,364,359   ","1,255,855   ","108,504   "
42,Pennsylvania,1986,"9,103,860   ","5,540,488   ","5,153,546   ","386,942   "
44,Rhode Island,1986,"753,352   ","505,541   ","485,007   ","20,534   "
45,South Carolina,1986,"2,454,394   ","1,592,444   ","1,491,149   ","101,295   "
46,South Dakota,1986,"498,776   ","340,403   ","324,617   ","15,786   "
47,Tennessee,1986,"3,605,838   ","2,278,925   ","2,099,293   ","179,632   "
48,Texas,1986,"12,101,575   ","8,266,367   ","7,537,751   ","728,616   "
49,Utah,1986,"1,089,582   ","760,559   ","713,850   ","46,709   "
50,Vermont,1986,"402,370   ","284,991   ","272,912   ","12,079   "
51,Virginia,1986,"4,328,750   ","2,936,898   ","2,793,298   ","143,600   "
53,Washington,1986,"3,367,542   ","2,211,720   ","2,032,991   ","178,729   "
54,West Virginia,1986,"1,430,587   ","736,058   ","647,511   ","88,547   "
55,Wisconsin,1986,"3,583,793   ","2,427,643   ","2,263,115   ","164,528   "
56,Wyoming,1986,"348,934   ","244,914   ","224,196   ","20,718   "
01,Alabama,1987,"3,004,570   ","1,848,310   ","1,696,675   ","151,635   "
02,Alaska,1987,"361,649   ","260,004   ","233,565   ","26,439   "
04,Arizona,1987,"2,594,678   ","1,665,285   ","1,557,014   ","108,271   "
05,Arkansas,1987,"1,755,115   ","1,080,424   ","992,809   ","87,615   "
06,California,1987,"21,121,757   ","14,142,290   ","13,317,802   ","824,488   "
08,Colorado,1987,"2,449,600   ","1,713,091   ","1,584,339   ","128,752   "
09,Connecticut,1987,"2,543,858   ","1,772,942   ","1,716,788   ","56,154   "
10,Delaware,1987,"486,215   ","331,082   ","321,030   ","10,052   "
11,District of Columbia,1987,"499,075   ","346,386   ","324,889   ","21,497   "
12,Florida,1987,"9,573,157   ","5,940,078   ","5,618,738   ","321,340   "
13,Georgia,1987,"4,620,838   ","3,101,133   ","2,928,845   ","172,288   "
15,Hawaii,1987,"761,578   ","510,895   ","492,045   ","18,850   "
16,Idaho,1987,"705,694   ","468,912   ","432,790   ","36,122   "
17,Illinois,1987,"8,572,426   ","5,652,425   ","5,231,242   ","421,183   "
18,Indiana,1987,"4,081,100   ","2,698,185   ","2,532,634   ","165,551   "
19,Iowa,1987,"2,080,093   ","1,421,528   ","1,341,559   ","79,969   "
20,Kansas,1987,"1,802,179   ","1,243,138   ","1,183,372   ","59,766   "
21,Kentucky,1987,"2,754,281   ","1,691,868   ","1,552,108   ","139,760   "
22,Louisiana,1987,"3,111,515   ","1,905,943   ","1,681,805   ","224,138   "
23,Maine,1987,"896,787   ","585,028   ","559,643   ","25,385   "
24,Maryland,1987,"3,523,214   ","2,456,162   ","2,350,610   ","105,552   "
25,Massachusetts,1987,"4,646,085   ","3,141,741   ","3,036,202   ","105,539   "
26,Michigan,1987,"6,923,996   ","4,500,910   ","4,124,399   ","376,511   "
27,Minnesota,1987,"3,177,105   ","2,271,649   ","2,154,755   ","116,894   "
28,Mississippi,1987,"1,854,095   ","1,138,550   ","1,023,741   ","114,809   "
29,Missouri,1987,"3,807,578   ","2,517,326   ","2,359,338   ","157,988   "
30,Montana,1987,"596,081   ","400,514   ","370,509   ","30,005   "
31,Nebraska,1987,"1,151,960   ","794,250   ","759,882   ","34,368   "
32,Nevada,1987,"805,579   ","586,830   ","550,449   ","36,381   "
33,New Hampshire,1987,"800,675   ","579,933   ","566,993   ","12,940   "
34,New Jersey,1987,"5,983,950   ","3,940,888   ","3,781,476   ","159,412   "
35,New Mexico,1987,"1,081,511   ","679,610   ","618,609   ","61,001   "
36,New York,1987,"13,926,237   ","8,577,070   ","8,165,320   ","411,750   "
37,North Carolina,1987,"4,861,054   ","3,314,947   ","3,164,465   ","150,482   "
38,North Dakota,1987,"471,397   ","322,778   ","306,641   ","16,137   "
39,Ohio,1987,"8,084,492   ","5,212,231   ","4,842,576   ","369,655   "
40,Oklahoma,1987,"2,368,086   ","1,531,631   ","1,421,902   ","109,729   "
41,Oregon,1987,"2,086,607   ","1,395,516   ","1,309,827   ","85,689   "
42,Pennsylvania,1987,"9,135,498   ","5,570,035   ","5,248,696   ","321,339   "
44,Rhode Island,1987,"761,202   ","513,823   ","494,704   ","19,119   "
45,South Carolina,1987,"2,494,231   ","1,633,928   ","1,544,366   ","89,562   "
46,South Dakota,1987,"500,599   ","341,490   ","326,706   ","14,784   "
47,Tennessee,1987,"3,653,429   ","2,313,051   ","2,159,553   ","153,498   "
48,Texas,1987,"12,205,636   ","8,390,216   ","7,675,760   ","714,456   "
49,Utah,1987,"1,101,521   ","766,963   ","719,187   ","47,776   "
50,Vermont,1987,"407,826   ","291,249   ","280,701   ","10,548   "
51,Virginia,1987,"4,429,672   ","3,030,744   ","2,904,264   ","126,480   "
53,Washington,1987,"3,444,924   ","2,292,930   ","2,126,401   ","166,529   "
54,West Virginia,1987,"1,420,946   ","731,325   ","651,443   ","79,882   "
55,Wisconsin,1987,"3,608,896   ","2,485,263   ","2,342,598   ","142,665   "
56,Wyoming,1987,"338,846   ","236,409   ","217,612   ","18,797   "
01,Alabama,1988,"3,021,810   ","1,854,947   ","1,719,922   ","135,025   "
02,Alaska,1988,"365,459   ","262,526   ","239,436   ","23,090   "
04,Arizona,1988,"2,669,512   ","1,722,272   ","1,611,784   ","110,488   "
05,Arkansas,1988,"1,759,711   ","1,094,444   ","1,010,503   ","83,941   "
06,California,1988,"21,676,223   ","14,603,678   ","13,833,566   ","770,112   "
08,Colorado,1988,"2,461,139   ","1,718,134   ","1,607,719   ","110,415   "
09,Connecticut,1988,"2,560,583   ","1,773,704   ","1,722,258   ","51,446   "
10,Delaware,1988,"495,735   ","345,235   ","334,832   ","10,403   "
11,District of Columbia,1988,"494,069   ","348,762   ","331,308   ","17,454   "
12,Florida,1988,"9,831,829   ","6,166,149   ","5,845,971   ","320,178   "
13,Georgia,1988,"4,713,042   ","3,197,940   ","3,018,602   ","179,338   "
15,Hawaii,1988,"775,776   ","518,862   ","503,003   ","15,859   "
16,Idaho,1988,"710,001   ","475,290   ","446,094   ","29,196   "
17,Illinois,1988,"8,598,302   ","5,712,974   ","5,328,476   ","384,498   "
18,Indiana,1988,"4,102,561   ","2,736,425   ","2,595,210   ","141,215   "
19,Iowa,1988,"2,082,325   ","1,443,343   ","1,376,016   ","67,327   "
20,Kansas,1988,"1,812,093   ","1,250,699   ","1,194,655   ","56,044   "
21,Kentucky,1988,"2,765,532   ","1,701,404   ","1,574,960   ","126,444   "
22,Louisiana,1988,"3,074,133   ","1,880,737   ","1,683,219   ","197,518   "
23,Maine,1988,"913,445   ","597,634   ","575,843   ","21,791   "
24,Maryland,1988,"3,595,803   ","2,512,679   ","2,407,155   ","105,524   "
25,Massachusetts,1988,"4,678,454   ","3,198,250   ","3,092,844   ","105,406   "
26,Michigan,1988,"6,959,468   ","4,539,348   ","4,196,289   ","343,059   "
27,Minnesota,1988,"3,216,114   ","2,295,396   ","2,196,672   ","98,724   "
28,Mississippi,1988,"1,859,399   ","1,129,988   ","1,033,719   ","96,269   "
29,Missouri,1988,"3,829,616   ","2,546,699   ","2,401,686   ","145,013   "
30,Montana,1988,"594,478   ","403,681   ","376,941   ","26,740   "
31,Nebraska,1988,"1,154,944   ","796,252   ","768,461   ","27,791   "
32,Nevada,1988,"848,934   ","616,563   ","584,471   ","32,092   "
33,New Hampshire,1988,"819,303   ","592,614   ","578,514   ","14,100   "
34,New Jersey,1988,"6,010,764   ","3,954,498   ","3,805,562   ","148,936   "
35,New Mexico,1988,"1,093,602   ","687,420   ","635,188   ","52,232   "
36,New York,1988,"13,985,625   ","8,646,537   ","8,282,518   ","364,019   "
37,North Carolina,1988,"4,939,130   ","3,379,609   ","3,254,809   ","124,800   "
38,North Dakota,1988,"467,841   ","321,793   ","306,817   ","14,976   "
39,Ohio,1988,"8,141,031   ","5,265,738   ","4,947,271   ","318,467   "
40,Oklahoma,1988,"2,348,231   ","1,503,278   ","1,407,806   ","95,472   "
41,Oregon,1988,"2,124,447   ","1,433,868   ","1,351,682   ","82,186   "
42,Pennsylvania,1988,"9,157,334   ","5,657,846   ","5,366,154   ","291,692   "
44,Rhode Island,1988,"766,220   ","516,193   ","500,922   ","15,271   "
45,South Carolina,1988,"2,531,731   ","1,664,039   ","1,587,665   ","76,374   "
46,South Dakota,1988,"501,912   ","343,699   ","329,421   ","14,278   "
47,Tennessee,1988,"3,689,926   ","2,313,429   ","2,179,833   ","133,596   "
48,Texas,1988,"12,291,668   ","8,476,633   ","7,847,106   ","629,527   "
49,Utah,1988,"1,113,675   ","772,179   ","734,062   ","38,117   "
50,Vermont,1988,"415,968   ","295,844   ","286,930   ","8,914   "
51,Virginia,1988,"4,520,976   ","3,115,742   ","2,993,656   ","122,086   "
53,Washington,1988,"3,530,884   ","2,371,906   ","2,223,425   ","148,481   "
54,West Virginia,1988,"1,408,160   ","731,086   ","659,100   ","71,986   "
55,Wisconsin,1988,"3,638,967   ","2,541,797   ","2,430,612   ","111,185   "
56,Wyoming,1988,"333,575   ","232,786   ","217,989   ","14,797   "
01,Alabama,1989,"3,032,753   ","1,882,394   ","1,750,934   ","131,460   "
02,Alaska,1989,"370,883   ","269,196   ","250,003   ","19,193   "
04,Arizona,1989,"2,729,304   ","1,766,551   ","1,673,891   ","92,660   "
05,Arkansas,1989,"1,762,568   ","1,111,841   ","1,033,619   ","78,222   "
06,California,1989,"22,253,164   ","15,050,346   ","14,283,138   ","767,208   "
08,Colorado,1989,"2,476,885   ","1,724,374   ","1,627,610   ","96,764   "
09,Connecticut,1989,"2,564,444   ","1,796,399   ","1,731,049   ","65,350   "
10,Delaware,1989,"504,079   ","355,775   ","344,145   ","11,630   "
11,District of Columbia,1989,"484,337   ","336,112   ","319,924   ","16,188   "
12,Florida,1989,"10,087,084   ","6,363,031   ","6,005,994   ","357,037   "
13,Georgia,1989,"4,788,598   ","3,256,151   ","3,080,111   ","176,040   "
15,Hawaii,1989,"789,305   ","529,465   ","516,381   ","13,084   "
16,Idaho,1989,"718,590   ","486,853   ","460,388   ","26,465   "
17,Illinois,1989,"8,617,032   ","5,864,624   ","5,509,769   ","354,855   "
18,Indiana,1989,"4,117,152   ","2,798,137   ","2,666,050   ","132,087   "
19,Iowa,1989,"2,079,861   ","1,454,106   ","1,390,830   ","63,276   "
20,Kansas,1989,"1,815,840   ","1,253,747   ","1,201,716   ","52,031   "
21,Kentucky,1989,"2,770,819   ","1,727,853   ","1,618,173   ","109,680   "
22,Louisiana,1989,"3,049,320   ","1,848,872   ","1,704,934   ","143,938   "
23,Maine,1989,"926,021   ","612,549   ","588,090   ","24,459   "
24,Maryland,1989,"3,652,835   ","2,558,100   ","2,461,538   ","96,562   "
25,Massachusetts,1989,"4,692,950   ","3,232,836   ","3,096,924   ","135,912   "
26,Michigan,1989,"6,975,457   ","4,600,640   ","4,270,437   ","330,203   "
27,Minnesota,1989,"3,240,927   ","2,324,180   ","2,223,262   ","100,918   "
28,Mississippi,1989,"1,864,112   ","1,149,421   ","1,059,150   ","90,271   "
29,Missouri,1989,"3,834,969   ","2,580,640   ","2,437,688   ","142,952   "
30,Montana,1989,"594,537   ","407,571   ","383,283   ","24,288   "
31,Nebraska,1989,"1,155,401   ","796,551   ","773,597   ","22,954   "
32,Nevada,1989,"898,101   ","643,529   ","613,357   ","30,172   "
33,New Hampshire,1989,"833,684   ","606,941   ","586,491   ","20,450   "
34,New Jersey,1989,"6,009,500   ","3,976,203   ","3,815,487   ","160,716   "
35,New Mexico,1989,"1,106,642   ","698,545   ","651,439   ","47,106   "
36,New York,1989,"14,009,945   ","8,785,912   ","8,359,792   ","426,120   "
37,North Carolina,1989,"5,010,151   ","3,442,747   ","3,319,730   ","123,017   "
38,North Dakota,1989,"462,210   ","320,560   ","306,623   ","13,937   "
39,Ohio,1989,"8,160,632   ","5,348,837   ","5,051,741   ","297,096   "
40,Oklahoma,1989,"2,344,498   ","1,506,168   ","1,419,691   ","86,477   "
41,Oregon,1989,"2,162,629   ","1,470,560   ","1,391,549   ","79,011   "
42,Pennsylvania,1989,"9,160,230   ","5,740,285   ","5,456,748   ","283,537   "
44,Rhode Island,1989,"768,325   ","518,972   ","498,693   ","20,279   "
45,South Carolina,1989,"2,564,562   ","1,698,019   ","1,619,583   ","78,436   "
46,South Dakota,1989,"500,560   ","346,145   ","332,550   ","13,595   "
47,Tennessee,1989,"3,717,932   ","2,345,127   ","2,225,504   ","119,623   "
48,Texas,1989,"12,459,645   ","8,576,504   ","7,998,862   ","577,642   "
49,Utah,1989,"1,129,003   ","798,691   ","761,911   ","36,780   "
50,Vermont,1989,"422,608   ","301,807   ","291,188   ","10,619   "
51,Virginia,1989,"4,591,417   ","3,175,434   ","3,051,835   ","123,599   "
53,Washington,1989,"3,616,114   ","2,483,369   ","2,337,367   ","146,002   "
54,West Virginia,1989,"1,395,440   ","754,668   ","689,309   ","65,359   "
55,Wisconsin,1989,"3,658,220   ","2,587,778   ","2,476,302   ","111,476   "
56,Wyoming,1989,"330,750   ","233,573   ","219,540   ","14,033   "
01,Alabama,1990,"3,072,453   ","1,905,876   ","1,775,847   ","130,029   "
02,Alaska,1990,"371,896   ","273,195   ","253,410   ","19,785   "
04,Arizona,1990,"2,776,725   ","1,793,063   ","1,698,918   ","94,145   "
05,Arkansas,1990,"1,780,563   ","1,125,637   ","1,048,601   ","77,036   "
06,California,1990,"22,598,317   ","15,176,273   ","14,301,807   ","874,466   "
08,Colorado,1990,"2,488,617   ","1,772,263   ","1,681,919   ","90,344   "
09,Connecticut,1990,"2,573,383   ","1,822,363   ","1,732,728   ","89,635   "
10,Delaware,1990,"512,050   ","357,700   ","342,073   ","15,627   "
11,District of Columbia,1990,"485,352   ","329,771   ","309,911   ","19,860   "
12,Florida,1990,"10,259,947   ","6,506,291   ","6,103,602   ","402,689   "
13,Georgia,1990,"4,872,862   ","3,294,278   ","3,117,860   ","176,418   "
15,Hawaii,1990,"808,930   ","548,026   ","533,665   ","14,361   "
16,Idaho,1990,"728,627   ","493,677   ","466,253   ","27,424   "
17,Illinois,1990,"8,690,845   ","5,910,726   ","5,538,385   ","372,341   "
18,Indiana,1990,"4,181,940   ","2,799,013   ","2,656,668   ","142,345   "
19,Iowa,1990,"2,088,400   ","1,456,385   ","1,392,149   ","64,236   "
20,Kansas,1990,"1,823,410   ","1,268,820   ","1,214,717   ","54,103   "
21,Kentucky,1990,"2,798,669   ","1,751,669   ","1,645,878   ","105,791   "
22,Louisiana,1990,"3,072,638   ","1,852,619   ","1,736,186   ","116,433   "
23,Maine,1990,"939,392   ","630,793   ","597,214   ","33,579   "
24,Maryland,1990,"3,690,616   ","2,592,115   ","2,477,970   ","114,145   "
25,Massachusetts,1990,"4,713,012   ","3,239,024   ","3,033,046   ","205,978   "
26,Michigan,1990,"7,014,637   ","4,612,371   ","4,257,964   ","354,407   "
27,Minnesota,1990,"3,270,480   ","2,385,388   ","2,272,919   ","112,469   "
28,Mississippi,1990,"1,894,122   ","1,175,009   ","1,086,267   ","88,742   "
29,Missouri,1990,"3,861,000   ","2,615,139   ","2,461,017   ","154,122   "
30,Montana,1990,"595,685   ","402,673   ","378,306   ","24,367   "
31,Nebraska,1990,"1,162,143   ","815,248   ","796,224   ","19,024   "
32,Nevada,1990,"939,308   ","669,205   ","637,089   ","32,116   "
33,New Hampshire,1990,"847,867   ","622,323   ","589,678   ","32,645   "
34,New Jersey,1990,"6,045,292   ","4,053,479   ","3,848,220   ","205,259   "
35,New Mexico,1990,"1,118,306   ","713,032   ","665,546   ","47,486   "
36,New York,1990,"14,078,332   ","8,842,219   ","8,372,838   ","469,381   "
37,North Carolina,1990,"5,095,577   ","3,474,656   ","3,331,511   ","143,145   "
38,North Dakota,1990,"463,399   ","315,548   ","302,497   ","13,051   "
39,Ohio,1990,"8,231,324   ","5,395,712   ","5,086,720   ","308,992   "
40,Oklahoma,1990,"2,346,694   ","1,513,406   ","1,431,543   ","81,863   "
41,Oregon,1990,"2,193,787   ","1,495,339   ","1,414,592   ","80,747   "
42,Pennsylvania,1990,"9,205,470   ","5,794,580   ","5,475,592   ","318,988   "
44,Rhode Island,1990,"775,742   ","522,944   ","490,495   ","32,449   "
45,South Carolina,1990,"2,611,727   ","1,732,623   ","1,647,991   ","84,632   "
46,South Dakota,1990,"500,896   ","349,700   ","337,114   ","12,586   "
47,Tennessee,1990,"3,765,275   ","2,396,695   ","2,268,518   ","128,177   "
48,Texas,1990,"12,603,912   ","8,637,317   ","8,087,805   ","549,512   "
49,Utah,1990,"1,158,945   ","821,483   ","785,704   ","35,779   "
50,Vermont,1990,"429,429   ","305,688   ","290,947   ","14,741   "
51,Virginia,1990,"4,655,010   ","3,232,417   ","3,089,378   ","143,039   "
53,Washington,1990,"3,676,290   ","2,526,938   ","2,397,150   ","129,788   "
54,West Virginia,1990,"1,398,473   ","762,429   ","696,398   ","66,031   "
55,Wisconsin,1990,"3,677,178   ","2,597,144   ","2,483,196   ","113,948   "
56,Wyoming,1990,"329,496   ","234,016   ","221,990   ","12,026   "
01,Alabama,1991,"3,115,193   ","1,921,888   ","1,782,407   ","139,481   "
02,Alaska,1991,"381,360   ","277,553   ","254,529   ","23,024   "
04,Arizona,1991,"2,853,196   ","1,810,065   ","1,704,375   ","105,690   "
05,Arkansas,1991,"1,802,958   ","1,135,779   ","1,052,808   ","82,971   "
06,California,1991,"22,781,063   ","15,127,433   ","13,946,660   ","1,180,773   "
08,Colorado,1991,"2,542,126   ","1,802,399   ","1,707,101   ","95,298   "
09,Connecticut,1991,"2,570,348   ","1,830,597   ","1,711,923   ","118,674   "
10,Delaware,1991,"520,843   ","361,330   ","339,768   ","21,562   "
11,District of Columbia,1991,"479,717   ","322,090   ","297,431   ","24,659   "
12,Florida,1991,"10,482,131   ","6,526,338   ","6,026,712   ","499,626   "
13,Georgia,1991,"4,975,699   ","3,312,810   ","3,138,336   ","174,474   "
15,Hawaii,1991,"825,805   ","563,027   ","547,423   ","15,604   "
16,Idaho,1991,"751,702   ","509,579   ","477,317   ","32,262   "
17,Illinois,1991,"8,766,600   ","5,928,036   ","5,496,923   ","431,113   "
18,Indiana,1991,"4,242,184   ","2,798,710   ","2,639,780   ","158,930   "
19,Iowa,1991,"2,104,225   ","1,480,458   ","1,411,258   ","69,200   "
20,Kansas,1991,"1,833,932   ","1,283,043   ","1,225,463   ","57,580   "
21,Kentucky,1991,"2,827,493   ","1,759,109   ","1,631,009   ","128,100   "
22,Louisiana,1991,"3,096,905   ","1,898,397   ","1,760,920   ","137,477   "
23,Maine,1991,"943,818   ","640,175   ","590,450   ","49,725   "
24,Maryland,1991,"3,718,915   ","2,619,590   ","2,467,762   ","151,828   "
25,Massachusetts,1991,"4,694,940   ","3,182,989   ","2,900,001   ","282,988   "
26,Michigan,1991,"7,073,764   ","4,594,997   ","4,168,988   ","426,009   "
27,Minnesota,1991,"3,308,114   ","2,421,459   ","2,297,783   ","123,676   "
28,Mississippi,1991,"1,914,737   ","1,182,205   ","1,083,527   ","98,678   "
29,Missouri,1991,"3,892,293   ","2,646,970   ","2,473,531   ","173,439   "
30,Montana,1991,"602,344   ","402,449   ","374,528   ","27,921   "
31,Nebraska,1991,"1,174,038   ","833,208   ","811,259   ","21,949   "
32,Nevada,1991,"997,877   ","698,885   ","658,183   ","40,702   "
33,New Hampshire,1991,"848,143   ","618,861   ","577,071   ","41,790   "
34,New Jersey,1991,"6,075,160   ","4,060,770   ","3,785,998   ","274,772   "
35,New Mexico,1991,"1,138,897   ","722,542   ","670,151   ","52,391   "
36,New York,1991,"14,098,333   ","8,752,801   ","8,112,231   ","640,570   "
37,North Carolina,1991,"5,190,616   ","3,531,193   ","3,322,360   ","208,833   "
38,North Dakota,1991,"463,887   ","316,397   ","302,639   ","13,758   "
39,Ohio,1991,"8,297,689   ","5,421,022   ","5,065,101   ","355,921   "
40,Oklahoma,1991,"2,363,614   ","1,508,909   ","1,418,540   ","90,369   "
41,Oregon,1991,"2,243,827   ","1,514,075   ","1,420,921   ","93,154   "
42,Pennsylvania,1991,"9,255,931   ","5,833,194   ","5,430,023   ","403,171   "
44,Rhode Island,1991,"779,351   ","523,337   ","480,033   ","43,304   "
45,South Carolina,1991,"2,663,381   ","1,762,572   ","1,654,432   ","108,140   "
46,South Dakota,1991,"505,277   ","355,438   ","342,935   ","12,503   "
47,Tennessee,1991,"3,822,116   ","2,420,883   ","2,259,563   ","161,320   "
48,Texas,1991,"12,805,622   ","8,775,225   ","8,165,358   ","609,867   "
49,Utah,1991,"1,201,896   ","847,983   ","807,758   ","40,225   "
50,Vermont,1991,"432,456   ","307,330   ","287,848   ","19,482   "
51,Virginia,1991,"4,712,082   ","3,315,866   ","3,123,565   ","192,301   "
53,Washington,1991,"3,762,110   ","2,556,731   ","2,399,619   ","157,112   "
54,West Virginia,1991,"1,408,872   ","775,922   ","693,227   ","82,695   "
55,Wisconsin,1991,"3,720,301   ","2,629,989   ","2,488,764   ","141,225   "
56,Wyoming,1991,"333,480   ","235,013   ","223,195   ","11,818   "
01,Alabama,1992,"3,151,701   ","1,961,659   ","1,814,253   ","147,406   "
02,Alaska,1992,"394,252   ","287,523   ","262,011   ","25,512   "
04,Arizona,1992,"2,952,190   ","1,877,292   ","1,735,118   ","142,174   "
05,Arkansas,1992,"1,824,702   ","1,159,639   ","1,078,413   ","81,226   "
06,California,1992,"23,048,888   ","15,314,767   ","13,878,519   ","1,436,248   "
08,Colorado,1992,"2,619,017   ","1,847,786   ","1,734,727   ","113,059   "
09,Connecticut,1992,"2,557,975   ","1,820,253   ","1,687,285   ","132,968   "
10,Delaware,1992,"528,400   ","367,357   ","347,228   ","20,129   "
11,District of Columbia,1992,"473,239   ","317,759   ","290,571   ","27,188   "
12,Florida,1992,"10,683,773   ","6,633,872   ","6,076,283   ","557,589   "
13,Georgia,1992,"5,083,915   ","3,420,960   ","3,193,112   ","227,848   "
15,Hawaii,1992,"838,875   ","575,374   ","551,673   ","23,701   "
16,Idaho,1992,"775,082   ","529,564   ","494,892   ","34,672   "
17,Illinois,1992,"8,840,703   ","6,027,357   ","5,553,506   ","473,851   "
18,Indiana,1992,"4,289,330   ","2,860,224   ","2,685,823   ","174,401   "
19,Iowa,1992,"2,124,204   ","1,514,680   ","1,446,656   ","68,024   "
20,Kansas,1992,"1,857,204   ","1,308,002   ","1,248,554   ","59,448   "
21,Kentucky,1992,"2,855,989   ","1,777,669   ","1,655,170   ","122,499   "
22,Louisiana,1992,"3,118,969   ","1,920,132   ","1,770,730   ","149,402   "
23,Maine,1992,"945,090   ","641,044   ","593,907   ","47,137   "
24,Maryland,1992,"3,742,881   ","2,660,182   ","2,486,595   ","173,587   "
25,Massachusetts,1992,"4,684,751   ","3,182,773   ","2,902,499   ","280,274   "
26,Michigan,1992,"7,129,242   ","4,672,355   ","4,248,357   ","423,998   "
27,Minnesota,1992,"3,344,700   ","2,457,494   ","2,332,934   ","124,560   "
28,Mississippi,1992,"1,928,264   ","1,191,873   ","1,096,607   ","95,266   "
29,Missouri,1992,"3,920,245   ","2,657,267   ","2,494,891   ","162,376   "
30,Montana,1992,"612,810   ","418,696   ","390,580   ","28,116   "
31,Nebraska,1992,"1,187,864   ","843,890   ","820,198   ","23,692   "
32,Nevada,1992,"1,046,020   ","727,055   ","677,784   ","49,271   "
33,New Hampshire,1992,"849,786   ","616,730   ","571,782   ","44,948   "
34,New Jersey,1992,"6,095,991   ","4,064,349   ","3,716,982   ","347,367   "
35,New Mexico,1992,"1,164,136   ","736,570   ","682,586   ","53,984   "
36,New York,1992,"14,113,464   ","8,754,456   ","7,990,352   ","764,104   "
37,North Carolina,1992,"5,268,241   ","3,596,933   ","3,372,007   ","224,926   "
38,North Dakota,1992,"466,007   ","317,848   ","303,434   ","14,414   "
39,Ohio,1992,"8,343,205   ","5,497,271   ","5,090,371   ","406,900   "
40,Oklahoma,1992,"2,388,838   ","1,525,458   ","1,435,452   ","90,006   "
41,Oregon,1992,"2,292,528   ","1,558,936   ","1,445,764   ","113,172   "
42,Pennsylvania,1992,"9,281,756   ","5,883,297   ","5,448,674   ","434,623   "
44,Rhode Island,1992,"778,886   ","529,069   ","481,436   ","47,633   "
45,South Carolina,1992,"2,699,099   ","1,796,665   ","1,675,819   ","120,846   "
46,South Dakota,1992,"510,844   ","361,165   ","348,771   ","12,394   "
47,Tennessee,1992,"3,875,144   ","2,470,352   ","2,310,842   ","159,510   "
48,Texas,1992,"13,032,617   ","9,002,462   ","8,308,391   ","694,071   "
49,Utah,1992,"1,250,185   ","882,393   ","839,411   ","42,982   "
50,Vermont,1992,"434,976   ","310,469   ","291,752   ","18,717   "
51,Virginia,1992,"4,776,980   ","3,368,126   ","3,164,672   ","203,454   "
53,Washington,1992,"3,857,532   ","2,638,015   ","2,448,362   ","189,653   "
54,West Virginia,1992,"1,416,248   ","784,596   ","696,628   ","87,968   "
55,Wisconsin,1992,"3,766,594   ","2,696,888   ","2,559,703   ","137,185   "
56,Wyoming,1992,"339,511   ","238,136   ","225,146   ","12,990   "
01,Alabama,1993,"3,194,712   ","1,996,835   ","1,852,186   ","144,649   "
02,Alaska,1993,"402,806   ","294,644   ","271,708   ","22,936   "
04,Arizona,1993,"3,067,194   ","1,942,834   ","1,819,916   ","122,918   "
05,Arkansas,1993,"1,857,275   ","1,173,325   ","1,101,465   ","71,860   "
06,California,1993,"23,149,712   ","15,258,822   ","13,804,138   ","1,454,684   "
08,Colorado,1993,"2,712,217   ","1,927,991   ","1,824,385   ","103,606   "
09,Connecticut,1993,"2,551,354   ","1,794,761   ","1,678,486   ","116,275   "
10,Delaware,1993,"536,871   ","375,444   ","356,718   ","18,726   "
11,District of Columbia,1993,"470,179   ","314,634   ","288,338   ","26,296   "
12,Florida,1993,"10,877,831   ","6,752,363   ","6,254,688   ","497,675   "
13,Georgia,1993,"5,199,184   ","3,500,560   ","3,299,946   ","200,614   "
15,Hawaii,1993,"848,937   ","581,443   ","556,005   ","25,438   "
16,Idaho,1993,"802,793   ","551,390   ","517,792   ","33,598   "
17,Illinois,1993,"8,923,863   ","6,073,997   ","5,620,298   ","453,699   "
18,Indiana,1993,"4,341,806   ","2,947,320   ","2,797,285   ","150,035   "
19,Iowa,1993,"2,142,347   ","1,547,628   ","1,483,726   ","63,902   "
20,Kansas,1993,"1,879,138   ","1,325,718   ","1,260,117   ","65,601   "
21,Kentucky,1993,"2,894,146   ","1,799,817   ","1,688,322   ","111,495   "
22,Louisiana,1993,"3,143,030   ","1,907,789   ","1,765,792   ","141,997   "
23,Maine,1993,"948,526   ","629,764   ","586,983   ","42,781   "
24,Maryland,1993,"3,766,012   ","2,667,404   ","2,506,045   ","161,359   "
25,Massachusetts,1993,"4,691,976   ","3,186,676   ","2,954,602   ","232,074   "
26,Michigan,1993,"7,175,639   ","4,726,410   ","4,380,303   ","346,107   "
27,Minnesota,1993,"3,392,446   ","2,510,122   ","2,386,012   ","124,110   "
28,Mississippi,1993,"1,949,784   ","1,211,585   ","1,130,009   ","81,576   "
29,Missouri,1993,"3,960,937   ","2,702,887   ","2,536,698   ","166,189   "
30,Montana,1993,"626,611   ","424,671   ","398,769   ","25,902   "
31,Nebraska,1993,"1,201,522   ","860,831   ","837,095   ","23,736   "
32,Nevada,1993,"1,093,964   ","765,546   ","712,981   ","52,565   "
33,New Hampshire,1993,"857,094   ","619,475   ","581,478   ","37,997   "
34,New Jersey,1993,"6,126,566   ","4,037,852   ","3,724,389   ","313,463   "
35,New Mexico,1993,"1,191,451   ","757,046   ","701,651   ","55,395   "
36,New York,1993,"14,153,921   ","8,733,140   ","8,038,114   ","695,026   "
37,North Carolina,1993,"5,372,300   ","3,618,890   ","3,433,805   ","185,085   "
38,North Dakota,1993,"469,791   ","322,604   ","308,901   ","13,703   "
39,Ohio,1993,"8,396,556   ","5,508,456   ","5,141,326   ","367,130   "
40,Oklahoma,1993,"2,412,642   ","1,532,413   ","1,445,957   ","86,456   "
41,Oregon,1993,"2,349,222   ","1,603,108   ","1,491,252   ","111,856   "
42,Pennsylvania,1993,"9,318,740   ","5,888,471   ","5,485,867   ","402,604   "
44,Rhode Island,1993,"779,339   ","523,202   ","483,173   ","40,029   "
45,South Carolina,1993,"2,738,558   ","1,825,100   ","1,691,707   ","133,393   "
46,South Dakota,1993,"519,407   ","367,413   ","354,717   ","12,696   "
47,Tennessee,1993,"3,935,580   ","2,533,074   ","2,386,937   ","146,137   "
48,Texas,1993,"13,290,066   ","9,158,638   ","8,497,340   ","661,298   "
49,Utah,1993,"1,302,875   ","935,163   ","897,342   ","37,821   "
50,Vermont,1993,"438,831   ","313,449   ","297,725   ","15,724   "
51,Virginia,1993,"4,848,836   ","3,365,576   ","3,193,302   ","172,274   "
53,Washington,1993,"3,953,780   ","2,697,842   ","2,504,367   ","193,475   "
54,West Virginia,1993,"1,426,460   ","782,716   ","702,592   ","80,124   "
55,Wisconsin,1993,"3,817,551   ","2,749,671   ","2,627,838   ","121,833   "
56,Wyoming,1993,"345,874   ","242,692   ","229,770   ","12,922   "
01,Alabama,1994,"3,229,476   ","2,033,884   ","1,908,247   ","125,637   "
02,Alaska,1994,"408,358   ","301,141   ","278,356   ","22,785   "
04,Arizona,1994,"3,210,178   ","2,101,083   ","1,970,796   ","130,287   "
05,Arkansas,1994,"1,885,345   ","1,204,366   ","1,138,761   ","65,605   "
06,California,1994,"23,195,286   ","15,253,915   ","13,931,925   ","1,321,990   "
08,Colorado,1994,"2,804,561   ","2,035,184   ","1,950,371   ","84,813   "
09,Connecticut,1994,"2,547,483   ","1,757,935   ","1,659,834   ","98,101   "
10,Delaware,1994,"544,589   ","384,081   ","365,766   ","18,315   "
11,District of Columbia,1994,"463,628   ","309,896   ","285,301   ","24,595   "
12,Florida,1994,"11,095,942   ","6,921,839   ","6,471,343   ","450,496   "
13,Georgia,1994,"5,328,999   ","3,604,889   ","3,422,314   ","182,575   "
15,Hawaii,1994,"857,159   ","582,708   ","552,689   ","30,019   "
16,Idaho,1994,"830,252   ","586,429   ","554,104   ","32,325   "
17,Illinois,1994,"8,982,764   ","6,107,963   ","5,751,833   ","356,130   "
18,Indiana,1994,"4,385,029   ","3,049,955   ","2,908,241   ","141,714   "
19,Iowa,1994,"2,158,489   ","1,569,356   ","1,512,658   ","56,698   "
20,Kansas,1994,"1,898,319   ","1,343,366   ","1,279,126   ","64,240   "
21,Kentucky,1994,"2,923,468   ","1,828,540   ","1,730,252   ","98,288   "
22,Louisiana,1994,"3,165,757   ","1,950,428   ","1,801,521   ","148,907   "
23,Maine,1994,"951,296   ","626,574   ","585,266   ","41,308   "
24,Maryland,1994,"3,794,139   ","2,694,201   ","2,552,623   ","141,578   "
25,Massachusetts,1994,"4,711,693   ","3,194,217   ","2,994,935   ","199,282   "
26,Michigan,1994,"7,225,788   ","4,806,370   ","4,512,929   ","293,441   "
27,Minnesota,1994,"3,439,851   ","2,577,824   ","2,473,780   ","104,044   "
28,Mississippi,1994,"1,974,546   ","1,242,806   ","1,164,543   ","78,263   "
29,Missouri,1994,"4,004,951   ","2,760,016   ","2,618,771   ","141,245   "
30,Montana,1994,"640,997   ","436,805   ","412,795   ","24,010   "
31,Nebraska,1994,"1,213,929   ","883,742   ","860,370   ","23,372   "
32,Nevada,1994,"1,156,935   ","811,157   ","760,455   ","50,702   "
33,New Hampshire,1994,"866,315   ","625,485   ","597,258   ","28,227   "
34,New Jersey,1994,"6,155,720   ","4,063,016   ","3,784,729   ","278,287   "
35,New Mexico,1994,"1,223,757   ","781,037   ","730,090   ","50,947   "
36,New York,1994,"14,172,046   ","8,686,261   ","8,084,425   ","601,836   "
37,North Carolina,1994,"5,479,050   ","3,674,914   ","3,512,152   ","162,762   "
38,North Dakota,1994,"473,908   ","335,987   ","323,560   ","12,427   "
39,Ohio,1994,"8,434,574   ","5,566,029   ","5,252,554   ","313,475   "
40,Oklahoma,1994,"2,433,110   ","1,550,430   ","1,467,943   ","82,487   "
41,Oregon,1994,"2,397,996   ","1,644,200   ","1,556,998   ","87,202   "
42,Pennsylvania,1994,"9,346,803   ","5,888,712   ","5,516,316   ","372,396   "
44,Rhode Island,1994,"780,706   ","514,105   ","479,776   ","34,329   "
45,South Carolina,1994,"2,773,845   ","1,840,083   ","1,726,501   ","113,582   "
46,South Dakota,1994,"528,801   ","375,977   ","363,701   ","12,276   "
47,Tennessee,1994,"4,002,005   ","2,655,469   ","2,527,786   ","127,683   "
48,Texas,1994,"13,552,304   ","9,400,338   ","8,782,061   ","618,277   "
49,Utah,1994,"1,356,468   ","993,437   ","956,305   ","37,132   "
50,Vermont,1994,"443,354   ","315,881   ","301,934   ","13,947   "
51,Virginia,1994,"4,912,745   ","3,410,908   ","3,248,480   ","162,428   "
53,Washington,1994,"4,035,523   ","2,745,789   ","2,571,267   ","174,522   "
54,West Virginia,1994,"1,432,589   ","787,439   ","717,960   ","69,479   "
55,Wisconsin,1994,"3,860,424   ","2,821,969   ","2,701,170   ","120,799   "
56,Wyoming,1994,"352,650   ","249,475   ","237,213   ","12,262   "
01,Alabama,1995,"3,254,573   ","2,065,652   ","1,944,483   ","121,169   "
02,Alaska,1995,"414,654   ","302,584   ","280,482   ","22,102   "
04,Arizona,1995,"3,342,429   ","2,224,925   ","2,106,497   ","118,428   "
05,Arkansas,1995,"1,911,913   ","1,220,757   ","1,161,371   ","59,386   "
06,California,1995,"23,270,112   ","15,249,647   ","14,045,239   ","1,204,408   "
08,Colorado,1995,"2,889,220   ","2,126,472   ","2,041,000   ","85,472   "
09,Connecticut,1995,"2,549,359   ","1,739,897   ","1,647,652   ","92,245   "
10,Delaware,1995,"554,968   ","386,160   ","369,246   ","16,914   "
11,District of Columbia,1995,"456,169   ","299,691   ","273,946   ","25,745   "
12,Florida,1995,"11,320,777   ","7,029,535   ","6,634,765   ","394,770   "
13,Georgia,1995,"5,456,199   ","3,685,469   ","3,510,129   ","175,340   "
15,Hawaii,1995,"864,788   ","584,361   ","552,232   ","32,129   "
16,Idaho,1995,"856,708   ","602,117   ","569,129   ","32,988   "
17,Illinois,1995,"9,032,569   ","6,170,180   ","5,848,897   ","321,283   "
18,Indiana,1995,"4,430,332   ","3,120,576   ","2,983,145   ","137,431   "
19,Iowa,1995,"2,176,962   ","1,588,165   ","1,532,397   ","55,768   "
20,Kansas,1995,"1,919,744   ","1,354,147   ","1,295,343   ","58,804   "
21,Kentucky,1995,"2,955,369   ","1,855,089   ","1,755,083   ","100,006   "
22,Louisiana,1995,"3,192,065   ","1,962,982   ","1,828,635   ","134,347   "
23,Maine,1995,"955,065   ","638,769   ","601,191   ","37,578   "
24,Maryland,1995,"3,821,764   ","2,716,428   ","2,581,356   ","135,072   "
25,Massachusetts,1995,"4,744,399   ","3,200,907   ","3,025,933   ","174,974   "
26,Michigan,1995,"7,288,274   ","4,831,479   ","4,573,554   ","257,925   "
27,Minnesota,1995,"3,487,835   ","2,628,839   ","2,532,376   ","96,463   "
28,Mississippi,1995,"2,000,633   ","1,252,833   ","1,175,329   ","77,504   "
29,Missouri,1995,"4,046,291   ","2,825,443   ","2,689,305   ","136,138   "
30,Montana,1995,"655,968   ","443,612   ","418,312   ","25,300   "
31,Nebraska,1995,"1,229,998   ","903,083   ","879,342   ","23,741   "
32,Nevada,1995,"1,220,446   ","847,732   ","800,578   ","47,154   "
33,New Hampshire,1995,"878,784   ","632,150   ","607,983   ","24,167   "
34,New Jersey,1995,"6,193,780   ","4,112,929   ","3,849,223   ","263,706   "
35,New Mexico,1995,"1,253,473   ","800,713   ","747,682   ","53,031   "
36,New York,1995,"14,188,919   ","8,666,517   ","8,116,919   ","549,598   "
37,North Carolina,1995,"5,593,729   ","3,749,213   ","3,585,596   ","163,617   "
38,North Dakota,1995,"478,107   ","340,254   ","328,931   ","11,323   "
39,Ohio,1995,"8,481,260   ","5,606,776   ","5,333,991   ","272,785   "
40,Oklahoma,1995,"2,452,991   ","1,558,942   ","1,489,604   ","69,338   "
41,Oregon,1995,"2,447,348   ","1,663,592   ","1,584,378   ","79,214   "
42,Pennsylvania,1995,"9,372,861   ","5,898,354   ","5,550,870   ","347,484   "
44,Rhode Island,1995,"782,738   ","511,022   ","478,728   ","32,294   "
45,South Carolina,1995,"2,812,457   ","1,864,109   ","1,768,423   ","95,686   "
46,South Dakota,1995,"537,192   ","384,288   ","372,091   ","12,197   "
47,Tennessee,1995,"4,074,003   ","2,719,047   ","2,579,772   ","139,275   "
48,Texas,1995,"13,809,082   ","9,581,272   ","8,995,511   ","585,761   "
49,Utah,1995,"1,405,466   ","1,018,927   ","983,802   ","35,125   "
50,Vermont,1995,"448,463   ","320,199   ","306,813   ","13,386   "
51,Virginia,1995,"4,975,036   ","3,444,119   ","3,292,198   ","151,921   "
53,Washington,1995,"4,117,676   ","2,813,999   ","2,639,008   ","174,991   "
54,West Virginia,1995,"1,435,217   ","787,241   ","724,456   ","62,785   "
55,Wisconsin,1995,"3,907,628   ","2,871,941   ","2,764,906   ","107,035   "
56,Wyoming,1995,"358,259   ","253,087   ","241,005   ","12,082   "
01,Alabama,1996,"3,285,508   ","2,088,817   ","1,980,345   ","108,472   "
02,Alaska,1996,"419,532   ","307,505   ","284,581   ","22,924   "
04,Arizona,1996,"3,458,464   ","2,282,832   ","2,157,406   ","125,426   "
05,Arkansas,1996,"1,938,060   ","1,235,705   ","1,171,715   ","63,990   "
06,California,1996,"23,454,110   ","15,419,501   ","14,286,433   ","1,133,068   "
08,Colorado,1996,"2,967,196   ","2,155,783   ","2,065,863   ","89,920   "
09,Connecticut,1996,"2,557,147   ","1,748,779   ","1,657,282   ","91,497   "
10,Delaware,1996,"564,428   ","389,390   ","369,024   ","20,366   "
11,District of Columbia,1996,"452,039   ","289,593   ","265,134   ","24,459   "
12,Florida,1996,"11,556,901   ","7,169,118   ","6,790,347   ","378,771   "
13,Georgia,1996,"5,587,197   ","3,802,061   ","3,626,493   ","175,568   "
15,Hawaii,1996,"873,902   ","592,130   ","557,173   ","34,957   "
16,Idaho,1996,"878,746   ","616,168   ","582,796   ","33,372   "
17,Illinois,1996,"9,091,679   ","6,238,115   ","5,907,742   ","330,373   "
18,Indiana,1996,"4,476,964   ","3,097,829   ","2,975,820   ","122,009   "
19,Iowa,1996,"2,191,433   ","1,610,399   ","1,552,587   ","57,812   "
20,Kansas,1996,"1,938,667   ","1,368,780   ","1,310,346   ","58,434   "
21,Kentucky,1996,"2,985,016   ","1,871,151   ","1,769,764   ","101,387   "
22,Louisiana,1996,"3,219,038   ","1,987,457   ","1,859,378   ","128,079   "
23,Maine,1996,"962,080   ","654,176   ","619,380   ","34,796   "
24,Maryland,1996,"3,858,133   ","2,750,863   ","2,615,061   ","135,802   "
25,Massachusetts,1996,"4,778,180   ","3,232,958   ","3,083,897   ","149,061   "
26,Michigan,1996,"7,360,932   ","4,892,622   ","4,652,611   ","240,011   "
27,Minnesota,1996,"3,539,060   ","2,666,860   ","2,564,207   ","102,653   "
28,Mississippi,1996,"2,023,548   ","1,260,613   ","1,185,156   ","75,457   "
29,Missouri,1996,"4,088,620   ","2,878,161   ","2,741,539   ","136,622   "
30,Montana,1996,"667,523   ","448,736   ","423,859   ","24,877   "
31,Nebraska,1996,"1,245,732   ","917,096   ","892,309   ","24,787   "
32,Nevada,1996,"1,283,579   ","891,235   ","845,771   ","45,464   "
33,New Hampshire,1996,"893,997   ","634,990   ","611,146   ","23,844   "
34,New Jersey,1996,"6,243,576   ","4,181,706   ","3,925,777   ","255,929   "
35,New Mexico,1996,"1,280,352   ","815,705   ","754,101   ","61,604   "
36,New York,1996,"14,229,191   ","8,786,045   ","8,237,872   ","548,173   "
37,North Carolina,1996,"5,710,173   ","3,873,135   ","3,704,323   ","168,812   "
38,North Dakota,1996,"482,887   ","346,195   ","335,289   ","10,906   "
39,Ohio,1996,"8,523,697   ","5,663,419   ","5,380,204   ","283,215   "
40,Oklahoma,1996,"2,480,697   ","1,585,506   ","1,521,733   ","63,773   "
41,Oregon,1996,"2,499,692   ","1,709,067   ","1,613,773   ","95,294   "
42,Pennsylvania,1996,"9,402,742   ","5,981,116   ","5,650,972   ","330,144   "
44,Rhode Island,1996,"787,762   ","517,071   ","490,230   ","26,841   "
45,South Carolina,1996,"2,849,311   ","1,884,580   ","1,777,622   ","106,958   "
46,South Dakota,1996,"544,749   ","391,179   ","378,386   ","12,793   "
47,Tennessee,1996,"4,148,238   ","2,758,773   ","2,615,161   ","143,612   "
48,Texas,1996,"14,064,732   ","9,724,406   ","9,164,542   ","559,864   "
49,Utah,1996,"1,451,704   ","1,041,155   ","1,005,984   ","35,171   "
50,Vermont,1996,"453,906   ","325,436   ","311,770   ","13,666   "
51,Virginia,1996,"5,043,278   ","3,431,447   ","3,286,050   ","145,397   "
53,Washington,1996,"4,191,991   ","2,894,554   ","2,723,746   ","170,808   "
54,West Virginia,1996,"1,438,096   ","791,166   ","730,462   ","60,704   "
55,Wisconsin,1996,"3,953,579   ","2,920,275   ","2,815,076   ","105,199   "
56,Wyoming,1996,"362,617   ","254,710   ","241,981   ","12,729   "
01,Alabama,1997,"3,311,693   ","2,128,388   ","2,022,990   ","105,398   "
02,Alaska,1997,"422,329   ","311,446   ","289,660   ","21,786   "
04,Arizona,1997,"3,576,427   ","2,307,579   ","2,201,036   ","106,543   "
05,Arkansas,1997,"1,962,372   ","1,238,214   ","1,174,911   ","63,303   "
06,California,1997,"23,830,702   ","15,800,889   ","14,789,607   ","1,011,282   "
08,Colorado,1997,"3,040,158   ","2,209,916   ","2,135,599   ","74,317   "
09,Connecticut,1997,"2,564,685   ","1,753,844   ","1,671,437   ","82,407   "
10,Delaware,1997,"572,635   ","389,531   ","373,738   ","15,793   "
11,District of Columbia,1997,"449,408   ","285,675   ","262,397   ","23,278   "
12,Florida,1997,"11,801,240   ","7,368,304   ","7,004,894   ","363,410   "
13,Georgia,1997,"5,721,908   ","3,941,141   ","3,764,654   ","176,487   "
15,Hawaii,1997,"884,748   ","599,156   ","563,562   ","35,594   "
16,Idaho,1997,"898,783   ","631,142   ","598,183   ","32,959   "
17,Illinois,1997,"9,150,189   ","6,290,049   ","5,988,397   ","301,652   "
18,Indiana,1997,"4,509,181   ","3,115,837   ","3,010,660   ","105,177   "
19,Iowa,1997,"2,202,821   ","1,601,492   ","1,551,049   ","50,443   "
20,Kansas,1997,"1,955,254   ","1,381,725   ","1,329,212   ","52,513   "
21,Kentucky,1997,"3,004,497   ","1,907,764   ","1,808,277   ","99,487   "
22,Louisiana,1997,"3,243,176   ","2,005,020   ","1,887,248   ","117,772   "
23,Maine,1997,"969,509   ","657,625   ","623,506   ","34,119   "
24,Maryland,1997,"3,887,834   ","2,773,800   ","2,639,377   ","134,423   "
25,Massachusetts,1997,"4,816,034   ","3,305,580   ","3,171,495   ","134,085   "
26,Michigan,1997,"7,403,588   ","4,963,186   ","4,750,441   ","212,745   "
27,Minnesota,1997,"3,583,366   ","2,687,845   ","2,601,258   ","86,587   "
28,Mississippi,1997,"2,044,709   ","1,270,119   ","1,197,656   ","72,463   "
29,Missouri,1997,"4,128,775   ","2,918,639   ","2,791,007   ","127,632   "
30,Montana,1997,"673,660   ","452,487   ","427,715   ","24,772   "
31,Nebraska,1997,"1,256,965   ","921,451   ","899,334   ","22,117   "
32,Nevada,1997,"1,350,578   ","936,160   ","894,958   ","41,202   "
33,New Hampshire,1997,"907,459   ","651,995   ","630,082   ","21,913   "
34,New Jersey,1997,"6,297,610   ","4,248,300   ","4,022,575   ","225,725   "
35,New Mexico,1997,"1,298,398   ","822,033   ","769,361   ","52,672   "
36,New York,1997,"14,286,283   ","9,022,802   ","8,443,449   ","579,353   "
37,North Carolina,1997,"5,819,320   ","3,954,989   ","3,802,959   ","152,030   "
38,North Dakota,1997,"485,168   ","348,060   ","337,924   ","10,136   "
39,Ohio,1997,"8,548,800   ","5,720,779   ","5,455,538   ","265,241   "
40,Oklahoma,1997,"2,507,816   ","1,607,427   ","1,543,782   ","63,645   "
41,Oregon,1997,"2,543,452   ","1,744,058   ","1,647,301   ","96,757   "
42,Pennsylvania,1997,"9,413,467   ","6,057,322   ","5,746,875   ","310,447   "
44,Rhode Island,1997,"792,368   ","530,355   ","502,017   ","28,338   "
45,South Carolina,1997,"2,895,736   ","1,919,215   ","1,833,161   ","86,054   "
46,South Dakota,1997,"548,307   ","394,917   ","383,346   ","11,571   "
47,Tennessee,1997,"4,216,717   ","2,775,228   ","2,630,276   ","144,952   "
48,Texas,1997,"14,342,492   ","9,909,763   ","9,374,339   ","535,424   "
49,Utah,1997,"1,489,853   ","1,068,000   ","1,034,280   ","33,720   "
50,Vermont,1997,"459,268   ","330,141   ","317,190   ","12,951   "
51,Virginia,1997,"5,105,745   ","3,457,468   ","3,333,089   ","124,379   "
53,Washington,1997,"4,271,881   ","2,978,504   ","2,833,392   ","145,112   "
54,West Virginia,1997,"1,437,222   ","791,204   ","735,812   ","55,392   "
55,Wisconsin,1997,"3,986,530   ","2,955,346   ","2,852,070   ","103,276   "
56,Wyoming,1997,"365,059   ","255,875   ","243,670   ","12,205   "
01,Alabama,1998,"3,343,216   ","2,139,098   ","2,043,370   ","95,728   "
02,Alaska,1998,"425,206   ","314,212   ","294,397   ","19,815   "
04,Arizona,1998,"3,671,379   ","2,386,433   ","2,284,902   ","101,531   "
05,Arkansas,1998,"1,980,684   ","1,243,683   ","1,180,890   ","62,793   "
06,California,1998,"24,272,885   ","16,163,190   ","15,200,563   ","962,627   "
08,Colorado,1998,"3,108,358   ","2,298,863   ","2,215,297   ","83,566   "
09,Connecticut,1998,"2,570,971   ","1,738,821   ","1,682,614   ","56,207   "
10,Delaware,1998,"580,590   ","395,350   ","381,602   ","13,748   "
11,District of Columbia,1998,"451,180   ","292,067   ","267,943   ","24,124   "
12,Florida,1998,"12,033,324   ","7,529,551   ","7,195,954   ","333,597   "
13,Georgia,1998,"5,846,596   ","4,041,890   ","3,872,554   ","169,336   "
15,Hawaii,1998,"891,270   ","600,584   ","565,769   ","34,815   "
16,Idaho,1998,"916,319   ","649,022   ","614,945   ","34,077   "
17,Illinois,1998,"9,218,000   ","6,331,986   ","6,048,344   ","283,642   "
18,Indiana,1998,"4,537,813   ","3,119,732   ","3,026,989   ","92,743   "
19,Iowa,1998,"2,212,542   ","1,595,150   ","1,549,685   ","45,465   "
20,Kansas,1998,"1,972,920   ","1,399,696   ","1,347,559   ","52,137   "
21,Kentucky,1998,"3,033,138   ","1,920,154   ","1,833,373   ","86,781   "
22,Louisiana,1998,"3,261,981   ","2,025,322   ","1,913,652   ","111,670   "
23,Maine,1998,"974,856   ","654,798   ","625,461   ","29,337   "
24,Maryland,1998,"3,917,867   ","2,762,421   ","2,645,396   ","117,025   "
25,Massachusetts,1998,"4,850,634   ","3,330,123   ","3,217,472   ","112,651   "
26,Michigan,1998,"7,434,743   ","5,019,253   ","4,819,569   ","199,684   "
27,Minnesota,1998,"3,624,501   ","2,716,804   ","2,644,112   ","72,692   "
28,Mississippi,1998,"2,065,197   ","1,273,092   ","1,206,306   ","66,786   "
29,Missouri,1998,"4,161,095   ","2,935,421   ","2,815,796   ","119,625   "
30,Montana,1998,"676,880   ","462,467   ","436,456   ","26,011   "
31,Nebraska,1998,"1,265,449   ","928,647   ","905,196   ","23,451   "
32,Nevada,1998,"1,409,886   ","981,007   ","940,016   ","40,991   "
33,New Hampshire,1998,"919,836   ","660,976   ","642,275   ","18,701   "
34,New Jersey,1998,"6,347,555   ","4,230,400   ","4,036,346   ","194,054   "
35,New Mexico,1998,"1,315,525   ","835,863   ","783,692   ","52,171   "
36,New York,1998,"14,374,763   ","9,065,819   ","8,558,387   ","507,432   "
37,North Carolina,1998,"5,927,493   ","3,963,401   ","3,823,204   ","140,197   "
38,North Dakota,1998,"485,701   ","346,650   ","336,331   ","10,319   "
39,Ohio,1998,"8,574,904   ","5,715,648   ","5,467,616   ","248,032   "
40,Oklahoma,1998,"2,533,515   ","1,632,740   ","1,566,193   ","66,547   "
41,Oregon,1998,"2,580,293   ","1,774,937   ","1,674,820   ","100,117   "
42,Pennsylvania,1998,"9,431,101   ","6,058,069   ","5,773,887   ","284,182   "
44,Rhode Island,1998,"798,550   ","530,876   ","506,553   ","24,323   "
45,South Carolina,1998,"2,943,400   ","1,939,577   ","1,869,206   ","70,371   "
46,South Dakota,1998,"551,033   ","398,813   ","387,372   ","11,441   "
47,Tennessee,1998,"4,270,112   ","2,804,445   ","2,683,018   ","121,427   "
48,Texas,1998,"14,627,784   ","10,121,127   ","9,618,945   ","502,182   "
49,Utah,1998,"1,523,166   ","1,100,666   ","1,061,372   ","39,294   "
50,Vermont,1998,"464,047   ","333,918   ","322,574   ","11,344   "
51,Virginia,1998,"5,159,116   ","3,496,871   ","3,398,024   ","98,847   "
53,Washington,1998,"4,346,850   ","3,043,167   ","2,897,529   ","145,638   "
54,West Virginia,1998,"1,435,349   ","795,309   ","742,425   ","52,884   "
55,Wisconsin,1998,"4,013,898   ","2,964,489   ","2,867,078   ","97,411   "
56,Wyoming,1998,"366,418   ","259,989   ","247,489   ","12,500   "
01,Alabama,1999,"3,362,987   ","2,149,465   ","2,047,964   ","101,501   "
02,Alaska,1999,"430,986   ","316,973   ","296,831   ","20,142   "
04,Arizona,1999,"3,757,133   ","2,474,850   ","2,364,217   ","110,633   "
05,Arkansas,1999,"2,003,075   ","1,255,765   ","1,198,983   ","56,782   "
06,California,1999,"24,712,157   ","16,430,357   ","15,565,149   ","865,208   "
08,Colorado,1999,"3,187,860   ","2,332,016   ","2,261,735   ","70,281   "
09,Connecticut,1999,"2,580,254   ","1,744,360   ","1,700,550   ","43,810   "
10,Delaware,1999,"588,458   ","399,069   ","386,150   ","12,919   "
11,District of Columbia,1999,"455,025   ","305,367   ","285,387   ","19,980   "
12,Florida,1999,"12,254,823   ","7,687,247   ","7,384,098   ","303,149   "
13,Georgia,1999,"5,967,591   ","4,120,030   ","3,961,994   ","158,036   "
15,Hawaii,1999,"894,800   ","602,712   ","571,544   ","31,168   "
16,Idaho,1999,"933,438   ","654,070   ","621,343   ","32,727   "
17,Illinois,1999,"9,284,042   ","6,451,769   ","6,166,840   ","284,929   "
18,Indiana,1999,"4,567,525   ","3,120,232   ","3,029,236   ","90,996   "
19,Iowa,1999,"2,223,095   ","1,594,486   ","1,552,048   ","42,438   "
20,Kansas,1999,"1,987,668   ","1,406,532   ","1,357,695   ","48,837   "
21,Kentucky,1999,"3,060,360   ","1,943,526   ","1,856,045   ","87,481   "
22,Louisiana,1999,"3,279,535   ","2,022,625   ","1,922,662   ","99,963   "
23,Maine,1999,"983,114   ","668,165   ","641,613   ","26,552   "
24,Maryland,1999,"3,952,810   ","2,768,510   ","2,673,540   ","94,970   "
25,Massachusetts,1999,"4,889,556   ","3,356,866   ","3,246,036   ","110,830   "
26,Michigan,1999,"7,472,651   ","5,107,241   ","4,914,945   ","192,296   "
27,Minnesota,1999,"3,676,458   ","2,747,501   ","2,672,077   ","75,424   "
28,Mississippi,1999,"2,081,853   ","1,281,149   ","1,215,767   ","65,382   "
29,Missouri,1999,"4,196,988   ","2,937,685   ","2,842,743   ","94,942   "
30,Montana,1999,"681,267   ","467,160   ","442,416   ","24,744   "
31,Nebraska,1999,"1,274,431   ","931,894   ","906,265   ","25,629   "
32,Nevada,1999,"1,464,585   ","1,022,389   ","980,904   ","41,485   "
33,New Hampshire,1999,"934,125   ","674,726   ","656,317   ","18,409   "
34,New Jersey,1999,"6,393,494   ","4,279,606   ","4,089,537   ","190,069   "
35,New Mexico,1999,"1,329,151   ","838,078   ","791,157   ","46,921   "
36,New York,1999,"14,462,646   ","9,106,156   ","8,635,000   ","471,156   "
37,North Carolina,1999,"6,024,469   ","4,036,617   ","3,903,101   ","133,516   "
38,North Dakota,1999,"484,903   ","343,117   ","332,397   ","10,720   "
39,Ohio,1999,"8,597,841   ","5,756,873   ","5,508,523   ","248,350   "
40,Oklahoma,1999,"2,559,542   ","1,655,701   ","1,597,918   ","57,783   "
41,Oregon,1999,"2,612,383   ","1,784,626   ","1,686,843   ","97,783   "
42,Pennsylvania,1999,"9,456,972   ","6,088,433   ","5,815,459   ","272,974   "
44,Rhode Island,1999,"804,064   ","538,280   ","515,704   ","22,576   "
45,South Carolina,1999,"2,986,809   ","1,957,132   ","1,875,672   ","81,460   "
46,South Dakota,1999,"555,588   ","403,007   ","392,099   ","10,908   "
47,Tennessee,1999,"4,314,672   ","2,835,906   ","2,723,647   ","112,259   "
48,Texas,1999,"14,913,360   ","10,271,542   ","9,787,495   ","484,047   "
49,Utah,1999,"1,552,141   ","1,121,480   ","1,082,172   ","39,308   "
50,Vermont,1999,"469,077   ","337,186   ","326,858   ","10,328   "
51,Virginia,1999,"5,226,584   ","3,549,618   ","3,454,972   ","94,646   "
53,Washington,1999,"4,407,319   ","3,069,923   ","2,921,377   ","148,546   "
54,West Virginia,1999,"1,433,308   ","799,411   ","747,742   ","51,669   "
55,Wisconsin,1999,"4,046,680   ","2,953,989   ","2,863,497   ","90,492   "
56,Wyoming,1999,"369,358   ","263,775   ","251,292   ","12,483   "
01,Alabama,2000,"3,380,014   ","2,149,184   ","2,049,246   ","99,938   "
02,Alaska,2000,"435,669   ","319,514   ","299,435   ","20,079   "
04,Arizona,2000,"3,842,965   ","2,509,048   ","2,409,639   ","99,409   "
05,Arkansas,2000,"2,026,052   ","1,260,053   ","1,207,550   ","52,503   "
06,California,2000,"25,123,609   ","16,869,946   ","16,039,834   ","830,112   "
08,Colorado,2000,"3,262,865   ","2,352,146   ","2,288,235   ","63,911   "
09,Connecticut,2000,"2,595,090   ","1,764,203   ","1,726,508   ","37,695   "
10,Delaware,2000,"596,995   ","412,183   ","397,983   ","14,200   "
11,District of Columbia,2000,"457,735   ","310,269   ","292,683   ","17,586   "
12,Florida,2000,"12,487,491   ","7,908,881   ","7,613,741   ","295,140   "
13,Georgia,2000,"6,090,302   ","4,194,125   ","4,046,676   ","147,449   "
15,Hawaii,2000,"900,397   ","605,906   ","580,253   ","25,653   "
16,Idaho,2000,"951,025   ","661,901   ","631,168   ","30,733   "
17,Illinois,2000,"9,342,043   ","6,487,117   ","6,197,977   ","289,140   "
18,Indiana,2000,"4,600,823   ","3,126,031   ","3,032,120   ","93,911   "
19,Iowa,2000,"2,233,090   ","1,596,335   ","1,553,689   ","42,646   "
20,Kansas,2000,"2,000,995   ","1,403,209   ","1,350,729   ","52,480   "
21,Kentucky,2000,"3,085,463   ","1,954,096   ","1,872,896   ","81,200   "
22,Louisiana,2000,"3,289,871   ","2,025,537   ","1,921,496   ","104,041   "
23,Maine,2000,"994,119   ","677,839   ","655,428   ","22,411   "
24,Maryland,2000,"3,995,226   ","2,804,634   ","2,704,482   ","100,152   "
25,Massachusetts,2000,"4,926,505   ","3,335,105   ","3,241,815   ","93,290   "
26,Michigan,2000,"7,515,631   ","5,159,320   ","4,971,035   ","188,285   "
27,Minnesota,2000,"3,730,004   ","2,800,348   ","2,713,422   ","86,926   "
28,Mississippi,2000,"2,096,112   ","1,308,409   ","1,238,637   ","69,772   "
29,Missouri,2000,"4,234,095   ","2,963,621   ","2,863,162   ","100,459   "
30,Montana,2000,"687,166   ","470,384   ","447,697   ","22,687   "
31,Nebraska,2000,"1,283,868   ","941,482   ","914,937   ","26,545   "
32,Nevada,2000,"1,522,499   ","1,069,741   ","1,025,338   ","44,403   "
33,New Hampshire,2000,"949,378   ","686,086   ","667,843   ","18,243   "
34,New Jersey,2000,"6,440,509   ","4,284,409   ","4,127,066   ","157,343   "
35,New Mexico,2000,"1,342,366   ","848,394   ","805,947   ","42,447   "
36,New York,2000,"14,542,750   ","9,137,057   ","8,725,460   ","411,597   "
37,North Carolina,2000,"6,113,130   ","4,126,258   ","3,971,429   ","154,829   "
38,North Dakota,2000,"485,177   ","343,710   ","333,691   ","10,019   "
39,Ohio,2000,"8,623,114   ","5,779,403   ","5,544,653   ","234,750   "
40,Oklahoma,2000,"2,580,360   ","1,656,134   ","1,606,487   ","49,647   "
41,Oregon,2000,"2,641,975   ","1,812,949   ","1,718,803   ","94,146   "
42,Pennsylvania,2000,"9,485,660   ","6,108,174   ","5,850,236   ","257,938   "
44,Rhode Island,2000,"811,905   ","542,682   ","520,737   ","21,945   "
45,South Carolina,2000,"3,027,577   ","1,966,970   ","1,894,367   ","72,603   "
46,South Dakota,2000,"561,174   ","407,107   ","396,817   ","10,290   "
47,Tennessee,2000,"4,357,893   ","2,845,308   ","2,735,994   ","109,314   "
48,Texas,2000,"15,201,236   ","10,397,789   ","9,943,071   ","454,718   "
49,Utah,2000,"1,581,565   ","1,138,756   ","1,100,798   ","37,958   "
50,Vermont,2000,"474,010   ","334,165   ","324,945   ","9,220   "
51,Virginia,2000,"5,302,690   ","3,610,243   ","3,527,479   ","82,764   "
53,Washington,2000,"4,465,197   ","3,065,055   ","2,910,080   ","154,975   "
54,West Virginia,2000,"1,431,044   ","798,772   ","754,372   ","44,400   "
55,Wisconsin,2000,"4,085,968   ","2,981,703   ","2,880,877   ","100,826   "
56,Wyoming,2000,"372,910   ","265,915   ","255,819   ","10,096   "
01,Alabama,2001,"3,398,456   ","2,132,261   ","2,022,599   ","109,662   "
02,Alaska,2001,"443,321   ","321,942   ","301,756   ","20,186   "
04,Arizona,2001,"3,936,355   ","2,584,996   ","2,462,520   ","122,476   "
05,Arkansas,2001,"2,041,323   ","1,263,108   ","1,202,987   ","60,121   "
06,California,2001,"25,560,595   ","17,145,262   ","16,208,523   ","936,739   "
08,Colorado,2001,"3,341,570   ","2,391,028   ","2,299,651   ","91,377   "
09,Connecticut,2001,"2,616,220   ","1,754,017   ","1,702,622   ","51,395   "
10,Delaware,2001,"605,805   ","421,830   ","407,114   ","14,716   "
11,District of Columbia,2001,"461,896   ","312,061   ","292,370   ","19,691   "
12,Florida,2001,"12,757,077   ","8,081,808   ","7,702,461   ","379,347   "
13,Georgia,2001,"6,215,888   ","4,241,215   ","4,071,965   ","169,250   "
15,Hawaii,2001,"912,759   ","612,596   ","586,406   ","26,190   "
16,Idaho,2001,"969,618   ","678,395   ","644,046   ","34,349   "
17,Illinois,2001,"9,403,328   ","6,449,521   ","6,099,153   ","350,368   "
18,Indiana,2001,"4,633,605   ","3,145,690   ","3,013,672   ","132,018   "
19,Iowa,2001,"2,241,711   ","1,613,228   ","1,559,254   ","53,974   "
20,Kansas,2001,"2,014,868   ","1,400,280   ","1,340,173   ","60,107   "
21,Kentucky,2001,"3,105,427   ","1,950,605   ","1,849,722   ","100,883   "
22,Louisiana,2001,"3,298,906   ","2,029,075   ","1,915,287   ","113,788   "
23,Maine,2001,"1,005,599   ","675,811   ","650,462   ","25,349   "
24,Maryland,2001,"4,055,923   ","2,841,946   ","2,724,414   ","117,532   "
25,Massachusetts,2001,"4,966,979   ","3,381,587   ","3,252,970   ","128,617   "
26,Michigan,2001,"7,566,073   ","5,133,170   ","4,867,509   ","265,661   "
27,Minnesota,2001,"3,780,379   ","2,848,579   ","2,742,059   ","106,520   "
28,Mississippi,2001,"2,106,532   ","1,294,114   ","1,223,497   ","70,617   "
29,Missouri,2001,"4,270,862   ","2,982,517   ","2,847,434   ","135,083   "
30,Montana,2001,"693,797   ","465,620   ","444,076   ","21,544   "
31,Nebraska,2001,"1,292,693   ","947,999   ","918,106   ","29,893   "
32,Nevada,2001,"1,585,390   ","1,116,298   ","1,059,075   ","57,223   "
33,New Hampshire,2001,"964,350   ","691,565   ","667,961   ","23,604   "
34,New Jersey,2001,"6,496,390   ","4,294,647   ","4,113,262   ","181,385   "
35,New Mexico,2001,"1,356,803   ","859,065   ","816,418   ","42,647   "
36,New York,2001,"14,633,659   ","9,119,704   ","8,675,316   ","444,388   "
37,North Carolina,2001,"6,214,634   ","4,193,892   ","3,964,143   ","229,749   "
38,North Dakota,2001,"486,168   ","344,490   ","334,744   ","9,746   "
39,Ohio,2001,"8,665,800   ","5,823,835   ","5,566,400   ","257,435   "
40,Oklahoma,2001,"2,598,157   ","1,676,009   ","1,615,028   ","60,981   "
41,Oregon,2001,"2,678,805   ","1,817,153   ","1,701,488   ","115,665   "
42,Pennsylvania,2001,"9,525,114   ","6,188,792   ","5,890,513   ","298,279   "
44,Rhode Island,2001,"819,147   ","541,618   ","517,273   ","24,345   "
45,South Carolina,2001,"3,068,817   ","1,943,755   ","1,843,373   ","100,382   "
46,South Dakota,2001,"565,553   ","412,497   ","400,076   ","12,421   "
47,Tennessee,2001,"4,402,500   ","2,858,050   ","2,726,557   ","131,493   "
48,Texas,2001,"15,514,045   ","10,553,723   ","10,028,833   ","524,890   "
49,Utah,2001,"1,615,330   ","1,158,375   ","1,107,610   ","50,765   "
50,Vermont,2001,"478,387   ","337,871   ","326,959   ","10,912   "
51,Virginia,2001,"5,388,623   ","3,687,503   ","3,570,211   ","117,292   "
53,Washington,2001,"4,534,090   ","3,059,553   ","2,874,097   ","185,456   "
54,West Virginia,2001,"1,429,858   ","796,925   ","754,859   ","42,066   "
55,Wisconsin,2001,"4,126,916   ","3,015,663   ","2,882,461   ","133,202   "
56,Wyoming,2001,"376,270   ","269,510   ","259,051   ","10,459   "
01,Alabama,2002,"3,415,719   ","2,121,061   ","1,996,406   ","124,655   "
02,Alaska,2002,"452,159   ","327,282   ","303,826   ","23,456   "
04,Arizona,2002,"4,033,058   ","2,665,805   ","2,501,267   ","164,538   "
05,Arkansas,2002,"2,055,929   ","1,278,950   ","1,210,946   ","68,004   "
06,California,2002,"25,945,800   ","17,295,533   ","16,128,261   ","1,167,272   "
08,Colorado,2002,"3,398,669   ","2,442,678   ","2,303,248   ","139,430   "
09,Connecticut,2002,"2,640,614   ","1,781,083   ","1,703,536   ","77,547   "
10,Delaware,2002,"615,026   ","417,578   ","400,518   ","17,060   "
11,District of Columbia,2002,"463,451   ","308,513   ","288,115   ","20,398   "
12,Florida,2002,"13,043,870   ","8,151,207   ","7,691,839   ","459,368   "
13,Georgia,2002,"6,330,850   ","4,308,736   ","4,093,750   ","214,986   "
15,Hawaii,2002,"925,387   ","609,540   ","584,865   ","24,675   "
16,Idaho,2002,"988,768   ","686,073   ","647,201   ","38,872   "
17,Illinois,2002,"9,456,435   ","6,339,976   ","5,924,794   ","415,182   "
18,Indiana,2002,"4,663,589   ","3,165,599   ","3,003,690   ","161,909   "
19,Iowa,2002,"2,249,438   ","1,631,982   ","1,566,561   ","65,421   "
20,Kansas,2002,"2,029,447   ","1,421,930   ","1,349,079   ","72,851   "
21,Kentucky,2002,"3,127,660   ","1,942,848   ","1,830,741   ","112,107   "
22,Louisiana,2002,"3,314,247   ","2,017,704   ","1,897,469   ","120,235   "
23,Maine,2002,"1,017,595   ","679,467   ","649,451   ","30,016   "
24,Maryland,2002,"4,118,423   ","2,871,644   ","2,742,805   ","128,839   "
25,Massachusetts,2002,"4,995,795   ","3,432,490   ","3,252,509   ","179,981   "
26,Michigan,2002,"7,608,683   ","5,020,069   ","4,709,729   ","310,340   "
27,Minnesota,2002,"3,823,431   ","2,872,289   ","2,745,712   ","126,577   "
28,Mississippi,2002,"2,116,250   ","1,291,917   ","1,209,132   ","82,785   "
29,Missouri,2002,"4,307,062   ","2,976,889   ","2,818,374   ","158,515   "
30,Montana,2002,"701,245   ","466,726   ","445,360   ","21,366   "
31,Nebraska,2002,"1,302,164   ","955,349   ","920,300   ","35,049   "
32,Nevada,2002,"1,645,533   ","1,139,930   ","1,075,809   ","64,121   "
33,New Hampshire,2002,"978,322   ","698,520   ","667,244   ","31,276   "
34,New Jersey,2002,"6,549,692   ","4,354,232   ","4,102,634   ","251,598   "
35,New Mexico,2002,"1,379,205   ","871,552   ","823,771   ","47,781   "
36,New York,2002,"14,719,588   ","9,289,154   ","8,712,544   ","576,610   "
37,North Carolina,2002,"6,308,198   ","4,204,099   ","3,929,243   ","274,856   "
38,North Dakota,2002,"487,813   ","345,687   ","333,993   ","11,694   "
39,Ohio,2002,"8,706,945   ","5,830,502   ","5,491,474   ","339,028   "
40,Oklahoma,2002,"2,619,640   ","1,690,915   ","1,612,941   ","77,974   "
41,Oregon,2002,"2,718,916   ","1,833,663   ","1,696,726   ","136,937   "
42,Pennsylvania,2002,"9,576,042   ","6,228,440   ","5,882,632   ","345,808   "
44,Rhode Island,2002,"827,089   ","549,180   ","521,396   ","27,784   "
45,South Carolina,2002,"3,107,288   ","1,952,296   ","1,833,649   ","118,647   "
46,South Dakota,2002,"569,654   ","416,313   ","402,798   ","13,515   "
47,Tennessee,2002,"4,447,262   ","2,898,320   ","2,748,563   ","149,757   "
48,Texas,2002,"15,816,472   ","10,754,221   ","10,070,314   ","683,907   "
49,Utah,2002,"1,646,757   ","1,173,582   ","1,107,013   ","66,569   "
50,Vermont,2002,"482,822   ","342,915   ","329,384   ","13,531   "
51,Virginia,2002,"5,471,042   ","3,744,811   ","3,587,983   ","156,828   "
53,Washington,2002,"4,601,019   ","3,090,880   ","2,869,657   ","221,223   "
54,West Virginia,2002,"1,433,736   ","797,280   ","748,698   ","48,582   "
55,Wisconsin,2002,"4,168,961   ","3,016,579   ","2,856,041   ","160,538   "
56,Wyoming,2002,"381,584   ","271,329   ","260,262   ","11,067   "
01,Alabama,2003,"3,437,932   ","2,138,783   ","2,011,688   ","127,095   "
02,Alaska,2003,"460,087   ","332,790   ","307,259   ","25,531   "
04,Arizona,2003,"4,127,357   ","2,704,273   ","2,548,279   ","155,994   "
05,Arkansas,2003,"2,072,742   ","1,285,944   ","1,211,793   ","74,151   "
06,California,2003,"26,303,856   ","17,331,617   ","16,137,031   ","1,194,586   "
08,Colorado,2003,"3,441,091   ","2,481,633   ","2,329,698   ","151,935   "
09,Connecticut,2003,"2,663,992   ","1,793,913   ","1,696,219   ","97,694   "
10,Delaware,2003,"625,086   ","416,959   ","399,136   ","17,823   "
11,District of Columbia,2003,"463,663   ","308,588   ","287,520   ","21,068   "
12,Florida,2003,"13,320,744   ","8,254,634   ","7,818,466   ","436,168   "
13,Georgia,2003,"6,436,426   ","4,376,337   ","4,166,182   ","210,155   "
15,Hawaii,2003,"938,218   ","614,917   ","591,002   ","23,915   "
16,Idaho,2003,"1,007,603   ","692,055   ","653,478   ","38,577   "
17,Illinois,2003,"9,502,799   ","6,306,806   ","5,882,173   ","424,633   "
18,Indiana,2003,"4,697,058   ","3,183,680   ","3,018,239   ","165,441   "
19,Iowa,2003,"2,257,503   ","1,611,592   ","1,539,693   ","71,899   "
20,Kansas,2003,"2,042,817   ","1,444,280   ","1,363,821   ","80,459   "
21,Kentucky,2003,"3,153,571   ","1,964,485   ","1,843,490   ","120,995   "
22,Louisiana,2003,"3,332,747   ","2,029,771   ","1,903,279   ","126,492   "
23,Maine,2003,"1,029,230   ","686,675   ","651,581   ","35,094   "
24,Maryland,2003,"4,174,202   ","2,881,310   ","2,752,590   ","128,720   "
25,Massachusetts,2003,"5,013,659   ","3,409,620   ","3,213,745   ","195,875   "
26,Michigan,2003,"7,648,860   ","5,020,319   ","4,663,537   ","356,782   "
27,Minnesota,2003,"3,860,404   ","2,892,770   ","2,755,268   ","137,502   "
28,Mississippi,2003,"2,126,911   ","1,307,387   ","1,227,417   ","79,970   "
29,Missouri,2003,"4,341,123   ","2,979,055   ","2,810,056   ","168,999   "
30,Montana,2003,"710,048   ","470,818   ","448,529   ","22,289   "
31,Nebraska,2003,"1,311,811   ","970,763   ","932,716   ","38,047   "
32,Nevada,2003,"1,706,574   ","1,159,191   ","1,098,742   ","60,449   "
33,New Hampshire,2003,"990,778   ","706,625   ","675,367   ","31,258   "
34,New Jersey,2003,"6,593,594   ","4,358,194   ","4,103,903   ","254,291   "
35,New Mexico,2003,"1,401,961   ","885,851   ","833,408   ","52,443   "
36,New York,2003,"14,805,524   ","9,271,173   ","8,678,321   ","592,852   "
37,North Carolina,2003,"6,395,798   ","4,284,490   ","4,016,263   ","268,227   "
38,North Dakota,2003,"490,168   ","351,046   ","338,917   ","12,129   "
39,Ohio,2003,"8,747,643   ","5,864,605   ","5,498,838   ","365,767   "
40,Oklahoma,2003,"2,638,423   ","1,692,689   ","1,601,611   ","91,078   "
41,Oregon,2003,"2,752,028   ","1,843,685   ","1,696,382   ","147,303   "
42,Pennsylvania,2003,"9,631,742   ","6,171,869   ","5,821,547   ","350,322   "
44,Rhode Island,2003,"833,297   ","559,590   ","528,692   ","30,898   "
45,South Carolina,2003,"3,146,479   ","1,996,734   ","1,862,178   ","134,556   "
46,South Dakota,2003,"574,080   ","421,078   ","406,457   ","14,621   "
47,Tennessee,2003,"4,495,765   ","2,907,080   ","2,746,039   ","161,041   "
48,Texas,2003,"16,102,853   ","10,937,075   ","10,198,263   ","738,812   "
49,Utah,2003,"1,676,106   ","1,189,047   ","1,123,019   ","66,028   "
50,Vermont,2003,"486,988   ","345,383   ","330,368   ","15,015   "
51,Virginia,2003,"5,543,709   ","3,779,071   ","3,623,509   ","155,562   "
53,Washington,2003,"4,660,455   ","3,137,136   ","2,909,257   ","227,879   "
54,West Virginia,2003,"1,439,275   ","791,223   ","742,736   ","48,487   "
55,Wisconsin,2003,"4,208,208   ","3,044,885   ","2,874,059   ","170,826   "
56,Wyoming,2003,"385,911   ","275,100   ","263,138   ","11,962   "
01,Alabama,2004,"3,465,848   ","2,151,545   ","2,031,308   ","120,237   "
02,Alaska,2004,"471,187   ","337,545   ","312,482   ","25,063   "
04,Arizona,2004,"4,240,607   ","2,754,688   ","2,617,808   ","136,880   "
05,Arkansas,2004,"2,093,114   ","1,305,874   ","1,232,935   ","72,939   "
06,California,2004,"26,627,158   ","17,450,100   ","16,363,423   ","1,086,677   "
08,Colorado,2004,"3,476,826   ","2,526,819   ","2,385,758   ","141,061   "
09,Connecticut,2004,"2,681,166   ","1,787,054   ","1,696,908   ","90,146   "
10,Delaware,2004,"636,362   ","422,219   ","405,265   ","16,954   "
11,District of Columbia,2004,"466,729   ","313,827   ","290,249   ","23,578   "
12,Florida,2004,"13,657,796   ","8,490,612   ","8,098,429   ","392,183   "
13,Georgia,2004,"6,550,470   ","4,421,426   ","4,210,815   ","210,611   "
15,Hawaii,2004,"962,115   ","625,131   ","604,448   ","20,683   "
16,Idaho,2004,"1,029,396   ","703,522   ","669,000   ","34,522   "
17,Illinois,2004,"9,542,226   ","6,339,966   ","5,946,593   ","393,373   "
18,Indiana,2004,"4,727,882   ","3,174,507   ","3,002,515   ","171,992   "
19,Iowa,2004,"2,268,691   ","1,610,772   ","1,538,230   ","72,542   "
20,Kansas,2004,"2,054,375   ","1,462,541   ","1,382,138   ","80,403   "
21,Kentucky,2004,"3,172,666   ","1,968,689   ","1,860,121   ","108,568   "
22,Louisiana,2004,"3,349,747   ","2,036,346   ","1,920,513   ","115,833   "
23,Maine,2004,"1,038,963   ","688,058   ","656,004   ","32,054   "
24,Maryland,2004,"4,229,733   ","2,890,743   ","2,766,242   ","124,501   "
25,Massachusetts,2004,"5,024,225   ","3,388,266   ","3,214,624   ","173,642   "
26,Michigan,2004,"7,681,710   ","5,039,850   ","4,689,363   ","350,487   "
27,Minnesota,2004,"3,894,061   ","2,895,448   ","2,761,101   ","134,347   "
28,Mississippi,2004,"2,143,525   ","1,319,272   ","1,237,961   ","81,311   "
29,Missouri,2004,"4,380,051   ","2,989,602   ","2,814,710   ","174,892   "
30,Montana,2004,"720,304   ","479,189   ","457,509   ","21,680   "
31,Nebraska,2004,"1,321,194   ","978,364   ","940,514   ","37,850   "
32,Nevada,2004,"1,778,366   ","1,191,518   ","1,138,583   ","52,935   "
33,New Hampshire,2004,"1,003,420   ","712,730   ","685,603   ","27,127   "
34,New Jersey,2004,"6,629,102   ","4,365,437   ","4,150,754   ","214,683   "
35,New Mexico,2004,"1,426,036   ","897,323   ","847,210   ","50,113   "
36,New York,2004,"14,889,760   ","9,345,803   ","8,801,006   ","544,797   "
37,North Carolina,2004,"6,495,423   ","4,297,751   ","4,062,474   ","235,277   "
38,North Dakota,2004,"495,455   ","357,970   ","345,867   ","12,103   "
39,Ohio,2004,"8,779,442   ","5,849,311   ","5,484,505   ","364,806   "
40,Oklahoma,2004,"2,654,332   ","1,700,250   ","1,620,202   ","80,048   "
41,Oregon,2004,"2,778,187   ","1,842,618   ","1,707,142   ","135,476   "
42,Pennsylvania,2004,"9,682,452   ","6,232,546   ","5,898,367   ","334,179   "
44,Rhode Island,2004,"835,878   ","554,567   ","525,298   ","29,269   "
45,South Carolina,2004,"3,195,378   ","2,043,898   ","1,902,144   ","141,754   "
46,South Dakota,2004,"579,976   ","424,656   ","409,493   ","15,163   "
47,Tennessee,2004,"4,546,238   ","2,899,831   ","2,745,192   ","154,639   "
48,Texas,2004,"16,393,132   ","11,035,442   ","10,369,919   ","665,523   "
49,Utah,2004,"1,713,327   ","1,219,188   ","1,158,207   ","60,981   "
50,Vermont,2004,"490,578   ","346,039   ","333,415   ","12,624   "
51,Virginia,2004,"5,649,795   ","3,823,343   ","3,680,621   ","142,722   "
53,Washington,2004,"4,736,959   ","3,193,687   ","2,993,829   ","199,858   "
54,West Virginia,2004,"1,442,956   ","790,484   ","748,031   ","42,453   "
55,Wisconsin,2004,"4,244,664   ","3,032,697   ","2,881,712   ","150,985   "
56,Wyoming,2004,"390,620   ","277,703   ","267,022   ","10,681   "
01,Alabama,2005,"3,504,605   ","2,153,973   ","2,058,082   ","95,891   "
02,Alaska,2005,"480,459   ","344,173   ","320,329   ","23,844   "
04,Arizona,2005,"4,384,158   ","2,825,024   ","2,694,065   ","130,959   "
05,Arkansas,2005,"2,119,774   ","1,337,098   ","1,266,602   ","70,496   "
06,California,2005,"26,916,578   ","17,635,649   ","16,685,793   ","949,856   "
08,Colorado,2005,"3,530,226   ","2,555,671   ","2,426,252   ","129,419   "
09,Connecticut,2005,"2,697,826   ","1,808,542   ","1,720,558   ","87,984   "
10,Delaware,2005,"649,579   ","434,842   ","416,905   ","17,937   "
11,District of Columbia,2005,"470,857   ","319,639   ","298,978   ","20,661   "
12,Florida,2005,"14,020,244   ","8,798,562   ","8,470,043   ","328,519   "
13,Georgia,2005,"6,698,125   ","4,548,155   ","4,307,585   ","240,570   "
15,Hawaii,2005,"977,419   ","641,769   ","623,582   ","18,187   "
16,Idaho,2005,"1,057,530   ","728,606   ","699,603   ","29,003   "
17,Illinois,2005,"9,589,886   ","6,397,395   ","6,030,740   ","366,655   "
18,Indiana,2005,"4,768,326   ","3,211,867   ","3,038,019   ","173,848   "
19,Iowa,2005,"2,282,261   ","1,633,163   ","1,562,784   ","70,379   "
20,Kansas,2005,"2,069,775   ","1,464,280   ","1,390,052   ","74,228   "
21,Kentucky,2005,"3,202,938   ","1,987,235   ","1,870,669   ","116,566   "
22,Louisiana,2005,"3,301,016   ","2,085,808   ","1,936,865   ","148,943   "
23,Maine,2005,"1,047,371   ","697,994   ","663,722   ","34,272   "
24,Maryland,2005,"4,282,596   ","2,942,379   ","2,819,647   ","122,732   "
25,Massachusetts,2005,"5,039,280   ","3,367,755   ","3,206,455   ","161,300   "
26,Michigan,2005,"7,706,251   ","5,051,416   ","4,710,205   ","341,211   "
27,Minnesota,2005,"3,929,624   ","2,881,060   ","2,762,650   ","118,410   "
28,Mississippi,2005,"2,153,619   ","1,322,099   ","1,220,952   ","101,147   "
29,Missouri,2005,"4,426,874   ","3,005,435   ","2,841,822   ","163,613   "
30,Montana,2005,"731,011   ","486,794   ","466,803   ","19,991   "
31,Nebraska,2005,"1,331,861   ","977,778   ","940,654   ","37,124   "
32,Nevada,2005,"1,847,458   ","1,245,381   ","1,192,952   ","52,429   "
33,New Hampshire,2005,"1,014,574   ","723,022   ","696,689   ","26,333   "
34,New Jersey,2005,"6,663,611   ","4,407,346   ","4,211,307   ","196,039   "
35,New Mexico,2005,"1,452,808   ","913,623   ","866,018   ","47,605   "
36,New York,2005,"14,970,493   ","9,432,563   ","8,964,859   ","467,704   "
37,North Carolina,2005,"6,625,458   ","4,367,089   ","4,139,616   ","227,473   "
38,North Dakota,2005,"499,138   ","361,772   ","349,702   ","12,070   "
39,Ohio,2005,"8,813,660   ","5,875,353   ","5,527,131   ","348,222   "
40,Oklahoma,2005,"2,678,366   ","1,723,091   ","1,648,183   ","74,908   "
41,Oregon,2005,"2,818,911   ","1,846,155   ","1,732,344   ","113,811   "
42,Pennsylvania,2005,"9,743,069   ","6,282,162   ","5,968,115   ","314,047   "
44,Rhode Island,2005,"835,144   ","562,093   ","533,200   ","28,893   "
45,South Carolina,2005,"3,255,131   ","2,073,749   ","1,932,855   ","140,894   "
46,South Dakota,2005,"585,904   ","427,814   ","412,628   ","15,186   "
47,Tennessee,2005,"4,615,968   ","2,899,846   ","2,740,356   ","159,490   "
48,Texas,2005,"16,711,799   ","11,241,633   ","10,625,308   ","616,325   "
49,Utah,2005,"1,755,432   ","1,262,462   ","1,211,339   ","51,123   "
50,Vermont,2005,"493,950   ","348,299   ","336,184   ","12,115   "
51,Virginia,2005,"5,748,762   ","3,923,264   ","3,786,275   ","136,989   "
53,Washington,2005,"4,816,419   ","3,264,730   ","3,082,694   ","182,036   "
54,West Virginia,2005,"1,447,621   ","797,037   ","756,670   ","40,367   "
55,Wisconsin,2005,"4,281,663   ","3,025,383   ","2,882,007   ","143,376   "
56,Wyoming,2005,"395,471   ","282,742   ","272,627   ","10,115   "
01,Alabama,2006,"3,555,150   ","2,187,167   ","2,099,306   ","87,861   "
02,Alaska,2006,"490,337   ","348,533   ","325,498   ","23,035   "
04,Arizona,2006,"4,529,737   ","2,917,730   ","2,793,420   ","124,310   "
05,Arkansas,2006,"2,151,296   ","1,348,977   ","1,278,538   ","70,439   "
06,California,2006,"27,199,024   ","17,785,989   ","16,918,800   ","867,189   "
08,Colorado,2006,"3,599,875   ","2,619,740   ","2,509,154   ","110,586   "
09,Connecticut,2006,"2,718,712   ","1,847,677   ","1,766,274   ","81,403   "
10,Delaware,2006,"663,125   ","445,744   ","429,905   ","15,839   "
11,District of Columbia,2006,"475,231   ","322,752   ","303,975   ","18,777   "
12,Florida,2006,"14,316,372   ","9,083,615   ","8,785,081   ","298,534   "
13,Georgia,2006,"6,854,178   ","4,664,352   ","4,446,727   ","217,625   "
15,Hawaii,2006,"992,120   ","653,666   ","637,094   ","16,572   "
16,Idaho,2006,"1,087,837   ","744,286   ","718,996   ","25,290   "
17,Illinois,2006,"9,649,686   ","6,497,428   ","6,198,292   ","299,136   "
18,Indiana,2006,"4,814,806   ","3,246,997   ","3,085,021   ","161,976   "
19,Iowa,2006,"2,299,493   ","1,661,624   ","1,600,648   ","60,976   "
20,Kansas,2006,"2,083,433   ","1,469,690   ","1,404,996   ","64,694   "
21,Kentucky,2006,"3,240,745   ","2,023,550   ","1,907,888   ","115,662   "
22,Louisiana,2006,"3,210,365   ","2,011,802   ","1,928,805   ","82,997   "
23,Maine,2006,"1,055,787   ","703,976   ","670,942   ","33,034   "
24,Maryland,2006,"4,328,655   ","3,001,305   ","2,886,004   ","115,301   "
25,Massachusetts,2006,"5,063,618   ","3,393,358   ","3,233,866   ","159,492   "
26,Michigan,2006,"7,727,757   ","5,029,675   ","4,684,099   ","345,576   "
27,Minnesota,2006,"3,972,780   ","2,890,049   ","2,772,715   ","117,334   "
28,Mississippi,2006,"2,160,958   ","1,286,825   ","1,205,091   ","81,734   "
29,Missouri,2006,"4,477,756   ","3,031,367   ","2,883,534   ","147,833   "
30,Montana,2006,"743,029   ","497,506   ","480,795   ","16,711   "
31,Nebraska,2006,"1,342,809   ","977,511   ","947,634   ","29,877   "
32,Nevada,2006,"1,918,391   ","1,315,823   ","1,261,222   ","54,601   "
33,New Hampshire,2006,"1,026,601   ","728,766   ","703,239   ","25,527   "
34,New Jersey,2006,"6,697,604   ","4,460,951   ","4,252,563   ","208,388   "
35,New Mexico,2006,"1,481,197   ","924,806   ","885,867   ","38,939   "
36,New York,2006,"15,054,985   ","9,492,466   ","9,067,631   ","424,835   "
37,North Carolina,2006,"6,788,308   ","4,487,934   ","4,276,081   ","211,853   "
38,North Dakota,2006,"502,868   ","368,737   ","357,207   ","11,530   "
39,Ohio,2006,"8,851,976   ","5,953,873   ","5,630,797   ","323,076   "
40,Oklahoma,2006,"2,714,720   ","1,728,310   ","1,661,009   ","67,301   "
41,Oregon,2006,"2,870,940   ","1,877,712   ","1,776,697   ","101,015   "
42,Pennsylvania,2006,"9,816,897   ","6,328,844   ","6,031,354   ","297,490   "
44,Rhode Island,2006,"835,149   ","570,311   ","540,396   ","29,915   "
45,South Carolina,2006,"3,331,133   ","2,153,884   ","2,017,604   ","136,280   "
46,South Dakota,2006,"592,884   ","430,542   ","417,669   ","12,873   "
47,Tennessee,2006,"4,699,491   ","3,015,579   ","2,858,723   ","156,856   "
48,Texas,2006,"17,113,167   ","11,412,626   ","10,846,938   ","565,688   "
49,Utah,2006,"1,808,078   ","1,309,134   ","1,271,905   ","37,229   "
50,Vermont,2006,"497,567   ","353,704   ","340,675   ","13,029   "
51,Virginia,2006,"5,840,360   ","4,005,004   ","3,882,083   ","122,921   "
53,Washington,2006,"4,914,701   ","3,327,767   ","3,162,295   ","165,472   "
54,West Virginia,2006,"1,455,107   ","807,645   ","769,201   ","38,444   "
55,Wisconsin,2006,"4,319,539   ","3,062,968   ","2,919,593   ","143,375   "
56,Wyoming,2006,"402,734   ","289,368   ","280,465   ","8,903   "
01,Alabama,2007,"3,596,540   ","2,200,296   ","2,110,783   ","89,513   "
02,Alaska,2007,"496,259   ","350,198   ","328,314   ","21,884   "
04,Arizona,2007,"4,640,992   ","2,955,547   ","2,845,742   ","109,805   "
05,Arkansas,2007,"2,176,049   ","1,354,837   ","1,281,741   ","73,096   "
06,California,2007,"27,493,128   ","18,068,852   ","17,105,398   ","963,454   "
08,Colorado,2007,"3,667,403   ","2,663,198   ","2,565,508   ","97,690   "
09,Connecticut,2007,"2,736,710   ","1,876,029   ","1,791,089   ","84,940   "
10,Delaware,2007,"674,697   ","449,279   ","433,960   ","15,319   "
11,District of Columbia,2007,"479,274   ","330,000   ","311,724   ","18,276   "
12,Florida,2007,"14,518,790   ","9,270,476   ","8,899,131   ","371,345   "
13,Georgia,2007,"7,000,739   ","4,763,258   ","4,546,117   ","217,141   "
15,Hawaii,2007,"1,005,246   ","657,904   ","639,765   ","18,139   "
16,Idaho,2007,"1,114,320   ","755,075   ","732,588   ","22,487   "
17,Illinois,2007,"9,713,026   ","6,613,501   ","6,276,771   ","336,730   "
18,Indiana,2007,"4,858,106   ","3,214,971   ","3,065,786   ","149,185   "
19,Iowa,2007,"2,315,698   ","1,669,120   ","1,607,120   ","62,000   "
20,Kansas,2007,"2,100,229   ","1,482,598   ","1,419,333   ","63,265   "
21,Kentucky,2007,"3,268,543   ","2,032,678   ","1,923,418   ","109,260   "
22,Louisiana,2007,"3,303,666   ","2,037,535   ","1,954,309   ","83,226   "
23,Maine,2007,"1,062,720   ","703,522   ","670,451   ","33,071   "
24,Maryland,2007,"4,366,011   ","3,012,554   ","2,908,634   ","103,920   "
25,Massachusetts,2007,"5,100,266   ","3,413,152   ","3,259,639   ","153,513   "
26,Michigan,2007,"7,732,589   ","4,972,072   ","4,620,172   ","351,900   "
27,Minnesota,2007,"4,014,236   ","2,900,078   ","2,766,647   ","133,431   "
28,Mississippi,2007,"2,186,098   ","1,300,655   ","1,220,905   ","79,750   "
29,Missouri,2007,"4,521,278   ","3,052,842   ","2,897,228   ","155,614   "
30,Montana,2007,"754,467   ","507,912   ","490,695   ","17,217   "
31,Nebraska,2007,"1,353,225   ","986,799   ","957,575   ","29,224   "
32,Nevada,2007,"1,980,133   ","1,376,294   ","1,310,637   ","65,657   "
33,New Hampshire,2007,"1,035,990   ","733,906   ","707,986   ","25,920   "
34,New Jersey,2007,"6,732,084   ","4,458,637   ","4,271,086   ","187,551   "
35,New Mexico,2007,"1,505,739   ","931,402   ","898,296   ","33,106   "
36,New York,2007,"15,139,074   ","9,478,804   ","9,059,704   ","419,100   "
37,North Carolina,2007,"6,958,834   ","4,564,530   ","4,348,843   ","215,687   "
38,North Dakota,2007,"506,321   ","374,278   ","362,870   ","11,408   "
39,Ohio,2007,"8,890,923   ","6,009,611   ","5,672,719   ","336,892   "
40,Oklahoma,2007,"2,745,396   ","1,739,154   ","1,670,113   ","69,041   "
41,Oregon,2007,"2,919,496   ","1,907,997   ","1,809,129   ","98,868   "
42,Pennsylvania,2007,"9,886,669   ","6,384,094   ","6,090,513   ","293,581   "
44,Rhode Island,2007,"834,745   ","569,883   ","540,744   ","29,139   "
45,South Carolina,2007,"3,405,022   ","2,167,128   ","2,045,344   ","121,784   "
46,South Dakota,2007,"599,709   ","433,189   ","420,861   ","12,328   "
47,Tennessee,2007,"4,768,434   ","3,047,654   ","2,906,077   ","141,577   "
48,Texas,2007,"17,519,152   ","11,530,784   ","11,027,044   ","503,740   "
49,Utah,2007,"1,856,699   ","1,347,530   ","1,312,979   ","34,551   "
50,Vermont,2007,"500,130   ","351,859   ","338,213   ","13,646   "
51,Virginia,2007,"5,918,839   ","4,077,292   ","3,951,277   ","126,015   "
53,Washington,2007,"5,004,379   ","3,395,364   ","3,238,965   ","156,399   "
54,West Virginia,2007,"1,461,935   ","808,237   ","772,017   ","36,220   "
55,Wisconsin,2007,"4,353,098   ","3,082,366   ","2,933,930   ","148,436   "
56,Wyoming,2007,"411,488   ","295,725   ","287,623   ","8,102   "
01,Alabama,2008,"3,636,288   ","2,199,991   ","2,070,031   ","129,960   "
02,Alaska,2008,"502,080   ","355,598   ","332,559   ","23,039   "
04,Arizona,2008,"4,729,441   ","3,020,850   ","2,846,865   ","173,985   "
05,Arkansas,2008,"2,197,607   ","1,363,026   ","1,289,448   ","73,578   "
06,California,2008,"27,858,490   ","18,367,359   ","17,034,912   ","1,332,447   "
08,Colorado,2008,"3,737,384   ","2,707,692   ","2,577,260   ","130,432   "
09,Connecticut,2008,"2,760,360   ","1,898,576   ","1,791,857   ","106,719   "
10,Delaware,2008,"685,784   ","454,523   ","432,555   ","21,968   "
11,District of Columbia,2008,"484,649   ","338,728   ","316,700   ","22,028   "
12,Florida,2008,"14,684,022   ","9,313,307   ","8,727,506   ","585,801   "
13,Georgia,2008,"7,114,104   ","4,808,397   ","4,501,493   ","306,904   "
15,Hawaii,2008,"1,017,740   ","665,110   ","638,047   ","27,063   "
16,Idaho,2008,"1,136,380   ","761,344   ","723,530   ","37,814   "
17,Illinois,2008,"9,777,045   ","6,623,743   ","6,195,225   ","428,518   "
18,Indiana,2008,"4,899,433   ","3,256,393   ","3,064,708   ","191,685   "
19,Iowa,2008,"2,330,701   ","1,689,415   ","1,619,952   ","69,463   "
20,Kansas,2008,"2,115,617   ","1,492,499   ","1,424,553   ","67,946   "
21,Kentucky,2008,"3,300,963   ","2,036,279   ","1,904,187   ","132,092   "
22,Louisiana,2008,"3,369,869   ","2,077,488   ","1,980,828   ","96,660   "
23,Maine,2008,"1,069,064   ","705,690   ","667,847   ","37,843   "
24,Maryland,2008,"4,403,581   ","3,056,843   ","2,925,330   ","131,513   "
25,Massachusetts,2008,"5,145,129   ","3,443,949   ","3,261,415   ","182,534   "
26,Michigan,2008,"7,723,884   ","4,890,848   ","4,490,168   ","400,680   "
27,Minnesota,2008,"4,051,481   ","2,915,355   ","2,757,599   ","157,756   "
28,Mississippi,2008,"2,203,487   ","1,301,985   ","1,214,914   ","87,071   "
29,Missouri,2008,"4,562,772   ","3,057,113   ","2,869,787   ","187,326   "
30,Montana,2008,"764,643   ","514,562   ","490,487   ","24,075   "
31,Nebraska,2008,"1,364,547   ","996,118   ","963,903   ","32,215   "
32,Nevada,2008,"2,025,339   ","1,406,367   ","1,309,453   ","96,914   "
33,New Hampshire,2008,"1,043,442   ","738,310   ","710,619   ","27,691   "
34,New Jersey,2008,"6,774,763   ","4,521,751   ","4,277,489   ","244,262   "
35,New Mexico,2008,"1,525,784   ","945,619   ","904,195   ","41,424   "
36,New York,2008,"15,211,858   ","9,611,653   ","9,094,555   ","517,098   "
37,North Carolina,2008,"7,103,717   ","4,626,375   ","4,353,233   ","273,142   "
38,North Dakota,2008,"510,999   ","378,963   ","367,443   ","11,520   "
39,Ohio,2008,"8,919,969   ","5,995,596   ","5,602,048   ","393,548   "
40,Oklahoma,2008,"2,776,180   ","1,761,547   ","1,698,274   ","63,273   "
41,Oregon,2008,"2,962,808   ","1,946,183   ","1,824,034   ","122,149   "
42,Pennsylvania,2008,"9,953,994   ","6,484,086   ","6,136,534   ","347,552   "
44,Rhode Island,2008,"835,281   ","566,960   ","523,792   ","43,168   "
45,South Carolina,2008,"3,475,376   ","2,175,274   ","2,025,641   ","149,633   "
46,South Dakota,2008,"605,576   ","434,912   ","421,598   ","13,314   "
47,Tennessee,2008,"4,831,311   ","3,067,902   ","2,869,477   ","198,425   "
48,Texas,2008,"17,889,906   ","11,782,209   ","11,210,755   ","571,454   "
49,Utah,2008,"1,895,851   ","1,354,743   ","1,309,543   ","45,200   "
50,Vermont,2008,"502,250   ","352,474   ","336,788   ","15,686   "
51,Virginia,2008,"5,996,951   ","4,171,504   ","4,001,991   ","169,513   "
53,Washington,2008,"5,087,664   ","3,455,916   ","3,277,816   ","178,100   "
54,West Virginia,2008,"1,468,685   ","810,940   ","774,547   ","36,393   "
55,Wisconsin,2008,"4,383,183   ","3,092,766   ","2,940,891   ","151,875   "
56,Wyoming,2008,"420,073   ","301,436   ","292,416   ","9,020   "
01,Alabama,2009,"3,671,659   ","2,171,225   ","1,959,701   ","211,524   "
02,Alaska,2009,"512,350   ","358,988   ","330,809   ","28,179   "
04,Arizona,2009,"4,793,262   ","3,056,319   ","2,759,292   ","297,027   "
05,Arkansas,2009,"2,216,349   ","1,360,164   ","1,255,195   ","104,969   "
06,California,2009,"28,233,194   ","18,430,785   ","16,317,811   ","2,112,974   "
08,Colorado,2009,"3,804,184   ","2,714,093   ","2,497,997   ","216,096   "
09,Connecticut,2009,"2,784,233   ","1,908,696   ","1,751,195   ","157,501   "
10,Delaware,2009,"694,761   ","444,228   ","407,901   ","36,327   "
11,District of Columbia,2009,"493,949   ","342,159   ","309,461   ","32,698   "
12,Florida,2009,"14,823,259   ","9,197,903   ","8,256,432   ","941,471   "
13,Georgia,2009,"7,205,868   ","4,712,977   ","4,244,935   ","468,042   "
15,Hawaii,2009,"1,029,711   ","658,601   ","615,748   ","42,853   "
16,Idaho,2009,"1,152,486   ","768,290   ","698,658   ","69,632   "
17,Illinois,2009,"9,837,829   ","6,569,358   ","5,914,561   ","654,797   "
18,Indiana,2009,"4,935,567   ","3,223,220   ","2,894,655   ","328,565   "
19,Iowa,2009,"2,346,129   ","1,686,943   ","1,577,433   ","109,510   "
20,Kansas,2009,"2,133,696   ","1,516,614   ","1,409,522   ","107,092   "
21,Kentucky,2009,"3,321,190   ","2,060,598   ","1,841,489   ","219,109   "
22,Louisiana,2009,"3,408,382   ","2,080,582   ","1,941,423   ","139,159   "
23,Maine,2009,"1,072,450   ","701,233   ","642,949   ","58,284   "
24,Maryland,2009,"4,449,961   ","3,073,166   ","2,853,987   ","219,179   "
25,Massachusetts,2009,"5,192,760   ","3,448,726   ","3,167,783   ","280,943   "
26,Michigan,2009,"7,717,411   ","4,855,150   ","4,199,784   ","655,366   "
27,Minnesota,2009,"4,084,893   ","2,929,503   ","2,703,117   ","226,386   "
28,Mississippi,2009,"2,218,414   ","1,275,678   ","1,157,722   ","117,956   "
29,Missouri,2009,"4,595,123   ","3,060,865   ","2,782,317   ","278,548   "
30,Montana,2009,"772,372   ","503,970   ","468,135   ","35,835   "
31,Nebraska,2009,"1,377,287   ","994,670   ","948,668   ","46,002   "
32,Nevada,2009,"2,054,932   ","1,386,252   ","1,232,890   ","153,362   "
33,New Hampshire,2009,"1,048,430   ","733,593   ","689,176   ","44,417   "
34,New Jersey,2009,"6,825,719   ","4,572,772   ","4,167,938   ","404,834   "
35,New Mexico,2009,"1,546,331   ","936,477   ","870,351   ","66,126   "
36,New York,2009,"15,286,122   ","9,648,586   ","8,836,990   ","811,596   "
37,North Carolina,2009,"7,222,426   ","4,662,548   ","4,157,914   ","504,634   "
38,North Dakota,2009,"517,343   ","378,415   ","363,635   ","14,780   "
39,Ohio,2009,"8,942,899   ","5,904,242   ","5,299,638   ","604,604   "
40,Oklahoma,2009,"2,811,523   ","1,788,782   ","1,672,136   ","116,646   "
41,Oregon,2009,"2,999,342   ","1,957,991   ","1,749,576   ","208,415   "
42,Pennsylvania,2009,"10,013,368   ","6,434,166   ","5,918,325   ","515,841   "
44,Rhode Island,2009,"838,184   ","567,454   ","503,921   ","63,533   "
45,South Carolina,2009,"3,530,767   ","2,176,789   ","1,937,493   ","239,296   "
46,South Dakota,2009,"610,946   ","439,743   ","419,499   ","20,244   "
47,Tennessee,2009,"4,879,368   ","3,050,382   ","2,733,219   ","317,163   "
48,Texas,2009,"18,262,198   ","12,030,605   ","11,115,839   ","914,766   "
49,Utah,2009,"1,928,868   ","1,359,159   ","1,255,748   ","103,411   "
50,Vermont,2009,"504,382   ","359,499   ","336,017   ","23,482   "
51,Virginia,2009,"6,080,651   ","4,186,500   ","3,902,462   ","284,038   "
53,Washington,2009,"5,172,403   ","3,530,397   ","3,210,368   ","320,029   "
54,West Virginia,2009,"1,475,795   ","815,892   ","750,914   ","64,978   "
55,Wisconsin,2009,"4,410,579   ","3,107,613   ","2,832,958   ","274,655   "
56,Wyoming,2009,"428,647   ","304,857   ","285,709   ","19,148   "
01,Alabama,2010,"3,705,219   ","2,215,931   ","1,986,101   ","229,830   "
02,Alaska,2010,"518,596   ","360,841   ","331,895   ","28,946   "
04,Arizona,2010,"4,849,921   ","3,048,043   ","2,732,149   ","315,894   "
05,Arkansas,2010,"2,235,623   ","1,355,418   ","1,249,254   ","106,164   "
06,California,2010,"28,610,792   ","18,363,548   ","16,096,140   ","2,267,408   "
08,Colorado,2010,"3,859,878   ","2,711,519   ","2,463,008   ","248,511   "
09,Connecticut,2010,"2,809,011   ","1,918,073   ","1,735,686   ","182,387   "
10,Delaware,2010,"703,268   ","436,163   ","399,917   ","36,246   "
11,District of Columbia,2010,"504,628   ","347,000   ","313,065   ","33,935   "
12,Florida,2010,"14,998,978   ","9,246,529   ","8,205,377   ","1,041,152   "
13,Georgia,2010,"7,296,428   ","4,687,372   ","4,199,634   ","487,738   "
15,Hawaii,2010,"1,043,990   ","660,816   ","616,411   ","44,405   "
16,Idaho,2010,"1,166,351   ","765,440   ","695,535   ","69,905   "
17,Illinois,2010,"9,898,139   ","6,601,932   ","5,914,278   ","687,654   "
18,Indiana,2010,"4,970,539   ","3,179,227   ","2,861,071   ","318,156   "
19,Iowa,2010,"2,361,787   ","1,676,874   ","1,574,856   ","102,018   "
20,Kansas,2010,"2,150,285   ","1,500,707   ","1,396,228   ","104,479   "
21,Kentucky,2010,"3,348,232   ","2,064,566   ","1,851,579   ","212,987   "
22,Louisiana,2010,"3,443,001   ","2,089,869   ","1,934,492   ","155,377   "
23,Maine,2010,"1,075,265   ","699,120   ","640,480   ","58,640   "
24,Maryland,2010,"4,504,427   ","3,087,395   ","2,847,701   ","239,694   "
25,Massachusetts,2010,"5,242,477   ","3,469,441   ","3,187,963   ","281,478   "
26,Michigan,2010,"7,726,186   ","4,770,762   ","4,161,342   ","609,420   "
27,Minnesota,2010,"4,116,599   ","2,943,179   ","2,725,505   ","217,674   "
28,Mississippi,2010,"2,232,894   ","1,312,769   ","1,179,529   ","133,240   "
29,Missouri,2010,"4,625,084   ","3,035,790   ","2,749,454   ","286,336   "
30,Montana,2010,"778,695   ","501,695   ","465,750   ","35,945   "
31,Nebraska,2010,"1,390,474   ","993,916   ","947,668   ","46,248   "
32,Nevada,2010,"2,075,656   ","1,364,267   ","1,183,268   ","180,999   "
33,New Hampshire,2010,"1,053,483   ","736,516   ","691,838   ","44,678   "
34,New Jersey,2010,"6,884,202   ","4,586,241   ","4,142,277   ","443,964   "
35,New Mexico,2010,"1,568,422   ","935,251   ","861,949   ","73,302   "
36,New York,2010,"15,380,232   ","9,633,208   ","8,790,756   ","842,452   "
37,North Carolina,2010,"7,319,503   ","4,649,009   ","4,145,612   ","503,397   "
38,North Dakota,2010,"524,891   ","383,034   ","369,028   ","14,006   "
39,Ohio,2010,"8,968,620   ","5,849,583   ","5,263,158   ","586,425   "
40,Oklahoma,2010,"2,842,070   ","1,770,824   ","1,656,154   ","114,670   "
41,Oregon,2010,"3,031,811   ","1,984,302   ","1,774,138   ","210,164   "
42,Pennsylvania,2010,"10,072,684   ","6,363,081   ","5,844,268   ","518,813   "
44,Rhode Island,2010,"842,519   ","571,220   ","504,776   ","66,444   "
45,South Carolina,2010,"3,573,592   ","2,170,408   ","1,929,604   ","240,804   "
46,South Dakota,2010,"617,358   ","441,257   ","419,777   ","21,480   "
47,Tennessee,2010,"4,928,415   ","3,094,834   ","2,791,618   ","303,216   "
48,Texas,2010,"18,609,726   ","12,277,840   ","11,264,356   ","1,013,484   "
49,Utah,2010,"1,959,474   ","1,348,500   ","1,237,065   ","111,435   "
50,Vermont,2010,"507,462   ","359,040   ","336,678   ","22,362   "
51,Virginia,2010,"6,166,252   ","4,156,228   ","3,872,674   ","283,554   "
53,Washington,2010,"5,245,555   ","3,519,536   ","3,167,286   ","352,250   "
54,West Virginia,2010,"1,482,418   ","810,914   ","742,558   ","68,356   "
55,Wisconsin,2010,"4,434,796   ","3,080,138   ","2,820,966   ","259,172   "
56,Wyoming,2010,"433,615   ","304,987   ","283,998   ","20,989   "
01,Alabama,2011,"3,732,306   ","2,218,250   ","2,006,247   ","212,003   "
02,Alaska,2011,"528,312   ","363,636   ","335,936   ","27,700   "
04,Arizona,2011,"4,905,317   ","3,016,524   ","2,729,835   ","286,689   "
05,Arkansas,2011,"2,251,806   ","1,356,755   ","1,249,876   ","106,879   "
06,California,2011,"28,959,521   ","18,357,603   ","16,202,933   ","2,154,670   "
08,Colorado,2011,"3,922,230   ","2,733,075   ","2,495,770   ","237,305   "
09,Connecticut,2011,"2,832,864   ","1,919,324   ","1,746,327   ","172,997   "
10,Delaware,2011,"711,575   ","442,773   ","409,905   ","32,868   "
11,District of Columbia,2011,"514,871   ","348,987   ","313,812   ","35,175   "
12,Florida,2011,"15,189,526   ","9,279,259   ","8,335,096   ","944,163   "
13,Georgia,2011,"7,378,938   ","4,729,160   ","4,254,859   ","474,301   "
15,Hawaii,2011,"1,060,400   ","667,209   ","622,433   ","44,776   "
16,Idaho,2011,"1,180,287   ","767,689   ","702,881   ","64,808   "
17,Illinois,2011,"9,967,052   ","6,580,943   ","5,937,379   ","643,564   "
18,Indiana,2011,"5,003,550   ","3,191,909   ","2,906,966   ","284,943   "
19,Iowa,2011,"2,377,080   ","1,671,059   ","1,577,432   ","93,627   "
20,Kansas,2011,"2,162,911   ","1,498,139   ","1,402,910   ","95,229   "
21,Kentucky,2011,"3,372,629   ","2,062,869   ","1,869,474   ","193,395   "
22,Louisiana,2011,"3,477,384   ","2,083,959   ","1,930,909   ","153,050   "
23,Maine,2011,"1,080,191   ","700,374   ","646,030   ","54,344   "
24,Maryland,2011,"4,563,018   ","3,100,402   ","2,874,611   ","225,791   "
25,Massachusetts,2011,"5,306,141   ","3,487,104   ","3,234,776   ","252,328   "
26,Michigan,2011,"7,761,417   ","4,670,031   ","4,196,711   ","473,320   "
27,Minnesota,2011,"4,152,802   ","2,958,544   ","2,764,588   ","193,956   "
28,Mississippi,2011,"2,243,904   ","1,346,785   ","1,214,986   ","131,799   "
29,Missouri,2011,"4,647,293   ","3,025,993   ","2,766,502   ","259,491   "
30,Montana,2011,"784,646   ","502,271   ","468,962   ","33,309   "
31,Nebraska,2011,"1,401,470   ","1,005,791   ","961,685   ","44,106   "
32,Nevada,2011,"2,090,275   ","1,359,376   ","1,182,933   ","176,443   "
33,New Hampshire,2011,"1,060,970   ","736,771   ","696,369   ","40,402   "
34,New Jersey,2011,"6,951,446   ","4,598,213   ","4,166,134   ","432,079   "
35,New Mexico,2011,"1,584,599   ","929,841   ","862,811   ","67,030   "
36,New York,2011,"15,550,270   ","9,579,458   ","8,778,550   ","800,908   "
37,North Carolina,2011,"7,398,842   ","4,648,299   ","4,165,997   ","482,302   "
38,North Dakota,2011,"534,114   ","389,585   ","376,621   ","12,964   "
39,Ohio,2011,"9,002,663   ","5,771,877   ","5,266,770   ","505,107   "
40,Oklahoma,2011,"2,864,544   ","1,765,766   ","1,667,463   ","98,303   "
41,Oregon,2011,"3,065,849   ","1,989,954   ","1,801,886   ","188,068   "
42,Pennsylvania,2011,"10,137,202   ","6,386,783   ","5,894,981   ","491,802   "
44,Rhode Island,2011,"848,017   ","564,949   ","502,241   ","62,708   "
45,South Carolina,2011,"3,602,934   ","2,173,678   ","1,948,705   ","224,973   "
46,South Dakota,2011,"623,073   ","442,747   ","422,548   ","20,199   "
47,Tennessee,2011,"4,973,907   ","3,119,227   ","2,837,073   ","282,154   "
48,Texas,2011,"18,949,657   ","12,480,064   ","11,476,396   ","1,003,668   "
49,Utah,2011,"1,993,024   ","1,347,315   ","1,250,230   ","97,085   "
50,Vermont,2011,"512,030   ","358,219   ","338,836   ","19,383   "
51,Virginia,2011,"6,245,860   ","4,192,637   ","3,928,933   ","263,704   "
53,Washington,2011,"5,312,094   ","3,487,058   ","3,157,944   ","329,114   "
54,West Virginia,2011,"1,486,154   ","807,080   ","744,741   ","62,339   "
55,Wisconsin,2011,"4,461,682   ","3,075,876   ","2,843,946   ","231,930   "
56,Wyoming,2011,"436,577   ","304,709   ","286,180   ","18,529   "
01,Alabama,2012,"3,758,978   ","2,192,633   ","2,013,627   ","179,006   "
02,Alaska,2012,"534,528   ","363,415   ","337,578   ","25,837   "
04,Arizona,2012,"4,967,681   ","3,009,328   ","2,756,907   ","252,421   "
05,Arkansas,2012,"2,262,181   ","1,348,128   ","1,250,496   ","97,632   "
06,California,2012,"29,307,984   ","18,478,740   ","16,557,964   ","1,920,776   "
08,Colorado,2012,"3,987,951   ","2,751,262   ","2,531,740   ","219,522   "
09,Connecticut,2012,"2,852,386   ","1,893,565   ","1,734,913   ","158,652   "
10,Delaware,2012,"719,558   ","445,464   ","414,456   ","31,008   "
11,District of Columbia,2012,"524,395   ","362,244   ","329,836   ","32,408   "
12,Florida,2012,"15,400,661   ","9,316,928   ","8,509,232   ","807,696   "
13,Georgia,2012,"7,472,757   ","4,768,696   ","4,338,585   ","430,111   "
15,Hawaii,2012,"1,074,063   ","657,904   ","619,739   ","38,165   "
16,Idaho,2012,"1,195,422   ","775,321   ","716,985   ","58,336   "
17,Illinois,2012,"10,024,540   ","6,602,634   ","6,007,490   ","595,144   "
18,Indiana,2012,"5,034,031   ","3,175,828   ","2,915,218   ","260,610   "
19,Iowa,2012,"2,391,958   ","1,661,436   ","1,578,155   ","83,281   "
20,Kansas,2012,"2,176,419   ","1,491,424   ","1,406,954   ","84,470   "
21,Kentucky,2012,"3,391,671   ","2,063,320   ","1,894,198   ","169,122   "
22,Louisiana,2012,"3,501,852   ","2,092,246   ","1,951,999   ","140,247   "
23,Maine,2012,"1,083,937   ","702,134   ","651,499   ","50,635   "
24,Maryland,2012,"4,619,229   ","3,130,219   ","2,914,791   ","215,428   "
25,Massachusetts,2012,"5,371,254   ","3,515,452   ","3,279,919   ","235,533   "
26,Michigan,2012,"7,803,320   ","4,687,366   ","4,262,190   ","425,176   "
27,Minnesota,2012,"4,189,315   ","2,955,246   ","2,787,823   ","167,423   "
28,Mississippi,2012,"2,251,764   ","1,331,110   ","1,213,864   ","117,246   "
29,Missouri,2012,"4,667,411   ","2,997,679   ","2,784,300   ","213,379   "
30,Montana,2012,"791,441   ","508,195   ","478,785   ","29,410   "
31,Nebraska,2012,"1,413,770   ","1,016,840   ","977,263   ","39,577   "
32,Nevada,2012,"2,118,507   ","1,366,169   ","1,208,913   ","157,256   "
33,New Hampshire,2012,"1,070,181   ","741,240   ","700,723   ","40,517   "
34,New Jersey,2012,"7,012,697   ","4,628,608   ","4,191,480   ","437,128   "
35,New Mexico,2012,"1,595,348   ","932,723   ","867,952   ","64,771   "
36,New York,2012,"15,704,748   ","9,685,080   ","8,847,527   ","837,553   "
37,North Carolina,2012,"7,471,143   ","4,699,841   ","4,248,439   ","451,402   "
38,North Dakota,2012,"546,254   ","397,625   ","385,940   ","11,685   "
39,Ohio,2012,"9,034,502   ","5,717,889   ","5,295,617   ","422,272   "
40,Oklahoma,2012,"2,888,094   ","1,793,402   ","1,702,391   ","91,011   "
41,Oregon,2012,"3,096,119   ","1,961,066   ","1,790,231   ","170,835   "
42,Pennsylvania,2012,"10,189,793   ","6,463,889   ","5,974,470   ","489,419   "
44,Rhode Island,2012,"854,538   ","564,851   ","506,709   ","58,142   "
45,South Carolina,2012,"3,638,670   ","2,176,794   ","1,980,647   ","196,147   "
46,South Dakota,2012,"630,309   ","443,068   ","425,255   ","17,813   "
47,Tennessee,2012,"5,021,164   ","3,102,538   ","2,856,495   ","246,043   "
48,Texas,2012,"19,294,974   ","12,620,814   ","11,776,895   ","843,919   "
49,Utah,2012,"2,028,739   ","1,353,995   ","1,289,496   ","64,499   "
50,Vermont,2012,"514,719   ","356,157   ","339,078   ","17,079   "
51,Virginia,2012,"6,324,007   ","4,212,221   ","3,967,373   ","244,848   "
53,Washington,2012,"5,381,866   ","3,481,136   ","3,186,534   ","294,602   "
54,West Virginia,2012,"1,487,410   ","809,125   ","750,895   ","58,230   "
55,Wisconsin,2012,"4,488,363   ","3,075,494   ","2,862,556   ","212,938   "
56,Wyoming,2012,"442,898   ","304,823   ","288,230   ","16,593   "
01,Alabama,2013,"3,785,339   ","2,182,478   ","2,021,745   ","160,733   "
02,Alaska,2013,"537,811   ","362,949   ","337,789   ","25,160   "
04,Arizona,2013,"5,028,505   ","3,014,560   ","2,778,369   ","236,191   "
05,Arkansas,2013,"2,269,870   ","1,329,123   ","1,235,437   ","93,686   "
06,California,2013,"29,644,930   ","18,584,214   ","16,905,505   ","1,678,709   "
08,Colorado,2013,"4,056,575   ","2,764,459   ","2,578,371   ","186,088   "
09,Connecticut,2013,"2,867,039   ","1,874,692   ","1,725,770   ","148,922   "
10,Delaware,2013,"728,208   ","443,249   ","414,295   ","28,954   "
11,District of Columbia,2013,"533,425   ","370,166   ","338,943   ","31,223   "
12,Florida,2013,"15,617,627   ","9,380,918   ","8,675,453   ","705,465   "
13,Georgia,2013,"7,553,698   ","4,751,866   ","4,364,945   ","386,921   "
15,Hawaii,2013,"1,086,494   ","660,494   ","629,251   ","31,243   "
16,Idaho,2013,"1,211,875   ","781,888   ","727,754   ","54,134   "
17,Illinois,2013,"10,073,702   ","6,588,829   ","5,989,809   ","599,020   "
18,Indiana,2013,"5,066,649   ","3,196,733   ","2,956,260   ","240,473   "
19,Iowa,2013,"2,408,467   ","1,679,010   ","1,599,585   ","79,425   "
20,Kansas,2013,"2,186,724   ","1,491,799   ","1,412,684   ","79,115   "
21,Kentucky,2013,"3,414,466   ","2,060,902   ","1,897,486   ","163,416   "
22,Louisiana,2013,"3,524,323   ","2,102,037   ","1,967,348   ","134,689   "
23,Maine,2013,"1,087,381   ","705,845   ","658,640   ","47,205   "
24,Maryland,2013,"4,665,797   ","3,146,685   ","2,939,610   ","207,075   "
25,Massachusetts,2013,"5,436,410   ","3,530,267   ","3,294,952   ","235,315   "
26,Michigan,2013,"7,843,461   ","4,745,634   ","4,329,743   ","415,891   "
27,Minnesota,2013,"4,225,920   ","2,967,999   ","2,818,472   ","149,527   "
28,Mississippi,2013,"2,260,846   ","1,275,987   ","1,167,411   ","108,576   "
29,Missouri,2013,"4,686,193   ","3,005,442   ","2,802,239   ","203,203   "
30,Montana,2013,"799,715   ","512,997   ","485,676   ","27,321   "
31,Nebraska,2013,"1,425,025   ","1,019,791   ","981,813   ","37,978   "
32,Nevada,2013,"2,148,086   ","1,369,820   ","1,233,168   ","136,652   "
33,New Hampshire,2013,"1,077,683   ","744,194   ","705,154   ","39,040   "
34,New Jersey,2013,"7,068,347   ","4,594,340   ","4,207,084   ","387,256   "
35,New Mexico,2013,"1,604,088   ","932,775   ","868,358   ","64,417   "
36,New York,2013,"15,843,992   ","9,759,681   ","8,994,843   ","764,838   "
37,North Carolina,2013,"7,546,521   ","4,670,922   ","4,307,090   ","363,832   "
38,North Dakota,2013,"561,123   ","403,365   ","391,734   ","11,631   "
39,Ohio,2013,"9,075,980   ","5,711,797   ","5,289,655   ","422,142   "
40,Oklahoma,2013,"2,911,835   ","1,793,532   ","1,701,666   ","91,866   "
41,Oregon,2013,"3,123,555   ","1,924,397   ","1,775,125   ","149,272   "
42,Pennsylvania,2013,"10,229,474   ","6,446,218   ","5,990,195   ","456,023   "
44,Rhode Island,2013,"860,323   ","564,993   ","511,388   ","53,605   "
45,South Carolina,2013,"3,679,519   ","2,181,555   ","2,019,093   ","162,462   "
46,South Dakota,2013,"636,599   ","444,195   ","427,715   ","16,480   "
47,Tennessee,2013,"5,065,766   ","3,085,957   ","2,849,509   ","236,448   "
48,Texas,2013,"19,636,902   ","12,795,300   ","11,986,038   ","809,262   "
49,Utah,2013,"2,067,293   ","1,390,869   ","1,332,540   ","58,329   "
50,Vermont,2013,"517,477   ","353,636   ","337,972   ","15,664   "
51,Virginia,2013,"6,389,485   ","4,238,414   ","4,003,905   ","234,509   "
53,Washington,2013,"5,443,655   ","3,446,763   ","3,217,517   ","229,246   "
54,West Virginia,2013,"1,486,134   ","801,167   ","747,425   ","53,742   "
55,Wisconsin,2013,"4,515,766   ","3,086,006   ","2,879,376   ","206,630   "
56,Wyoming,2013,"447,044   ","302,334   ","288,010   ","14,324   "
01,Alabama,2014,"3,808,783   ","2,169,091   ","2,022,380   ","146,711   "
02,Alaska,2014,"539,490   ","363,723   ","339,230   ","24,493   "
04,Arizona,2014,"5,101,564   ","3,055,190   ","2,846,407   ","208,783   "
05,Arkansas,2014,"2,277,964   ","1,323,986   ","1,246,128   ","77,858   "
06,California,2014,"29,986,988   ","18,697,592   ","17,282,882   ","1,414,710   "
08,Colorado,2014,"4,131,155   ","2,797,061   ","2,658,151   ","138,910   "
09,Connecticut,2014,"2,880,698   ","1,898,732   ","1,773,090   ","125,642   "
10,Delaware,2014,"737,772   ","452,964   ","427,533   ","25,431   "
11,District of Columbia,2014,"540,515   ","374,518   ","345,622   ","28,896   "
12,Florida,2014,"15,873,851   ","9,502,159   ","8,888,389   ","613,770   "
13,Georgia,2014,"7,645,290   ","4,747,854   ","4,408,466   ","339,388   "
15,Hawaii,2014,"1,096,552   ","675,761   ","647,210   ","28,551   "
16,Idaho,2014,"1,230,791   ","781,191   ","746,660   ","34,531   "
17,Illinois,2014,"10,109,819   ","6,554,327   ","6,085,618   ","468,709   "
18,Indiana,2014,"5,096,747   ","3,230,747   ","3,038,650   ","192,097   "
19,Iowa,2014,"2,424,431   ","1,702,385   ","1,629,717   ","72,668   "
20,Kansas,2014,"2,198,558   ","1,497,923   ","1,429,996   ","67,927   "
21,Kentucky,2014,"3,431,746   ","2,011,838   ","1,882,287   ","129,551   "
22,Louisiana,2014,"3,545,355   ","2,139,343   ","2,005,887   ","133,456   "
23,Maine,2014,"1,092,194   ","699,956   ","660,833   ","39,123   "
24,Maryland,2014,"4,705,653   ","3,146,012   ","2,965,779   ","180,233   "
25,Massachusetts,2014,"5,500,051   ","3,593,431   ","3,387,002   ","206,429   "
26,Michigan,2014,"7,882,174   ","4,771,071   ","4,427,035   ","344,036   "
27,Minnesota,2014,"4,261,770   ","2,987,146   ","2,860,428   ","126,718   "
28,Mississippi,2014,"2,268,177   ","1,246,612   ","1,151,809   ","94,803   "
29,Missouri,2014,"4,707,133   ","3,030,827   ","2,843,555   ","187,272   "
30,Montana,2014,"807,465   ","514,795   ","490,919   ","23,876   "
31,Nebraska,2014,"1,436,870   ","1,016,558   ","983,565   ","32,993   "
32,Nevada,2014,"2,183,347   ","1,378,952   ","1,265,997   ","112,955   "
33,New Hampshire,2014,"1,086,385   ","745,364   ","713,331   ","32,033   "
34,New Jersey,2014,"7,119,512   ","4,573,112   ","4,267,323   ","305,789   "
35,New Mexico,2014,"1,609,143   ","935,036   ","873,687   ","61,349   "
36,New York,2014,"15,960,807   ","9,684,594   ","9,075,725   ","608,869   "
37,North Carolina,2014,"7,623,570   ","4,656,513   ","4,371,693   ","284,820   "
38,North Dakota,2014,"573,748   ","411,715   ","400,758   ","10,957   "
39,Ohio,2014,"9,118,297   ","5,725,793   ","5,392,516   ","333,277   "
40,Oklahoma,2014,"2,933,505   ","1,789,664   ","1,711,936   ","77,728   "
41,Oregon,2014,"3,160,664   ","1,949,004   ","1,819,213   ","129,791   "
42,Pennsylvania,2014,"10,269,334   ","6,428,660   ","6,045,564   ","383,096   "
44,Rhode Island,2014,"866,292   ","564,607   ","520,813   ","43,794   "
45,South Carolina,2014,"3,726,088   ","2,201,844   ","2,063,369   ","138,475   "
46,South Dakota,2014,"641,077   ","447,487   ","432,490   ","14,997   "
47,Tennessee,2014,"5,111,431   ","3,052,572   ","2,852,672   ","199,900   "
48,Texas,2014,"20,020,522   ","12,975,152   ","12,304,235   ","670,917   "
49,Utah,2014,"2,105,028   ","1,422,521   ","1,371,121   ","51,400   "
50,Vermont,2014,"519,839   ","352,907   ","339,129   ","13,778   "
51,Virginia,2014,"6,449,621   ","4,256,191   ","4,040,771   ","215,420   "
53,Washington,2014,"5,525,106   ","3,485,059   ","3,278,075   ","206,984   "
54,West Virginia,2014,"1,483,760   ","797,470   ","745,619   ","51,851   "
55,Wisconsin,2014,"4,541,452   ","3,088,140   ","2,922,997   ","165,143   "
56,Wyoming,2014,"447,715   ","302,606   ","289,405   ","13,201   "
01,Alabama,2015,"3,831,201   ","2,172,619   ","2,040,087   ","132,532   "
02,Alaska,2015,"541,588   ","361,500   ","338,721   ","22,779   "
04,Arizona,2015,"5,179,936   ","3,111,214   ","2,921,239   ","189,975   "
05,Arkansas,2015,"2,287,598   ","1,333,565   ","1,267,413   ","66,152   "
06,California,2015,"30,313,754   ","18,846,616   ","17,670,862   ","1,175,754   "
08,Colorado,2015,"4,219,568   ","2,819,079   ","2,714,405   ","104,674   "
09,Connecticut,2015,"2,888,763   ","1,903,404   ","1,796,504   ","106,900   "
10,Delaware,2015,"746,926   ","462,281   ","440,002   ","22,279   "
11,District of Columbia,2015,"547,962   ","381,549   ","355,188   ","26,361   "
12,Florida,2015,"16,173,805   ","9,596,776   ","9,067,636   ","529,140   "
13,Georgia,2015,"7,752,609   ","4,736,339   ","4,449,504   ","286,835   "
15,Hawaii,2015,"1,106,976   ","683,119   ","659,781   ","23,338   "
16,Idaho,2015,"1,252,008   ","799,353   ","768,026   ","31,327   "
17,Illinois,2015,"10,127,622   ","6,558,694   ","6,164,882   ","393,812   "
18,Indiana,2015,"5,120,898   ","3,268,923   ","3,111,646   ","157,277   "
19,Iowa,2015,"2,436,901   ","1,704,563   ","1,641,119   ","63,444   "
20,Kansas,2015,"2,209,840   ","1,498,032   ","1,435,515   ","62,517   "
21,Kentucky,2015,"3,448,535   ","1,981,664   ","1,877,601   ","104,063   "
22,Louisiana,2015,"3,566,204   ","2,147,930   ","2,013,539   ","134,391   "
23,Maine,2015,"1,094,966   ","689,970   ","659,502   ","30,468   "
24,Maryland,2015,"4,741,180   ","3,167,409   ","3,007,714   ","159,695   "
25,Massachusetts,2015,"5,552,420   ","3,619,682   ","3,445,762   ","173,920   "
26,Michigan,2015,"7,911,695   ","4,776,681   ","4,517,872   ","258,809   "
27,Minnesota,2015,"4,294,525   ","3,015,455   ","2,901,421   ","114,034   "
28,Mississippi,2015,"2,273,604   ","1,259,841   ","1,178,159   ","81,682   "
29,Missouri,2015,"4,727,851   ","3,051,796   ","2,895,538   ","156,258   "
30,Montana,2015,"815,411   ","520,502   ","498,354   ","22,148   "
31,Nebraska,2015,"1,447,907   ","1,015,233   ","984,925   ","30,308   "
32,Nevada,2015,"2,224,013   ","1,394,840   ","1,298,710   ","96,130   "
33,New Hampshire,2015,"1,093,235   ","748,605   ","723,047   ","25,558   "
34,New Jersey,2015,"7,167,463   ","4,596,855   ","4,334,055   ","262,800   "
35,New Mexico,2015,"1,615,822   ","940,779   ","878,504   ","62,275   "
36,New York,2015,"16,053,245   ","9,736,976   ","9,227,736   ","509,240   "
37,North Carolina,2015,"7,711,556   ","4,708,478   ","4,441,253   ","267,225   "
38,North Dakota,2015,"584,363   ","413,292   ","401,886   ","11,406   "
39,Ohio,2015,"9,153,273   ","5,725,751   ","5,441,692   ","284,059   "
40,Oklahoma,2015,"2,956,504   ","1,823,310   ","1,745,090   ","78,220   "
41,Oregon,2015,"3,209,858   ","1,976,844   ","1,868,928   ","107,916   "
42,Pennsylvania,2015,"10,297,313   ","6,476,250   ","6,125,042   ","351,208   "
44,Rhode Island,2015,"871,568   ","564,979   ","530,870   ","34,109   "
45,South Carolina,2015,"3,781,039   ","2,241,067   ","2,108,786   ","132,281   "
46,South Dakota,2015,"644,851   ","450,080   ","436,406   ","13,674   "
47,Tennessee,2015,"5,161,167   ","3,078,840   ","2,907,967   ","170,873   "
48,Texas,2015,"20,426,005   ","13,030,316   ","12,445,940   ","584,376   "
49,Utah,2015,"2,148,127   ","1,461,433   ","1,409,952   ","51,481   "
50,Vermont,2015,"522,572   ","351,895   ","339,663   ","12,232   "
51,Virginia,2015,"6,505,590   ","4,228,912   ","4,044,175   ","184,737   "
53,Washington,2015,"5,622,693   ","3,549,940   ","3,355,580   ","194,360   "
54,West Virginia,2015,"1,479,059   ","791,935   ","740,117   ","51,818   "
55,Wisconsin,2015,"4,563,582   ","3,095,383   ","2,957,960   ","137,423   "
56,Wyoming,2015,"448,773   ","300,759   ","287,983   ","12,776   "
01,Alabama,2016,"3,855,107   ","2,196,496   ","2,069,474   ","127,022   "
02,Alaska,2016,"545,272   ","360,919   ","337,055   ","23,864   "
04,Arizona,2016,"5,267,587   ","3,173,075   ","2,999,230   ","173,845   "
05,Arkansas,2016,"2,298,315   ","1,335,647   ","1,282,639   ","53,008   "
06,California,2016,"30,605,043   ","19,045,018   ","17,996,065   ","1,048,953   "
08,Colorado,2016,"4,305,280   ","2,884,887   ","2,794,813   ","90,074   "
09,Connecticut,2016,"2,894,580   ","1,906,741   ","1,814,158   ","92,583   "
10,Delaware,2016,"755,400   ","468,564   ","447,380   ","21,184   "
11,District of Columbia,2016,"553,937   ","386,834   ","362,794   ","24,040   "
12,Florida,2016,"16,503,489   ","9,791,737   ","9,313,287   ","478,450   "
13,Georgia,2016,"7,873,586   ","4,914,187   ","4,646,831   ","267,356   "
15,Hawaii,2016,"1,117,996   ","694,182   ","674,043   ","20,139   "
16,Idaho,2016,"1,281,015   ","818,803   ","788,521   ","30,282   "
17,Illinois,2016,"10,137,754   ","6,616,360   ","6,227,221   ","389,139   "
18,Indiana,2016,"5,152,361   ","3,333,627   ","3,187,737   ","145,890   "
19,Iowa,2016,"2,448,951   ","1,708,344   ","1,646,841   ","61,503   "
20,Kansas,2016,"2,220,097   ","1,498,060   ","1,437,436   ","60,624   "
21,Kentucky,2016,"3,465,885   ","2,013,219   ","1,911,468   ","101,751   "
22,Louisiana,2016,"3,581,720   ","2,120,489   ","1,992,404   ","128,085   "
23,Maine,2016,"1,099,102   ","696,274   ","669,856   ","26,418   "
24,Maryland,2016,"4,767,368   ","3,190,709   ","3,055,268   ","135,441   "
25,Massachusetts,2016,"5,600,969   ","3,653,833   ","3,507,611   ","146,222   "
26,Michigan,2016,"7,950,784   ","4,870,148   ","4,628,148   ","242,000   "
27,Minnesota,2016,"4,332,798   ","3,033,354   ","2,916,011   ","117,343   "
28,Mississippi,2016,"2,278,783   ","1,269,291   ","1,193,662   ","75,629   "
29,Missouri,2016,"4,746,864   ","3,067,454   ","2,927,598   ","139,856   "
30,Montana,2016,"824,771   ","524,916   ","502,443   ","22,473   "
31,Nebraska,2016,"1,460,693   ","1,021,445   ","989,615   ","31,830   "
32,Nevada,2016,"2,266,016   ","1,409,874   ","1,327,915   ","81,959   "
33,New Hampshire,2016,"1,102,133   ","755,689   ","734,109   ","21,580   "
34,New Jersey,2016,"7,215,855   ","4,612,876   ","4,384,980   ","227,896   "
35,New Mexico,2016,"1,623,817   ","945,359   ","881,371   ","63,988   "
36,New York,2016,"16,129,810   ","9,768,025   ","9,291,888   ","476,137   "
37,North Carolina,2016,"7,813,550   ","4,781,344   ","4,538,202   ","243,142   "
38,North Dakota,2016,"586,124   ","414,506   ","401,930   ","12,576   "
39,Ohio,2016,"9,189,639   ","5,771,475   ","5,480,498   ","290,977   "
40,Oklahoma,2016,"2,972,146   ","1,818,341   ","1,734,041   ","84,300   "
41,Oregon,2016,"3,273,565   ","2,038,741   ","1,941,816   ","96,925   "
42,Pennsylvania,2016,"10,326,798   ","6,521,627   ","6,174,246   ","347,381   "
44,Rhode Island,2016,"876,874   ","564,640   ","535,153   ","29,487   "
45,South Carolina,2016,"3,837,888   ","2,255,783   ","2,145,584   ","110,199   "
46,South Dakota,2016,"650,648   ","453,016   ","439,437   ","13,579   "
47,Tennessee,2016,"5,216,308   ","3,135,219   ","2,987,176   ","148,043   "
48,Texas,2016,"20,803,891   ","13,265,488   ","12,649,932   ","615,556   "
49,Utah,2016,"2,202,457   ","1,508,813   ","1,458,487   ","50,326   "
50,Vermont,2016,"524,600   ","352,283   ","341,341   ","10,942   "
51,Virginia,2016,"6,556,207   ","4,251,531   ","4,081,183   ","170,348   "
53,Washington,2016,"5,735,903   ","3,643,850   ","3,455,671   ","188,179   "
54,West Virginia,2016,"1,472,337   ","785,077   ","737,371   ","47,706   "
55,Wisconsin,2016,"4,587,920   ","3,124,896   ","3,002,303   ","122,593   "
56,Wyoming,2016,"448,059   ","298,777   ","283,062   ","15,715   "
01,Alabama,2017,"3,878,867   ","2,207,267   ","2,107,659   ","99,608   "
02,Alaska,2017,"545,984   ","360,087   ","336,272   ","23,815   "
04,Arizona,2017,"5,352,766   ","3,243,274   ","3,082,425   ","160,849   "
05,Arkansas,2017,"2,308,246   ","1,339,830   ","1,289,840   ","49,990   "
06,California,2017,"30,836,308   ","19,205,136   ","18,278,266   ","926,870   "
08,Colorado,2017,"4,378,296   ","2,968,570   ","2,890,711   ","77,859   "
09,Connecticut,2017,"2,901,943   ","1,918,564   ","1,833,921   ","84,643   "
10,Delaware,2017,"763,733   ","475,343   ","454,406   ","20,937   "
11,District of Columbia,2017,"558,781   ","393,816   ","369,762   ","24,054   "
12,Florida,2017,"16,800,546   ","9,970,921   ","9,545,001   ","425,920   "
13,Georgia,2017,"7,982,344   ","5,093,292   ","4,850,589   ","242,703   "
15,Hawaii,2017,"1,123,090   ","696,681   ","681,157   ","15,524   "
16,Idaho,2017,"1,313,238   ","840,303   ","813,579   ","26,724   "
17,Illinois,2017,"10,144,267   ","6,556,106   ","6,231,502   ","324,604   "
18,Indiana,2017,"5,182,589   ","3,332,275   ","3,214,767   ","117,508   "
19,Iowa,2017,"2,460,208   ","1,691,506   ","1,639,273   ","52,233   "
20,Kansas,2017,"2,224,700   ","1,490,478   ","1,436,329   ","54,149   "
21,Kentucky,2017,"3,482,923   ","2,046,110   ","1,948,750   ","97,360   "
22,Louisiana,2017,"3,583,052   ","2,102,735   ","1,995,042   ","107,693   "
23,Maine,2017,"1,104,899   ","701,977   ","678,075   ","23,902   "
24,Maryland,2017,"4,797,239   ","3,249,382   ","3,117,487   ","131,895   "
25,Massachusetts,2017,"5,651,168   ","3,728,355   ","3,585,664   ","142,691   "
26,Michigan,2017,"7,991,630   ","4,909,899   ","4,684,777   ","225,122   "
27,Minnesota,2017,"4,373,557   ","3,064,073   ","2,958,466   ","105,607   "
28,Mississippi,2017,"2,282,555   ","1,271,333   ","1,205,122   ","66,211   "
29,Missouri,2017,"4,766,853   ","3,050,511   ","2,934,928   ","115,583   "
30,Montana,2017,"835,163   ","529,184   ","507,640   ","21,544   "
31,Nebraska,2017,"1,471,916   ","1,021,547   ","991,407   ","30,140   "
32,Nevada,2017,"2,310,938   ","1,446,628   ","1,374,082   ","72,546   "
33,New Hampshire,2017,"1,111,642   ","758,019   ","736,774   ","21,245   "
34,New Jersey,2017,"7,268,870   ","4,612,037   ","4,403,654   ","208,383   "
35,New Mexico,2017,"1,631,188   ","945,920   ","888,037   ","57,883   "
36,New York,2017,"16,187,268   ","9,834,181   ","9,378,155   ","456,026   "
37,North Carolina,2017,"7,915,483   ","4,857,716   ","4,637,616   ","220,100   "
38,North Dakota,2017,"586,554   ","414,199   ","403,390   ","10,809   "
39,Ohio,2017,"9,229,224   ","5,816,089   ","5,528,212   ","287,877   "
40,Oklahoma,2017,"2,979,475   ","1,821,114   ","1,747,790   ","73,324   "
41,Oregon,2017,"3,326,168   ","2,074,772   ","1,990,555   ","84,217   "
42,Pennsylvania,2017,"10,359,983   ","6,494,133   ","6,171,500   ","322,633   "
44,Rhode Island,2017,"881,454   ","568,518   ","543,009   ","25,509   "
45,South Carolina,2017,"3,890,648   ","2,262,949   ","2,168,104   ","94,845   "
46,South Dakota,2017,"657,240   ","455,814   ","442,052   ","13,762   "
47,Tennessee,2017,"5,274,926   ","3,187,837   ","3,068,306   ","119,531   "
48,Texas,2017,"21,137,198   ","13,477,073   ","12,890,267   ","586,806   "
49,Utah,2017,"2,258,527   ","1,555,127   ","1,506,273   ","48,854   "
50,Vermont,2017,"527,320   ","354,279   ","343,867   ","10,412   "
51,Virginia,2017,"6,613,206   ","4,326,559   ","4,169,561   ","156,998   "
53,Washington,2017,"5,848,753   ","3,734,160   ","3,560,192   ","173,968   "
54,West Virginia,2017,"1,462,883   ","783,371   ","742,563   ","40,808   "
55,Wisconsin,2017,"4,614,575   ","3,140,091   ","3,037,386   ","102,705   "
56,Wyoming,2017,"445,524   ","294,016   ","281,273   ","12,743   "
01,Alabama,2018,"3,900,125   ","2,236,161   ","2,148,823   ","87,338   "
02,Alaska,2018,"545,151   ","354,391   ","332,825   ","21,566   "
04,Arizona,2018,"5,443,624   ","3,332,845   ","3,172,940   ","159,905   "
05,Arkansas,2018,"2,316,299   ","1,341,051   ","1,292,190   ","48,861   "
06,California,2018,"30,999,521   ","19,306,520   ","18,485,264   ","821,256   "
08,Colorado,2018,"4,452,746   ","3,053,168   ","2,960,405   ","92,763   "
09,Connecticut,2018,"2,910,697   ","1,920,261   ","1,845,523   ","74,738   "
10,Delaware,2018,"772,619   ","480,508   ","462,794   ","17,714   "
11,District of Columbia,2018,"562,177   ","396,377   ","373,835   ","22,542   "
12,Florida,2018,"17,038,428   ","10,098,820   ","9,731,497   ","367,323   "
13,Georgia,2018,"8,082,037   ","5,111,210   ","4,906,904   ","204,306   "
15,Hawaii,2018,"1,126,742   ","693,429   ","676,788   ","16,641   "
16,Idaho,2018,"1,345,228   ","862,716   ","838,047   ","24,669   "
17,Illinois,2018,"10,137,675   ","6,555,266   ","6,268,164   ","287,102   "
18,Indiana,2018,"5,216,034   ","3,383,465   ","3,267,594   ","115,871   "
19,Iowa,2018,"2,469,042   ","1,706,085   ","1,662,044   ","44,041   "
20,Kansas,2018,"2,230,452   ","1,491,449   ","1,442,061   ","49,388   "
21,Kentucky,2018,"3,494,310   ","2,047,139   ","1,960,964   ","86,175   "
22,Louisiana,2018,"3,581,391   ","2,104,001   ","2,002,596   ","101,405   "
23,Maine,2018,"1,110,970   ","700,133   ","677,922   ","22,211   "
24,Maryland,2018,"4,822,052   ","3,271,741   ","3,147,501   ","124,240   "
25,Massachusetts,2018,"5,691,188   ","3,822,146   ","3,690,050   ","132,096   "
26,Michigan,2018,"8,020,911   ","4,941,127   ","4,735,249   ","205,878   "
27,Minnesota,2018,"4,411,102   ","3,070,510   ","2,978,082   ","92,428   "
28,Mississippi,2018,"2,278,282   ","1,267,614   ","1,205,086   ","62,528   "
29,Missouri,2018,"4,781,956   ","3,042,735   ","2,944,226   ","98,509   "
30,Montana,2018,"843,880   ","534,517   ","514,655   ","19,862   "
31,Nebraska,2018,"1,481,917   ","1,033,640   ","1,003,630   ","30,010   "
32,Nevada,2018,"2,360,156   ","1,496,216   ","1,430,324   ","65,892   "
33,New Hampshire,2018,"1,119,772   ","767,834   ","747,628   ","20,206   "
34,New Jersey,2018,"7,312,178   ","4,607,436   ","4,423,016   ","184,420   "
35,New Mexico,2018,"1,639,277   ","945,923   ","899,153   ","46,770   "
36,New York,2018,"16,231,393   ","9,828,612   ","9,425,796   ","402,816   "
37,North Carolina,2018,"8,011,456   ","4,904,970   ","4,708,294   ","196,676   "
38,North Dakota,2018,"588,550   ","411,772   ","401,921   ","9,851   "
39,Ohio,2018,"9,259,955   ","5,813,596   ","5,553,722   ","259,874   "
40,Oklahoma,2018,"2,988,260   ","1,828,707   ","1,768,822   ","59,885   "
41,Oregon,2018,"3,364,784   ","2,077,786   ","1,994,207   ","83,579   "
42,Pennsylvania,2018,"10,392,477   ","6,512,770   ","6,225,638   ","287,132   "
44,Rhode Island,2018,"886,941   ","571,703   ","548,595   ","23,108   "
45,South Carolina,2018,"3,939,491   ","2,283,363   ","2,206,821   ","76,542   "
46,South Dakota,2018,"661,948   ","458,530   ","445,918   ","12,612   "
47,Tennessee,2018,"5,331,356   ","3,250,029   ","3,136,967   ","113,062   "
48,Texas,2018,"21,443,277   ","13,711,830   ","13,175,974   ","535,856   "
49,Utah,2018,"2,311,171   ","1,584,156   ","1,537,987   ","46,169   "
50,Vermont,2018,"529,668   ","354,368   ","345,517   ","8,851   "
51,Virginia,2018,"6,657,108   ","4,352,465   ","4,222,546   ","129,919   "
53,Washington,2018,"5,941,873   ","3,823,475   ","3,655,366   ","168,109   "
54,West Virginia,2018,"1,453,954   ","791,019   ","750,445   ","40,574   "
55,Wisconsin,2018,"4,640,245   ","3,126,895   ","3,032,918   ","93,977   "
56,Wyoming,2018,"445,347   ","292,718   ","280,811   ","11,907   "
01,Alabama,2019,"3,923,217   ","2,264,271   ","2,191,967   ","72,304   "
02,Alaska,2019,"544,291   ","351,494   ","331,762   ","19,732   "
04,Arizona,2019,"5,544,194   ","3,436,051   ","3,270,898   ","165,153   "
05,Arkansas,2019,"2,325,056   ","1,351,461   ","1,304,286   ","47,175   "
06,California,2019,"31,097,819   ","19,420,103   ","18,621,924   ","798,179   "
08,Colorado,2019,"4,520,514   ","3,102,912   ","3,020,213   ","82,699   "
09,Connecticut,2019,"2,914,148   ","1,933,458   ","1,864,182   ","69,276   "
10,Delaware,2019,"782,440   ","484,908   ","467,640   ","17,268   "
11,District of Columbia,2019,"563,726   ","400,977   ","378,727   ","22,250   "
12,Florida,2019,"17,246,196   ","10,256,794   ","9,923,974   ","332,820   "
13,Georgia,2019,"8,186,505   ","5,144,546   ","4,959,322   ","185,224   "
15,Hawaii,2019,"1,127,233   ","688,531   ","671,166   ","17,365   "
16,Idaho,2019,"1,380,625   ","889,241   ","863,551   ","25,690   "
17,Illinois,2019,"10,129,028   ","6,545,422   ","6,284,390   ","261,032   "
18,Indiana,2019,"5,250,138   ","3,392,605   ","3,279,990   ","112,615   "
19,Iowa,2019,"2,481,146   ","1,735,436   ","1,689,018   ","46,418   "
20,Kansas,2019,"2,237,001   ","1,502,265   ","1,454,669   ","47,596   "
21,Kentucky,2019,"3,506,204   ","2,064,040   ","1,979,478   ","84,562   "
22,Louisiana,2019,"3,580,912   ","2,097,350   ","1,999,956   ","97,394   "
23,Maine,2019,"1,118,155   ","697,749   ","677,602   ","20,147   "
24,Maryland,2019,"4,844,738   ","3,334,413   ","3,221,709   ","112,704   "
25,Massachusetts,2019,"5,722,693   ","3,847,203   ","3,730,081   ","117,122   "
26,Michigan,2019,"8,040,193   ","4,974,522   ","4,771,493   ","203,029   "
27,Minnesota,2019,"4,445,628   ","3,105,101   ","3,002,700   ","102,401   "
28,Mississippi,2019,"2,277,859   ","1,279,171   ","1,208,957   ","70,214   "
29,Missouri,2019,"4,801,377   ","3,068,482   ","2,969,069   ","99,413   "
30,Montana,2019,"852,741   ","542,875   ","523,844   ","19,031   "
31,Nebraska,2019,"1,491,615   ","1,049,093   ","1,016,556   ","32,537   "
32,Nevada,2019,"2,411,469   ","1,547,099   ","1,483,168   ","63,931   "
33,New Hampshire,2019,"1,128,816   ","777,320   ","757,399   ","19,921   "
34,New Jersey,2019,"7,352,948   ","4,693,206   ","4,529,991   ","163,215   "
35,New Mexico,2019,"1,650,871   ","956,965   ","909,341   ","47,624   "
36,New York,2019,"16,254,563   ","9,862,815   ","9,479,771   ","383,044   "
37,North Carolina,2019,"8,103,087   ","4,984,667   ","4,792,188   ","192,479   "
38,North Dakota,2019,"591,229   ","413,599   ","404,621   ","8,978   "
39,Ohio,2019,"9,289,612   ","5,871,252   ","5,628,875   ","242,377   "
40,Oklahoma,2019,"3,003,976   ","1,837,388   ","1,779,707   ","57,681   "
41,Oregon,2019,"3,399,990   ","2,091,154   ","2,013,473   ","77,681   "
42,Pennsylvania,2019,"10,416,206   ","6,573,565   ","6,291,463   ","282,102   "
44,Rhode Island,2019,"891,181   ","573,479   ","553,361   ","20,118   "
45,South Carolina,2019,"3,991,400   ","2,328,087   ","2,263,682   ","64,405   "
46,South Dakota,2019,"667,824   ","464,222   ","451,532   ","12,690   "
47,Tennessee,2019,"5,384,709   ","3,329,437   ","3,218,077   ","111,360   "
48,Texas,2019,"21,773,742   ","13,925,882   ","13,432,803   ","493,079   "
49,Utah,2019,"2,363,792   ","1,619,173   ","1,578,069   ","41,104   "
50,Vermont,2019,"531,941   ","352,876   ","345,401   ","7,475   "
51,Virginia,2019,"6,704,251   ","4,404,760   ","4,283,473   ","121,287   "
53,Washington,2019,"6,027,161   ","3,946,211   ","3,781,127   ","165,084   "
54,West Virginia,2019,"1,447,239   ","792,040   ","752,871   ","39,169   "
55,Wisconsin,2019,"4,666,721   ","3,116,333   ","3,016,526   ","99,807   "
56,Wyoming,2019,"447,064   ","293,674   ","282,739   ","10,935   "
01,Alabama,2020,"3,950,692   ","2,258,249   ","2,113,768   ","144,481   "
02,Alaska,2020,"543,977   ","345,541   ","316,964   ","28,577   "
04,Arizona,2020,"5,656,723   ","3,473,143   ","3,202,105   ","271,038   "
05,Arkansas,2020,"2,337,806   ","1,340,946   ","1,258,501   ","82,445   "
06,California,2020,"31,147,160   ","18,956,579   ","17,039,764   ","1,916,815   "
08,Colorado,2020,"4,580,984   ","3,079,767   ","2,870,858   ","208,909   "
09,Connecticut,2020,"2,908,833   ","1,877,913   ","1,727,900   ","150,013   "
10,Delaware,2020,"793,251   ","486,781   ","450,194   ","36,587   "
11,District of Columbia,2020,"554,002   ","386,856   ","355,967   ","30,889   "
12,Florida,2020,"17,475,931   ","10,056,206   ","9,249,303   ","806,903   "
13,Georgia,2020,"8,282,744   ","5,082,499   ","4,750,641   ","331,858   "
15,Hawaii,2020,"1,126,427   ","666,109   ","588,617   ","77,492   "
16,Idaho,2020,"1,420,352   ","902,300   ","852,450   ","49,850   "
17,Illinois,2020,"10,107,289   ","6,324,603   ","5,737,293   ","587,310   "
18,Indiana,2020,"5,282,391   ","3,325,780   ","3,082,456   ","243,324   "
19,Iowa,2020,"2,491,925   ","1,664,714   ","1,578,414   ","86,300   "
20,Kansas,2020,"2,246,019   ","1,501,633   ","1,414,277   ","87,356   "
21,Kentucky,2020,"3,517,745   ","2,010,262   ","1,879,778   ","130,484   "
22,Louisiana,2020,"3,577,474   ","2,048,799   ","1,872,055   ","176,744   "
23,Maine,2020,"1,126,692   ","672,023   ","638,081   ","33,942   "
24,Maryland,2020,"4,861,126   ","3,235,926   ","3,026,142   ","209,784   "
25,Massachusetts,2020,"5,728,306   ","3,742,675   ","3,395,793   ","346,882   "
26,Michigan,2020,"8,050,512   ","4,862,914   ","4,375,760   ","487,154   "
27,Minnesota,2020,"4,474,273   ","3,117,663   ","2,922,198   ","195,465   "
28,Mississippi,2020,"2,277,357   ","1,247,593   ","1,148,454   ","99,139   "
29,Missouri,2020,"4,823,719   ","3,026,204   ","2,840,459   ","185,745   "
30,Montana,2020,"864,235   ","543,626   ","511,964   ","31,662   "
31,Nebraska,2020,"1,500,946   ","1,044,342   ","999,902   ","44,440   "
32,Nevada,2020,"2,458,092   ","1,507,483   ","1,304,122   ","203,361   "
33,New Hampshire,2020,"1,138,158   ","760,270   ","709,276   ","50,994   "
34,New Jersey,2020,"7,379,427   ","4,643,700   ","4,204,301   ","439,399   "
35,New Mexico,2020,"1,663,566   ","930,743   ","857,286   ","73,457   "
36,New York,2020,"16,200,581   ","9,569,479   ","8,631,409   ","938,070   "
37,North Carolina,2020,"8,194,465   ","4,832,791   ","4,482,629   ","350,162   "
38,North Dakota,2020,"593,622   ","409,525   ","389,117   ","20,408   "
39,Ohio,2020,"9,310,839   ","5,732,689   ","5,264,189   ","468,500   "
40,Oklahoma,2020,"3,026,193   ","1,838,309   ","1,722,603   ","115,706   "
41,Oregon,2020,"3,432,130   ","2,105,116   ","1,945,906   ","159,210   "
42,Pennsylvania,2020,"10,439,449   ","6,500,777   ","5,926,898   ","573,879   "
44,Rhode Island,2020,"895,219   ","569,990   ","517,492   ","52,498   "
45,South Carolina,2020,"4,047,327   ","2,341,703   ","2,201,090   ","140,613   "
46,South Dakota,2020,"673,768   ","464,719   ","445,476   ","19,243   "
47,Tennessee,2020,"5,443,866   ","3,294,793   ","3,049,480   ","245,313   "
48,Texas,2020,"22,132,659   ","13,950,305   ","12,879,942   ","1,070,363   "
49,Utah,2020,"2,417,713   ","1,645,612   ","1,566,150   ","79,462   "
50,Vermont,2020,"534,514   ","339,064   ","319,998   ","19,066   "
51,Virginia,2020,"6,748,638   ","4,331,844   ","4,051,401   ","280,443   "
53,Washington,2020,"6,105,570   ","3,903,501   ","3,564,374   ","339,127   "
54,West Virginia,2020,"1,442,133   ","776,637   ","712,139   ","64,498   "
55,Wisconsin,2020,"4,691,604   ","3,101,913   ","2,902,114   ","199,799   "
56,Wyoming,2020,"449,998   ","293,682   ","276,447   ","17,235   "
01,Alabama,2021,"3,975,413   ","2,244,778   ","2,169,700   ","75,078   "
02,Alaska,2021,"545,198   ","350,399   ","328,072   ","22,327   "
04,Arizona,2021,"5,758,700   ","3,528,296   ","3,350,753   ","177,543   "
05,Arkansas,2021,"2,354,378   ","1,332,364   ","1,278,773   ","53,591   "
06,California,2021,"31,034,767   ","18,954,561   ","17,564,851   ","1,389,710   "
08,Colorado,2021,"4,627,420   ","3,146,263   ","2,973,388   ","172,875   "
09,Connecticut,2021,"2,925,835   ","1,850,362   ","1,730,845   ","119,517   "
10,Delaware,2021,"806,122   ","494,159   ","467,260   ","26,899   "
11,District of Columbia,2021,"546,374   ","379,236   ","353,551   ","25,685   "
12,Florida,2021,"17,748,645   ","10,297,351   ","9,813,713   ","483,638   "
13,Georgia,2021,"8,372,467   ","5,167,723   ","4,965,056   ","202,667   "
15,Hawaii,2021,"1,125,407   ","669,407   ","629,377   ","40,030   "
16,Idaho,2021,"1,466,939   ","927,341   ","894,108   ","33,233   "
17,Illinois,2021,"10,063,414   ","6,336,765   ","5,951,774   ","384,991   "
18,Indiana,2021,"5,313,485   ","3,331,676   ","3,202,043   ","129,633   "
19,Iowa,2021,"2,503,276   ","1,675,922   ","1,611,000   ","64,922   "
20,Kansas,2021,"2,253,245   ","1,499,635   ","1,448,835   ","50,800   "
21,Kentucky,2021,"3,523,837   ","2,020,232   ","1,930,318   ","89,914   "
22,Louisiana,2021,"3,564,661   ","2,051,638   ","1,936,782   ","114,856   "
23,Maine,2021,"1,141,005   ","689,467   ","656,587   ","32,880   "
24,Maryland,2021,"4,873,427   ","3,163,834   ","2,999,053   ","164,781   "
25,Massachusetts,2021,"5,743,035   ","3,731,421   ","3,534,385   ","197,036   "
26,Michigan,2021,"8,047,674   ","4,764,344   ","4,492,824   ","271,520   "
27,Minnesota,2021,"4,493,920   ","3,045,288   ","2,933,282   ","112,006   "
28,Mississippi,2021,"2,276,340   ","1,257,614   ","1,189,580   ","68,034   "
29,Missouri,2021,"4,847,310   ","3,031,845   ","2,905,732   ","126,113   "
30,Montana,2021,"881,339   ","547,983   ","529,426   ","18,557   "
31,Nebraska,2021,"1,507,300   ","1,042,407   ","1,014,923   ","27,484   "
32,Nevada,2021,"2,494,739   ","1,501,265   ","1,398,939   ","102,326   "
33,New Hampshire,2021,"1,147,848   ","751,954   ","725,784   ","26,170   "
34,New Jersey,2021,"7,393,980   ","4,654,243   ","4,342,075   ","312,168   "
35,New Mexico,2021,"1,671,005   ","941,776   ","875,205   ","66,571   "
36,New York,2021,"16,040,186   ","9,540,724   ","8,864,556   ","676,168   "
37,North Carolina,2021,"8,311,467   ","4,946,826   ","4,705,145   ","241,681   "
38,North Dakota,2021,"594,933   ","408,065   ","395,402   ","12,663   "
39,Ohio,2021,"9,307,233   ","5,718,337   ","5,417,720   ","300,617   "
40,Oklahoma,2021,"3,053,716   ","1,859,248   ","1,784,726   ","74,522   "
41,Oregon,2021,"3,453,496   ","2,141,726   ","2,030,793   ","110,933   "
42,Pennsylvania,2021,"10,472,746   ","6,424,786   ","6,048,034   ","376,752   "
44,Rhode Island,2021,"898,279   ","572,826   ","540,768   ","32,058   "
45,South Carolina,2021,"4,109,767   ","2,365,616   ","2,272,940   ","92,676   "
46,South Dakota,2021,"682,199   ","469,612   ","457,652   ","11,960   "
47,Tennessee,2021,"5,498,346   ","3,316,876   ","3,168,586   ","148,290   "
48,Texas,2021,"22,496,219   ","14,319,776   ","13,512,599   ","807,177   "
49,Utah,2021,"2,477,028   ","1,685,713   ","1,639,276   ","46,437   "
50,Vermont,2021,"538,788   ","335,453   ","323,281   ","12,172   "
51,Virginia,2021,"6,782,235   ","4,317,221   ","4,151,661   ","165,560   "
53,Washington,2021,"6,149,091   ","3,882,688   ","3,680,971   ","201,717   "
54,West Virginia,2021,"1,438,526   ","773,058   ","733,333   ","39,725   "
55,Wisconsin,2021,"4,703,898   ","3,108,803   ","2,991,314   ","117,489   "
56,Wyoming,2021,"453,649   ","289,152   ","276,002   ","13,150   "
01,Alabama,2022,"4,002,063   ","2,269,555   ","2,212,356   ","57,199   "
02,Alaska,2022,"547,088   ","352,966   ","337,922   ","15,044   "
04,Arizona,2022,"5,867,953   ","3,604,594   ","3,469,187   ","135,407   "
05,Arkansas,2022,"2,374,001   ","1,363,239   ","1,319,873   ","43,366   "
06,California,2022,"31,127,460   ","19,218,264   ","18,393,880   ","824,384   "
08,Colorado,2022,"4,679,534   ","3,184,962   ","3,086,225   ","98,737   "
09,Connecticut,2022,"2,942,617   ","1,925,718   ","1,847,569   ","78,149   "
10,Delaware,2022,"820,239   ","498,157   ","477,228   ","20,929   "
11,District of Columbia,2022,"552,397   ","393,025   ","374,524   ","18,501   "
12,Florida,2022,"18,188,071   ","10,703,282   ","10,378,726   ","324,556   "
13,Georgia,2022,"8,498,096   ","5,245,956   ","5,080,003   ","165,953   "
15,Hawaii,2022,"1,124,959   ","673,003   ","650,910   ","22,093   "
16,Idaho,2022,"1,504,995   ","954,671   ","927,109   ","27,562   "
17,Illinois,2022,"10,044,082   ","6,451,123   ","6,154,063   ","297,060   "
18,Indiana,2022,"5,346,283   ","3,377,986   ","3,274,108   ","103,878   "
19,Iowa,2022,"2,513,926   ","1,702,042   ","1,653,643   ","48,399   "
20,Kansas,2022,"2,260,998   ","1,507,842   ","1,466,588   ","41,254   "
21,Kentucky,2022,"3,535,814   ","2,044,975   ","1,962,220   ","82,755   "
22,Louisiana,2022,"3,548,757   ","2,063,849   ","1,988,163   ","75,686   "
23,Maine,2022,"1,153,734   ","683,025   ","663,548   ","19,477   "
24,Maryland,2022,"4,891,225   ","3,171,104   ","3,076,521   ","94,583   "
25,Massachusetts,2022,"5,773,752   ","3,763,745   ","3,626,468   ","137,277   "
26,Michigan,2022,"8,072,830   ","4,855,233   ","4,652,961   ","202,272   "
27,Minnesota,2022,"4,510,542   ","3,070,397   ","2,993,600   ","76,797   "
28,Mississippi,2022,"2,278,954   ","1,257,493   ","1,209,908   ","47,585   "
29,Missouri,2022,"4,868,459   ","3,042,699   ","2,962,942   ","79,757   "
30,Montana,2022,"896,720   ","563,605   ","548,661   ","14,944   "
31,Nebraska,2022,"1,517,543   ","1,052,057   ","1,029,072   ","22,985   "
32,Nevada,2022,"2,528,565   ","1,561,993   ","1,480,543   ","81,450   "
33,New Hampshire,2022,"1,158,485   ","759,867   ","741,390   ","18,477   "
34,New Jersey,2022,"7,428,937   ","4,756,002   ","4,572,879   ","183,123   "
35,New Mexico,2022,"1,676,771   ","948,382   ","909,796   ","38,586   "
36,New York,2022,"15,969,428   ","9,620,690   ","9,205,464   ","415,226   "
37,North Carolina,2022,"8,448,976   ","5,177,315   ","4,986,338   ","190,977   "
38,North Dakota,2022,"598,849   ","413,303   ","404,617   ","8,686   "
39,Ohio,2022,"9,332,074   ","5,744,718   ","5,515,217   ","229,501   "
40,Oklahoma,2022,"3,086,875   ","1,895,258   ","1,837,576   ","57,682   "
41,Oregon,2022,"3,462,954   ","2,161,875   ","2,076,440   ","85,435   "
42,Pennsylvania,2022,"10,478,808   ","6,471,172   ","6,203,060   ","268,112   "
44,Rhode Island,2022,"902,338   ","572,735   ","554,144   ","18,591   "
45,South Carolina,2022,"4,192,468   ","2,407,887   ","2,330,548   ","77,339   "
46,South Dakota,2022,"693,764   ","475,503   ","466,396   ","9,107   "
47,Tennessee,2022,"5,577,963   ","3,361,656   ","3,248,260   ","113,396   "
48,Texas,2022,"22,969,946   ","14,741,150   ","14,159,995   ","581,155   "
49,Utah,2022,"2,534,769   ","1,743,297   ","1,701,807   ","41,490   "
50,Vermont,2022,"541,208   ","342,606   ","334,531   ","8,075   "
51,Virginia,2022,"6,819,326   ","4,433,149   ","4,313,701   ","119,448   "
53,Washington,2022,"6,214,188   ","3,969,142   ","3,807,293   ","161,849   "
54,West Virginia,2022,"1,432,332   ","779,845   ","749,499   ","30,346   "
55,Wisconsin,2022,"4,734,937   ","3,103,497   ","3,015,472   ","88,025   "
56,Wyoming,2022,"457,901   ","293,442   ","283,348   ","10,094   "
01,Alabama,2023,"4,040,564   ","2,303,053   ","2,246,436   ","56,617   "
02,Alaska,2023,"551,358   ","356,831   ","341,742   ","15,089   "
04,Arizona,2023,"5,977,526   ","3,695,086   ","3,559,340   ","135,746   "
05,Arkansas,2023,"2,397,663   ","1,385,113   ","1,341,536   ","43,577   "
06,California,2023,"31,324,584   ","19,470,996   ","18,551,783   ","919,213   "
08,Colorado,2023,"4,740,457   ","3,231,187   ","3,124,049   ","107,138   "
09,Connecticut,2023,"2,968,717   ","1,913,209   ","1,851,790   ","61,419   "
10,Delaware,2023,"835,419   ","506,702   ","487,300   ","19,402   "
11,District of Columbia,2023,"562,486   ","405,631   ","385,980   ","19,651   "
12,Florida,2023,"18,656,766   ","11,030,808   ","10,704,831   ","325,977   "
13,Georgia,2023,"8,634,458   ","5,342,462   ","5,167,050   ","175,412   "
15,Hawaii,2023,"1,128,874   ","677,984   ","658,177   ","19,807   "
16,Idaho,2023,"1,535,647   ","977,436   ","946,107   ","31,329   "
17,Illinois,2023,"10,096,103   ","6,498,528   ","6,206,765   ","291,763   "
18,Indiana,2023,"5,389,076   ","3,410,605   ","3,293,068   ","117,537   "
19,Iowa,2023,"2,533,145   ","1,712,045   ","1,661,883   ","50,162   "
20,Kansas,2023,"2,279,235   ","1,524,404   ","1,480,579   ","43,825   "
21,Kentucky,2023,"3,566,207   ","2,056,509   ","1,968,245   ","88,264   "
22,Louisiana,2023,"3,552,479   ","2,072,347   ","1,995,094   ","77,253   "
23,Maine,2023,"1,164,874   ","692,674   ","674,460   ","18,214   "
24,Maryland,2023,"4,922,727   ","3,198,852   ","3,128,710   ","70,142   "
25,Massachusetts,2023,"5,822,196   ","3,805,582   ","3,672,255   ","133,327   "
26,Michigan,2023,"8,123,145   ","4,998,029   ","4,802,002   ","196,027   "
27,Minnesota,2023,"4,548,108   ","3,108,094   ","3,020,891   ","87,203   "
28,Mississippi,2023,"2,288,197   ","1,247,610   ","1,209,055   ","38,555   "
29,Missouri,2023,"4,903,397   ","3,095,018   ","2,999,067   ","95,951   "
30,Montana,2023,"908,428   ","573,862   ","558,457   ","15,405   "
31,Nebraska,2023,"1,533,664   ","1,059,609   ","1,035,174   ","24,435   "
32,Nevada,2023,"2,572,419   ","1,613,564   ","1,530,414   ","83,150   "
33,New Hampshire,2023,"1,167,313   ","761,600   ","744,458   ","17,142   "
34,New Jersey,2023,"7,508,291   ","4,867,113   ","4,659,779   ","207,334   "
35,New Mexico,2023,"1,690,176   ","968,711   ","933,130   ","35,581   "
36,New York,2023,"16,032,323   ","9,773,379   ","9,376,673   ","396,706   "
37,North Carolina,2023,"8,610,053   ","5,261,707   ","5,078,025   ","183,682   "
38,North Dakota,2023,"606,245   ","419,254   ","410,761   ","8,493   "
39,Ohio,2023,"9,389,736   ","5,819,675   ","5,606,997   ","212,678   "
40,Oklahoma,2023,"3,125,831   ","1,956,969   ","1,894,600   ","62,369   "
41,Oregon,2023,"3,482,235   ","2,174,694   ","2,093,138   ","81,556   "
42,Pennsylvania,2023,"10,524,169   ","6,561,136   ","6,320,816   ","240,320   "
44,Rhode Island,2023,"908,683   ","577,644   ","560,365   ","17,279   "
45,South Carolina,2023,"4,284,301   ","2,475,460   ","2,401,212   ","74,248   "
46,South Dakota,2023,"703,442   ","481,775   ","473,077   ","8,698   "
47,Tennessee,2023,"5,661,574   ","3,380,108   ","3,270,602   ","109,506   "
48,Texas,2023,"23,516,024   ","15,217,552   ","14,608,665   ","608,887   "
49,Utah,2023,"2,596,562   ","1,797,443   ","1,749,249   ","48,194   "
50,Vermont,2023,"543,489   ","350,113   ","343,360   ","6,753   "
51,Virginia,2023,"6,878,882   ","4,556,785   ","4,433,696   ","123,089   "
53,Washington,2023,"6,295,661   ","4,032,421   ","3,862,949   ","169,472   "
54,West Virginia,2023,"1,431,868   ","786,607   ","756,298   ","30,309   "
55,Wisconsin,2023,"4,774,138   ","3,145,301   ","3,056,957   ","88,344   "
56,Wyoming,2023,"462,831   ","296,385   ","287,746   ","8,639   "
01,Alabama,2024,"4,080,752   ","2,346,989   ","2,274,568   ","72,421   "
02,Alaska,2024,"556,233   ","359,269   ","342,729   ","16,540   "
04,Arizona,2024,"6,089,054   ","3,746,159   ","3,611,065   ","135,094   "
05,Arkansas,2024,"2,420,703   ","1,408,992   ","1,360,249   ","48,743   "
06,California,2024,"31,617,713   ","19,644,052   ","18,600,912   ","1,043,140   "
08,Colorado,2024,"4,802,926   ","3,267,766   ","3,128,165   ","139,601   "
09,Connecticut,2024,"2,998,919   ","1,944,419   ","1,882,637   ","61,782   "
10,Delaware,2024,"850,643   ","506,840   ","488,174   ","18,666   "
11,District of Columbia,2024,"575,018   ","416,148   ","394,332   ","21,816   "
12,Florida,2024,"19,077,843   ","11,155,356   ","10,781,312   ","374,044   "
13,Georgia,2024,"8,764,849   ","5,401,400   ","5,211,103   ","190,297   "
15,Hawaii,2024,"1,135,227   ","680,307   ","660,079   ","20,228   "
16,Idaho,2024,"1,567,187   ","1,002,524   ","965,824   ","36,700   "
17,Illinois,2024,"10,185,490   ","6,624,918   ","6,294,096   ","330,822   "
18,Indiana,2024,"5,439,105   ","3,455,992   ","3,310,992   ","145,000   "
19,Iowa,2024,"2,557,426   ","1,713,051   ","1,660,854   ","52,197   "
20,Kansas,2024,"2,302,670   ","1,545,790   ","1,490,553   ","55,237   "
21,Kentucky,2024,"3,603,390   ","2,093,848   ","1,987,643   ","106,205   "
22,Louisiana,2024,"3,568,036   ","2,079,308   ","1,988,780   ","90,528   "
23,Maine,2024,"1,173,216   ","705,421   ","683,421   ","22,000   "
24,Maryland,2024,"4,968,522   ","3,247,778   ","3,149,292   ","98,486   "
25,Massachusetts,2024,"5,884,506   ","3,901,567   ","3,744,201   ","157,366   "
26,Michigan,2024,"8,189,027   ","5,061,514   ","4,823,716   ","237,798   "
27,Minnesota,2024,"4,594,294   ","3,129,802   ","3,035,505   ","94,297   "
28,Mississippi,2024,"2,299,675   ","1,271,435   ","1,231,220   ","40,215   "
29,Missouri,2024,"4,946,667   ","3,131,182   ","3,016,886   ","114,296   "
30,Montana,2024,"917,633   ","578,589   ","561,464   ","17,125   "
31,Nebraska,2024,"1,551,652   ","1,069,325   ","1,039,867   ","29,458   "
32,Nevada,2024,"2,626,240   ","1,648,003   ","1,556,165   ","91,838   "
33,New Hampshire,2024,"1,176,508   ","771,587   ","751,640   ","19,947   "
34,New Jersey,2024,"7,613,604   ","4,898,008   ","4,676,064   ","221,944   "
35,New Mexico,2024,"1,705,389   ","983,093   ","942,377   ","40,716   "
36,New York,2024,"16,153,376   ","9,834,591   ","9,411,747   ","422,844   "
37,North Carolina,2024,"8,770,349   ","5,284,620   ","5,092,844   ","191,776   "
38,North Dakota,2024,"613,968   ","425,793   ","415,427   ","10,366   "
39,Ohio,2024,"9,460,773   ","5,898,612   ","5,646,076   ","252,536   "
40,Oklahoma,2024,"3,163,246   ","1,985,625   ","1,920,156   ","65,469   "
41,Oregon,2024,"3,507,835   ","2,197,793   ","2,105,973   ","91,820   "
42,Pennsylvania,2024,"10,593,427   ","6,576,760   ","6,337,479   ","239,281   "
44,Rhode Island,2024,"917,203   ","590,678   ","565,041   ","25,637   "
45,South Carolina,2024,"4,375,450   ","2,535,631   ","2,430,453   ","105,178   "
46,South Dakota,2024,"711,375   ","488,287   ","479,452   ","8,835   "
47,Tennessee,2024,"5,739,426   ","3,420,373   ","3,303,023   ","117,350   "
48,Texas,2024,"24,043,573   ","15,608,932   ","14,971,373   ","637,559   "
49,Utah,2024,"2,662,627   ","1,832,933   ","1,774,702   ","58,231   "
50,Vermont,2024,"545,215   ","355,910   ","347,673   ","8,237   "
51,Virginia,2024,"6,956,432   ","4,585,885   ","4,454,616   ","131,269   "
53,Washington,2024,"6,395,895   ","4,060,112   ","3,878,215   ","181,897   "
54,West Virginia,2024,"1,435,023   ","786,866   ","754,828   ","32,038   "
55,Wisconsin,2024,"4,815,377   ","3,175,683   ","3,081,171   ","94,512   "
56,Wyoming,2024,"467,460   ","296,715   ","287,117   ","9,598   "