added_at,track_name,artists,album,album_artists,release_date,album_type,disc_number,track_number,duration_ms,explicit,isrc,is_local,track_id,artist_ids,album_id,spotify_url
2026-08-20T21:16:30Z,13bullets (pt. 1),Stop Light Observations,oRANGE.,Stop Light Observations,2020-10-21,album,1,3,149394,False,USANG2040820,False,0ug8cXoQxQjfVd8vLQpdaL,2EOIjdzbFGRM87IvJU34JJ,0A6A8b1qnY9WApLW05Vohf,https://open.spotify.com/track/0ug8cXoQxQjfVd8vLQpdaL
2026-08-18T22:41:54Z,Nightingale Lane.,RAYE,THIS MUSIC MAY CONTAIN HOPE.,RAYE,2026-03-27,album,1,11,302623,False,QM4TW2634551,False,5TCpeSXHkTEUJmCXlxhESv,5KKpBU5eC2tJDzf0wmlRp2,3ZN01xzenGMhWHdC5kfAe9,https://open.spotify.com/track/5TCpeSXHkTEUJmCXlxhESv
2026-08-01T00:54:10Z,Loser,Tame Impala,Loser,Tame Impala,2025-09-03,single,1,1,223069,True,USQX92504224,False,3RmFPuTTAjSQ2pbEd2j9oA,5INjqkS1o8h1imAzPqGZBb,3xIGAElZCxV44QtMvXrPMa,https://open.spotify.com/track/3RmFPuTTAjSQ2pbEd2j9oA
2026-07-27T18:43:31Z,Clean My Wounds,Corrosion Of Conformity	,Deliverance,Corrosion Of Conformity	,1994-09-26,album,1,3,212693,False,USSM10022697,False,6g48vpikqU2atsrDXdGzKo,1BBIIH0h76KN8gYeXFcPjR,6zdNTQ1uS2ZzFZkExMqcAh,https://open.spotify.com/track/6g48vpikqU2atsrDXdGzKo
2026-07-23T13:45:52Z,Choosin' Texas,Ella Langley,Dandelion,Ella Langley,2026-04-10,album,1,3,231746,False,USSM12504190,False,7scFxt9VhL4FJwuPSfRlfN,6BRxQ8cD3eqnrVj6WKDok8,6nrtxtgaD9zSYBl9APvOCH,https://open.spotify.com/track/7scFxt9VhL4FJwuPSfRlfN
2026-07-04T23:26:16Z,Kin (I’m Outside) [with Pete & Bas and JonRay],Prof; Pete & Bas; JonRay,Good Time Boy,Prof,2026-06-26,album,1,2,194782,True,QZ5FN2695445,False,00mcD1i8K8jBD4CSyk8w38,1LyTmnoxLipUwTEHWSRziG; 4if49KlQEdVNk97CQYSFvt; 04xIuIcdIX6cp289fwiWaW,3PwkbqGqxMLKUwvXU0uk3o,https://open.spotify.com/track/00mcD1i8K8jBD4CSyk8w38
2026-07-03T01:30:30Z,Good Time Boy,Prof; Fueled by 808,Good Time Boy,Prof,2026-06-26,album,1,13,230982,True,QZ5FN2695472,False,7t9Vlxh55VXgIHoid3RAx7,1LyTmnoxLipUwTEHWSRziG; 48f71oEmAv1S3YX9i5dB9X,3PwkbqGqxMLKUwvXU0uk3o,https://open.spotify.com/track/7t9Vlxh55VXgIHoid3RAx7
2026-06-25T17:50:29Z,Sour,Anduze,Hologram Mannequin Vol.1,Anduze,2025-05-23,album,1,2,237187,False,ITI022500438,False,6CDeOZcguT6DIX61jgrkPm,52uJn5izVG1gicalLRYGQn,1fY7ziBJZBHlkH8tyQxHc1,https://open.spotify.com/track/6CDeOZcguT6DIX61jgrkPm
2026-06-25T17:30:31Z,Bring It On,ZOI; Joe Coleman,Bring It On,ZOI,2020-04-22,single,1,1,160870,False,TCAET2014030,False,5Wih3ZX2ECE2Dv8kaQnA5V,6KwxYIbJh4KGDc6dVAF4Tr; 3hHGdpNEHdFEl6XeyoBV3m,7DUD5RyPfZDXWyS7les63P,https://open.spotify.com/track/5Wih3ZX2ECE2Dv8kaQnA5V
2026-06-24T16:02:28Z,Sightwaster,Somali Yacht Club,The Sun,Somali Yacht Club,2016-09-16,album,1,2,482054,False,SEWXU1402202,False,1kg1NLSeBL4sOeDvIugqqs,4sgZ0Kad8DGhIP422wLArV,1mXIpeKgPMWEwwngZqNlj8,https://open.spotify.com/track/1kg1NLSeBL4sOeDvIugqqs
2026-06-24T15:15:08Z,Sheets of Green,Cat Clyde,Ivory Castanets,Cat Clyde,2017-05-05,album,1,1,171586,False,QMKSC1700010,False,0WM6s3H94GTr1xomPUbUw7,7oRT0oC3vhUGQJCL6CYYzk,4feDk4LVjagDkvmpCem8Le,https://open.spotify.com/track/0WM6s3H94GTr1xomPUbUw7
2026-06-18T21:07:17Z,Find an Island,BENEE,STELLA & STEVE,BENEE,2019-11-15,single,1,1,192613,False,USUM71920462,False,4Ve0Jx7MXjU4aPrFHJRZK7,0Cp8WN4V8Tu4QJQwCN5Md4,3ZJSoxsPMkNC9eb6gUn0Q8,https://open.spotify.com/track/4Ve0Jx7MXjU4aPrFHJRZK7
2026-05-20T19:50:46Z,Loose Wires,Brian Davis,Countdown,Brian Davis,2026-02-20,single,1,2,252000,False,QZHN42607251,False,2t38Gt3rOasbvQbaZ1aV7A,2vctRZWabSGTaH8hX5XCkS,7Me63srNVQTAHUGpbeO1lr,https://open.spotify.com/track/2t38Gt3rOasbvQbaZ1aV7A
2026-05-20T17:42:00Z,Wolves,Rag'n'Bone Man,Human (Deluxe),Rag'n'Bone Man,2017-02-10,album,1,18,175652,False,GBARL1601724,False,2oLo4vGUIP3eJ9T001keTu,4f9iBmdUOhQWeP7dcAn1pf,1rMmiDKa8V5H9yYTPAbLng,https://open.spotify.com/track/2oLo4vGUIP3eJ9T001keTu
2026-05-20T17:41:36Z,In Chains,Shaman's Harvest,Smokin' Hearts & Broken Guns (Deluxe Edition),Shaman's Harvest,2015-04-27,album,1,10,249146,False,NLB931400409,False,28DPIonehVeildrxEXf2CC,3pigXV2QUatr3szcb3MacR,1xZ0Fd1RXbeXrHGsBKd8oH,https://open.spotify.com/track/28DPIonehVeildrxEXf2CC
2026-05-20T17:41:18Z,Low Down Dog,Ash Grunwald; Josh Teskey,Push The Blues Away,Josh Teskey; Ash Grunwald,2020-11-13,album,1,1,218864,False,AULI02030660,False,2EonQEVNpFj4DjrBqBghxe,04HjibunL2jGRLEqVEMfZY; 4BGagHmgh8YwhvCuUQinnd,3JwlzjuJ47e8tx2Y7AbKfl,https://open.spotify.com/track/2EonQEVNpFj4DjrBqBghxe
2026-05-20T17:40:56Z,Southern,Jacquetonase,Southern,Jacquetonase,2025-10-18,single,1,1,126800,False,QT62U2565740,False,3ASYjsrS52VWsPGOMrAeun,012qI6Ew5rhRN318O23y6K,20ZiXgLXtRONPmZbW2H6QA,https://open.spotify.com/track/3ASYjsrS52VWsPGOMrAeun
2026-05-11T14:40:51Z,Entheotheosis,Kolm,Umbra,Kolm,2018-08-24,album,1,5,450000,False,QMEU31814973,False,5QReIH9VMDvs0UMDDCUeqf,2il2sBjwdjQzy5vQdNO8j4,24PwdgiNoeStxIDB11RbRQ,https://open.spotify.com/track/5QReIH9VMDvs0UMDDCUeqf
2026-04-28T18:23:54Z,.intoodeep.,Dead Poet Society,-!- (Deluxe),Dead Poet Society,2021-12-03,album,1,6,219906,True,GBUM72003959,False,54jvLVojOWiQRubRfKmZ2k,31M8EXHYtEqOqVb1X7JRVe,6tdWQvZKSlDcvEVO7Wtrek,https://open.spotify.com/track/54jvLVojOWiQRubRfKmZ2k
2026-04-28T18:17:26Z,Promenade,Street Sweeper Social Club,Street Sweeper Social Club,Street Sweeper Social Club,2009-06-16,album,1,10,151306,True,US5BM0900016,False,4KQlPYIchV2VWo8SaWOs9C,1YghQU3PwfnDu94PRfE4pv,62R1tsiIXUb9Iq6MuRoaMp,https://open.spotify.com/track/4KQlPYIchV2VWo8SaWOs9C
2026-04-24T00:58:41Z,Kingston,Juzzie Smith,Rise and Shine,Juzzie Smith,2015-06-01,album,1,3,179266,False,AUVR12103377,False,5utDkkbStP0xjwuxxQoWjl,0QdQv7pJET97l6zTlbpZLB,5ucKCQB0I8XxHo5e28Buqh,https://open.spotify.com/track/5utDkkbStP0xjwuxxQoWjl
2026-04-22T13:55:32Z,WHERE IS MY HUSBAND!,RAYE,THIS MUSIC MAY CONTAIN HOPE.,RAYE,2026-03-27,album,1,13,197142,False,QMFME2535037,False,7eYzn1CuiJK6VvUhf8zA6k,5KKpBU5eC2tJDzf0wmlRp2,3ZN01xzenGMhWHdC5kfAe9,https://open.spotify.com/track/7eYzn1CuiJK6VvUhf8zA6k
2026-04-14T12:56:16Z,Scornful Woman,Oliver Anthony Music,Scornful Woman,Oliver Anthony Music,2025-06-04,single,1,1,175070,False,SGW502502193,False,5oEM9EDKL9y4XLTJzi0g96,6IkfE2JyVoKwBZXvuytKX3,3Ueo8Ub5iBseNfSbHpCdEq,https://open.spotify.com/track/5oEM9EDKL9y4XLTJzi0g96
2026-04-05T23:09:54Z,Die On This Hill,SIENNA SPIRO,Die On This Hill,SIENNA SPIRO,2025-10-10,single,1,1,217008,False,USUG12508560,False,2gYTC8DsplN3RNdpdBcCOQ,02gSuSAWEdWa5UOvqzjX6v,7GS4aKISJ2KgAm4aBhkzng,https://open.spotify.com/track/2gYTC8DsplN3RNdpdBcCOQ
2026-03-29T21:52:15Z,Gasolina,Daddy Yankee,Barrio Fino (Bonus Track Version),Daddy Yankee,2004-07-13,album,1,5,192600,False,QM6N21759342,False,5YoITs1m0q8UOQ4AW7N5ga,4VMYDCV2IEDYJArk749S6m,7BmWnXvx1CD6vtxtBd0czc,https://open.spotify.com/track/5YoITs1m0q8UOQ4AW7N5ga
2026-03-11T10:20:00Z,Which Side You're On,The Philharmonik,Which Side You're On,The Philharmonik,2026-02-27,single,1,1,216878,False,CA5KR2636129,False,5F9qFX3tPKWdEvy9OikkHT,3A7OTJpEsOObdTqn1ANNhi,3BAhmSlTgUFpeiN9H5uLdw,https://open.spotify.com/track/5F9qFX3tPKWdEvy9OikkHT
2026-03-11T10:08:45Z,Your Nonsense Makes Sense,The 502s,Easy Street,The 502s,2025-09-05,album,1,10,193469,False,USUG12506247,False,3WqN67qY3EMX536LcHIknO,4sIuoDOzSlBqeiNJl631zX,7bUVYoQv3CqY6yMZdSO5F8,https://open.spotify.com/track/3WqN67qY3EMX536LcHIknO
2026-02-22T22:11:00Z,Battle Lines,The Temperance Movement,White Bear,The Temperance Movement,2016-07-15,album,1,5,256013,False,GBBPB1505479,False,2hilJSu3qvXH5XRTr0d7X2,3SUI6pbPumjijbLHHY6vss,3P1GcnqfInTkdYYC2cK0vJ,https://open.spotify.com/track/2hilJSu3qvXH5XRTr0d7X2
2026-02-21T22:32:39Z,Let My Light Shine,Mississippi Twilight,Let My Light Shine,Mississippi Twilight,2015-06-05,single,1,1,141300,False,TCACG1537994,False,6oBczb2CQnbeY3n3ZbFIGK,6IEs2jvXpsm7sYUXBH8RQP,6Ocd7TiocT3KBeVcwQiYo3,https://open.spotify.com/track/6oBczb2CQnbeY3n3ZbFIGK
2026-02-20T23:17:49Z,The First Pour,Velvet Rae,THE INVENTORY OF A BAD IDEA,Velvet Rae,2026-01-23,album,1,1,221959,False,QZFYZ2668551,False,42bA9kmgoM1v0NcGqQHIVk,4QVQb2hkAnexsROnMcB5qS,1kplZDrEYdMCuz3UtCHxed,https://open.spotify.com/track/42bA9kmgoM1v0NcGqQHIVk
2026-02-17T19:28:15Z,Jungle,Tash Sultana,Jungle,Tash Sultana,2016-12-19,single,1,1,315598,False,AUBEC1601210,False,0Lpk5WlrFnM0Igck2PH12t,6zVFRTB0Y1whWyH7ZNmywf,5GoPDd4czZLooXVUMnm9Xo,https://open.spotify.com/track/0Lpk5WlrFnM0Igck2PH12t
2026-02-16T23:21:10Z,Going to Mars,Judah & the Lion,Folk Hop n' Roll (Deluxe),Judah & the Lion,2016-03-04,album,1,4,228916,False,QMGSG1700005,False,64eHS0Dja12RBbwzFm7LeJ,3wWtfT7S2uVJJ3hGZlOLkZ,4K1jpuHe0ggkFmm4sNidFm,https://open.spotify.com/track/64eHS0Dja12RBbwzFm7LeJ
2026-02-09T23:29:27Z,Son of the Sandman,Sam Donald,Son of the Sandman,Sam Donald,2023-07-28,single,1,1,204000,False,QZMER2375891,False,3wCtr4bD1bmQpCnzxRr3A0,33HvGTT4l89zxUyt5VTFJs,62EGbEluR18IF1hoZoXtjU,https://open.spotify.com/track/3wCtr4bD1bmQpCnzxRr3A0
2026-02-09T23:17:08Z,MUD,Dorothy,THE WAY (Deluxe),Dorothy,2025-12-05,album,1,3,191178,False,QMJMT2405466,False,49dlCKaLW7fj985Ti6iply,6IOvhXyk5edbA2DVaeP9Up,6dvrpWZMYRBtFiYHMisNgD,https://open.spotify.com/track/49dlCKaLW7fj985Ti6iply
2026-02-09T23:16:46Z,Bayou Judas,5 Days Left,Ashes of The Hollow,5 Days Left,2023-08-26,album,1,4,207519,False,QZZ7L2589534,False,21tUjWBopnIqVK3ZeYIZmt,7IxXElCFQdUjQ8jcKvB6jH,5wSzb2YyswM4171iEdgA3W,https://open.spotify.com/track/21tUjWBopnIqVK3ZeYIZmt
2026-02-09T22:52:01Z,Fancy Drones (Fracture Me),Amythyst Kiah,Wary + Strange,Amythyst Kiah,2021-06-18,album,1,5,217626,False,USRO22102508,False,1l9LNsjdOQ3Wfkmnsjetxj,1lhaaKpTyXOnjp79M3xYBl,75g27i85SR6XYAXKRRfOda,https://open.spotify.com/track/1l9LNsjdOQ3Wfkmnsjetxj
2026-02-08T20:06:35Z,Not Today,Chill Bump,Ego Trip,Chill Bump,2014-11-04,album,1,4,190400,True,FR9W11413279,False,5PAZJzT50CHGyKPeTiKjKe,4Dg91FdjVPhAehoV0IBeLd,1pFUVXf2GMSy2mDUk2pANR,https://open.spotify.com/track/5PAZJzT50CHGyKPeTiKjKe
2026-02-06T16:11:49Z,Good Times,ricky retro,Good Times,ricky retro,2020-06-05,single,1,1,142320,False,BEIW12000147,False,3bkE4Zk48wwFfTagxlEAPd,1fA8WmzG2eU2q13kAAjoN8,6NBzNo74FdNdnB8X1myueB,https://open.spotify.com/track/3bkE4Zk48wwFfTagxlEAPd
2026-02-06T16:11:48Z,One Dance - Bardcore,Bardcore Medieval Style; Bardcore Music; Beedle The Bardcore,One Dance (Bardcore),Bardcore Medieval Style; Bardcore Music; Beedle The Bardcore,2025-09-26,single,1,1,201720,False,CAWK52513604,False,4OKs0tFtq45ONkS0SSgkSl,4kcJKv2RjQK7qjG1oAndr1; 4KAX9o2eGyd0oKMpQnecUr; 17Yevp6CsEKXIZvvZtUoDv,46bijeUb5iAUdtqd0eS9Sj,https://open.spotify.com/track/4OKs0tFtq45ONkS0SSgkSl
2026-02-03T17:31:29Z,Nightmares,Huxlxy,Nightmares,Huxlxy,2021-10-15,single,1,1,236693,False,QZ8GX1701319,False,2iD5dUTxu33xapQTF8thwR,2hPnGJ5lirFEwDW38GM2eS,7l0wPAXB9W9kAGWMmAvrOL,https://open.spotify.com/track/2iD5dUTxu33xapQTF8thwR
2026-02-02T21:41:22Z,Nose On The Grindstone (OurVinyl Sessions),Tyler Childers; OurVinyl,Tyler Childers | OurVinyl Sessions,Tyler Childers; OurVinyl,2017-05-30,single,1,1,204000,True,QMEZE1719266,False,4a2uqVlpRChHj32EjJLu7G,13ZEDW6vyBF12HYcZRr4EV; 4MhBe0d439ToDXCWlT3wae,42nsomRaEURVkNt7IF1IFu,https://open.spotify.com/track/4a2uqVlpRChHj32EjJLu7G
2026-01-29T17:07:58Z,Rivers Laughing,promptgenix,Them Alien Blues: volume three,promptgenix,2025-09-29,single,1,2,240199,False,QT3F52522879,False,0kgymSieRVySaNrDiDlV6R,5P3dOgV9xFmRFfuuxi1I0O,123vbR06Z3sFGAwuQ84KSV,https://open.spotify.com/track/0kgymSieRVySaNrDiDlV6R
2026-01-29T16:23:59Z,Bulletproof Soul,Blues Man,Feel like a boss,Blues Man,2025-07-25,album,1,1,159959,False,QZWFM2553079,False,5uK7RneVzuQI2Aw2NCKXBV,0DV4ccsBQBByWgREyWteWl,1N02UE90muPtxhCGeEB0WY,https://open.spotify.com/track/5uK7RneVzuQI2Aw2NCKXBV
2026-01-29T14:58:27Z,Canopy,Kim Churchill,Silence / Win,Kim Churchill,2014-04-01,album,1,7,250146,False,AUWP41300010,False,4ONCHwnEdboPQ7qajqRb34,0ZmJRBCKYicwq9n4FjZpho,1y5NqdCZPoNCdmo5ehM6uU,https://open.spotify.com/track/4ONCHwnEdboPQ7qajqRb34
2026-01-28T17:56:21Z,Espresso,Mac Glocky,"Fantasy Covers, Vol. 4",Mac Glocky,2025-03-28,album,1,3,158750,False,QZHNC2512918,False,0qHTv4fZB5I6gcRcpCCRdf,3x9LFnMaeRRZ9ZtwKljduo,3aGoPFNg3eTq0v7hQxeD1W,https://open.spotify.com/track/0qHTv4fZB5I6gcRcpCCRdf
2026-01-27T17:49:42Z,Eleanor Rigby,Godhead,Power Tool Stigmata,Godhead,1997,album,1,3,223600,False,USA370319290,False,5FGH5r7YbwT627hwKMO2pp,1HINQyW0VMYvvcmTPFGcHR,0BkZulbSzc1Wwbeg26vuGS,https://open.spotify.com/track/5FGH5r7YbwT627hwKMO2pp
2026-01-27T17:42:22Z,Natural Born Killer,Highly Suspect,The Midnight Demon Club,Highly Suspect,2022-09-09,album,1,2,196135,False,QMCE32200218,False,4nMUPQeTor23d8RxiiJO9W,2pqd3HsfsvcBGtHvPOg6eg,0SWbz68LauoDrMdgdNv6gr,https://open.spotify.com/track/4nMUPQeTor23d8RxiiJO9W
2026-01-27T17:14:42Z,No Angel,Puscifer,Sessanta E.P.P.P,Various Artists,2024-03-29,compilation,1,2,234593,False,QMEU32400967,False,3WEVq34ials857CTwalzrY,2pAajGWerK3ghwToNWFENS,4ebH9HjwqovI6wgjMNBDnw,https://open.spotify.com/track/3WEVq34ials857CTwalzrY
2026-01-14T21:11:34Z,Soldier In The Army Of Love,Tom Morello; Roman Morello,Soldier In The Army Of Love,Tom Morello; Roman Morello,2024-06-28,single,1,1,178490,False,QM24S2403807,False,43zPNC1Ba7FTKH6ixOsdtB,74NBPbyyftqJ4SpDZ4c1Ed; 4MtYU5kRFzruyn6gbO1Hju,5W8zfj8FM6UqJMxl6yXGnA,https://open.spotify.com/track/43zPNC1Ba7FTKH6ixOsdtB
2026-01-13T16:58:28Z,Sultans of Swing,Vibe Street,Vibin' on Em (The Remix)- EP,Vibe Street,2020-07-17,single,1,4,256901,False,TCAEZ2044869,False,61cbkQgqxXEoWlZcE1KpM2,56wQ7KtIyMDpBLHSbh7BjN,1xHBPUssnrJm4X99cM8ytn,https://open.spotify.com/track/61cbkQgqxXEoWlZcE1KpM2
2026-01-12T20:05:03Z,Walkin' Blues,Howlin Jackson,Walkin' Blues,Howlin Jackson,2025-08-04,single,1,1,232625,False,QZWFS2566841,False,4LcUkhyh0W5r2Y7kWc2Har,2oYgK16iRwQMrKS8Hr2S66,6tvp6dw4DjWjNQkyukccq6,https://open.spotify.com/track/4LcUkhyh0W5r2Y7kWc2Har
2026-01-12T19:55:47Z,The Truth,Unified Highway,Headlines,Unified Highway,2020-04-24,album,1,11,342407,False,US4CL2010011,False,40Z37nt7zbw5ScnzRxhWfM,2NHCOkNgLrsSSdKEZgcxvI,71DXFnlKZuJU1IP6Dvp19l,https://open.spotify.com/track/40Z37nt7zbw5ScnzRxhWfM
2026-01-12T19:50:11Z,Wolves All Around Me,Hebron Shane,American Heat,Hebron Shane,2021-12-10,album,1,2,207991,False,TCAFL2133486,False,3E1I0kNkZyFxhDuauZcQep,3wVOcyphZAxmjMtasFzsJ2,1JI4PBv0XoHCPfSm3eQnB3,https://open.spotify.com/track/3E1I0kNkZyFxhDuauZcQep
2026-01-07T01:16:35Z,Word Of Mouth,Allan Rayman,Courtney,Allan Rayman,2017-11-10,single,1,2,181093,False,CAUM71700191,False,0R1dGEU2fIdDENPwpMqAFA,6Yv6OBXD6ZQakEljaGaDAk,4CzYiSiumzuwHTFsAd87yj,https://open.spotify.com/track/0R1dGEU2fIdDENPwpMqAFA
2026-01-06T18:06:58Z,Soul Drifts Away,Siege of Rhodes,Big Wicked,Siege of Rhodes,2021-03-01,single,1,2,153984,False,QZDA62111798,False,1ij17WmdYpwkaACLgvfJrv,4HGxRAFIiNcDozwN0JAIWq,4dswSxecyePzwZoc0m92oM,https://open.spotify.com/track/1ij17WmdYpwkaACLgvfJrv
2025-12-01T19:06:59Z,Orion,Johnny Cosmic,What A Trip,Johnny Cosmic,2024-08-16,album,1,8,198466,False,QZWDE2490020,False,14l6wb9Gl9jFxntmc9o4Fr,2vtlgbA3ueA1OowfBPHyLL,3zowQuL0yC5VNcyHaILPsG,https://open.spotify.com/track/14l6wb9Gl9jFxntmc9o4Fr
2025-11-28T17:30:45Z,Cry Wolf,The Parlor Mob,Cry Wolf,The Parlor Mob,2015-02-17,single,1,5,388192,False,QM63F1500011,False,5wG6WXLpoeB3sOsMn3Nn6M,1U4d20oJAq9aLa2mhDGwVV,2EWv5xREH9HoSHJAvN7yC1,https://open.spotify.com/track/5wG6WXLpoeB3sOsMn3Nn6M
2025-11-28T16:22:22Z,Whole Lotta Rosie,Son Of Dave,Explosive Hits,Son Of Dave,2016-06-10,album,1,10,212459,False,GBGLW1500307,False,1UdYfO41OZBXnW6IFdzfM4,5t81Dbcvlm5J7YP7cI2kae,1IGO59epFmTCXz3tSPu0qf,https://open.spotify.com/track/1UdYfO41OZBXnW6IFdzfM4
2025-11-28T15:01:23Z,The Last of the Mohicans,Luca Stricagnoli,Luca Stricagnoli,Luca Stricagnoli,2015-01-27,album,1,6,209615,False,QM6N21409967,False,3jdBAZfjZcOVn6kavEXlZN,4T2dM5C2Pl8SuoQyjSgy4n,4pwrMtKMoHzbb5J3AnQHe9,https://open.spotify.com/track/3jdBAZfjZcOVn6kavEXlZN
2025-11-07T15:51:04Z,Tell The World That I’m Coming,Bliss n Eso,The Sun,Bliss n Eso,2021-08-27,album,1,9,283320,True,AULI02140770,False,20JvhuYUYchSwyrwMvxzdZ,1xSSjJrKTO2ZNPU81uLtmI,4FzMqH2mQyncpyjk1uqmek,https://open.spotify.com/track/20JvhuYUYchSwyrwMvxzdZ
2025-11-03T22:38:20Z,Whiskey Sunrise,Chris Stapleton,Starting Over,Chris Stapleton,2020-11-13,album,1,9,202440,False,USUM72013817,False,46oDBddhwu0gfFr2z1fvh5,4YLtscXsxbVgi031ovDDdh,0sOeI7pbAmIc8aDFyvkBUW,https://open.spotify.com/track/46oDBddhwu0gfFr2z1fvh5
2025-10-27T18:35:06Z,What's Coming To Me,Dorothy,What's Coming To Me,Dorothy,2021-07-09,single,1,1,214048,False,QMJMT2103610,False,22M7aCQ5lhKlkQ3Yabj0Va,6IOvhXyk5edbA2DVaeP9Up,1Y4UGqQjoSr2lSs8ACyHTs,https://open.spotify.com/track/22M7aCQ5lhKlkQ3Yabj0Va
2025-10-24T20:59:51Z,Fireborn – Burn It All,Glum Aleks,Fireborn – Burn It All,Glum Aleks,2025-05-16,single,1,1,163759,False,QZPLR2547673,False,1QJsBD1342aOCUZXOKQaIv,5erVxDsEUKaWVQgNLgpHv9,5bSKfIJtyFNyziqGahXtyf,https://open.spotify.com/track/1QJsBD1342aOCUZXOKQaIv
2025-10-24T18:27:10Z,Grifter,King Buffalo,The Burden of Restlessness,King Buffalo,2021-06-04,album,1,5,317686,False,TCAFL2152244,False,0I1RX1s7wITTeR0BKVIHN4,06D0YfeNZgBA7XWQ79Y42R,031668YzIc2Lxmb8FiR8d9,https://open.spotify.com/track/0I1RX1s7wITTeR0BKVIHN4
2025-10-24T17:37:02Z,Dynamite,Kublaii,Dynamite,Kublaii,2023-06-25,single,1,1,183750,False,QZK6J2309671,False,3SEvzJF9u3vXMJiJRg2UyT,1TCzSEMmYO28H6ogWtVqfM,642eYr4OyREyzJcP4Qbl1Y,https://open.spotify.com/track/3SEvzJF9u3vXMJiJRg2UyT
2025-10-23T16:40:23Z,Wolf In Sheepskin,Jax Hollow,Only The Wild Ones,Jax Hollow,2023-05-05,album,1,1,246500,False,GBRKQ2305099,False,2mmv3rq37Cd9v0shqyBpDH,25MQQTJdMDKnJoGMyOdHYB,23987SO39NcnKh9gtceZKf,https://open.spotify.com/track/2mmv3rq37Cd9v0shqyBpDH
2025-10-21T15:28:05Z,The Ringer,Eminem,Kamikaze,Eminem,2018-08-31,album,1,1,337941,True,USUM71813329,False,2jt2WxXMCD4zjACthkJQVE,7dGJo4pcD2V6oG8kP0tJRR,3HNnxK7NgLXbDoxRZxNWiR,https://open.spotify.com/track/2jt2WxXMCD4zjACthkJQVE
2025-10-13T23:13:56Z,Step Aside,Goodbye June,See Where The Night Goes,Goodbye June,2022-02-18,album,1,1,247895,True,GBBPB2102848,False,5hmAx18RDdlqvN1ikcPCC1,1l9I7G8J8AnMScWQwlNJ4M,7IAxaSFD3QeVzcaVisXzwg,https://open.spotify.com/track/5hmAx18RDdlqvN1ikcPCC1
2025-10-13T21:07:49Z,Broken Bones,KALEO,A/B,KALEO,2016-06-10,album,1,3,245960,False,USAT21601409,False,0lwUIYJfWGB8qUEAJtYfb6,7jdFEYD2LTYjfwxOdlVjmc,4he4SQup02hEIQdwhZlZlk,https://open.spotify.com/track/0lwUIYJfWGB8qUEAJtYfb6
2025-10-02T02:14:41Z,Pink Pony Club,Chappell Roan,The Rise and Fall of a Midwest Princess,Chappell Roan,2023-09-22,album,1,11,258034,False,USAT22001300,False,1k2pQc5i348DCHwbn5KTdc,7GlBOeep6PqTfFi59PTUUN,0EiI8ylL0FmWWpgHVTsZjZ,https://open.spotify.com/track/1k2pQc5i348DCHwbn5KTdc
2025-08-19T15:22:56Z,Gone Away,Five Finger Death Punch,A Decade of Destruction,Five Finger Death Punch,2017-12-01,album,1,2,275212,False,TCADH1751905,False,6WmfUWWGRnE2yPaH0pbqDk,5t28BP42x2axFnqOOMg3CM,3jYRtHlssd7nxmOW0mY3l2,https://open.spotify.com/track/6WmfUWWGRnE2yPaH0pbqDk
2025-08-19T00:42:37Z,"Like People, Like Plastic",AWOLNATION,Run,AWOLNATION,2015-03-17,album,1,13,271049,True,USP6L1400297,False,4qc2YCxxhNsAKxPrhKRdqS,4njdEjTnLfcGImKZu1iSrz,6yGp5e6Puhx155c8dQ8e6P,https://open.spotify.com/track/4qc2YCxxhNsAKxPrhKRdqS
2025-08-18T22:31:04Z,Wake Up,Imagine Dragons,LOOM,Imagine Dragons,2024-06-28,album,1,1,166706,False,USUM72404009,False,6BOgN046AFobs2sZV7YlRy,53XhwfbYqKCa1cC15pYq2q,7EPrkhjTBrwAV8yAKCmY0Y,https://open.spotify.com/track/6BOgN046AFobs2sZV7YlRy
2025-08-18T21:27:29Z,Fragile,Tech N9ne; Kendrick Lamar; ¡MAYDAY!; Kendall Morgan,Something Else,Tech N9ne,2013-07-30,album,1,8,236373,True,USA2P1304199,False,7L3YDa0Fd8pmzpAyu6EKOS,6UBA15slIuadJ8h2lPRPos; 2YZyLoL8N0Wb9xBt1NhZWg; 71WhWdsVNTLxsnfe8M3Peh; 31T99HEreO5nDrKT4H84Gl,0V2ApMkgurWGcF0sc0u17w,https://open.spotify.com/track/7L3YDa0Fd8pmzpAyu6EKOS
2025-08-15T22:08:11Z,The Devil Went Down to Georgia,Nickelback; Dave Martone,The Devil Went Down to Georgia,Nickelback,2020-08-14,single,1,1,219147,True,TCAFA2052309,False,6ECxUPxgam9THf9KWCnrcX,6deZN1bslXzeGvOLaLMOIF; 3eULSIP9PpWCuDT5tNYx9P,16CFwJbZqLpiMlCUOI6Gzs,https://open.spotify.com/track/6ECxUPxgam9THf9KWCnrcX
2025-08-15T22:08:07Z,Straw in the Wind,The Steel Woods,Straw in the Wind,The Steel Woods,2017-05-19,album,1,5,282293,False,QZ2D41700003,False,5Os2lSlPvvc40Wmun45Tz8,69B1gu9EjC0rNb59YYNVPM,4qaAjhI72YFVMbusfwiO6x,https://open.spotify.com/track/5Os2lSlPvvc40Wmun45Tz8
2025-08-15T21:32:54Z,LEMONADE,Adam Oh,LEMONADE,Adam Oh,2023-07-28,single,1,1,96250,True,QZNMU2388357,False,7zkyc12wRtkIE8zKgFRf9b,2iwGr6BtRjn629qLx9w7FQ,3DsIWRyLmIwWpfH2wcgJtm,https://open.spotify.com/track/7zkyc12wRtkIE8zKgFRf9b
2025-08-15T21:28:40Z,Fuck What They Think,Strung Like a Horse,WHOA!,Strung Like a Horse,2020-10-30,album,1,1,226546,True,USA2P2033949,False,2hqNGFoJRlq5KPXFTGNP2D,0UdnGnM23VUKzDvaMmWvmr,5n4L8yf5lPA27awrpBl84q,https://open.spotify.com/track/2hqNGFoJRlq5KPXFTGNP2D
2025-08-15T21:05:17Z,What Do You Want,Nico Vega,Wars,Nico Vega,2018-09-14,single,1,1,182400,False,USDPK1800127,False,176J0vB9gMdhcHuRz8YlIC,1gUch6pcj8OKOw6kKlWAPE,42kObrRgOQTk2FgWaEVA66,https://open.spotify.com/track/176J0vB9gMdhcHuRz8YlIC
2025-08-15T20:48:04Z,Devil's Waitin',Black Rebel Motorcycle Club,Howl,Black Rebel Motorcycle Club,2005-08-23,album,1,3,230680,False,USRC10502967,False,0Nz30a1aaffGoLq76wwkh7,1tpXaFf2F55E7kVJON4j4G,5yTFClS2dEGZD5IjM9dfrT,https://open.spotify.com/track/0Nz30a1aaffGoLq76wwkh7
2025-08-15T00:40:04Z,Stack Shot Billy,The Black Keys,Rubber Factory,The Black Keys,2016-12-01,album,1,9,201693,False,USFP60401109,False,0h1aRPElxfRx4mtcALug28,7mnBLXK823vNxN3UWB7Gfz,1rlGDm1KQJfDyT5v1U8Xk5,https://open.spotify.com/track/0h1aRPElxfRx4mtcALug28
2025-08-14T18:11:53Z,Archbishop Harold Holmes,Jack White,No Name,Jack White,2024-08-02,album,1,5,171253,False,US3JJ2401120,False,0hIYrRFTLlG8pRjAn9tW4P,4FZ3j1oH43e7cukCALsCwf,4j6OkbZmVIqJYDLJbiWHbX,https://open.spotify.com/track/0hIYrRFTLlG8pRjAn9tW4P
2025-06-29T15:53:43Z,Found Atlas,AWOLNATION,Run (10th Anniversary Deluxe Edition),AWOLNATION,2025-06-27,album,1,15,224759,False,USP6L2503172,False,42nE0MvyqvtV1Ee9lgMVKv,4njdEjTnLfcGImKZu1iSrz,27mRZk6YZ4yVLXXRmKkQFK,https://open.spotify.com/track/42nE0MvyqvtV1Ee9lgMVKv
2025-06-24T14:03:14Z,Dig A Hole,Stephen Wilson Jr.,Dig A Hole,Stephen Wilson Jr.,2025-06-18,single,1,1,171522,False,USUG12504864,False,5hBTLtFdMIEcv0MB5fOPPY,4DSDa4HvAWqvb3dMHUOAfd,6VobrGcLu5Sz4RfMKaiqHR,https://open.spotify.com/track/5hBTLtFdMIEcv0MB5fOPPY
2025-06-09T12:37:37Z,Teardrop,José González,In Our Nature,José González,2007-09-24,album,1,5,200853,False,SEVVX0700305,False,02C433ZVoi5cPFOSEKKzUX,6xrCU6zdcSTsG2hLrojpmI,4zhb7QX3fvyamvbcYGnKMv,https://open.spotify.com/track/02C433ZVoi5cPFOSEKKzUX
2025-05-29T17:13:10Z,Hypothermic,"Goodnight, Texas",How Long Will It Take Them to Die,"Goodnight, Texas",2022-01-21,album,1,2,178491,False,QMNFW2000015,False,0qjF1qVQ2L15hG2aZUAWeK,5ammRFhN6wQXM30xlhndC5,43844wJluLK9sVALTFjL33,https://open.spotify.com/track/0qjF1qVQ2L15hG2aZUAWeK
2025-05-23T19:01:58Z,Unholy War,Jacob Banks,The Boy Who Cried Freedom,Jacob Banks,2017-04-20,single,1,4,209752,False,USUM71700478,False,4PjZsEf8bCIVyf4VXd57wS,0AepkoQhYvkjEzzwIcGxdV,6agNoT5WXMENsbQvhxGEws,https://open.spotify.com/track/4PjZsEf8bCIVyf4VXd57wS
2025-05-22T14:59:54Z,Uninvited,Alanis Morissette,The Collection (Standard Edition),Alanis Morissette,2005-11-11,compilation,1,16,276200,False,USWB10505295,False,7c1iI6dwdCpHGYT8DGEfab,6ogn9necmbUdCppmNnGOdi,4N7LuZYpstQrtcHIoOKzqg,https://open.spotify.com/track/7c1iI6dwdCpHGYT8DGEfab
2025-05-22T14:39:33Z,Nails in the Coffin,Jared James Nichols,Nails in the Coffin,Jared James Nichols,2019-06-28,single,1,1,177049,False,QZGLM1927103,False,6EPGITUVANVZbfQ7WPGalm,2l7Z2HP9bqMaMFSdPP012g,3TmwC913JDTTInfKzDoHB8,https://open.spotify.com/track/6EPGITUVANVZbfQ7WPGalm
2025-05-19T18:18:26Z,Monster,Dot Exe; Meg & Dia,Monster,Dot Exe; Meg & Dia,2021-09-04,single,1,1,223092,False,QMFMF2107692,False,7MziPSmLd1HlwLUXbkT5Gj,3EyyzJqPHxNFZejLKP2YBk; 5OXsAwQGSjJpJzOwWxIQYn,3VVtD4KTjnPRJYkzsmMHeD,https://open.spotify.com/track/7MziPSmLd1HlwLUXbkT5Gj
2025-05-19T15:44:17Z,The King is Dead,The Herd,Summerland,The Herd,2008-05-24,album,1,3,251506,True,AUEF00500307,False,2LZjHCtLC7VhtZj5FMSqEQ,4pwFBExMdUoRMvOMD2ajBT,7CMj2ggjSgz4Fcjh2FJ0Eo,https://open.spotify.com/track/2LZjHCtLC7VhtZj5FMSqEQ
2025-04-27T03:40:10Z,Calico Creek - Acoustic,Stephen Wilson Jr.,søn of dad (deluxe),Stephen Wilson Jr.,2025-01-10,album,1,34,385877,False,USUG12409236,False,06WgZrTGIET3rMzZ1dwubT,4DSDa4HvAWqvb3dMHUOAfd,3iTz4Hhtzy2o7O6U9n2JXe,https://open.spotify.com/track/06WgZrTGIET3rMzZ1dwubT
2025-04-13T01:44:15Z,Anxiety,Doechii,Anxiety,Doechii,2025-03-05,single,1,1,249302,True,USUG12500650,False,1musbempyJAw5gfSKZHXP9,4E2rKHVDssGJm2SCDOMMJB,706mYHElAsR2MfcehZt2PA,https://open.spotify.com/track/1musbempyJAw5gfSKZHXP9
2025-02-26T20:50:18Z,Call Me Little Sunshine,Ghost,IMPERA,Ghost,2022-03-11,album,1,4,284266,False,USC4R2110910,False,4xAmbn7xiy6wGOs4oaxv70,1Qp56T7n950O3EGMsSl81D,3fn4HfVz5dhmE0PG24rh6h,https://open.spotify.com/track/4xAmbn7xiy6wGOs4oaxv70
2025-02-26T20:49:53Z,Light Up The Night,The Protomen,Act II: The Father Of Death,The Protomen,2009-09-08,album,1,10,244226,False,US6QM0900010,False,0b4KsOdnrZlfE5VUAAzxv1,2rVDi66o7gdeUq1OHUzM0W,5dVmbXxmkROv6smdOfTcyJ,https://open.spotify.com/track/0b4KsOdnrZlfE5VUAAzxv1
2025-02-26T17:27:56Z,It Won't Last,Blacktop Mojo,Under the Sun,Blacktop Mojo,2019-09-13,album,1,5,336747,False,QZ3791900205,False,0E7EohFQ83z7H4yAqeHjEs,74YaL1CwdKlao06KrJyuX2,7anhL0RBTiACAxf1sbvB1l,https://open.spotify.com/track/0E7EohFQ83z7H4yAqeHjEs
2024-12-02T18:33:30Z,Hearts A Mess,Gotye,Like Drawing Blood,Gotye,2006-05-21,album,1,3,365440,False,AUZS20800003,False,14WY9PjqIwABQF6BE386cz,2AsusXITU8P25dlRNhcAbG,0vd9Zi2ICgOtN0rQqHEqCJ,https://open.spotify.com/track/14WY9PjqIwABQF6BE386cz
2024-11-20T15:29:43Z,Set You Free,Vibe Street,She Makes Me Feel EP,Vibe Street,2014-12-02,single,1,3,321482,False,TCACE1579202,False,4VwwuaExUGXYdc3YYZUeQP,56wQ7KtIyMDpBLHSbh7BjN,0pGnYUxfLblr6BkmWzL9s7,https://open.spotify.com/track/4VwwuaExUGXYdc3YYZUeQP
2024-11-19T18:24:09Z,Don't Mind It,Beat Fatigue,Algorhythm & Blues,Beat Fatigue,2017-10-27,single,1,3,226066,False,USQY51784272,False,0732G07kyb9hHctSHcHpF8,02m3zUZ22DsQCXQsjjSCwQ,0lXVw5AexIMcI2QThGcy79,https://open.spotify.com/track/0732G07kyb9hHctSHcHpF8
2024-11-14T18:58:38Z,Guru,Coast Modern,Coast Modern,Coast Modern,2017-07-28,album,1,3,204066,False,USLGZ1600014,False,1bHEcHv3lUkLFAebNnaPNE,4wYk01oPJNfaEssVFL46oQ,7oU1JaPIxWfpCFyvIZyiZL,https://open.spotify.com/track/1bHEcHv3lUkLFAebNnaPNE
2024-10-29T15:56:44Z,ozymandias,Stop Light Observations,oRANGE.,Stop Light Observations,2020-10-21,album,1,4,225755,False,TCAFE2045414,False,6avIhKyw4XLjz3w1Q8pBIa,2EOIjdzbFGRM87IvJU34JJ,0A6A8b1qnY9WApLW05Vohf,https://open.spotify.com/track/6avIhKyw4XLjz3w1Q8pBIa
2024-10-28T18:23:53Z,G.O.A.T.,Polyphia,New Levels New Devils,Polyphia,2018-10-12,album,1,10,215998,False,US3X51840910,False,0YPuRrM2NwzdtuShUKkts6,4vGrte8FDu062Ntj0RsPiZ,7GhytR6ZMWetf1jxAzITtG,https://open.spotify.com/track/0YPuRrM2NwzdtuShUKkts6
2024-10-13T17:00:10Z,how do u feel?,Stop Light Observations,oRANGE.,Stop Light Observations,2020-10-21,album,1,5,165637,False,USCGH2042242,False,4yFt2uTnncz4Ica7cX8XSa,2EOIjdzbFGRM87IvJU34JJ,0A6A8b1qnY9WApLW05Vohf,https://open.spotify.com/track/4yFt2uTnncz4Ica7cX8XSa
2024-09-29T18:10:03Z,Tom's Diner,AnnenMayKantereit; Giant Rooks,Tom's Diner,AnnenMayKantereit; Giant Rooks,2019-06-28,single,1,1,269333,False,DEUM71903009,False,0oA9wBGDY4uyILLg4GymWP,23xqmJEN3oVxwzqtNIyR5m; 5wD0owYApRtYmjPWavWKvb,7ClPGbXY81egfNn8H1hDAg,https://open.spotify.com/track/0oA9wBGDY4uyILLg4GymWP
2024-09-25T14:39:12Z,The Devil You Know,Blues Saraceno,The Devil You Know,Blues Saraceno,2018-10-26,single,1,1,212583,False,GBBPP1854677,False,1nkPyFewOPjOIWNDnrd46V,5AVBFCn4Hq4KY2Xjc5Gj4y,5szm1f9FZB7je3Qv08tIF1,https://open.spotify.com/track/1nkPyFewOPjOIWNDnrd46V
2024-09-04T15:50:34Z,Unstoppable,Foxy Shazam,Foxy Shazam,Foxy Shazam,2010-04-12,album,1,5,213585,False,USRE11000001,False,7inqk2aOungrJvYeBh2FQ8,5qRXoCC1CDTMTli9gplUvk,4dhCjrqhvcGuIAcP2JIVaR,https://open.spotify.com/track/7inqk2aOungrJvYeBh2FQ8
2024-09-04T14:53:19Z,Pretty Polly,Vandaveer,"Oh, Willie, Please...",Vandaveer,2013-04-30,album,1,2,228958,False,USSZA1200014,False,6XixumK1atNVgBVoqpNvAg,3SP3zwx9ot2sOEf80VJA5A,6zAjJYvX7qsgoRPNMAZeN3,https://open.spotify.com/track/6XixumK1atNVgBVoqpNvAg
2024-09-03T20:17:30Z,You Will See Me,Dan Le Sac vs Scroobius Pip,Repent Replenish Repeat,Dan Le Sac vs Scroobius Pip,2013-10-07,album,1,9,335677,True,GBGNS1301119,False,07c43OGLWCRPkyKRP6qpBa,43wKY96Kd6ucV8s3KTekTn,1WNw5P3PcX8DS2DtLHST0L,https://open.spotify.com/track/07c43OGLWCRPkyKRP6qpBa
2024-09-03T17:24:07Z,The Downfall Of Us All,A Day To Remember,Homesick,A Day To Remember,2009-02-03,album,1,1,209093,False,USVIC0944801,False,1KHKeIouP04dDtl0EetgED,4NiJW4q9ichVqL1aUsgGAN,6MEv8dNtVbKDW1WG4Hk6WZ,https://open.spotify.com/track/1KHKeIouP04dDtl0EetgED
2024-09-03T15:45:09Z,Blood,In This Moment,Blood,In This Moment,2012-08-14,album,1,2,207586,False,US4E41287402,False,7qzNc93sUMR3vHt5WADmOa,6tbLPxj1uQ6vsRQZI2YFCT,3u8UbYIIZkOtawXLDuu57l,https://open.spotify.com/track/7qzNc93sUMR3vHt5WADmOa
2024-08-29T20:37:37Z,Fire Up the Night,New Medicine,Breaking the Model,New Medicine,2014-08-25,album,1,10,178280,False,USQZG1402020,False,3CYBvI2kRCPPFnIeZdSLcn,3driPpCh1JEUnPFKGyHXDr,74OnL6VOYix6mVtqcRYQcw,https://open.spotify.com/track/3CYBvI2kRCPPFnIeZdSLcn
2024-08-29T20:30:00Z,Doin' It Right,STS; RJD2,STS x RJD2,RJD2; STS,2015-05-05,album,1,1,227755,True,QM6P41443736,False,1eW4xUWUcrB0bGmj9hybs2,0LhUDcQWIfiP624KorSrcB; 1O3ZOjqFLEnbpZexcRjocn,4y0m6eb6R03h9aAHo9OZxn,https://open.spotify.com/track/1eW4xUWUcrB0bGmj9hybs2
2024-08-29T18:07:18Z,Train,TALK,Talk to Me,TALK,2021-11-19,single,1,4,221918,False,FRX282135536,False,5ZbBeHAf5jyUsefV6yJn9h,6mx5dgNlLjrDDMyFsgrW87,6WVazkyK2PuIzigU4i30zd,https://open.spotify.com/track/5ZbBeHAf5jyUsefV6yJn9h
2024-08-29T17:59:59Z,Beside Myself,Hesta Prynn,We Could Fall In Love,Hesta Prynn,2012-08-28,single,1,3,235997,False,US92U1205703,False,4qVLEVLK2bbNHBKBuE8JZ3,1Ng8y6ZAaf4gS3ywP851bV,0IGGMUU4aXkCm0TYIsPiUh,https://open.spotify.com/track/4qVLEVLK2bbNHBKBuE8JZ3
2024-08-29T17:51:36Z,Back from the Fire,Gold Brother,Back from the Fire,Gold Brother,2017-05-26,single,1,1,185834,False,TCADB1754129,False,2xRAtj7ZVIVI1F9OKHS3Om,6O7D1lQ7wlhy0s7QYh620s,0wONp7tYb3q2aw3CbvsaRm,https://open.spotify.com/track/2xRAtj7ZVIVI1F9OKHS3Om
2024-08-29T17:44:49Z,Don't You Tell Me,Cory Young,Don't You Tell Me,Cory Young,2018-11-16,single,1,1,254328,False,TCADY1813817,False,6VaL6jbwKbIcBPV7IewRNt,2Q9hV3hL1afFgz6kRegFEg,7iUiPyOFKZAc3wmzi5mTTf,https://open.spotify.com/track/6VaL6jbwKbIcBPV7IewRNt
2024-08-29T15:24:57Z,A Little Less Conversation - JXL Radio Edit Remix,Elvis Presley; Junkie XL,A Little Less Conversation: Elvis vs JXL,Elvis Presley,2002-08-01,single,1,1,211506,False,USRC10200288,False,4rr0gWiMrF4sOIefs3IEvZ,43ZHCT0cAZBISjO8DG9PnE; 5svDnd8joFhbpbA3Ar0CfN,3nZRriUOOM8Gvv3ox8ybn1,https://open.spotify.com/track/4rr0gWiMrF4sOIefs3IEvZ
2024-08-29T15:06:27Z,Don't Tell Me No Lies,The Deadbeat Cousins,Old Habits,The Deadbeat Cousins,2022-09-23,album,1,7,147423,False,QZES92179242,False,0NjT1FrxgBjmpCnZyIa4A0,1NLpUEmI57tHPTH9GSDA40,4YXrI2ePBrOXvATQ8qLd8y,https://open.spotify.com/track/0NjT1FrxgBjmpCnZyIa4A0
2024-08-29T15:06:27Z,Blow,Ruby Waters,Blow,Ruby Waters,2021-04-07,single,1,1,143919,True,GBKPL2146060,False,5RScSZ9Iub9krbtTzmI48F,5ybU1P0ufoGH5CMclUKebd,4gpsHYBey03fCDZGEAMW4J,https://open.spotify.com/track/5RScSZ9Iub9krbtTzmI48F
2024-08-29T14:50:34Z,Good Life,Mitch King,A Life Under the Sun,Mitch King,2014-11-08,album,1,7,170136,False,AUVOE1400007,False,18zD4AwexSEXbtEmSS5NRt,3uLGsJTJFVMtQVRs5tivzg,0k1tPFSilYEtX1ITE4zDLT,https://open.spotify.com/track/18zD4AwexSEXbtEmSS5NRt
2024-08-29T14:40:19Z,Are You That Somebody,Handmade Moments,Number Ones,Handmade Moments,2019-11-01,album,1,4,206011,False,ushm91962524,False,0F8KSct58tD3s3O33yEi9c,1dyhZOoZUFWMdK2U0QvMnO,4ntGj9eK6950fNew8UAztX,https://open.spotify.com/track/0F8KSct58tD3s3O33yEi9c
2024-08-29T14:32:13Z,Howling at the Moon,D Fine Us; Vigz,Howling at the Moon,D Fine Us,2019-11-20,single,1,1,195580,False,IL6651901247,False,2Y4BfOErhe6vE5vRBL2ms4,4tEGYUiOixxAfOBOvyYGRj; 6KTSG8faCIT9RJausNfXpm,7ch1L7dDGZy9NdUz1zQR9J,https://open.spotify.com/track/2Y4BfOErhe6vE5vRBL2ms4
2024-08-21T14:31:52Z,Legend Has It,Run The Jewels; El-P; Killer Mike,Run The Jewels 3,Run The Jewels; El-P; Killer Mike,2016-12-25,album,1,3,205866,True,QZ6AM1600004,False,7satW8tFLasyZbftvrWFBP,4RnBFZRiMLRyZy0AzzTg2C; 57UnSUpae3SbRekxNa5Kgl; 2N4EYkIlG1kv25g6Wv8LGI,2vY03PfKPFUUM1FA2lgmC2,https://open.spotify.com/track/7satW8tFLasyZbftvrWFBP
2024-08-20T23:12:53Z,Helicopters,Stop Light Observations,Helicopters,Stop Light Observations,2015-03-10,single,1,1,226467,False,TCACE1534675,False,6XgUGizi6BaOLFvwdPU1fO,2EOIjdzbFGRM87IvJU34JJ,7gCEFbLCU0JqEMFQqjlwiV,https://open.spotify.com/track/6XgUGizi6BaOLFvwdPU1fO
2024-08-16T20:26:32Z,Jackpot,Jocelyn Alice,Little Devil,Jocelyn Alice,2018-09-28,album,1,5,214426,False,USQX91503441,False,7dD9oa5Sb8lMs7F7WyOXdZ,7iymigONRODGl6XJIprcuF,65tB3enqZlaLZzkSTCBz2P,https://open.spotify.com/track/7dD9oa5Sb8lMs7F7WyOXdZ
2024-08-16T19:46:29Z,Cannonball,Dirtwire,Electric River,Dirtwire,2019-10-18,album,1,2,264198,False,QZHN51912434,False,3UByeDbcj3tZQvyQok8CIL,0hc2qwaU2xy7LUd0FRjcHK,2h0xe7QZC3YTRz3LLuEDx7,https://open.spotify.com/track/3UByeDbcj3tZQvyQok8CIL
2024-08-14T16:04:28Z,Rainbows & Waterfalls,Pretty Lights,Rainbows & Waterfalls,Pretty Lights,2017-10-20,single,1,1,254680,False,QMUY41700198,False,3FLnHMQ1gWhEdAn2yqp2uo,4iVhFmG8YCCEHANGeUUS9q,56bvAGUU0349dM7ixLPrKc,https://open.spotify.com/track/3FLnHMQ1gWhEdAn2yqp2uo
2024-08-14T15:55:45Z,Pencil Fight,Atomship,The Crash of '47,Atomship,2004-01-01,album,1,4,215040,False,USWU30300071,False,0jd1Y8VZD0Pg1B1aZlCMub,3TBjdAS3MYyxEEEGYviIH0,6mkMjG7es6A3FLneZGg99W,https://open.spotify.com/track/0jd1Y8VZD0Pg1B1aZlCMub
2024-08-14T15:19:31Z,Hotwax,Beck,Odelay,Beck,1996-01-01,album,1,2,228960,False,USGF19682302,False,5744tkeDwL5Hq2RNZDBuEL,3vbKDsSS70ZX9D2OcvbZmS,3PpTsdpZmaLUh6RvViu9G7,https://open.spotify.com/track/5744tkeDwL5Hq2RNZDBuEL
2024-08-14T14:31:29Z,How We Operate,Gomez,How We Operate,Gomez,2006-05-02,album,1,3,326266,False,GBBPF0601454,False,1KdKilHyJswPGCAlevpg5e,4zPGlyitRvJo7iz6OKlETa,32XAJ6f5Wr28pwOvqoCMB7,https://open.spotify.com/track/1KdKilHyJswPGCAlevpg5e
2024-08-13T23:48:50Z,The Stroke - Safari Riot Remix,Billy Squier; Kevin Breton; Safari Riot,The Stroke (Safari Riot Remix),Billy Squier; Safari Riot,2023-02-24,single,1,1,155764,False,USUM72300296,False,4JwAsXyT9DQdnqb2yicGOn,3Fz2GbraVXhcpXnoi2Oe1r; 71SuMQpPs2QLN28iuqM96v; 2B1AeLc4tMEDVTcn4XXpjT,43TiyN8SvKTgyVWFQWtfnm,https://open.spotify.com/track/4JwAsXyT9DQdnqb2yicGOn
2024-08-12T19:13:38Z,Greenback Boogie - Suits Theme Song,The Swinging Suits,Greenback Boogie - Suits Theme Song,The Swinging Suits,2012-09-13,single,1,1,263317,True,TCABJ1209309,False,7dQ2lz4Bltpn5lkqghcODN,7aZzdRbtkGEjfUnlY0na3F,3z8kKPV0Vst9YegB5nPIlM,https://open.spotify.com/track/7dQ2lz4Bltpn5lkqghcODN
2024-08-12T15:14:16Z,Let It Whip,SR-71,The New Guy - Music From The Motion Picture,Various Artists,2001-10-22,compilation,1,14,232800,False,USLIC0600476,False,6cZysfGjfOs8nIJka1M5Xf,7fTcs8dn9y6XuB2IqZMzBq,4jygg0Zt3KI5roKFtlZLvy,https://open.spotify.com/track/6cZysfGjfOs8nIJka1M5Xf
2024-07-29T19:48:45Z,My Name Is Mud,Primus,Pork Soda,Primus,1993-01-01,album,1,2,286933,False,USIR19300506,False,5c6gkexa2eWCCBmEb0zXCZ,64mPnRMMeudAet0E62ypkx,33kPJ8JFTSNiOUvpFd24pG,https://open.spotify.com/track/5c6gkexa2eWCCBmEb0zXCZ
2024-07-01T19:32:23Z,Suga Boom Boom,Down3r,Down3r,Down3r,2016-09-07,album,1,6,172560,True,QZS1Z1608444,False,56urjuqz1NIOKhhCjQhVw0,4q3VwwEGYza8x6wYhv2JJ7,2QG6C15yatnb66i6xTzsaf,https://open.spotify.com/track/56urjuqz1NIOKhhCjQhVw0
2024-06-30T23:41:36Z,Red Wine Supernova,Chappell Roan,The Rise and Fall of a Midwest Princess,Chappell Roan,2023-09-22,album,1,2,192720,True,USUG12301845,False,7FOgcfdz9Nx5V9lCNXdBYv,7GlBOeep6PqTfFi59PTUUN,0EiI8ylL0FmWWpgHVTsZjZ,https://open.spotify.com/track/7FOgcfdz9Nx5V9lCNXdBYv
2024-06-30T23:41:34Z,HOT TO GO!,Chappell Roan,The Rise and Fall of a Midwest Princess,Chappell Roan,2023-09-22,album,1,7,184841,False,USUG12305911,False,4xdBrk0nFZaP54vvZj0yx7,7GlBOeep6PqTfFi59PTUUN,0EiI8ylL0FmWWpgHVTsZjZ,https://open.spotify.com/track/4xdBrk0nFZaP54vvZj0yx7
2024-06-25T21:05:41Z,(Rock) Superstar (feat. Chino Moreno & Everlast),Cypress Hill; Chino Moreno; Everlast,Skull & Bones,Cypress Hill,2000-04-25,album,2,6,276866,True,USSM10000994,False,5hYr8yRbQLFE20oS7Mi3T2,4P0dddbxPil35MNN9G2MEX; 0Wfo0pd0KC47vx7uUEVOQ9; 14ZxDAK6ITtZZqPdiWrvSn,31XG9UWJIXSXSsPUEsh3D2,https://open.spotify.com/track/5hYr8yRbQLFE20oS7Mi3T2
2024-06-21T04:34:35Z,Nobody Like Me,Ekoh; Tech N9ne,Nobody Like Me,Ekoh; Tech N9ne,2024-06-21,single,1,1,209569,True,QM24S2403336,False,7pe3ccvM6xp3T8nxNVua43,5lC7N2Mm9i92KSfW4opawO; 6UBA15slIuadJ8h2lPRPos,0BlmbUwntoBmm63pngdCF2,https://open.spotify.com/track/7pe3ccvM6xp3T8nxNVua43
2024-06-14T19:00:40Z,Powa,Tune-Yards,W H O K I L L,Tune-Yards,2011-04-18,album,1,4,303800,False,GBAFL1100005,False,4g1LEUNAre7Ck4ZEu24EYh,0asVlqTLu3TimnYVyY5Jxi,3ZjiKy5Tb1MIFRyGBBzoos,https://open.spotify.com/track/4g1LEUNAre7Ck4ZEu24EYh
2024-06-13T19:45:27Z,The Outsider,Ben Miller Band,"Any Way, Shape or Form",Ben Miller Band,2014-08-05,album,1,1,186920,False,US27Q1462981,False,45Qfm4XAfvwojylfFbncTh,692LYMl7s0bV6X3iduX5rG,2ToigbV7EfFQvSSwn3pqP7,https://open.spotify.com/track/45Qfm4XAfvwojylfFbncTh
2024-06-13T15:31:43Z,Born for This,Royal Deluxe,Born for This,Royal Deluxe,2016-02-23,single,1,1,213986,False,US43C1601046,False,6i6mgSqhnHYib9MLJ6xMPw,54OEro9sWZ3mVfMdlz2CIt,4wGV0NcbWVd9eWQOnM3KU3,https://open.spotify.com/track/6i6mgSqhnHYib9MLJ6xMPw
2024-06-12T18:46:51Z,Window,Shook Twins; The Bucky Walters,Window,Shook Twins,2011-04-29,album,1,2,247890,False,USCGJ1161512,False,4WFz0O864jUZXOmoQWynsU,1W7C5vzhPuZbHekm6xWu9i; 5mslVjcQ3u6SmbM3tMmZ6i,5rbfzodvsmed8GCQD0njmZ,https://open.spotify.com/track/4WFz0O864jUZXOmoQWynsU
2024-06-12T16:36:59Z,Penny Nickel Dime (feat. Anya & Prof),Amp Live; ANYA; Prof,Headphone Concerto,Amp Live,2014-08-05,album,1,12,232480,False,USPG21400044,False,6h4VE1iC2nclJxMNbcbKD4,4WoeMzXhDQyoFCKdji4FlL; 0LtICwkx09q0oc4VjuwJTT; 1LyTmnoxLipUwTEHWSRziG,5ZTfuc89D1E1UC54IRZcTw,https://open.spotify.com/track/6h4VE1iC2nclJxMNbcbKD4
2024-06-11T19:50:57Z,Put It on Me,Matt Maeson,The Hearse,Matt Maeson,2018-04-27,single,1,1,202760,False,USAT21801087,False,7tySfDFfBiCjraLdoy6In5,7gHscNMDI8FF8pcgrV8eIn,0CibAyYN112OULmO1Rhpsv,https://open.spotify.com/track/7tySfDFfBiCjraLdoy6In5
2024-06-11T18:10:05Z,Cigarettes On Patios,BabyJake,Cigarettes On Patios,BabyJake,2019-06-07,single,1,1,207813,True,USUM71904051,False,0LJDFZohBgWOMvXQw0cc9W,07Asx51VtMw5kbNXKrpZlq,5vN3lm8mcpQ9IoQ3Xutrkw,https://open.spotify.com/track/0LJDFZohBgWOMvXQw0cc9W
2024-06-11T18:04:02Z,It Serve You Right To Suffer - The Avener Rework,John Lee Hooker; The Avener,The Wanderings Of The Avener,The Avener,2015-01-19,album,1,7,205400,False,USUM71417639,False,5qldrHWBMRfFSFESOpZHkh,1yNOfXGQNGjAynk77wv85x; 0e6qzpphJHtObTSwD75mi0,7atFyt76W7KGXOEYKM9ywR,https://open.spotify.com/track/5qldrHWBMRfFSFESOpZHkh
2024-06-11T17:56:46Z,Eyes on Fire,Blue Foundation,Life Of A Ghost,Blue Foundation,2007-09-24,album,1,3,302826,False,DKABA0700900,False,3XHrTm6WE2BOHafLwTT3GR,1FWybrAwiSa0zKibdLfZZr,5Chvs2hsJcGowLm4PgigEl,https://open.spotify.com/track/3XHrTm6WE2BOHafLwTT3GR
2024-06-11T17:56:42Z,Cruel World,Phantogram,Three,Phantogram,2016-10-07,album,1,4,177693,False,USUM71605181,False,5PaViyJwv0XJbCcrnBNuAt,1l9d7B8W0IHy3LqWsxP2SH,0NQ6Dn9si4mgFKoRoBGkn8,https://open.spotify.com/track/5PaViyJwv0XJbCcrnBNuAt
2024-06-03T18:34:25Z,It's a Big Old Goofy World,John Prine,The Missing Years,John Prine,1991-09-24,album,1,5,310866,False,USA2A1300905,False,1HC7y9PcVOBSUHl053nKj6,0nJUwPwC9Ti4vvuJ0q3MfT,0Z7pWwWanmkAagklXFp8ch,https://open.spotify.com/track/1HC7y9PcVOBSUHl053nKj6
2024-06-01T14:02:41Z,25 or 6 to 4 - 2002 Remaster,Chicago,Chicago II,Chicago,1970-01-26,album,1,14,289800,False,USRH10285518,False,7GqIDx2QVGOpd4r1fZaUUW,3iDD7bnsjL9J4fO298r0L0,0PRgsdDXQ8QPaDUetVF7yN,https://open.spotify.com/track/7GqIDx2QVGOpd4r1fZaUUW
2024-04-17T16:42:13Z,Sloppy Seconds,Watsky,Cardboard Castles,Watsky,2013-03-12,album,1,11,247960,True,USJPQ1300011,False,6ekWVvw642aQsT3AfnCiTz,3mJ9GlkLzj8Ka7Z7EQaCMi,4kxbcsTJEJYfxYV0QuAR9T,https://open.spotify.com/track/6ekWVvw642aQsT3AfnCiTz
2024-04-13T01:36:21Z,Change On The Rise,Avi Kaplan,I'll Get By,Avi Kaplan,2020-02-28,album,1,1,240800,False,TCAEB1973148,False,5xNpsWUHMrBvWNiQc3HAiK,179MtpbgyNgeNnwNVqnn4p,2Sny5hZ8cvamjfhhNqR0mo,https://open.spotify.com/track/5xNpsWUHMrBvWNiQc3HAiK
2024-04-11T16:51:14Z,All I Can Think About,Stop Light Observations,All I Can Think About,Stop Light Observations,2015-05-08,single,1,1,178143,True,TCACF1578654,False,62YtTPPxwczGurnQzekdAO,2EOIjdzbFGRM87IvJU34JJ,239I3r0VyjdXV4DK2bJxfU,https://open.spotify.com/track/62YtTPPxwczGurnQzekdAO
2024-04-11T15:15:12Z,Play Your Part (Pt. 1),Girl Talk,Feed the Animals,Girl Talk,2008-09-23,album,1,1,284799,True,USTC60839370,False,5udnrY00yVUOAzupil2H56,6awzBEyEEwWHOjLox1DkLr,1B5Lwt0D1ZetRreaCBYobP,https://open.spotify.com/track/5udnrY00yVUOAzupil2H56
2024-04-11T14:57:16Z,Wannamama,Pop Levi,Never Never Love,Pop Levi,2008-07-14,album,1,1,210706,False,GBCFB0800305,False,28tFwJI3trmiLef3JECi3o,6mClPpPB4VyO8G263Ijw1A,7I6xyg55Bl96Gzm07OrXSi,https://open.spotify.com/track/28tFwJI3trmiLef3JECi3o
2024-04-10T14:34:45Z,Adore,Amy Shark,Love Monster,Amy Shark,2018-07-13,album,1,2,185160,False,USHM21621431,False,1l2WkPJeLEuQtBzp0DMuMX,2DORQjKJVYZMx9uu82UGtT,7M7CdUhAKyLmCFLY8z4b0P,https://open.spotify.com/track/1l2WkPJeLEuQtBzp0DMuMX
2024-04-10T14:32:42Z,R.E.D.,The Halluci Nation; Yasiin Bey; NARCY; Black Bear,We Are the Halluci Nation,The Halluci Nation,2016-09-06,album,1,2,209981,True,CAVP11500015,False,4YAFMFA6RM8ogvngap1b05,2jlWF9ltd8UtoaqW0PxY4z; 6r2niOTnexy9xss5g8GWXH; 0dkcQCK8GjDBCGrjlUJhlg; 0yA6zmKmNXjUPSZyfDZji7,3OAY7PznrdfSH4kZ3tuER7,https://open.spotify.com/track/4YAFMFA6RM8ogvngap1b05
2024-03-12T21:18:36Z,Wolf Totem (feat. Jacoby Shaddix of Papa Roach),The HU; Jacoby Shaddix,The Gereg (Deluxe Edition),The HU,2020-07-10,album,1,10,317077,False,USDPK1900170,False,39ki02XRiCpXJMGKU8CqDJ,0b2B3PwcYzQAhuJacmcYgc; 3a0Ol9AaugGXjf1ZQcAs1U,4Lge00PEnR7Xb2ZKPItrys,https://open.spotify.com/track/39ki02XRiCpXJMGKU8CqDJ
2024-03-12T20:27:12Z,The Humbling River,Puscifer,C Is For (Please Insert Sophomoric Genitalia Reference Here),Puscifer,2009-11-10,single,1,6,305520,False,USTCZ0970947,False,4RqukTe8L59wgiO6fzHvzf,2pAajGWerK3ghwToNWFENS,3qJM9pOfASSLCxnT7Chp9H,https://open.spotify.com/track/4RqukTe8L59wgiO6fzHvzf
2024-03-12T13:43:47Z,If I Had a Heart,Fever Ray,Fever Ray,Fever Ray,2009-01-12,album,1,1,229933,True,SEWCE0900201,False,3eJyXwiYepWvEDKABhm7lL,5hE6NCoobhyEu6TRSbjOJY,019nA7vSKz0dD5yRKYRpbM,https://open.spotify.com/track/3eJyXwiYepWvEDKABhm7lL
2024-03-08T18:59:39Z,Horns,Bryce Fox,Heaven on Hold,Bryce Fox,2017-10-20,album,1,1,217625,False,TCACN1612157,False,49qEikVVPd6PgH6S2pbXjZ,6g878dtAhjegRHVe5X0ALf,7fSY1tKb1rwaUagnAyuvLi,https://open.spotify.com/track/49qEikVVPd6PgH6S2pbXjZ
2024-03-08T18:39:54Z,Bad Company,Five Finger Death Punch,War Is the Answer,Five Finger Death Punch,2009-09-22,album,1,12,262440,False,US5Z50900004,False,2KZXCH4npY28gtZKXcB2N8,5t28BP42x2axFnqOOMg3CM,5wqJcLJsFqVg1lWowuyv3V,https://open.spotify.com/track/2KZXCH4npY28gtZKXcB2N8
2024-03-08T18:39:37Z,Down The Road,C2C,Tetra,C2C,2012-01-01,album,1,2,207186,False,FR9T31200001,False,1SayqEg8HKK2IeIEWjdYxY,28INUgyzTTRbvSphrJbgZ2,3bJg5G91aADhnnYNkMel3z,https://open.spotify.com/track/1SayqEg8HKK2IeIEWjdYxY
2024-03-05T21:40:16Z,Send Me On My Way,Rusted Root,When I Woke,Rusted Root,1994-01-01,album,1,3,263360,False,USPR39402077,False,6XK6Zw6JkFsHXzAcMWNiIr,2M3vnW1p5w4uPRkLYTbvdB,2LjYjQN5yVZYiZNDIVIKDf,https://open.spotify.com/track/6XK6Zw6JkFsHXzAcMWNiIr
2024-03-03T13:56:06Z,Boban,Chill Bump,Boban,Chill Bump,2024,single,1,1,272186,False,FRR642400242,False,0p4I9J670tXsWBNFz251Bj,4Dg91FdjVPhAehoV0IBeLd,205eoH7sB7kGgrOcZodIzY,https://open.spotify.com/track/0p4I9J670tXsWBNFz251Bj
2024-02-08T20:00:55Z,Lost Boy,Ruth B.,Safe Haven,Ruth B.,2017-05-05,album,1,6,276066,False,USSM11506787,False,0zMzyHAeMvwq5CRstru1Fp,2WzaAvm2bBCf4pEhyuDgCY,6FgtuX3PtiB5civjHYhc52,https://open.spotify.com/track/0zMzyHAeMvwq5CRstru1Fp
2024-02-05T23:11:13Z,The Summoning,Sleep Token,Take Me Back To Eden,Sleep Token,2023-05-19,album,1,2,395716,False,GBUM72200352,False,0S38Oso3I9vpDXcTb7kYt9,2n2RSaZqBuUUukhbLlpnE6,1gjugH97doz3HktiEjx2vY,https://open.spotify.com/track/0S38Oso3I9vpDXcTb7kYt9
2024-02-05T20:31:17Z,Someone You Loved,Lewis Capaldi,Divinely Uninspired To A Hellish Extent,Lewis Capaldi,2019-05-17,album,1,4,182160,False,DEUM71807062,False,7qEHsqek33rTcFNT9PFqLf,4GNC7GD6oZMSxPGyXy4MNB,5658aM19fA3JVwTK6eQX70,https://open.spotify.com/track/7qEHsqek33rTcFNT9PFqLf
2024-02-02T01:12:50Z,Before You Go,Lewis Capaldi,Divinely Uninspired To A Hellish Extent (Extended Edition),Lewis Capaldi,2019-11-22,album,1,13,215106,False,DEUM71905868,False,2gMXnyrvIjhVBUZwvLZDMP,4GNC7GD6oZMSxPGyXy4MNB,2wiPF3m0ylst0JSk1IvZL8,https://open.spotify.com/track/2gMXnyrvIjhVBUZwvLZDMP
2024-01-25T23:33:18Z,To Be The Best,Tenacious D,Rize Of The Fenix,Tenacious D,2012-05-14,album,1,12,60448,False,USSM11200066,False,7766dSH6uDD3qjI3TATbtr,1XpDYCrUJnvCo9Ez6yeMWh,0H6G98SKzREy6AJBAi9srx,https://open.spotify.com/track/7766dSH6uDD3qjI3TATbtr
2024-01-23T22:22:59Z,Chainsmoking,Jacob Banks,Village,Jacob Banks,2018-11-02,album,1,1,192720,False,USUM71701331,False,1EZfCViOJ9XKFbwX8FkZUF,0AepkoQhYvkjEzzwIcGxdV,2KxC2M0bVm5hrK3GgGMuV9,https://open.spotify.com/track/1EZfCViOJ9XKFbwX8FkZUF
2024-01-22T19:08:01Z,Everybody Walkin' This Land,Paul Cauthen,Everybody Walkin' This Land,Paul Cauthen,2018-04-27,single,1,1,186111,False,USLN61800401,False,7LXLgoroFNCQQpMQt0tMA7,6yHM0XQEdu9sIlbILMaKBp,4JkTiX8mi8aEkAg8Pmal3c,https://open.spotify.com/track/7LXLgoroFNCQQpMQt0tMA7
2024-01-22T15:56:51Z,Something’s Got a Hold on Me,Angel Snow,Something’s Got a Hold on Me,Angel Snow,2016-07-15,single,1,1,188156,False,USA2P1674508,False,5MAbReBs2DiDoJM0egoalR,4awtkia1cywuwJ2OrxNw6j,5QKPqc66fu8qqsYLxgfZGj,https://open.spotify.com/track/5MAbReBs2DiDoJM0egoalR
2024-01-22T15:49:25Z,Break My Baby,KALEO,Surface Sounds,KALEO,2021-04-23,album,1,2,265558,False,USAT21907643,False,3BsoE7SgveujY2jeV2rVRw,7jdFEYD2LTYjfwxOdlVjmc,1ZuNUNl8jvYmW4w1lR2CW3,https://open.spotify.com/track/3BsoE7SgveujY2jeV2rVRw
2024-01-06T20:45:00Z,Long Way Home,Tom Waits,"Orphans: Brawlers, Bawlers & Bastards (Remastered)",Tom Waits,2006-11-21,album,2,3,190200,False,USEP41718261,False,1CvBqoxfDF1C1HtSh1NhCH,7x83XhcMbOTl1UdYsPTuZM,0hSKsAfvBPfJupYNmzRfHt,https://open.spotify.com/track/1CvBqoxfDF1C1HtSh1NhCH
2023-12-31T02:55:41Z,The Louvre,Kenny Sharp,The Louvre,Kenny Sharp,2023-08-18,single,1,1,179230,False,QZTV32317372,False,68cELCHZ8sdfkAHoLtm3OO,7HL0NItywvJ7qgDfBiIo0E,1cZ17se5zLFdbZKhedKnio,https://open.spotify.com/track/68cELCHZ8sdfkAHoLtm3OO
2023-12-26T17:13:13Z,Trouble,The Bones of J.R. Jones,Trouble,The Bones of J.R. Jones,2022-09-09,single,1,1,152626,False,TCAGJ2287143,False,5yw4C8rft1mCGdTlsrCY4X,7sMcWECQxLm7EoKdRlSCAn,4wMk7mjtzYXFuMSEA8AIcb,https://open.spotify.com/track/5yw4C8rft1mCGdTlsrCY4X
2023-12-19T01:43:48Z,Bottom Feeder,Parkway Drive,Ire,Parkway Drive,2015-09-25,album,1,7,260095,True,USEP41523007,False,6jQu1YuisnFu36Sof5wjym,159qqlGwzE04xyqpfAwRLo,7712cWOELt2oQyxrlFWY8D,https://open.spotify.com/track/6jQu1YuisnFu36Sof5wjym
2023-12-13T15:14:09Z,Anti-Hero,Taylor Swift,Midnights,Taylor Swift,2022-10-21,album,1,3,200690,False,USUG12205736,False,0V3wPSX9ygBnCm8psDIegu,06HL4z0CvFAxyc27GXpf02,151w1FgRZfnKZA9FEcg9Z3,https://open.spotify.com/track/0V3wPSX9ygBnCm8psDIegu
2023-12-12T15:28:11Z,Blue Jean Blues - 2005 Remaster,ZZ Top,Fandango! (Expanded 2006 Remaster),ZZ Top,1975-04-18,album,1,5,282626,False,USWB10505232,False,6Gyk7ZHfFWo3d8U7poUEPs,2AM4ilv6UzW0uMRuqKtDgN,4krv5xmTGdK9LhWINUkVgO,https://open.spotify.com/track/6Gyk7ZHfFWo3d8U7poUEPs
2023-12-09T17:30:56Z,45,Shinedown,Leave a Whisper (Deluxe Edition),Shinedown,2003-07-15,album,1,12,250093,False,USAT20300846,False,420JGkyLfLUZcgBHKiIK9v,70BYFdaZbEKbeauJ670ysI,0gLVNSNAW4ghjFqHMDFA3l,https://open.spotify.com/track/420JGkyLfLUZcgBHKiIK9v
2023-12-09T15:59:56Z,Lips Of An Angel,Hinder,Extreme Behavior,Hinder,2005-01-01,album,1,8,261853,False,USUM70503185,False,40LQiUUUKXVGyNs09lHVjW,6BMhCQJYHxxKAeqYS1p5rY,2SmDuZSWtjukp9gkG2mcBQ,https://open.spotify.com/track/40LQiUUUKXVGyNs09lHVjW
2023-12-08T18:05:15Z,Tomorrow,Silverchair,Frogstomp,Silverchair,1995-05-10,album,1,2,265560,False,AUSM09500023,False,1kWbriV6xrd2lqFJfm7WJm,4iudEcmuPlYNdbP3e1bdn1,64WvOCBCS1PuOSAX513DBw,https://open.spotify.com/track/1kWbriV6xrd2lqFJfm7WJm
2023-12-04T19:52:14Z,Time Has Come Today - Single Version,The Chambers Brothers,Time Has Come: The Best Of The Chambers Brothers,The Chambers Brothers,1996-10-08,compilation,1,1,290933,False,USSM16600075,False,5qA1ZrjjVLh1cL9GZOFdNm,0OwaxYpG77PWKSLtj1QzG8,5ZFPnWBCasn1DZRGk1Qpdu,https://open.spotify.com/track/5qA1ZrjjVLh1cL9GZOFdNm
2023-12-04T19:50:49Z,Right Now,SR-71,Now You See Inside,SR-71,2000-06-19,album,1,2,167200,False,USRC10000206,False,3iwsyTZzOWHZbHffBEyi1N,7fTcs8dn9y6XuB2IqZMzBq,1eDNzJLCxus27R8ZC2hS3z,https://open.spotify.com/track/3iwsyTZzOWHZbHffBEyi1N
2023-11-26T16:25:07Z,Real World - Remastered,Queensrÿche,Promised Land (Remastered),Queensrÿche,1994,album,1,12,263573,False,USCA20704505,False,4F3NweJwkaC4G24gDS6lCY,2OgUPVlWYgGBGMefZgGvCO,672d5xcV0IY4SEGW7Z3vNK,https://open.spotify.com/track/4F3NweJwkaC4G24gDS6lCY
2023-11-25T18:09:51Z,Shout Into The Noise,Ash Grunwald,Shout Into The Noise,Ash Grunwald,2022-03-11,album,1,1,193535,False,AULI02142700,False,16VBCT35j6Vs28NRKFszP1,04HjibunL2jGRLEqVEMfZY,3HmSF21KTTO6dK3AxJpXps,https://open.spotify.com/track/16VBCT35j6Vs28NRKFszP1
2023-11-20T23:30:44Z,Say Hello 2 Heaven,Temple Of The Dog,Temple Of The Dog,Temple Of The Dog,1990-01-01,album,1,1,384466,False,USAM10000348,False,4L2S9GbwEgwfSbHjTCvNQX,0iHb0mCbqZTYeb4y9Pirrd,63HdXCn0Xz1pRZc2GzMw7k,https://open.spotify.com/track/4L2S9GbwEgwfSbHjTCvNQX
2023-11-14T17:37:43Z,Now That You're Gone,The Raconteurs,Help Us Stranger (With Track-by-Track Commentary),The Raconteurs,2019-06-14,album,1,17,240985,False,US3JJ1900057,False,7AYEHXXUs2i4JoDp3mgP8I,4wo1267SJuUfHgasdlfNfc,7hUXTSJ66iobSF352n2GT8,https://open.spotify.com/track/7AYEHXXUs2i4JoDp3mgP8I
2023-11-14T17:33:03Z,Addicted,Saving Abel,Saving Abel,Saving Abel,2008-01-01,album,1,2,222826,True,USVI20701296,False,3pxCXv0NACYfYnLjFcQW5D,2AVVj8ezW2mJ0v8u7XydiF,6Nft5QnHcxYvLwAQc3mo8O,https://open.spotify.com/track/3pxCXv0NACYfYnLjFcQW5D
2023-11-14T17:28:27Z,Jenny Says,Cowboy Mouth,Are You With Me?,Cowboy Mouth,1996-01-01,album,1,1,197933,False,USMC19648694,False,4kb9vQ86JXst7S2U7iN40a,32rtQaUBGDTxYH3rMWKNvH,1wT83i9nKh6YejZIRD31La,https://open.spotify.com/track/4kb9vQ86JXst7S2U7iN40a
2023-11-14T17:26:15Z,New Age Girl - 2021 Edition,Deadeye Dick,New Age Girl (2021 Edition),Deadeye Dick,2021-05-21,single,1,1,196803,False,QZ5FN2197200,False,5dElQ5GWEMl9BvEn3bsULT,6T5h5RzrzZjRAU2Yp7265Q,4TQU3oCffbM9K8aJBliUnJ,https://open.spotify.com/track/5dElQ5GWEMl9BvEn3bsULT
2023-11-14T17:26:14Z,Runnin' Wild,Airbourne,Runnin' Wild,Airbourne,2007-01-01,album,1,2,218266,False,AUEM00700113,False,55ggUiMmTXrGtJAPQSnHoh,6urzdpGY5yUimWZsgJUoTb,778z2xeHjaEN7vBrU4IPCG,https://open.spotify.com/track/55ggUiMmTXrGtJAPQSnHoh
2023-11-13T21:12:06Z,Boogie Shoes - 2004 Remaster,KC & The Sunshine Band,KC & the Sunshine Band,KC & The Sunshine Band,1975,album,1,4,132040,False,GBAYE0400441,False,37d8O4cIq36tssCoJnhJxg,3mQBpAOMWYqAZyxtyeo4Lo,6S2ZnQo8V7k7EQZZEK3WcR,https://open.spotify.com/track/37d8O4cIq36tssCoJnhJxg
2023-11-13T19:02:35Z,The Seed (2.0),The Roots; Cody Chesnutt,Phrenology,The Roots,2002,album,1,8,267933,True,USMC10201424,False,6HxweNytuEQdmGeVtZPZz3,78xUyw6FkVZrRAtziFdtdu; 3sO8muEXafy2NGwUZByrTr,01FOonRYntwISzaCSa7S7p,https://open.spotify.com/track/6HxweNytuEQdmGeVtZPZz3
2023-11-06T20:16:52Z,On My Mind,Liam Bailey,Definitely NOW,Liam Bailey,2014-08-19,album,1,1,213736,False,USSM11404291,False,4qMtyMjmlmaPGl570Wr7nl,022EiWsch2zvty0qBUksDO,2R40qpfi2fRj8eBFuPi6mu,https://open.spotify.com/track/4qMtyMjmlmaPGl570Wr7nl
2023-11-06T20:16:42Z,Bury Me Face Down,grandson,Bury Me Face Down,grandson,2016-12-16,single,1,1,231666,False,USRC11601782,False,0LSzBkkQZZkwV656r6etLg,4ZgQDCtRqZlhLswVS6MHN4,79L5Jm5KDfXA19nozVqZcg,https://open.spotify.com/track/0LSzBkkQZZkwV656r6etLg
2023-11-03T19:23:47Z,What's Your Fantasy (Featuring Shawna),Ludacris; Shawnna,Back For The First Time,Ludacris,2000-01-01,album,1,4,275906,True,USDJ20010349,False,4LwOrnuxJwR7C5Sw4liY4Z,3ipn9JLAPI5GUEo4y4jcoi; 4gpDA7R5796e6zbvZxGNga,2kT80DHqRtHQzDhQ2RCoIV,https://open.spotify.com/track/4LwOrnuxJwR7C5Sw4liY4Z
2023-10-30T18:25:26Z,Red Line,Geordie Kieffer,Red Line,Geordie Kieffer,2020-01-08,single,1,1,181534,True,TCACW1603032,False,1BFXvitq0DaAn8c4wh0dqa,4jZfJWTKg0oea9gn2EER4C,57B2xIjbUHHukOaSlgnKTB,https://open.spotify.com/track/1BFXvitq0DaAn8c4wh0dqa
2023-10-30T14:22:54Z,"Always with Me, Always with You",Joe Satriani,Surfing With The Alien,Joe Satriani,1987,album,1,4,202012,False,USSM18700087,False,0NNep3grWO95CVGp04gMM4,2yzxX2DI9LFK8VFTyW2zZ8,4SFG7APMZeeM97ixKPoQuk,https://open.spotify.com/track/0NNep3grWO95CVGp04gMM4
2023-10-30T14:00:40Z,What's Golden,Jurassic 5,Power In Numbers,Jurassic 5,2002-01-01,album,1,8,188560,False,USIR10211278,False,3ptikEjKbpbXvJtOosLMuH,6wFId9Jhuf9AKVzWboOj2B,2GvunWK2mtlTwVrxfC3ZWa,https://open.spotify.com/track/3ptikEjKbpbXvJtOosLMuH
2023-10-27T14:21:38Z,I'm Just A Singer (In A Rock And Roll Band),The Moody Blues,The Best Of The Moody Blues,The Moody Blues,1996-01-01,compilation,1,9,256706,False,GBA177200100,False,4XoqHq3CPV1Qv6z5cfDZr9,5BcZ22XONcRoLhTbZRuME1,0sz0hfcCIwoWkI9BEuf9rR,https://open.spotify.com/track/4XoqHq3CPV1Qv6z5cfDZr9
2023-10-24T16:26:42Z,Sunrise,Tab Benoit,Medicine,Tab Benoit,2011-01-01,album,1,2,225520,False,USTE11120355,False,6cVq1RHL5IDT1YSN7V1QkB,3ODYbknLzVe3cWQzVfbzGB,1heK7tmUTRLA2jwrRG4LiB,https://open.spotify.com/track/6cVq1RHL5IDT1YSN7V1QkB
2023-10-24T14:20:32Z,Forget About Us,ZZ Ward,Forget About Us,ZZ Ward,2023-06-16,single,1,1,165625,False,QM24S2303506,False,7rijhdaZILNVlSQSfPOOky,7aJSIsbI5wV8aFi2kkFfPi,3pvVrSVs7UPLe6dlaKGQOa,https://open.spotify.com/track/7rijhdaZILNVlSQSfPOOky
2023-10-23T20:16:53Z,You're Dead,Norma Tanega,Walkin' My Cat Named Dog,Norma Tanega,1966-04-12,album,1,1,143066,False,USRH11700895,False,72T5smavl9ONfOwI0gHf1A,4nlQA3jNE8cukTo6CdyCWP,0unsYxXMMsYMQB0epWjPu0,https://open.spotify.com/track/72T5smavl9ONfOwI0gHf1A
2023-10-23T19:22:26Z,Little Pills,Devilskin,We Rise,Devilskin,2014-07-11,album,1,2,198426,False,NZRI11400919,False,50ceaoPj1IXjSO0QNUsS2S,3TIlROeJjCAhax6c000Pcd,2QFH4ZivCWiu4pS7fdfX1c,https://open.spotify.com/track/50ceaoPj1IXjSO0QNUsS2S
2023-10-23T17:47:09Z,Sound The Horns,Wu-Tang Clan; Sadat X; Inspectah Deck; U-God; RZA,Chamber Music,Wu-Tang Clan,2009-06-30,album,1,14,195386,True,USKO10901261,False,22DYLSLl5MVjkhCWmRzYjy,34EP7KEpOjXcM2TCat1ISk; 7fDLDq2weBagiAFD2j17Al; 4OBbOrkD4geIjOLrICN3wO; 0G070wUUUBptmqGEKAAUVx; 4iCwCMnqsNZ6atvRiADgtn,5QggMarydTxiGGGxiwvsIc,https://open.spotify.com/track/22DYLSLl5MVjkhCWmRzYjy
2023-10-23T17:06:36Z,Sea Lion,Sage Francis,A Healthy Distrust,Sage Francis,2005-02-08,album,1,2,181320,False,USEP40418102,False,4O8O4AHXZ5t336DAgp7SAZ,2E78kTKamtXgdRkK1jrc0f,3EAmaZRtGEap4BpI3u2PVv,https://open.spotify.com/track/4O8O4AHXZ5t336DAgp7SAZ
2023-10-23T16:53:33Z,Runs in the Family,Matt Koziol,Runs in the Family,Matt Koziol,2020-08-28,single,1,1,156428,False,QZK6L2035283,False,0xsELBAIsaou0A88ZlCZcb,2FxP1QGYEVLE2pI1TBBDQs,5hynGzBb2sdp26lzPqe0Ns,https://open.spotify.com/track/0xsELBAIsaou0A88ZlCZcb
2023-10-16T13:11:17Z,I Stand Alone,Godsmack,Faceless,Godsmack,2003-04-08,album,1,5,246040,False,USUR10111257,False,44NRdYQw7P0GWuiunRv3hr,6gZq1Q6bdOxsUPUG1TaFbF,7xhudjssYTY8qRl1s9R3wu,https://open.spotify.com/track/44NRdYQw7P0GWuiunRv3hr
2023-10-15T02:36:14Z,Shine,Collective Soul,"Hints, Allegations & Things Left Unsaid",Collective Soul,1994-03-22,album,1,1,306040,False,USAT29300016,False,77YKoNCjP5hWqiXMRG2839,4e5V1Q2dKCzbLVMQ8qbTn6,2B2KQTgQr3UhQf4n2VtoUG,https://open.spotify.com/track/77YKoNCjP5hWqiXMRG2839
2023-10-15T02:29:46Z,Sleep Now In the Fire,Rage Against The Machine,The Battle Of Los Angeles,Rage Against The Machine,1999-11-02,album,1,5,205600,False,USSM19920168,False,1MQTmpYOZ6fcMQc56Hdo7T,2d0hyoQ5ynDBnkvAbJKORj,2eia0myWFgoHuttJytCxgX,https://open.spotify.com/track/1MQTmpYOZ6fcMQc56Hdo7T
2023-10-15T02:23:59Z,Diamonds and Pearls - Edit,Prince; The New Power Generation,The Hits / The B-Sides,Prince,1993-09-14,compilation,1,17,260092,False,USWB10003120,False,0khzHJvjgKTk8tw8rspInm,5a2EaR3hamoenG9rDuVn8j; 1xtGjxE9c1YmEmFPCH6Izp,30DQNLvFkUv9SS15o8jXHZ,https://open.spotify.com/track/0khzHJvjgKTk8tw8rspInm
2023-10-06T00:48:11Z,"Karn Evil 9 1st Impression, Pt. 2 - 2014 Remaster","Emerson, Lake & Palmer",Brain Salad Surgery,"Emerson, Lake & Palmer",1973-11-19,album,1,6,285760,False,GBARL1400061,False,0nDQu5i6B93GvUJH8iJ0y9,0nCiidE5GgDrc5kWN3NZgZ,1wTqdsmCCQQLCQjXZM3H59,https://open.spotify.com/track/0nDQu5i6B93GvUJH8iJ0y9
2023-10-06T00:46:30Z,Lucky Man - 2012 Remaster,"Emerson, Lake & Palmer","Emerson, Lake & Palmer","Emerson, Lake & Palmer",1970-10-01,album,1,6,277653,False,GBAJE0502693,False,6qj0OV5w2PlGTASSx34Lrl,0nCiidE5GgDrc5kWN3NZgZ,4A1vePlqDJtLjSqyWl2lLB,https://open.spotify.com/track/6qj0OV5w2PlGTASSx34Lrl
2023-10-05T15:16:31Z,Gimme All Your Love,Alabama Shakes,Sound & Color,Alabama Shakes,2015-04-21,album,1,5,243466,False,USATO1400854,False,5qGavrnGfH766WNp5pZXS2,16GcWuvvybAoaHr0NqT8Eh,0GaYG9L1sXHQZZ7BTk0hGY,https://open.spotify.com/track/5qGavrnGfH766WNp5pZXS2
2023-09-30T18:13:32Z,La Sagrada Familia,The Alan Parsons Project,Gaudi (Expanded Edition),The Alan Parsons Project,1987,album,1,1,527746,False,USAR18700166,False,2hKbRNv3Kbk9rM6OJTFY0n,2m62cc253Xvd9qYQ8d2X3d,6H2wO09kRYiXUYKOFwOIO8,https://open.spotify.com/track/2hKbRNv3Kbk9rM6OJTFY0n
2023-09-30T13:51:10Z,Cold Hard Bitch,Jet,Get Born,Jet,2003,album,1,9,243200,False,USEE10340568,False,5u6fnmRO5V0PTl5M2Eekeu,5ypxebeHEIXjMtJb17uJlI,6NrLpQCPYrNS3kVWxDgIlg,https://open.spotify.com/track/5u6fnmRO5V0PTl5M2Eekeu
2023-09-20T00:38:23Z,Power Ups,RDGLDGRN,Red Gold Green LP,RDGLDGRN,2013-01-01,album,1,3,187026,False,USUM71309540,False,3IiXKqtwrXKBQKcQ0gHPt5,5eUNUYMdI57xpVu0l2Qlm3,6h7GrOxoYe9gO9DmIoGczT,https://open.spotify.com/track/3IiXKqtwrXKBQKcQ0gHPt5
2023-09-10T02:25:11Z,vampire,Olivia Rodrigo,GUTS,Olivia Rodrigo,2023-09-08,album,1,3,219724,True,USUG12304091,False,1kuGVB7EU95pJObxwvfwKS,1McMsnEElThX1knmY4oliG,1xJHno7SmdVtZAtXbdbDZp,https://open.spotify.com/track/1kuGVB7EU95pJObxwvfwKS
2023-09-05T23:40:29Z,Medicine Man,Dorothy,ROCKISDEAD,Dorothy,2016-06-24,album,1,6,199360,False,QMJMT1600864,False,6lQ4C2lYc3mIsBtB6EfkwT,6IOvhXyk5edbA2DVaeP9Up,5AYoffF42E0cgDuuNgzYir,https://open.spotify.com/track/6lQ4C2lYc3mIsBtB6EfkwT
2023-08-28T17:50:43Z,I See,Cam Cole,I See,Cam Cole,2019-11-01,album,1,2,246499,False,QZHN71992147,False,1oo9d0JoNuXlFwlQU8YRLl,0US6t3wOzabccOupxTHl2S,5kRnWFWjvpig5yzU4TsS79,https://open.spotify.com/track/1oo9d0JoNuXlFwlQU8YRLl
2023-08-27T14:51:33Z,Everybody's Free (To Wear Sunscreen),Quindon Tarver; Josh Abrahams,Everybody's Free (To Wear Sunscreen),Baz Luhrmann,1999-01-01,single,1,1,309133,False,AUEM09900001,False,1TQ6a2NEA8LmKfgf0yeBvT,0dfkF1i9s8ZyOAKbV572T7; 2C18qcP3k1dkMJpByV6rZX,30NOuZiJRlawF26dmWVaJo,https://open.spotify.com/track/1TQ6a2NEA8LmKfgf0yeBvT
2023-08-24T17:21:47Z,Rich Men North of Richmond,Oliver Anthony Music,Rich Men North of Richmond,Oliver Anthony Music,2023-08-11,single,1,1,187244,False,QZPLS2305267,False,78Du4CMFgnhdlG33gblkiP,6IkfE2JyVoKwBZXvuytKX3,02X1cQOUcwYPxgFfqHeitI,https://open.spotify.com/track/78Du4CMFgnhdlG33gblkiP
2023-08-24T16:39:20Z,I Got 5 On It,Luniz; Michael Marshall,Operation Stackola,Luniz,1995-07-04,album,1,3,253533,False,USVI29500016,False,4IYKjN1DrYzxKXt0umJqsG,3z3g65U7mmyyBmmDfsQK9x; 2FT75iYuWmycqYrXbVD9cn,5pMShIZc6oWiEtcQvXsKfb,https://open.spotify.com/track/4IYKjN1DrYzxKXt0umJqsG
2023-08-24T15:57:10Z,So Much to Say,Dave Matthews Band,Crash,Dave Matthews Band,1996-04-30,album,1,1,246600,False,USRC19603149,False,5NLUcVnVHfnkt4uUexWdIH,2TI7qyDE0QfyOlnbtfDo7L,3Z72KfamjH9Wc5m9mgVqI7,https://open.spotify.com/track/5NLUcVnVHfnkt4uUexWdIH
2023-08-24T14:04:50Z,Where It's At - Album Version W/ Intro,Beck,Odelay,Beck,1996-01-01,album,1,8,329800,False,USGF19682308,False,1GreGTs4rIfjDILBERxKcB,3vbKDsSS70ZX9D2OcvbZmS,3PpTsdpZmaLUh6RvViu9G7,https://open.spotify.com/track/1GreGTs4rIfjDILBERxKcB
2023-08-24T00:12:58Z,NOT MAD ENOUGH,Smith & Myers,Volume 1,Smith & Myers,2020-10-09,album,1,1,219409,False,USAT22004736,False,5rMJJPGNeRzouxRbeo7src,3L7yYf09MZWuZhZl5e92Xe,1V7mEaiz643Os9Gq4icuzI,https://open.spotify.com/track/5rMJJPGNeRzouxRbeo7src
2023-08-21T14:46:45Z,Preachin' Blues,The Derek Trucks Band,Out Of The Madness,The Derek Trucks Band,1998-10-06,album,1,1,298333,False,USJWV0700001,False,558wEHNg1NTj44i0BYR89d,1YwfENKEZrowcmtR1nALZn,60KAIexVbQclfVh6QH89dn,https://open.spotify.com/track/558wEHNg1NTj44i0BYR89d
2023-08-20T00:52:17Z,Lose Control,Teddy Swims,Lose Control,Teddy Swims,2023-06-23,single,1,1,210688,False,USWB12302315,False,6usohdchdzW9oML7VC4Uhk,33qOK5uJ8AR2xuQQAhHump,5QMiub2LonMqxB7dhtbPlX,https://open.spotify.com/track/6usohdchdzW9oML7VC4Uhk
2023-08-19T23:39:21Z,Snake Song,Isobel Campbell; Mark Lanegan,Hawk,Isobel Campbell; Mark Lanegan,2010-01-01,album,1,3,168066,False,GBUM71003568,False,75bNIPy58AL7MYYp8cnj4A,55dlp5I9jyc4UjzlrcKMnq; 1fpXM23IoNckJ7NDAm8YJQ,4vPZUSwLbvknOOo9UJZQVs,https://open.spotify.com/track/75bNIPy58AL7MYYp8cnj4A
2023-08-19T23:24:03Z,No One Knows,Queens of the Stone Age,Songs For The Deaf,Queens of the Stone Age,2002,album,1,3,278706,False,USIR10211291,False,6NvRxjfYkkT2SpirAlmsjH,4pejUc4iciQfgdX6OKulQn,58HZZpS0wxJKwGjoerg0mk,https://open.spotify.com/track/6NvRxjfYkkT2SpirAlmsjH
2023-08-16T21:28:46Z,New York Groove,Ace Frehley,Kiss: Ace Frehley,Ace Frehley,1978-01-01,album,1,6,183693,False,USMR17800036,False,1BvpeiApX8qhof8Pmi3YlH,62olK5zZHSgFUXGDykgBL8,1NbNjch8MgBHxmRwm0OFhg,https://open.spotify.com/track/1BvpeiApX8qhof8Pmi3YlH
2023-08-15T18:48:47Z,House of The Rising Sun,Five Finger Death Punch,"The Wrong Side Of Heaven And The Righteous Side Of Hell, Volume 2",Five Finger Death Punch,2013-11-18,album,1,12,247388,True,US5Z51300416,False,4ZmX8elKMkH0MfniNi0Adu,5t28BP42x2axFnqOOMg3CM,0RP9MT74WH7Yis10EO7tZS,https://open.spotify.com/track/4ZmX8elKMkH0MfniNi0Adu
2023-08-15T14:20:35Z,Seminole Wind,Cody Parks and The Dirty South,Seminole Wind,Cody Parks and The Dirty South,2019-01-17,single,1,1,285840,False,TCAEA1968918,False,1zkV3L2TLaFuzv9GtS8Bh6,0jItMOxRNh3sya33eTx4Nk,64i2NEPlt1i4hc9q4cL7gI,https://open.spotify.com/track/1zkV3L2TLaFuzv9GtS8Bh6
2023-08-11T13:32:37Z,Outrun,WEARETHEGOOD; Lynnea,Scores & Melodies Vol. 1,WEARETHEGOOD; Lynnea,2023-06-29,album,1,2,195648,False,IL6652306184,False,42Xl2G8iLEOaoBU6A3ezI3,1qnP6AwnlLdhTADeq09CZw; 7f06QWoFAvtpEuho7NEDLN,6gwvqyqV3SLMlfNLU5bymG,https://open.spotify.com/track/42Xl2G8iLEOaoBU6A3ezI3
2023-08-11T13:21:28Z,Love Me Harder,Steven Rodriguez,Love Me Harder,Steven Rodriguez,2023-05-26,single,1,1,216166,False,QZK6L2333918,False,2247qD9kVEBW5bQsfXnPTm,2a84LFOuPFQX3qGB26eu9O,6RhNHCiWxHVavY7OYWk9UW,https://open.spotify.com/track/2247qD9kVEBW5bQsfXnPTm
2023-08-10T17:55:58Z,Peace Love & Dixie,The Cadillac Three,Bury Me In My Boots (Big Machine Radio Release Special),The Cadillac Three,2016-08-04,album,1,24,161506,False,USCJY1620103,False,7HVqAkjd25IHr8rnzC3l1K,1nivFfWu6oXBFDNyVfFU5x,3UpMLqTSQhzYPunjM1oFYW,https://open.spotify.com/track/7HVqAkjd25IHr8rnzC3l1K
2023-08-10T17:42:04Z,Jelly Roll,Blue Murder,Blue Murder,Blue Murder,1989-04-24,album,1,4,284093,False,USGF19921204,False,72l70Nix3AIJ9XBAljgeR1,7IzaAmbUsyOJsAIhZGUKR1,2YKZOMLSEXv8TbToLggMBX,https://open.spotify.com/track/72l70Nix3AIJ9XBAljgeR1
2023-07-25T14:13:51Z,Doesn't Remind Me,Audioslave,Out of Exile,Audioslave,2005-01-01,album,1,4,255000,False,USIR10500779,False,0o995gJCGebaza0LWybToU,2ziB7fzrXBoh1HUPS6sVFn,0HQhToIjonHnJRRPN4jeJU,https://open.spotify.com/track/0o995gJCGebaza0LWybToU
2023-07-19T22:03:25Z,The Confessor,Joe Walsh,The Confessor,Joe Walsh,1985,album,1,6,426533,False,USWB10104635,False,2gBq12zOMMa5ZAl9zFMjfK,5bDxAyJiTYBat1YnFJhvEK,2VjJO68TbOPy1Id8a1PCoO,https://open.spotify.com/track/2gBq12zOMMa5ZAl9zFMjfK
2023-07-10T19:30:51Z,Secrets in the Sunset,Goodbye June,Community Inn,Goodbye June,2019-10-25,album,1,3,238879,False,GBBPB1901838,False,41uhnX4iXKPzXTYw0C6Qqp,1l9I7G8J8AnMScWQwlNJ4M,6eeJwnZ9uRjpRuzFUlmywc,https://open.spotify.com/track/41uhnX4iXKPzXTYw0C6Qqp
2023-07-07T14:43:57Z,Watch The World Burn,Falling In Reverse,Watch The World Burn,Falling In Reverse,2023-01-31,single,1,1,203948,True,USEP42231004,False,4CiVz4bw7X1zjCaJ5ZwxUS,2CmaKO2zEGJ1NWpS1yfVGz,5SjHojBg6zfZHMqWYjFzFE,https://open.spotify.com/track/4CiVz4bw7X1zjCaJ5ZwxUS
2023-07-03T14:55:49Z,Mist And Shadow,The Sword; J. Robbins,High Country,The Sword,2015-08-21,album,1,5,327000,False,USRZR1565905,False,1NXpT1tXpNw4GqRimZ52Jo,0q32a3GRCjDxS4EIrC7YVY; 6HNa9YrJ5SE6qC3ZJPN9Nb,3PMvjM53Vp3a5GEqwwyuCS,https://open.spotify.com/track/1NXpT1tXpNw4GqRimZ52Jo
2023-06-27T11:40:25Z,Unknown / Nth,Hozier,Unknown / Nth,Hozier,2023-06-23,single,1,1,280106,False,USSM12302744,False,0yyQOpUfKMOg1JpFQi2reh,2FXC3k01G6Gw61bmprjgqS,39EdZpzcvb0odv7kaJzBhj,https://open.spotify.com/track/0yyQOpUfKMOg1JpFQi2reh
2023-06-26T22:23:37Z,Two Against One (feat. Jack White),Danger Mouse; Daniele Luppi; Jack White,Rome,Danger Mouse; Daniele Luppi,2011-05-16,album,1,7,140960,False,GBAYE1001384,False,0CIvOZBEQmVtePr3dHZMPO,2dBj3prW7gP9bCCOIQeDUf; 1TY8JzETLheB4vm5QblKsF; 4FZ3j1oH43e7cukCALsCwf,2nBo5nFoszkjuY0bxv1y0A,https://open.spotify.com/track/0CIvOZBEQmVtePr3dHZMPO
2023-06-26T16:06:36Z,Things I Do For Money,The Northern Pikes,Big Blue Sky,The Northern Pikes,1987-01-01,album,1,3,288160,False,CAV118700002,False,2aQldLSaTVEf3fRSF9fUYt,2BLAzgwe8OzvLOPTZDBCtw,0HzlsU77Vr43wJyCIrCwW0,https://open.spotify.com/track/2aQldLSaTVEf3fRSF9fUYt
2023-06-05T14:47:30Z,Shine It All Around - 2006 Remaster,Robert Plant,Mighty Rearranger,Robert Plant,2005-04-25,album,1,2,243333,False,USRHD0611038,False,0VTwMCLdBYUw7MHR1NJW1t,1OwarW4LEHnoep20ixRA0y,32l979B3xHnBmoToQhJGRb,https://open.spotify.com/track/0VTwMCLdBYUw7MHR1NJW1t
2023-05-30T14:47:08Z,Tearin' It Up,Gramatik,SB2,Gramatik,2009-12-09,album,1,3,256437,False,USQY51422096,False,05rbTsgovBYa0JIund4MrS,179BpmLkQCRIoU68Co80f5,4NyU7oAsBsOvTAH2vnYPem,https://open.spotify.com/track/05rbTsgovBYa0JIund4MrS
2023-05-22T00:19:06Z,Child in Time,Yngwie Malmsteen,Inspiration,Yngwie Malmsteen,1996-10-14,album,1,10,487653,False,QMHUY1558478,False,0EUDWbDr6pU12TXLqLIxKK,5DpSoH5zCXNRqYai7pmcGG,0rLO54E09Tbx9AqHD2Qrin,https://open.spotify.com/track/0EUDWbDr6pU12TXLqLIxKK
2023-05-20T15:20:09Z,Mistreated,Yngwie Malmsteen,Inspiration,Yngwie Malmsteen,1996-10-14,album,1,6,449985,False,QMHUY1558581,False,5e6xW5g9FfbyyTPeIE2Uhs,5DpSoH5zCXNRqYai7pmcGG,0rLO54E09Tbx9AqHD2Qrin,https://open.spotify.com/track/5e6xW5g9FfbyyTPeIE2Uhs
2023-05-17T20:05:20Z,Darkness,Tab Benoit,The Sea Saint Sessions,Tab Benoit,2003-06-24,album,1,10,279613,False,USTE10357310,False,3wewa5eAOjEFtlpoXAz4Kc,3ODYbknLzVe3cWQzVfbzGB,0WyqZAnkmpQjMw1sf7bDCI,https://open.spotify.com/track/3wewa5eAOjEFtlpoXAz4Kc
2023-05-16T13:02:59Z,HELLO LØNELINESS,Ekoh; Lø Spirit; Ninth Key,HELLO LØNELINESS,Ekoh; Lø Spirit; Ninth Key,2023-03-24,single,1,1,186113,False,QM24S2301897,False,2wqBOYvyOpNVrXq7dOrln3,5lC7N2Mm9i92KSfW4opawO; 7cImXesjInq0e25gQLHWoV; 4lcvro3hYRhGU6BtcNIIYx,1huesBBrDZcGtVNblJdLU1,https://open.spotify.com/track/2wqBOYvyOpNVrXq7dOrln3
2023-05-15T15:55:49Z,Fighting Myself,Linkin Park,Meteora 20th Anniversary Edition,Linkin Park,2023-04-07,album,6,2,201428,False,USWB12206230,False,2ipYQ6pcabz1NovVrr9LKH,6XyY86QOPPrYVGvF9ch6wz,3Q9wXhEAX7NYCPP0hxIuDz,https://open.spotify.com/track/2ipYQ6pcabz1NovVrr9LKH
2023-05-15T15:54:47Z,Got You (Where I Want You),The Flys,Holiday Man,The Flys,1998,album,1,2,242453,False,US4L80501402,False,1xpd5XqLsrQDBa81ON2kOb,3brlG1zNhqIkYhdneCaPVi,6926E0NLdNZiEjK9ygGUCq,https://open.spotify.com/track/1xpd5XqLsrQDBa81ON2kOb
2023-05-15T14:39:39Z,Hard Sun,Eddie Vedder,Into The Wild (Music For The Motion Picture),Eddie Vedder,2007-09-18,album,1,7,322080,False,USJY51700106,False,0fzCtVM9D5UEwiLqcY8Ouq,0mXTJETA4XUa12MmmXxZJh,13xlpKbai3GGoMSr75lOeX,https://open.spotify.com/track/0fzCtVM9D5UEwiLqcY8Ouq
2023-05-03T18:21:01Z,Let It Die,Foo Fighters,"Echoes, Silence, Patience & Grace",Foo Fighters,2007-09-25,album,1,2,245269,False,USRW30700008,False,2XvrMHbSO077Ajg7QTTNdY,7jy3rLJdDQY21OgRLCZ9sD,3ilXDEG0xiajK8AbqboeJz,https://open.spotify.com/track/2XvrMHbSO077Ajg7QTTNdY
2023-04-25T20:15:38Z,Underneath It All,No Doubt; Lady Saw,Rock Steady (Expanded Edition),No Doubt,2001-12-11,album,1,5,302720,False,USIR10120441,False,6fR6Z0Vc1K6yQWNUIKjAIR,0cQbJU1aAzvbEmTuljWLlF; 2X1VgNqQOiSbkyel3a9rjK,0KFPnm4Ow2L9BuivmWT3pu,https://open.spotify.com/track/6fR6Z0Vc1K6yQWNUIKjAIR
2023-04-20T14:23:46Z,Electric Worry,Clutch,From Beale Street to Oblivion,Clutch,2007,album,1,6,314746,False,USPAM1000158,False,7mQgJx5mfCuI6o8elrYCKg,161AC1AVRkIGIMxyj5djFQ,0NwhaAWEFAeUuZ7lrCCXFx,https://open.spotify.com/track/7mQgJx5mfCuI6o8elrYCKg
2023-04-17T16:05:04Z,Wars,Hurt,Goodbye To The Machine,Hurt,2009,album,1,3,239439,False,USJX21270903,False,3kmUtdRdVepftcOpjmbiyj,3jnoH2xrhvxUgeN2rrudHL,0Vu3y3p5M4APIaoOoZMCMD,https://open.spotify.com/track/3kmUtdRdVepftcOpjmbiyj
2023-04-17T14:04:29Z,Wade In The Water,John Butler Trio,HOME,John Butler Trio,2018-09-28,album,1,2,239093,False,AUFC01800014,False,57slOAb10deMaT4r34dipH,6fBF4MULW5yMzyGaon1kUt,2O6hJP7lu68hxDvbkXwtOK,https://open.spotify.com/track/57slOAb10deMaT4r34dipH
2023-04-10T15:39:57Z,13,Allan Rayman,Roadhouse 01,Allan Rayman,2017-02-24,album,1,12,242306,False,CAUM71600262,False,4pr2A1vgqaGJ1yj6hFr3aE,6Yv6OBXD6ZQakEljaGaDAk,3CbNgBzI7r9o0F6VjH9sTY,https://open.spotify.com/track/4pr2A1vgqaGJ1yj6hFr3aE
2023-04-08T14:56:21Z,Meeting The Master,Greta Van Fleet,Meeting The Master,Greta Van Fleet,2023-04-07,single,1,1,312200,False,USUM72304921,False,6RuNa2kdO6HFq7QznOfl7C,4NpFxQe2UvRCAjto3JqlSl,2KDIAu0OvfsRAcjAnknNUu,https://open.spotify.com/track/6RuNa2kdO6HFq7QznOfl7C
2023-04-06T14:25:21Z,Two Out of Three Ain't Bad,Meat Loaf,Bat Out Of Hell,Meat Loaf,1977-10-21,album,1,5,326244,False,USSM11206828,False,2ph0hzV1kCVhR82E2La4q5,7dnB1wSxbYa8CejeVg98hz,6mvI80w5r78niBmwtu7RF9,https://open.spotify.com/track/2ph0hzV1kCVhR82E2La4q5
2023-04-06T14:25:20Z,Paradise By the Dashboard Light,Meat Loaf,Bat Out Of Hell,Meat Loaf,1977-10-21,album,1,6,509315,False,USSM11206829,False,2g7gviEeJr6pyxO7G35EWQ,7dnB1wSxbYa8CejeVg98hz,6mvI80w5r78niBmwtu7RF9,https://open.spotify.com/track/2g7gviEeJr6pyxO7G35EWQ
2023-04-06T14:25:16Z,I'd Do Anything For Love (But I Won't Do That) - Single Edit,Meat Loaf,Bat Out Of Hell II: Back Into Hell,Meat Loaf,1993,compilation,2,2,316466,False,USMC19341323,False,391CwgcBxvUHmEKda2b5In,7dnB1wSxbYa8CejeVg98hz,2frbTcZJoMRuAbeXpuOx0Z,https://open.spotify.com/track/391CwgcBxvUHmEKda2b5In
2023-04-05T20:33:54Z,Sundown,Gordon Lightfoot,Sundown,Gordon Lightfoot,1974,album,1,7,213400,False,USRE10901178,False,0SjnBEHZVXgCKvOrpvzL2k,23rleGXVOVVgTk3xgtmfE4,2IPD9EcNjUmsHvqULDMU9Y,https://open.spotify.com/track/0SjnBEHZVXgCKvOrpvzL2k
2023-04-03T23:15:52Z,Find Your People,Drew Holcomb & The Neighbors,Find Your People,Drew Holcomb & The Neighbors,2023-03-08,single,1,1,194093,False,QMP2J2200014,False,6GuyIXoGIaTw1Pg6Ug9enJ,4RwbDag6jWIYJnEGH6Wte9,1a2RJNW9AkEtgK4Pt3hUlY,https://open.spotify.com/track/6GuyIXoGIaTw1Pg6Ug9enJ
2023-04-03T17:57:07Z,Number One (feat. Richie Havens & Son Little),Portugal. The Man; Richie Havens; Son Little,Woodstock,Portugal. The Man,2017-06-16,album,1,1,321946,False,USAT21701068,False,2YSgnpegXNXgk8UxgG8znT,4kI8Ie27vjvonwaB2ePh8T; 4Qk0lWGeXydDvfrDufDQ9p; 4lujUKeO6nQAJXpq37Epn7,4VzzEviJGYUtAeSsJlI9QB,https://open.spotify.com/track/2YSgnpegXNXgk8UxgG8znT
2023-04-03T17:45:43Z,The Boy Who Wouldn't Hoe Corn,Alison Krauss & Union Station,New Favorite,Alison Krauss & Union Station,2001-08-14,album,1,2,280706,False,USRO20149502,False,5CJ1xQCFywhEryVUPJup5T,0OTnx2X2FDXeewcm72lavT,6FfrJoeF2HYdMsMLChPVVM,https://open.spotify.com/track/5CJ1xQCFywhEryVUPJup5T
2023-04-03T15:32:52Z,Busy Bein' born,Middle Class Rut,No Name No Color,Middle Class Rut,2010-10-04,album,1,1,287413,True,USN2F0810061,False,1oHAbFkMC4bwuK241O9Kw1,1jl7jCbWw8fQApXAgP7vQN,75ffrFVb8rQLovdDANnEAw,https://open.spotify.com/track/1oHAbFkMC4bwuK241O9Kw1
2023-04-03T14:51:15Z,Son of Virginia,Clutch,Psychic Warfare,Clutch,2015-10-02,album,1,12,435357,False,USPAM1500276,False,7wygMtZZfWatJnD5NkPALn,161AC1AVRkIGIMxyj5djFQ,6lcvofLOkuwd6pxQxCE5iB,https://open.spotify.com/track/7wygMtZZfWatJnD5NkPALn
2023-03-30T14:06:15Z,72 Seasons,Metallica,72 Seasons,Metallica,2023-03-30,single,1,1,459120,False,QMKHM2200016,False,6txhb14PWs9yrkTgR2jnU4,2ye2Wgw4gimLv2eAKyk1NB,5vFa10TvQUWpEv9OkVBatc,https://open.spotify.com/track/6txhb14PWs9yrkTgR2jnU4
2023-03-28T15:19:12Z,Psycho Killer,One Bad Son,Black Buffalo,One Bad Son,2014-09-02,album,1,10,284696,False,CAB391401375,False,52YsO95wlDUHdv4mhHglAv,4PUydGsjzthTJqqQfBRco4,7sqcJr02bDpyYXm1UGBL0a,https://open.spotify.com/track/52YsO95wlDUHdv4mhHglAv
2023-03-28T14:51:30Z,Tell Ya Story Walking,The Fumes,Guns Of Gold,The Fumes,2006,album,1,9,409986,False,AUSQ10600009,False,7wzOqgMAX3w3zeqQL4j0dK,0RMNX6QHahkZ0S1fFUYSnL,3BpdRaZERh8dHj1ornWqlY,https://open.spotify.com/track/7wzOqgMAX3w3zeqQL4j0dK
2023-03-20T15:36:49Z,Shake Me Down,Cage The Elephant,Thank You Happy Birthday,Cage The Elephant,2011-01-01,album,1,4,211373,False,USJI11000232,False,3eFepXGITXNDXXHUNqouxi,26T3LtbuGT1Fu9m0eRq5X3,2jVxhH1xg6EIc87rGM1Ogt,https://open.spotify.com/track/3eFepXGITXNDXXHUNqouxi
2023-03-20T15:36:46Z,Zero Fucks Given,The Picturebooks,Home Is a Heartache,The Picturebooks,2017-03-10,album,1,8,197493,True,US4E41742908,False,5R1JHfdhT7zininQOdnAjq,5L8u4AcYBOnxAtRrluOjKo,59tcmUltTerTRwpDdiCykd,https://open.spotify.com/track/5R1JHfdhT7zininQOdnAjq
2023-03-19T21:37:17Z,Where The Wind Blows,Blacktop Mojo,Burn the Ships,Blacktop Mojo,2017-03-10,album,1,1,265082,False,USEJE1701001,False,3UysksDF63CoDnP6GUP4kw,74YaL1CwdKlao06KrJyuX2,27TGyW8JaXeWo971FPfKUi,https://open.spotify.com/track/3UysksDF63CoDnP6GUP4kw
2023-03-14T16:56:28Z,More Bacon than the Pan Can Handle,Ghost of Vroom; Mike Doughty; Andrew Livingston; Stephanie Beatriz,Ghost of Vroom 1,Ghost of Vroom; Mike Doughty; Andrew Livingston,2021-03-18,album,1,1,202026,False,USME32000501,False,1FxZTELBcsg6T4LkOlAi1R,2gORv2JGBtcR1Wzyj4T9mJ; 7GiYUU4EMCOMkpaDD8fzDR; 77kqdLvGQ3olYcWvahSmjB; 5PYToRCsrnvikZg3yl2JMr,2ZWScOee1RMrgevPsNKn4A,https://open.spotify.com/track/1FxZTELBcsg6T4LkOlAi1R
2023-03-10T19:50:43Z,The Outsider,A Perfect Circle,Thirteenth Step,A Perfect Circle,2003-01-01,album,1,7,246000,False,USVI20301032,False,6CqYhhUPJORx1vvdTNc8jv,4DFhHyjvGYa9wxdHUjtDkc,49K6hYDEr5M3GxIBBxlPf9,https://open.spotify.com/track/6CqYhhUPJORx1vvdTNc8jv
2023-03-09T20:56:19Z,If Darkness Had a Son,Metallica,If Darkness Had a Son,Metallica,2023-03-01,single,1,1,396293,False,QMKHM2200024,False,69HjtjyHuP8KJT7xBaUmtW,2ye2Wgw4gimLv2eAKyk1NB,07wqwU4JaQl7XTWwfiAobb,https://open.spotify.com/track/69HjtjyHuP8KJT7xBaUmtW
2023-03-09T20:56:02Z,Safari Song,Greta Van Fleet,From The Fires,Greta Van Fleet,2017-11-10,album,1,1,234600,False,USUM71703679,False,1BfR5GMOgW0peHkPxrwf11,4NpFxQe2UvRCAjto3JqlSl,6uSnHSIBGKUiW1uKQLYZ7w,https://open.spotify.com/track/1BfR5GMOgW0peHkPxrwf11
2023-02-20T17:20:10Z,Ice Age - deadmau5 Remix,How To Destroy Angels; deadmau5,while(1<2),deadmau5,2014-01-01,album,1,3,411512,False,USQX91400975,False,1j3vsRJ9BBeUzyE83FfiVb,1yDbenrXWhaQij3SCpsXe7; 2CIMQHirSU0MQqyYHq0eOx,4NQRw9HthpcLg4vYQ6yJFu,https://open.spotify.com/track/1j3vsRJ9BBeUzyE83FfiVb
2023-01-26T19:40:55Z,Do You Feel Like We Do - Live,Peter Frampton,Frampton Comes Alive! (35th Anniversary Deluxe Edition),Peter Frampton,1976,album,2,3,826813,False,USAM10000278,False,0qqRwBkq7oWv6QnIRLfQKe,0543y7yrvny4KymoaneT4W,3719jlsd41vKAiYWrXNt9o,https://open.spotify.com/track/0qqRwBkq7oWv6QnIRLfQKe
2023-01-20T00:10:56Z,Screaming Suicide,Metallica,Screaming Suicide,Metallica,2023-01-19,single,1,1,330453,False,QMKHM2200018,False,6ZCh9hBeFzMIPycRnyPqZT,2ye2Wgw4gimLv2eAKyk1NB,5RuyqGjhakCG2teiB6VkaC,https://open.spotify.com/track/6ZCh9hBeFzMIPycRnyPqZT
2023-01-11T19:22:11Z,The Zoo,Scorpions,Animal Magnetism,Scorpions,1980-03-31,album,1,8,330533,False,USMR18010003,False,0YpmF3aZXOIuyi8itZbpkp,27T030eWyCQRmDyuvr1kxY,0P074q35RL8oUOpKsHJd07,https://open.spotify.com/track/0YpmF3aZXOIuyi8itZbpkp
2023-01-10T00:59:55Z,Sabotage,Beastie Boys,Ill Communication,Beastie Boys,1994-05-23,album,1,6,178440,True,USCA29400020,False,0Puj4YlTm6xNzDDADXHMI9,03r4iKL2g2442PT9n2UKsx,6lfjbwFGzQ6aSNP1N3JlT8,https://open.spotify.com/track/0Puj4YlTm6xNzDDADXHMI9
2023-01-05T00:51:13Z,Intergalactic - Remastered 2009,Beastie Boys,Hello Nasty (Deluxe Edition/Remastered),Beastie Boys,1998-07-14,album,1,7,231493,False,USCA20903764,False,5fpizYGbi5IQoEraj6FP0R,03r4iKL2g2442PT9n2UKsx,6eGYLONkDMja0MNtZWnRRB,https://open.spotify.com/track/5fpizYGbi5IQoEraj6FP0R
2022-12-19T20:14:27Z,Uninvited,Red Sun Rising,Uninvited,Red Sun Rising,2017-03-31,single,1,1,259689,False,USRZR1700244,False,735Ge0JqNmz6hKYEB1q7vZ,01ZtptlLUxoAbJDrS9fTqX,01gQ0OeVj1zV5HZh2Sk5e8,https://open.spotify.com/track/735Ge0JqNmz6hKYEB1q7vZ
2022-11-28T17:17:28Z,Lux Æterna,Metallica,Lux Æterna,Metallica,2022-11-28,single,1,1,205679,False,QMKHM2200021,False,3pwmJJRlr8nXNN9PFD18np,2ye2Wgw4gimLv2eAKyk1NB,7qxhxLR8oZN3LizPQ7z2cb,https://open.spotify.com/track/3pwmJJRlr8nXNN9PFD18np
2022-11-16T20:39:38Z,Analog Man,Joe Walsh,Analog Man,Joe Walsh,2012-01-01,album,1,1,242986,False,USC4R1200757,False,11CK9ToNAdYPI15q2Jkp2D,5bDxAyJiTYBat1YnFJhvEK,076bM8NjtRgmIGGrF3Mb6k,https://open.spotify.com/track/11CK9ToNAdYPI15q2Jkp2D
2022-11-07T18:56:06Z,I'm America,Cilver,Not The End Of The World,Cilver,2016-04-29,album,1,2,222173,False,USKO11502350,False,54ARsEjoTSNclA5nOzHaux,5fpD3Iuy3RvPzcbWiekX7h,7f1Ih0Oub7NJTsRjYSiQCr,https://open.spotify.com/track/54ARsEjoTSNclA5nOzHaux
2022-11-03T17:49:28Z,I'm so Happy I Cry (feat. Tank),Fantastic Negrito; Tank and The Bangas; Tarriona 'Tank' Ball,I'm so Happy I Cry (feat. Tank),Fantastic Negrito,2020-06-25,single,1,1,204820,False,GBCEJ2000104,False,2ZagwBX7kXRGC767ZVBt0H,5QXLMdpKeByOo5ypH9gT13; 5cAtakaadWHJLxmGKrKcX7; 5XcCraRoLy8cGR4zLJ2JGN,3QxSxnvXPvwjXM5jAYw4hC,https://open.spotify.com/track/2ZagwBX7kXRGC767ZVBt0H
2022-10-14T21:11:35Z,Nudes in My Bedroom,Sophie Hunter,Nudes in My Bedroom,Sophie Hunter,2021-05-28,single,1,1,157734,True,QMH3L2100001,False,5ETcymRw1Aa0yojpxSgJzW,3L2gl8O5cKVCbAnSWUFZxf,6RS17CdGQH49nZ1NeXe5fN,https://open.spotify.com/track/5ETcymRw1Aa0yojpxSgJzW
2022-10-14T15:08:56Z,Gimme,BANKS,III,BANKS,2019-07-12,album,1,2,219493,True,USUM71904862,False,2J4T0IOIZjQhLzosKPR2PN,2xe8IXgCTpwHE3eA9hTs4n,0oXzdlZ9duItTwmJLXbAfo,https://open.spotify.com/track/2J4T0IOIZjQhLzosKPR2PN
2022-10-12T23:39:36Z,Black Smoke Rising,Greta Van Fleet,From The Fires,Greta Van Fleet,2017-11-10,album,1,8,259893,False,USUM71703681,False,32BEasyNQgqXQJKoVa0fUw,4NpFxQe2UvRCAjto3JqlSl,6uSnHSIBGKUiW1uKQLYZ7w,https://open.spotify.com/track/32BEasyNQgqXQJKoVa0fUw
2022-10-12T23:38:21Z,Stardust Chords,Greta Van Fleet,The Battle at Garden’s Gate,Greta Van Fleet,2021-04-16,album,1,7,297489,False,USUM72022659,False,07p7PALHp6ZcD5tmlbO94N,4NpFxQe2UvRCAjto3JqlSl,7kjLKy9JLbwM9F7eDQEnd2,https://open.spotify.com/track/07p7PALHp6ZcD5tmlbO94N
2022-10-11T23:56:09Z,Taking Me Back,Jack White,Fear Of The Dawn,Jack White,2022-04-08,album,1,1,239103,False,US3JJ2100635,False,37FjxvMhMjt3YRecpx7HsC,4FZ3j1oH43e7cukCALsCwf,46qeiLBu3KwqFQpJBT7t6B,https://open.spotify.com/track/37FjxvMhMjt3YRecpx7HsC
2022-10-11T23:56:01Z,Keeper,Reignwolf,Hear Me Out,Reignwolf,2019-03-01,album,1,6,186992,False,QMEZE1949993,False,7wZc7nmPQIoJ4xTW0iJcAd,66YGDwn22fjphzqGCSIbbK,6jPxwvFm0kcZzflrloQPuK,https://open.spotify.com/track/7wZc7nmPQIoJ4xTW0iJcAd
2022-10-04T16:36:52Z,Highway Tune,Greta Van Fleet,From The Fires,Greta Van Fleet,2017-11-10,album,1,5,180640,False,USUM71702892,False,7aOor99o8NNLZYElOXlBG1,4NpFxQe2UvRCAjto3JqlSl,6uSnHSIBGKUiW1uKQLYZ7w,https://open.spotify.com/track/7aOor99o8NNLZYElOXlBG1
2022-10-03T17:16:02Z,The Great White Buffalo,The Amboy Dukes,"Tooth, Fang & Claw",The Amboy Dukes,1974,album,1,6,297842,False,USA370525647,False,2RpK4rx8wfXJS1brkMDeT6,5cVLuEqb7aOHuzwssXHzWI,2b18Zkb0d2TbxlQFPfz7Wq,https://open.spotify.com/track/2RpK4rx8wfXJS1brkMDeT6
2022-10-01T23:26:53Z,It's a Long Way to the Top (If You Wanna Rock 'N' Roll),AC/DC,High Voltage,AC/DC,1976-05-14,album,1,1,302430,False,USEW17500002,False,7nemcVsXVFZF01iqpIIo2Y,711MCceyCBcFnzjGY4Q7Un,19AUoKWRAaQYrggVvdQnqq,https://open.spotify.com/track/7nemcVsXVFZF01iqpIIo2Y
2022-09-29T20:55:23Z,Plowed,Sponge,The Hits,Sponge,2011-11-07,single,1,1,204500,False,ushm91161604,False,5epWP5XLsOIZ6TUxJGuIMf,2JXDwIo5HsiwTcTPQytrZ8,0BuGQh196vz5gFegsj3UAh,https://open.spotify.com/track/5epWP5XLsOIZ6TUxJGuIMf
2022-09-22T04:42:05Z,Black Summer,Red Hot Chili Peppers,Black Summer,Red Hot Chili Peppers,2022-02-04,single,1,1,232412,False,USWB12105880,False,3a94TbZOxhkI9xuNwYL53b,0L8ExT028jH3ddEcZwqJJ5,4a6LkeTXHKjMQgf42wQnbH,https://open.spotify.com/track/3a94TbZOxhkI9xuNwYL53b
2022-09-15T01:44:33Z,Take My Breath Away,EZI,in between everything,EZI,2019-07-18,single,1,1,158446,False,QZ9731810024,False,3T9K3rHpNZrcXAnlMBIakW,6JINIoM2HUR5ZNTJwoR9eC,1ssO74VtSjbPQlf6sA0oNF,https://open.spotify.com/track/3T9K3rHpNZrcXAnlMBIakW
2022-09-12T15:58:50Z,Torture,Gramatik; Eric Krasno,The Age of Reason,Gramatik,2014-01-25,album,1,2,222550,False,USQY51417668,False,0RlzkgoKEXK6blBFCv3fyv,179BpmLkQCRIoU68Co80f5; 6tQIsqw6DrDfdoPwOrOD6k,4RXl0W689xl5vxaLQUNyYT,https://open.spotify.com/track/0RlzkgoKEXK6blBFCv3fyv
2022-09-06T17:16:21Z,Rocky Mountain Way,Godsmack,Live And Inspired,Godsmack,2012-05-28,album,2,1,241186,False,GBCBR1200141,False,5On8V1Wi6biKnUn8yjxQHU,6gZq1Q6bdOxsUPUG1TaFbF,4KvZhLes9MpE8IUZKhxiRF,https://open.spotify.com/track/5On8V1Wi6biKnUn8yjxQHU
2022-08-24T19:52:10Z,Bones,Imagine Dragons,Bones,Imagine Dragons,2022-03-11,single,1,1,165264,False,USUM72201759,False,0HqZX76SFLDz2aW8aiqi7G,53XhwfbYqKCa1cC15pYq2q,1Q9SnHWPNEjVM0LrBFvJ1q,https://open.spotify.com/track/0HqZX76SFLDz2aW8aiqi7G
2022-08-24T14:24:42Z,Surrender,Ash Grunwald,Shout Into The Noise,Ash Grunwald,2022-03-11,album,1,3,216244,False,AULI02142720,False,6RyLEghWsRDVcDuRxDg2FN,04HjibunL2jGRLEqVEMfZY,3xyQGSWqRqQGOe3tvz2t8t,https://open.spotify.com/track/6RyLEghWsRDVcDuRxDg2FN
2022-08-23T00:35:21Z,Edge of the Ocean,Stick Figure,Edge of the Ocean,Stick Figure,2022-08-12,single,1,1,295867,False,GBRKQ2277636,False,0SctzStskP74wkmBBXlmEn,5SXEylV07TC57eanSxxg4R,29TmBre90Vd3iE2pu8cDP1,https://open.spotify.com/track/0SctzStskP74wkmBBXlmEn
2022-08-18T21:38:23Z,Love Is Blindness,Jack White,Sixteen Saltines,Jack White,2012-07-10,single,1,2,198620,False,USSM11201952,False,1kBM7AURqQTIXFePNVpEwP,4FZ3j1oH43e7cukCALsCwf,0lPeJhxMC3gIYOv9lmdV6V,https://open.spotify.com/track/1kBM7AURqQTIXFePNVpEwP
2022-08-18T21:37:55Z,Centipede,Knife Party,Rage Valley,Knife Party,2012,single,1,2,246770,False,GBAHT1200224,False,0u2AIKDVafHwCFQ9LDnqxH,2DuJi13MWHjRHrqRUwk8vH,2KZKR8bLDZPUxOE6JhTh4X,https://open.spotify.com/track/0u2AIKDVafHwCFQ9LDnqxH
2022-08-16T19:12:51Z,Say Shh,Atmosphere; Slug; Ant,Say Shh,Atmosphere; Slug; Ant,2013-11-25,single,1,1,294160,True,USBWK1300117,False,5qggkgJKlYaEXmOBRCMACO,1GAS0rb4L8VTPvizAx2O9J; 6Lz3nv3y0hhdKkyrApFCZD; 71C1AXi9lDQXnSKZjeTYiI,7HYRZeu1mmjILYyiJrFutQ,https://open.spotify.com/track/5qggkgJKlYaEXmOBRCMACO
2022-08-16T01:31:52Z,Separate Ways (Worlds Apart) - Bryce Miller/Alloy Tracks Remix,Journey; Steve Perry,Separate Ways (Worlds Apart) [Bryce Miller/Alloy Tracks Remix],Journey; Steve Perry,2022-04-12,single,1,1,165074,False,USSM12203274,False,0muK9BAzu2TJXQgWPsEj6e,0rvjqX7ttXeg3mTy8Xscbt; 5xQKoGD7Ql92fWd1uWwKkf,0YzSA7G1hEayfUGlELIe5K,https://open.spotify.com/track/0muK9BAzu2TJXQgWPsEj6e
2022-08-13T09:54:03Z,Crazy On You,Heart,Dreamboat Annie,Heart,1975,album,1,3,293440,False,USCA28600007,False,5zH710lFSLtkHbMkslLDjR,34jw2BbxjoYalTp8cJFCPv,2N0AgtWbCmVoNUl2GN1opH,https://open.spotify.com/track/5zH710lFSLtkHbMkslLDjR
2022-08-13T09:54:03Z,Thunder Kiss '65,White Zombie,La Sexorcisto: Devil Music Volume 1,White Zombie,1992-01-01,album,1,3,234080,False,USIR10000377,False,4tvBoSWeIW0bjhKNre5mod,0CF71zaDOJWCynIkW9bSK8,6Cvv0qNSdZNf9o0j8EohoD,https://open.spotify.com/track/4tvBoSWeIW0bjhKNre5mod
2022-08-13T09:53:51Z,The Soul Cages,Sting,The Soul Cages,Sting,1991,album,1,8,351533,False,USAM19100292,False,3vDHLV1JoeSs1sKFuYxree,0Ty63ceoRnnJKVEYP0VQpk,5bdLY9rbyqZduRw5ySy0eX,https://open.spotify.com/track/3vDHLV1JoeSs1sKFuYxree
2022-08-13T09:53:44Z,Loser,Beck,Mellow Gold,Beck,1994-03-01,album,1,1,235000,False,USGF19463401,False,5PntSbMHC1ud6Vvl8x56qd,3vbKDsSS70ZX9D2OcvbZmS,0iIGP4Sxw3KR4OCFv2yvz8,https://open.spotify.com/track/5PntSbMHC1ud6Vvl8x56qd
2022-08-13T09:53:07Z,Woodstock (Psychedelic Fiction),Jon Bellion,Woodstock (Psychedelic Fiction),Jon Bellion,2015-03-31,single,1,1,282500,False,USUM71503036,False,0Do59HJNKcUliLc888Y2eT,50JJSqHUf2RQ9xsHs0KMHg,6wtd9JG4eEefueLT5iz49z,https://open.spotify.com/track/0Do59HJNKcUliLc888Y2eT
2022-08-13T09:53:06Z,Black Hole Sun,Soundgarden,Superunknown,Soundgarden,1994-01-01,album,1,7,318000,False,USAM19400007,False,7fURZRPkB2S70sYR1naKTK,5xUf6j4upBrXZPg6AI4MRK,1xHWwGSoF1DNE4hqgBRkJX,https://open.spotify.com/track/7fURZRPkB2S70sYR1naKTK
2022-08-13T09:53:03Z,Bones,Imagine Dragons,Mercury - Acts 1 & 2,Imagine Dragons,2022-07-01,album,2,1,165264,False,USUM72201759,False,54ipXppHLA8U4yqpOFTUhr,53XhwfbYqKCa1cC15pYq2q,6yiXkzHvC0OTmhfDQOEWtS,https://open.spotify.com/track/54ipXppHLA8U4yqpOFTUhr
2022-08-13T09:53:02Z,Cochise,Audioslave,Audioslave,Audioslave,2002,album,1,1,222026,False,USSM10211584,False,4OCzAGgyWsUKpdWufYywZm,2ziB7fzrXBoh1HUPS6sVFn,7ysDeat0kDelEE7M6MUwXZ,https://open.spotify.com/track/4OCzAGgyWsUKpdWufYywZm
2022-07-23T16:19:17Z,Where The River Flows,Collective Soul,Collective Soul,Collective Soul,1995-03-14,album,1,6,215866,False,USAT29500016,False,4bGqztBI8a5tpT6mFbD2qS,4e5V1Q2dKCzbLVMQ8qbTn6,08mlRJfOvmReyulRoBkbyQ,https://open.spotify.com/track/4bGqztBI8a5tpT6mFbD2qS
2022-07-20T20:52:09Z,Drink You Away,Justin Timberlake,The 20/20 Experience - 2 of 2 (Deluxe),Justin Timberlake,2013-09-27,album,1,7,331133,False,USRC11301020,False,4pEaGoTSSU7YKu4hqor9Na,31TPClRtHm23RisEBtV3X7,5lYzReGzcSNF0Gx47wm6qU,https://open.spotify.com/track/4pEaGoTSSU7YKu4hqor9Na
2022-07-19T18:29:01Z,Faded,P.O.S; Lady Midnight,"Chill, dummy",P.O.S,2017-01-27,album,1,4,231480,False,QMLD61406199,False,6Ve6bvjOIpgqn6WiSG7Q0W,4sH7SLGP6BLOYDtcP6Lm47; 5ncbnjaTS2oErr80VvXmQr,1Jlt2mp0aew89zqL1S6l86,https://open.spotify.com/track/6Ve6bvjOIpgqn6WiSG7Q0W
2022-07-19T18:07:01Z,Smoke Baby,Hawksley Workman,Lover/Fighter,Hawksley Workman,2003-10-28,album,1,8,366173,False,CAM190300437,False,4Y3OCtqeVqhabIoUJXC7xu,6TXT0xgAes45U8vyHeCIZJ,78ofbt0qp6WPJSVCA4UkNe,https://open.spotify.com/track/4Y3OCtqeVqhabIoUJXC7xu
2022-06-21T19:51:23Z,The Lion The Beast The Beat,Grace Potter & The Nocturnals,The Lion The Beast The Beat (Deluxe Edition),Grace Potter & The Nocturnals,2012-01-01,album,1,1,326240,False,USHR11233686,False,6aSIJ3DHO1NpseR7yH89vT,23OknxGcY1i5xX1TRPilMj,2JcoZUEwztDoEKUiqd7Yk9,https://open.spotify.com/track/6aSIJ3DHO1NpseR7yH89vT
2022-06-13T18:56:08Z,Sunny Rain DayMoon,Eldren,Welcome to Deathville,Eldren,2015-08-06,album,1,4,205055,False,TCACH1571568,False,28dnQ3CRAPlz9Nf0MNXzSZ,5F24VT2NBrbVTIAOmzWBux,3NsqVoseaOaJd03WgiXieN,https://open.spotify.com/track/28dnQ3CRAPlz9Nf0MNXzSZ
2022-06-08T20:15:46Z,Jane Fonda,Mickey Avalon,Mickey Avalon,Mickey Avalon,2006-01-01,album,1,3,220306,True,USUM70614397,False,0Y2QejubtJugRGvfPgOQ1w,546WiMGysEqWZTzP8hJvB2,3UG9rC8sFazZjbzCsS4tWV,https://open.spotify.com/track/0Y2QejubtJugRGvfPgOQ1w
2022-06-08T20:09:22Z,Kiss the Sky,Shawn Lee's Ping Pong Orchestra,Voices and Choices,Shawn Lee's Ping Pong Orchestra,2006-01-30,album,1,4,218746,False,USUR40720704,False,2MBlKZ8cSN8OmsIhWBH9ci,4a9trpOGiMh1H2xMOiDYLR,6ywvVKWZAMIm4elQEs6KsB,https://open.spotify.com/track/2MBlKZ8cSN8OmsIhWBH9ci
2022-06-08T20:03:47Z,Gilded Walls,Will Hoge,My American Dream,Will Hoge,2018-10-05,album,1,1,259156,False,QZ7221800013,False,4bQV0BUo6BHY202awgVF4l,6a8DSomMqspxk3s3WlBjNT,5YDALJFjfDbIo2aVf3xWAa,https://open.spotify.com/track/4bQV0BUo6BHY202awgVF4l
2022-06-08T19:50:43Z,Fortune Teller,Xavier Rudd,Food In The Belly,Xavier Rudd,2005-01-01,album,1,4,206360,False,CAR440500004,False,5CDEX5cmjHeYhkj7u9zcbo,5lbM4g6bhxjNX7R5QHP2nD,0Pp0Rf05GuUQfeksQnVV0G,https://open.spotify.com/track/5CDEX5cmjHeYhkj7u9zcbo
2022-06-08T19:35:07Z,It's The Chemicals,Inspired Flight; Scarub,We All Want To Fly,Inspired Flight,2010-05-07,album,1,1,391840,False,US3ZU1000001,False,3JkyHqVIssTkhasEOBQiie,6CbqHLO8XZxVwl4hIsE0eN; 5PoVrbY9H4087ewtuXU7zL,3GSHTa1Uivt8ZaekL2Vlcn,https://open.spotify.com/track/3JkyHqVIssTkhasEOBQiie
2022-06-08T18:59:51Z,Used To,Mutemath,Vitals,Mutemath,2015-11-13,album,1,8,255200,False,QM2X31500108,False,2YCi9lbn6SErTcNExuyrpK,1J9Z9bhqkgyqseEi85cbyx,2I6hgdCF7Ty8OkRKdFOmas,https://open.spotify.com/track/2YCi9lbn6SErTcNExuyrpK
2022-05-31T16:45:34Z,Training Wheels,Melanie Martinez,Cry Baby (Deluxe Edition),Melanie Martinez,2015-08-14,album,1,7,205680,True,USAT21501938,False,3EGW6TGGbdk6Ys1Y3HU3lj,63yrD80RY3RNEM2YDpUpO8,5JpH5T1sCYnUyZD6TM0QaY,https://open.spotify.com/track/3EGW6TGGbdk6Ys1Y3HU3lj
2022-05-31T16:09:01Z,Show & Tell,Melanie Martinez,K-12,Melanie Martinez,2019-09-06,album,1,4,215972,True,USAT21902528,False,7po7c8LzxTZ0ybU41qT5gD,63yrD80RY3RNEM2YDpUpO8,1KerGJUScYGffP3Mjmjz8c,https://open.spotify.com/track/7po7c8LzxTZ0ybU41qT5gD
2022-05-26T21:01:45Z,Camel Walk,Southern Culture on the Skids,Dirt Track Date,Southern Culture on the Skids,1995-01-01,album,1,5,156906,False,USGF19582105,False,6vZWOl1dkLGOydL7V2Q51g,1iJMsMDmedV0N4NZ2gAtcQ,6AfUsElusCOyhK9g9OfV7u,https://open.spotify.com/track/6vZWOl1dkLGOydL7V2Q51g
2022-05-06T18:50:42Z,Outshined - Remastered 2016,Soundgarden,Badmotorfinger (25th Anniversary Remaster),Soundgarden,1991-10-08,album,1,2,311000,False,USAM19104304,False,4VwPsMcRt1HPVKIdcwY9Uj,5xUf6j4upBrXZPg6AI4MRK,2W6MaUiInBkna5DfBES4E3,https://open.spotify.com/track/4VwPsMcRt1HPVKIdcwY9Uj
2022-04-20T17:09:46Z,Rx (Medicate),Theory of a Deadman,Wake Up Call,Theory of a Deadman,2017-10-27,album,1,2,233173,True,NLA321700228,False,2UZtI2HUyLRzqBjodvcUmY,74eX4C98E4FCrAMl39qRsJ,1P2L7DD1DCqb0VfpMyByLl,https://open.spotify.com/track/2UZtI2HUyLRzqBjodvcUmY
2022-04-12T00:09:20Z,Love Me Easy,ANORA; Stick Figure; Walshy Fire,Love Me Easy,ANORA; Stick Figure; Walshy Fire,2022-03-04,single,1,1,170016,False,QZ5FN2239271,False,11Y4VVU6MTBtuSO116rsfG,08qMY0OdGmQNEuSLmyzeyo; 5SXEylV07TC57eanSxxg4R; 3yJLZoq3Ra2VmSW5teVgih,6gzFhQHXfMpwha4ZvNBngj,https://open.spotify.com/track/11Y4VVU6MTBtuSO116rsfG
2022-04-06T13:45:44Z,Wind of Change (feat. Brandon Boyd of Incubus & Portugal. The Man),AWOLNATION; Incubus; Portugal. The Man; Brandon Boyd,Material Girl (feat. Taylor Hanson of Hanson),AWOLNATION; Hanson,2022-04-01,single,1,3,309066,False,USDPK2100153,False,2B67LkB8Oo2WGMj4Ssk1Ti,4njdEjTnLfcGImKZu1iSrz; 3YcBF2ttyueytpXtEzn1Za; 4kI8Ie27vjvonwaB2ePh8T; 0QmjlE852mAIaEt2IpBquO,5nfPvmgxIqQnGR8J9n8WUh,https://open.spotify.com/track/2B67LkB8Oo2WGMj4Ssk1Ti
2022-04-06T13:45:43Z,Beds Are Burning (feat. Tim Mcllrath of Rise Against),AWOLNATION; Rise Against,Material Girl (feat. Taylor Hanson of Hanson),AWOLNATION; Hanson,2022-04-01,single,1,2,246695,False,USDPK2100147,False,5u1JcdLm5JdjoT5GYWz8Jn,4njdEjTnLfcGImKZu1iSrz; 6Wr3hh341P84m3EI8qdn9O,5nfPvmgxIqQnGR8J9n8WUh,https://open.spotify.com/track/5u1JcdLm5JdjoT5GYWz8Jn
2022-04-06T13:45:41Z,Material Girl (feat. Taylor Hanson of Hanson),AWOLNATION; Hanson,Material Girl (feat. Taylor Hanson of Hanson),AWOLNATION; Hanson,2022-04-01,single,1,1,249240,False,USDPK2100152,False,7IyRPhyQIRoCSBnLNLbM36,4njdEjTnLfcGImKZu1iSrz; 0SdiiPkr02EUdekHZJkt58,5nfPvmgxIqQnGR8J9n8WUh,https://open.spotify.com/track/7IyRPhyQIRoCSBnLNLbM36
2022-04-05T23:28:02Z,Smooth,Connor Price,Smooth,Connor Price,2022-04-01,single,1,1,137264,False,QZES72202168,False,4fI6dj7tYo7THZE5EJwPHZ,5zixe6AbgXPqt4c1uSl94L,78vpDD60PJ8zJx19YP5qcj,https://open.spotify.com/track/4fI6dj7tYo7THZE5EJwPHZ
2022-04-04T22:25:23Z,Bad Lieutenant,The Sheepdogs,Future Nostalgia,The Sheepdogs,2015-10-02,album,1,5,220949,False,CAW111500029,False,3GqTbygB04NZcEihPvt8ZH,4U33udokhmKATsu8UoqUEN,0cXmrJfcCVqQpJ1rT8UgoE,https://open.spotify.com/track/3GqTbygB04NZcEihPvt8ZH
2022-04-04T19:55:32Z,Can't You See,Black Stone Cherry,Between the Devil & the Deep Blue Sea (Special Edition),Black Stone Cherry,2011-05-27,album,1,8,211160,False,NLA321191007,False,7avvBGQq0tH4nY95guF7fP,6WMo39FU3nrpSz3qMgRKug,5VppVyy751PTQWrfJbrJ4H,https://open.spotify.com/track/7avvBGQq0tH4nY95guF7fP
2022-04-04T19:35:00Z,Santa Monica,Everclear,Sparkle And Fade,Everclear,1995-05-11,album,1,4,191506,False,USCA29500185,False,37EJtTS7jT5WUyXGZzrwnI,694QW15WkebjcrWgQHzRYF,27qNa5ef0TpYV17dBY01U0,https://open.spotify.com/track/37EJtTS7jT5WUyXGZzrwnI
2022-04-04T19:34:54Z,Hello Operator,The White Stripes,De Stijl,The White Stripes; Jack White,2000-06-20,album,1,2,156266,False,USVT10200068,False,7zPxIh1c3kJaNwmjdZ3GQX,4F84IBURUo98rz4r61KF70,3jqKVacx9hnu47kCAG55T3,https://open.spotify.com/track/7zPxIh1c3kJaNwmjdZ3GQX
2022-04-04T19:34:53Z,Dead & Bloated,Stone Temple Pilots,Core,Stone Temple Pilots,1992-09-29,album,1,1,310266,True,USAT29200008,False,658Ng56tIu4gb5gFDuXNcY,2UazAtjfzqBF0Nho2awK4z,7k1YOwYf369EX0aHeXApWp,https://open.spotify.com/track/658Ng56tIu4gb5gFDuXNcY
2022-04-04T19:34:47Z,Hunger Strike,Temple Of The Dog,Temple Of The Dog,Temple Of The Dog,1990-01-01,album,1,3,246266,False,USAM10000264,False,0W7AbEauB7cP4pidLclApe,0iHb0mCbqZTYeb4y9Pirrd,63HdXCn0Xz1pRZc2GzMw7k,https://open.spotify.com/track/0W7AbEauB7cP4pidLclApe
2022-04-04T19:34:44Z,Cumbersome,Seven Mary Three,American Standard,Seven Mary Three,1995-09-05,album,1,2,236973,False,USAT20901831,False,6u1yKoh00WaoSpNp46RzKF,2zsLaQhHFdQPdFXqG1nRmM,4IWy4QGftrQZLLvN6Dq4Lm,https://open.spotify.com/track/6u1yKoh00WaoSpNp46RzKF
2022-04-01T20:34:40Z,I Can't Breathe,H.E.R.,I Can't Breathe,H.E.R.,2020-06-19,single,1,1,287321,False,USRC12002085,False,4CPszpSnlbgnQLIQYyzIR2,3Y7RZ31TRPVadSFVy1o8os,2izdMqMVUz0VSg2jTZIdU5,https://open.spotify.com/track/4CPszpSnlbgnQLIQYyzIR2
2022-03-26T21:20:32Z,Bound For The Floor,Local H,As Good As Dead,Local H,1996-01-01,album,1,3,222960,False,USIR29600091,False,3cbTV3IZZvSBYVcl0xuZbY,415JrPfN7ukaTu8JV8BLE8,4DY4LZwEjx7zZ3tYtJG5Pl,https://open.spotify.com/track/3cbTV3IZZvSBYVcl0xuZbY
2022-03-24T00:59:57Z,Enemy - From the series Arcane League of Legends,Imagine Dragons; Arcane; League of Legends,Enemy (from the series Arcane League of Legends),Imagine Dragons; Arcane; League of Legends,2021-10-27,single,1,1,173381,False,USUM72120989,False,5UlnuulVAVmmesw4VzqHdG,53XhwfbYqKCa1cC15pYq2q; 57nPqD7z62gDdq37US9XJR; 47mIJdHORyRerp4os813jD,2Y9Kal9IDz6JphsCfY6GzG,https://open.spotify.com/track/5UlnuulVAVmmesw4VzqHdG
2022-03-23T19:11:26Z,Tangerine Sky,Kottonmouth Kings,Rollin' Stoned,Kottonmouth Kings,2002-01-01,album,1,17,252106,True,USCA20200879,False,2U30Cro2IHiKNJTiNb4Wqd,0jx4hPtb5enLdBDdHKuSgf,6W18Daunzb2pqUWnT33uqb,https://open.spotify.com/track/2U30Cro2IHiKNJTiNb4Wqd
2022-03-20T22:38:20Z,Stranglehold,Ted Nugent,Ted Nugent,Ted Nugent,1975,album,1,1,503066,False,USSM19804011,False,2f0P7iELCvAlV8j6Z3rGDE,21ysNsPzHdqYN2fQ75ZswG,71SdSYZuuy7fCWbx0iqtac,https://open.spotify.com/track/2f0P7iELCvAlV8j6Z3rGDE
2022-03-18T21:09:21Z,Changes,Charles Bradley; The Budos Band,Changes,Charles Bradley,2016-04-01,album,1,5,360829,False,QMBZ91507227,False,1fOc4Kf82a6J1C9gS5sE0d,462T0buQ5ScBUQCRpodDRf; 5q4eLKmqFVP0xII8087PHz,7g7WzMzTLLOyTSzVUnJACI,https://open.spotify.com/track/1fOc4Kf82a6J1C9gS5sE0d
2022-03-13T20:00:19Z,Paranoid,Gus Black,Uncivilized Love,Gus Black,2003-05-20,album,1,7,205666,False,USI8R0301207,False,3nqSKoGyEBye8gONiIMYpl,77b9btQMi3W5bSfRedXSiu,4xhI5a5w58Z2YrhApiDws1,https://open.spotify.com/track/3nqSKoGyEBye8gONiIMYpl
2022-03-07T20:44:14Z,Thin Line,honeyhoney,Billy Jack,honeyhoney,2011,album,1,11,286013,False,QMY251100011,False,1BOH9Tv52qRLNJNaAVkVmZ,22tQF7y3PwRuU6ZWAV2oTM,5hUuD4UinYHY7tSL6nEBRu,https://open.spotify.com/track/1BOH9Tv52qRLNJNaAVkVmZ
2022-03-07T19:46:11Z,Rock On,David Essex,Rock On,David Essex,1973,album,1,5,204186,False,GBBBN9999918,False,0uPIwcT6OdJ5BAJdYkxVp9,46n0cAhBmsRJZiX6GSFmbf,4yMLfb3f5fo7lPgHAUqx8P,https://open.spotify.com/track/0uPIwcT6OdJ5BAJdYkxVp9
2022-03-05T00:58:37Z,Enemy (with JID) - from the series Arcane League of Legends,Imagine Dragons; JID; Arcane; League of Legends,Mercury - Act 1,Imagine Dragons,2021-09-03,album,1,1,173381,False,USUM72119916,False,1HhNoOuqm1a5MXYEgAFl8o,53XhwfbYqKCa1cC15pYq2q; 6U3ybJ9UHNKEdsH7ktGBZ7; 57nPqD7z62gDdq37US9XJR; 47mIJdHORyRerp4os813jD,4fZIyJn2wKb51QPNnWYnqt,https://open.spotify.com/track/1HhNoOuqm1a5MXYEgAFl8o
2022-03-04T18:55:35Z,Black Lung Heartache,Joe Bonamassa,Dust Bowl,Joe Bonamassa,2011-03-22,album,1,5,254133,False,USMH51100079,False,4WPB8sqL2RayXfI9mcz0WM,2SNzxY1OsSCHBLVi77mpPQ,4J2xuF936SVnrgLtbRLbxM,https://open.spotify.com/track/4WPB8sqL2RayXfI9mcz0WM
2022-03-04T13:41:17Z,Epic,Faith No More,The Real Thing,Faith No More,1989,album,1,2,293653,False,GBANC8900003,False,4ReyTz0y3TGkX48wO3Llot,6GbCJZrI318Ybm8mY36Of5,6LEP3L94jnkqjOxYJWPRP0,https://open.spotify.com/track/4ReyTz0y3TGkX48wO3Llot
2022-03-04T02:34:36Z,Cult of Personality,Living Colour,Vivid (Expanded Edition),Living Colour,1988,album,1,1,294826,False,USSM18800018,False,5e3YOg6fIkP0wD5TyxcHOH,6Uhp7WA6sjm5ZL6Xz561de,532IlegHv3OfVGgyCFGBTs,https://open.spotify.com/track/5e3YOg6fIkP0wD5TyxcHOH
2022-02-17T20:11:41Z,Message Man,Twenty One Pilots,Blurryface,Twenty One Pilots,2015-05-15,album,1,11,240080,False,USAT21500604,False,4Oyl6oYSNeeZZP0OAxPVaU,3YQKmKGau1PzlVlkL1iodx,3cQO7jp5S9qLBoIVtbkSM1,https://open.spotify.com/track/4Oyl6oYSNeeZZP0OAxPVaU
2022-01-14T02:13:07Z,I Go Blind - 2019 Remaster,Hootie & The Blowfish,Cracked Rear View (25th Anniversary Deluxe Edition),Hootie & The Blowfish,1994-07-05,album,2,2,193186,False,USRH11901034,False,0ye53FFhP3oRFuaz5Ubcop,08ct2eZF5lUPdJpHwNKWof,4Oi5WVWO8C8zYKQ5K4GQTI,https://open.spotify.com/track/0ye53FFhP3oRFuaz5Ubcop
2022-01-13T23:04:02Z,Stand Up,Chali 2na,Manphibian Music - Against the Current EP.2,Chali 2na,2014-03-03,album,1,7,270192,True,TCABU1425777,False,2vc0JtSPHbUnTP4SANXOsq,1ZJlXFkFDBsjSuYyjVcMkk,2wZdW6zXgSrp6T60vrXglO,https://open.spotify.com/track/2vc0JtSPHbUnTP4SANXOsq
2022-01-13T22:49:58Z,Globetrottin,J.PERIOD; Masego; Shad; Rozwell,J.PERIOD Presents… Story To Tell (Chapter One),J.PERIOD,2021-04-30,single,1,3,232226,True,QMRSZ2003369,False,3cklr0OJrtIC6h8vGlEXZD,1MGyQRNDBHqVYkW1nNKRBv; 3ycxRkcZ67ALN3GQJ57Vig; 3DMLnbWoghgNw2DI24H0GN; 2cpbwPiqgvzIDDrxVkjQsq,5OiEXYcs5n96W4cz0x7Mio,https://open.spotify.com/track/3cklr0OJrtIC6h8vGlEXZD
2022-01-13T21:05:54Z,Blue on Black,Kenny Wayne Shepherd,Trouble Is...,Kenny Wayne Shepherd,1997-09-26,album,1,3,333733,False,USGI19700154,False,7GRq9NUgqhxPGUUksX02fk,1riHqX633Kup3mJAw8WR8p,1ODpJWe2bymqj4DyJfuBE9,https://open.spotify.com/track/7GRq9NUgqhxPGUUksX02fk
2022-01-13T20:23:51Z,My Immortal,Evanescence,Fallen,Evanescence,2003-03-04,album,1,4,262533,False,USWU30200104,False,4UzVcXufOhGUwF56HT7b8M,5nGIFgo0shDenQYSE0Sn7c,02w1xMzzdF2OJxTeh1basm,https://open.spotify.com/track/4UzVcXufOhGUwF56HT7b8M
2022-01-13T20:14:01Z,Still Waiting,Sum 41,Does This Look Infected?,Sum 41,2002-01-01,album,1,4,158733,True,USIR20200792,False,0jqK7sGTLsHPkQrrcrGuKD,0qT79UgT5tY4yudH9VfsdT,2iOJEUCKJaYseov1qA8ot8,https://open.spotify.com/track/0jqK7sGTLsHPkQrrcrGuKD
2022-01-10T21:10:09Z,Remedy,Seether,Karma and Effect,Seether,2005-01-01,album,1,2,207213,False,USWU30500016,False,5ynxx6zC4dgzsMHLYQ04Dc,6B5c4sch27tWHAGdarpPaW,1C5xrwfzgDM0hz7Kb035V3,https://open.spotify.com/track/5ynxx6zC4dgzsMHLYQ04Dc
2022-01-10T18:56:16Z,The Chain,Tantric,After We Go,Tantric,2004,album,1,6,261066,False,USMV20300248,False,2udH5GC1eOzzqcoJUyEC7y,4tMZahYVKJdjbC1GHVtNnV,4eCXCgWjOMk3q8qvBVuwE8,https://open.spotify.com/track/2udH5GC1eOzzqcoJUyEC7y
2022-01-08T03:22:30Z,Love Stinks,The J. Geils Band,Love Stinks,The J. Geils Band,1980,album,1,6,224560,False,USCA28000085,False,3K9QlS0VCtkzUvo0HY75VE,69Mj3u4FTUrpyeGNSIaU6F,1hBb3CO8tJYgElXGvrA8Vj,https://open.spotify.com/track/3K9QlS0VCtkzUvo0HY75VE
2021-12-29T21:22:45Z,Death Blooms,Mudvayne,L.D. 50,Mudvayne,2000-08-13,album,1,5,291933,True,USSM10011159,False,3Y4rNagSf2IukhcOTWYJuV,2Pfv2w8a20xzC7Dr7QXRqM,79cxLehm2WE9NMIRcJaqK9,https://open.spotify.com/track/3Y4rNagSf2IukhcOTWYJuV
2021-12-29T21:22:40Z,Dig,Mudvayne,L.D. 50,Mudvayne,2000-08-13,album,1,2,162293,True,USSM10010700,False,7vrLphPq4yjaX7jiDdd2Nc,2Pfv2w8a20xzC7Dr7QXRqM,79cxLehm2WE9NMIRcJaqK9,https://open.spotify.com/track/7vrLphPq4yjaX7jiDdd2Nc
2021-12-13T20:23:38Z,Whiskey,Villebillies,Villebillies,Villebillies,2006-01-01,album,1,2,163320,True,USUM70606605,False,5k01QGZtT6ahch28urCV5R,3EK1qh4gk3g6iTynGtXIs6,4LVFX307U6ucWge8QHbjUP,https://open.spotify.com/track/5k01QGZtT6ahch28urCV5R
2021-12-03T14:10:04Z,Surges,Beats Antique,Surges,Beats Antique,2021-12-03,single,1,1,309500,False,QZNJX2190200,False,6yDE8MLoGVYd3Phk069mnj,30DZgkaEYdezg2QMrMgrnm,7D46ggYFGDEOz6QrmrOOwk,https://open.spotify.com/track/6yDE8MLoGVYd3Phk069mnj
2021-11-26T02:13:47Z,Looking Down The Barrel Of A Gun,Beastie Boys,Paul's Boutique (20th Anniversary Edition / Remastered),Beastie Boys,1989-07-25,album,1,10,208453,False,USCA20807310,False,7mPfubAjo4PVuRqO84bHZb,03r4iKL2g2442PT9n2UKsx,1kmyirVya5fRxdjsPFDM05,https://open.spotify.com/track/7mPfubAjo4PVuRqO84bHZb
2021-11-22T22:18:14Z,Musta Got Lost - Live,The J. Geils Band,Blow Your Face Out (Live),The J. Geils Band,1976,album,1,4,394560,False,USAT20102523,False,05GTtG1ckPWfGOC0mHGJ0V,69Mj3u4FTUrpyeGNSIaU6F,7zSfk3zDDuCQqhwqWeALub,https://open.spotify.com/track/05GTtG1ckPWfGOC0mHGJ0V
2021-11-15T18:40:20Z,88 Lines about 44 Women,The Nails,Mood Swing,The Nails,1984,album,1,3,296640,True,USHM20755688,False,6YSF0u64K0xreRh1uOJuPw,2onSkuDhuGUdwQLOYVcEBD,5OHUOJZXL7usVIQI1BfdoV,https://open.spotify.com/track/6YSF0u64K0xreRh1uOJuPw
2021-11-14T14:55:52Z,Welcome Home,Coheed and Cambria,Good Apollo I'm Burning Star IV Volume One: From Fear Through The Eyes Of Madness,Coheed and Cambria,2005-01-15,album,1,3,374973,True,USSM10504239,False,42GP0xKtkolBnmqQRvSllO,3utxjLheHaVEd9bPjQRsy8,4nYsnQpTAQaPzrPc6rOsBN,https://open.spotify.com/track/42GP0xKtkolBnmqQRvSllO
2021-11-08T19:35:30Z,Big Time,Deca,The Ocean,Deca,2013-09-23,album,1,6,195889,False,TCABQ1315893,False,27kR4DOCntkzEvjGOtpr46,0Up3H1s9ME6FivFcOz6qte,76SSlGJc0aIc6eQE3CTIpt,https://open.spotify.com/track/27kR4DOCntkzEvjGOtpr46
2021-10-28T21:36:33Z,The Dead Don't Die,Sturgill Simpson,The Dead Don't Die,Sturgill Simpson,2019-06-13,single,1,1,231373,False,USAT21903303,False,4Ef1laInbBHGfn3qUMilBK,3vDpQbGnzRbRVirXlfQagB,0d2OrxfHnQVwchS6OyyUZQ,https://open.spotify.com/track/4Ef1laInbBHGfn3qUMilBK
2021-10-27T12:21:18Z,Joker & The Thief - Final Hour Mix,Wolfmother,Joker & The Thief (Final Hour Mix),Wolfmother,2018-12-14,single,1,1,151058,False,AUOXM1800133,False,6CMch6a8mtMJW9eUSDyq2C,3yEnArbNHyTCwMRvD9SBy4,0CgO3LhFBFq4nxaUaaAxKa,https://open.spotify.com/track/6CMch6a8mtMJW9eUSDyq2C
2021-10-02T14:11:22Z,Bang!,AJR,Bang!,AJR,2020-02-12,single,1,1,170858,False,QMRSZ2000128,False,53BHUFdQphHiZUUG3nx9zn,6s22t5Y3prQHyaHWUN1R1C,7B36GsLpC6IogfPjjkRlj3,https://open.spotify.com/track/53BHUFdQphHiZUUG3nx9zn
2021-09-23T23:53:05Z,Neighborhood (with Krayzie Bone & Prof),Tropidelic; Bone Thugs-N-Harmony; Prof; Krayzie Bone,Neighborhood (with Krayzie Bone & Prof),Tropidelic; Bone Thugs-N-Harmony; Prof,2021-09-17,single,1,1,227137,True,GBRKQ2185368,False,0c8evdQNBWPtimiOrk15zB,2SGFnb6c73UJd1vT6aGBMl; 5spEJXLwD1sKUdC2bnOHPg; 1LyTmnoxLipUwTEHWSRziG; 53B8dEQzmtefvkdCAkO0YR,1FKJMAtB80EITlI5kxD9Y1,https://open.spotify.com/track/0c8evdQNBWPtimiOrk15zB
2021-09-21T14:00:05Z,Classics Of Love,Common Rider,Last Wave Rockers,Common Rider,1999,album,1,1,141080,False,US4ZV1200036,False,4AeNe1ZPKFiPg57bvK6fti,69T2QHCVGz2Y4hbkkVqbqi,4vxxUgMgUuUPREQCHkhCXO,https://open.spotify.com/track/4AeNe1ZPKFiPg57bvK6fti
2021-09-07T11:45:10Z,Don't Worry Baby,Stan Walker; Celina Sharma,Don't Worry Baby,Stan Walker; Celina Sharma,2021-08-06,single,1,1,188797,False,NZSG02100015,False,6tRyCt9gs9dmkwnol4yCIP,7fRw4ouudxR1jHgyrTIKuY; 42daDEQTdYaqtHG5sH5HMD,46YTJxfd91hZwshFfS1Pwr,https://open.spotify.com/track/6tRyCt9gs9dmkwnol4yCIP
2021-09-06T22:11:03Z,He Got Game,Public Enemy; Stephen Stills,He Got Game (Soundtrack),Public Enemy,1998-04-21,album,1,2,286200,True,USDJ29800740,False,7aRGb3vZGMLNpK2PEdUjdA,6Mo9PoU6svvhgEum7wh2Nd; 4WlSvDKaq1PA2Nr7cCIPxX,265OEkRcX40ppxgHGuu4cI,https://open.spotify.com/track/7aRGb3vZGMLNpK2PEdUjdA
2021-08-26T19:13:02Z,Paradise,Stick Figure,Paradise,Stick Figure,2021-06-11,single,1,1,250397,False,USLZJ2147795,False,7LYP8spevMtQh0c2lUVxln,5SXEylV07TC57eanSxxg4R,4pBLC0RkDw24WL5QyDLn6s,https://open.spotify.com/track/7LYP8spevMtQh0c2lUVxln
2021-07-28T01:45:16Z,Whole Lotta Folsom,The Surreal McCoys,The Howl & The Growl,The Surreal McCoys,2015-09-11,album,1,5,236600,False,US3DF1535029,False,1mxnIyCo0WO4iImx6kL3K9,6IUrkUlePukrMPEPEpfrWe,2xEqDbCDegFUONvq4V7V62,https://open.spotify.com/track/1mxnIyCo0WO4iImx6kL3K9
2021-07-23T01:24:58Z,Polaroid,Imagine Dragons,Smoke + Mirrors (Deluxe),Imagine Dragons,2015-02-17,album,1,6,230013,False,USUM71417932,False,4pi0bMabPeL0wFh0pnparC,53XhwfbYqKCa1cC15pYq2q,31nNzJE8ZbxRsG9YB9P6zj,https://open.spotify.com/track/4pi0bMabPeL0wFh0pnparC
2021-07-19T22:12:50Z,I Like Beer,Tom T. Hall,"Tom T. Hall - Storyteller, Poet, Philosopher",Tom T. Hall,1995-11-14,compilation,2,13,173840,False,USPR37507299,False,7pN6VXqfhGqxCepdsYrZdi,1SvG3y1gYAFOsv9785Xu9T,4qQ1NP44gl68QCEMkplLmc,https://open.spotify.com/track/7pN6VXqfhGqxCepdsYrZdi
2021-07-19T21:05:53Z,Inside Out,Pickin' On Series; The Sidekicks,Pickin' on the 90s,Pickin' On Series; The Sidekicks,2016-04-15,album,1,1,211025,False,USEWC1690005,False,238T0ZNKZbpp28cnqbuRYz,6AEIKVwB27miPI3uJxM4Dw; 0cuataW2AnHzeTbA2ERBYI,3QB8bU45ibOECYMejZuVAi,https://open.spotify.com/track/238T0ZNKZbpp28cnqbuRYz
2021-07-19T16:17:53Z,"Austin, TX Blues",Netherfriends; Blake Rules,Blues Trap 2,Netherfriends,2017-06-30,album,1,7,158608,True,UST8K1714892,False,21CVUn10FKOOMQDIU4rBvk,5nYfBUxnHtI6LAp32fl9qY; 5cdbXEnJgop6zjIxn4ljZ8,6H0rqlMrAyJkmCGSEQmOgS,https://open.spotify.com/track/21CVUn10FKOOMQDIU4rBvk
2021-07-18T22:27:32Z,Beggin',Madcon,Conquest,Madcon,2009-01-01,album,1,2,218706,False,NOBLV0703011,False,4YeKAwFn69ehnciOfi7Sbf,6c4sUNBgdonFJz8Kx2VsGz,7wZkqIpYypNxkR93nDucc5,https://open.spotify.com/track/4YeKAwFn69ehnciOfi7Sbf
2021-07-15T19:35:06Z,Notorious Thugs - 2014 Remaster,The Notorious B.I.G.,Life After Death (2014 Remastered Edition),The Notorious B.I.G.,1997-03-04,album,1,13,366880,True,USAT21402735,False,19FsxX4RthRMZGfXkImdCb,5me0Irg2ANcsgc93uaYrpb,7dRdaGSxgcBdJnrOviQRuB,https://open.spotify.com/track/19FsxX4RthRMZGfXkImdCb
2021-07-13T13:23:09Z,Red Fish,Matthew Logan Vasquez,Does What He Wants,Matthew Logan Vasquez,2017-04-21,album,1,5,152653,False,CADE71700318,False,5ubOQBsFLAwQxylxutmLba,4ndN8LWSsLWQqbWVJD8miG,7CotMBWgoXIsmUeGMsj2Pg,https://open.spotify.com/track/5ubOQBsFLAwQxylxutmLba
2021-07-13T13:20:23Z,Humble,Scary Pockets; Mia Dyson,Scary Pockets,Scary Pockets,2017-06-01,album,1,8,181000,True,QM2PV1745849,False,7jmkZLUZbuiNjBCgp7BLYf,1e16kiJQtCTveTl7TQnkFN; 5QSZl73T85ZpZGAHSDIED6,7mP5IL6jvhydFzYv3iIicC,https://open.spotify.com/track/7jmkZLUZbuiNjBCgp7BLYf
2021-07-10T17:00:22Z,Everything You Do,Cody Sherman,Everything You Do,Cody Sherman,2020-05-15,single,1,1,179154,False,GBWUL2076128,False,2LREhiEmohMPPAfASUErHd,5BCBTcz3o3Uv5KRTHSSCsa,194g7ZlAYOHw9Lmdx9bikf,https://open.spotify.com/track/2LREhiEmohMPPAfASUErHd
2021-07-10T01:29:44Z,Rocky Roads,Beat Fatigue; Joe Newton,Algorhythm & Blues,Beat Fatigue,2017-10-27,single,1,6,316097,False,USQY51784275,False,74Q7d500hcKFjSXh5kpfG6,02m3zUZ22DsQCXQsjjSCwQ; 66DRCybnaEyb52neuFgE8Z,16HNRTs4I5gRarh5BkAHS8,https://open.spotify.com/track/74Q7d500hcKFjSXh5kpfG6
2021-07-10T01:27:57Z,Hurricane,Possessed by Paul James,There Will Be Nights When I'm Lonely,Possessed by Paul James,2013-10-29,album,1,1,216373,False,QMMAB1300301,False,0AWTnLjsI35kcKI3uCR5Bp,3OKWUEJ7JsoqJdsgtviUvk,2lUhtEbuVWlZXPHSeYqSwe,https://open.spotify.com/track/0AWTnLjsI35kcKI3uCR5Bp
2021-07-10T01:18:50Z,Squad Goals,Prof,Powderhorn Suites,Prof,2020-11-13,album,1,2,200920,True,USBWK2000005,False,5KnRZlqdf0xcUkZ2g2kKl6,1LyTmnoxLipUwTEHWSRziG,6tXIQnsK1yWm4Y1NQv9vWC,https://open.spotify.com/track/5KnRZlqdf0xcUkZ2g2kKl6
2021-07-10T01:13:38Z,Is You Is,High Step Society,High Step Society,High Step Society,2017-05-23,album,1,1,318066,False,QM2PV1721099,False,0nDhyuksUWPlJj02W8ELht,6IyotS9yw327fKUu94R1jZ,2b6UBneLrIV6riYWxO3O4E,https://open.spotify.com/track/0nDhyuksUWPlJj02W8ELht
2021-07-10T00:36:02Z,Miss Prince,Hey Steve,The Prince & the Duke,Hey Steve,2017-09-08,single,1,1,167292,False,GBKPL1782301,False,4vIcKCVTVXwTV7r6Ji0LfP,1dEy8GyHa99GlK0dYuOmjo,5JO2YET88cMD5JO2liRzTt,https://open.spotify.com/track/4vIcKCVTVXwTV7r6Ji0LfP
2021-07-05T22:29:05Z,You Don't Own Me,The Pack a.d.,You Don't Own Me,The Pack a.d.,2021-06-15,single,1,1,161819,False,CAM372100088,False,4lYE7cFMbic0lo0mnSeldT,2gbOUPIhea9nrCmAeZBgpo,0MudFMVPkNBtij72VQZd61,https://open.spotify.com/track/4lYE7cFMbic0lo0mnSeldT
2021-06-22T15:40:45Z,Que Sera,Wax Tailor,Tales of the Forgotten Melodies,Wax Tailor,2005-02-22,album,1,2,164093,False,FRP180400180,False,0lnfcWRREvnGtXPP2ZDeq7,3qwxSif06Qwzykdln8ZGfG,1sWIbvCurzF7ZVFYWjLGQO,https://open.spotify.com/track/0lnfcWRREvnGtXPP2ZDeq7
2021-06-21T18:46:02Z,The City,Audiodub,The City,Audiodub,2015-12-21,album,1,3,197280,False,ushm81582810,False,1I61xgOTUzzrgzhN21AEiS,24BGBNXRAJG0QNUt5a7gRn,1f3BjpcFrQDvpjaary06Ke,https://open.spotify.com/track/1I61xgOTUzzrgzhN21AEiS
2021-06-21T17:00:51Z,Movement I,Opiuo; Syzygy Orchestra,Opiuo X Syzygy Orchestra Live at Red Rocks,Opiuo,2018-09-21,album,1,1,900027,False,QM6MZ1893285,False,2d1Y7GgY5ZVldZJrXsog1I,69Fy7EM9qAFPdKSKLFU66b; 5p3l7cRKWCVLxR63bUUaSD,2QxAHzLAHdw2aef1otPnfr,https://open.spotify.com/track/2d1Y7GgY5ZVldZJrXsog1I
2021-06-02T19:39:27Z,Dive Bar,SonReal,The Aaron LP,SonReal,2019-05-10,album,1,5,243323,True,CABD61805508,False,0PKW3hunsRco6ciFM7tzNW,2OlZK0VIzr7wQYSrj9bOvF,1ouC1gY1mZhoXlz1FHSyv6,https://open.spotify.com/track/0PKW3hunsRco6ciFM7tzNW
2021-06-02T15:24:08Z,The Digital - The Funk Hunters & Defunk Remix,Elephant Heart; Defunk; The Funk Hunters,The Digital (Remixes),Elephant Heart,2019-08-21,single,1,2,211335,False,QMRSZ1901826,False,0qEWe3qaFhkwFCbsZIBwo9,2nwPBvsuf070C7KYSWoXbD; 79OsU8JudFdMQxQTnyOJcF; 5xwd7lKJeb2opUvYZnXFut,3cm8HMCJJzEX36qmtjsXBd,https://open.spotify.com/track/0qEWe3qaFhkwFCbsZIBwo9
2021-05-25T23:11:16Z,Opera (feat. Method Man),King Green; Method Man,Opera (feat. Method Man),King Green,2017-02-03,single,1,1,215379,True,QM3G81500016,False,6EQpEdfZbstC0rNsHnVXZW,3jivTPQnC8Vupqc3EFO33c; 4VmEWwd8y9MCLwexFMdpwt,5XsXpckf8C5wRAQIEXOWrp,https://open.spotify.com/track/6EQpEdfZbstC0rNsHnVXZW
2021-05-25T23:07:30Z,Sweet Potato,Mouthe,NUVO,Mouthe,2018-11-23,album,1,1,204335,False,SENAA1802101,False,3e0dIpJ3hizKF0kkYADs0B,2UpHA2eVJzcaLsZxb8n8dC,6hx6a4jdBR7ZU4GA4NU401,https://open.spotify.com/track/3e0dIpJ3hizKF0kkYADs0B
2021-05-25T22:52:17Z,All I Know,Moontricks,All I Know,Moontricks,2020-03-19,single,1,1,278163,False,CAF5R2000009,False,1QnWD006LK3MyyxjHpvp1i,6o52orvClP7ba1qV4zMVlg,1ltgiNvWU8rhzT23FoPszl,https://open.spotify.com/track/1QnWD006LK3MyyxjHpvp1i
2021-05-25T22:45:31Z,Moreland Ave Blues,Daily Bread,Big Beat Ignition: Denver,Big Beat Records,2017-12-21,album,1,5,209316,False,USAT21705229,False,7qubZ8if1MLxDuMOF9N4et,4IsiG6RpDyRq6Frd2CvddW,50EUJODR8PKs4eDDbBROKI,https://open.spotify.com/track/7qubZ8if1MLxDuMOF9N4et
2021-05-21T21:46:00Z,Peanut Butter Waffles,Ryan Caraveo,Butterfly Boy,Ryan Caraveo,2019-08-23,album,1,9,193600,False,GBKPL1948192,False,1qRabaD5y56JZzQSm4qB0n,1PDE2MIJ4M6uvFJDrslazf,5qUsPNqjk5Iny7PZlR4Wn2,https://open.spotify.com/track/1qRabaD5y56JZzQSm4qB0n
2021-05-18T15:05:53Z,Night Owl,Magic Bronson,Evil Plans (Deluxe Edition),Magic Bronson,2019-06-07,album,1,4,217665,False,QZ9H31800027,False,615z20RW64xRKUQxhbXLtn,4YlhxCoA1qEgTHoOBaKu1t,0fXFG1Rjp14EDR5wo9s4js,https://open.spotify.com/track/615z20RW64xRKUQxhbXLtn
2021-05-18T14:24:29Z,Anthropocene,KR3TURE,Anthropocene,KR3TURE,2018-05-17,single,1,1,222680,False,CA5KR1812185,False,3FfIPZl02Le17YtcgATXmA,5Da6Z6taYuywICqGUwocwu,3sRsfOgWBdZB2DYb1Jjp3K,https://open.spotify.com/track/3FfIPZl02Le17YtcgATXmA
2021-05-11T15:36:05Z,Weed & Coffee,Mac Lethal,Congratulations,Mac Lethal,2016-09-13,album,1,7,202893,True,TCACR1625114,False,2koj51E9NVzkxeg1OtS7qc,37xeUAohEFPICmvIRw4jil,3FZayuqtkUcr5GlnzDg4LY,https://open.spotify.com/track/2koj51E9NVzkxeg1OtS7qc
2021-05-11T15:18:40Z,Lost Souls,Wrekonize,Lost Souls,Wrekonize,2017-05-05,single,1,1,239651,True,USZHR1600472,False,3KTkpwpJuJolu0yQ02y3rd,29BXWpk8CfbQ4DJW6B6U4E,5xEIEKVj9GmdHF6ghVFY1f,https://open.spotify.com/track/3KTkpwpJuJolu0yQ02y3rd
2021-05-10T21:42:32Z,White Rapper,Mouse Powell,White Rapper,Mouse Powell,2019-09-06,single,1,1,150461,True,TCAEK1906420,False,536NoVob9GBWqLvGLhThgZ,75kFbUAkohoxDCLjF7IOFn,0vDR4QfGBsvfmaacYYPpqO,https://open.spotify.com/track/536NoVob9GBWqLvGLhThgZ
2021-05-10T15:46:57Z,Bag Full of Money,Little Stranger,Techniques,Little Stranger,2017-05-19,single,1,1,242293,False,QMAAK1706258,False,3ZDzVMZoFTx1gMbQszGy6d,6nheJ1XoAkaKOLIgHzMbTq,5XtfeWyIfjKlR7Rmd2EJYv,https://open.spotify.com/track/3ZDzVMZoFTx1gMbQszGy6d
2021-05-05T15:37:22Z,The Wave,Akira The Don; Jordan B. Peterson,JBPWAVE: Genesis,Akira The Don; Jordan B. Peterson,2018-08-24,album,1,3,237333,False,QMPKX1801987,False,06is9OqnPi5oBwUf7Ehomy,14ep6TM2JzapH5nk7vaora; 3nf9BKnNUbIws0JOLVjxjV,1QlTmVBaL5aT6ews08b1Zc,https://open.spotify.com/track/06is9OqnPi5oBwUf7Ehomy
2021-05-05T15:27:29Z,Corruption - Extended,The Bennies; Dedmedics,Corruption,The Bennies,2017-03-15,single,1,2,403488,True,QM4TX1715046,False,33mPRcxKfzCQRSc6cORRxB,6Yj5HCixlAZjVkQStkHZZh; 1OCeO2spNcwq9mMIJZ2gAG,0GyF7MUfI6lrnK6uvWmfOs,https://open.spotify.com/track/33mPRcxKfzCQRSc6cORRxB
2021-05-03T22:07:56Z,1990 - Stylust Remix,G Yamazawa; Stylust,1990 (Stylust Remix),G Yamazawa; Stylust,2019-03-06,single,1,1,159533,True,QZ5FN1946883,False,7vqDqCIQGY9qpaDqHk0wTs,35sCbpXiMjkqDBIvlAhfJF; 2Y1LgWOVPz5m1qCuzkWEQu,1mqlemibcHDBPA7nMtmG87,https://open.spotify.com/track/7vqDqCIQGY9qpaDqHk0wTs
2021-05-03T22:06:22Z,14400 Minutes,Connor Gilbert,Vol. 1,Connor Gilbert,2015-08-21,album,1,9,141778,True,SEYOK1525874,False,4NAIQmjZHISqg5iEo760sk,53GTgmtK7gRkVGAwWDA3xS,2fx9u1rrv9npVW1yFXdJbI,https://open.spotify.com/track/4NAIQmjZHISqg5iEo760sk
2021-05-03T21:56:19Z,Pulse Drop,Jon Wayne and The Pain,Surrender,Jon Wayne and The Pain,2013-09-23,album,1,2,284226,False,TCABQ1352974,False,6CR5utyBHReZ3CYDakdA7D,67hZ51KVoV3WQ2Y5d8eG4r,5ZqP7PARp1vZXM17XkZ2sd,https://open.spotify.com/track/6CR5utyBHReZ3CYDakdA7D
2021-05-03T21:50:48Z,Definition of a Rap Flow Contest Entry,Jarv,"Jarvage, Vol. 1",Jarv,2016-04-22,album,1,3,216500,True,TCACN1694940,False,5QW9beM5cUZtRpy6Xyowtl,0GzsRlVbRZ1j4rkTlRNRXW,0ki8EwzV6kt1y4blCWP8iW,https://open.spotify.com/track/5QW9beM5cUZtRpy6Xyowtl
2021-05-03T21:41:22Z,Middle Earth (feat. Sammus),Ceschi; Factor Chandelier; Sammus,"Sad, Fat Luck",Ceschi; Factor Chandelier,2019-04-04,album,1,9,277680,True,USA2B1804317,False,55dG0La7vf18Zzzr0i0yFM,78t5ObID5m0cLVrpZernKV; 68XL9b5CHwRP50KMcVGl33; 1tc4LrAlQ8EmlauDoAvpBa,6v3ASWeNNKMDmnQUep1rdY,https://open.spotify.com/track/55dG0La7vf18Zzzr0i0yFM
2021-05-03T21:17:05Z,Black Boy Run,Lando Chill,The Boy Who Spoke to the Wind,Lando Chill,2017-06-23,album,1,7,224434,True,QM4TX1790569,False,2aFM9JOYRkr0AlkbVqbkoI,2TzDFGYjzVbaSEA3msOpqI,1c4ABtr2bO4vWgZzCcUGa4,https://open.spotify.com/track/2aFM9JOYRkr0AlkbVqbkoI
2021-04-29T21:01:21Z,Death to Mumble Rap,GAWNE; Luke Gawne; Mac Lethal; Futuristic; Crypt,Terminal,GAWNE; Luke Gawne,2020-01-24,album,1,3,297801,True,TCAEO1942829,False,1acbMHo0QqhJKhnNnzjSeY,7matqk3epcmZaikm34GB3T; 1NX2zROiF4IPG8w4TByAfs; 37xeUAohEFPICmvIRw4jil; 5Z5jUyiNvFaqp0EVyLNf0p; 1WIHbvNZTybCVHFMbzuGJo,3bEIACxb9pVXe37LMaA07y,https://open.spotify.com/track/1acbMHo0QqhJKhnNnzjSeY
2021-04-22T15:29:28Z,Cuz I Love You,Lizzo,Cuz I Love You,Lizzo,2019-04-19,album,1,1,179978,True,USAT21900754,False,6YdQgWSpsxhVeX6Xmv3IFJ,56oDRnqbIiwx4mymNEv7dS,6dFFcYQ8VhifgdKgYY5LYL,https://open.spotify.com/track/6YdQgWSpsxhVeX6Xmv3IFJ
2021-04-19T18:11:05Z,Mollie,C2 & The Brothers Reed,Mollie,C2 & The Brothers Reed,2019-07-05,single,1,1,270000,False,QMEZE1939853,False,1dWrwfFNfSE0tO9cgTB88r,1aDnw4btqUX7NVStVFwixS,2EHXQDxe6c3PeXmGx26mpU,https://open.spotify.com/track/1dWrwfFNfSE0tO9cgTB88r
2021-04-19T18:06:37Z,Autobeat Airbus,Optimus Rhyme,School the Indie Rockers,Optimus Rhyme,2006-01-01,album,1,9,179880,False,ushm20648206,False,3kOlBZpu1bCWImIfaI5k8N,5FNXMrUhgSTHLbzsmCfLlv,1hTGNRifiiSbA1q223bbHi,https://open.spotify.com/track/3kOlBZpu1bCWImIfaI5k8N
2021-04-19T17:58:47Z,Pickle Rick,Ekoh,The Detour,Ekoh,2018-06-05,album,1,6,211428,True,TCADQ1887045,False,0ByKkm4qqcDPtC2cPWo1wE,5lC7N2Mm9i92KSfW4opawO,01Qi78e8hwl9dlwWbRdRK0,https://open.spotify.com/track/0ByKkm4qqcDPtC2cPWo1wE
2021-04-19T16:44:10Z,Early One Morning,Big Hongry,Early One Morning,Big Hongry,2020-01-24,single,1,1,188000,False,CH7812036308,False,6ezKwotCuZRwTV0EmHiTQp,4AztPbvT5AR0bArHQKbxFW,3HzAKjWub2BfXidckon1Kt,https://open.spotify.com/track/6ezKwotCuZRwTV0EmHiTQp
2021-04-19T16:42:58Z,Love Thy Soul,Calimossa,Honey Days,Calimossa,2019-10-18,album,1,6,193500,False,QZHN71955977,False,39IVQWDepT4l8KMaPYNMnD,5JNB3hSkXlJODWH9EOYb5Q,73rSVRX6M2COmzW5YVofKJ,https://open.spotify.com/track/39IVQWDepT4l8KMaPYNMnD
2021-04-07T22:48:50Z,The Birds,Connor Price,The Birds,Connor Price,2020-10-16,single,1,1,147986,False,QZMEN2090451,False,6FlAr6KajWtmf7e0nzKQfd,5zixe6AbgXPqt4c1uSl94L,1X2ep2452Edctd0gUEtXhW,https://open.spotify.com/track/6FlAr6KajWtmf7e0nzKQfd
2021-04-07T22:46:43Z,Conversations,Watsky,x Infinity,Watsky,2016-08-19,album,1,14,219800,True,USUYG1106807,False,0jdyrjhFPPToJV0hZn4OmI,3mJ9GlkLzj8Ka7Z7EQaCMi,6CcTNttjHJN3WGR5igg4MR,https://open.spotify.com/track/0jdyrjhFPPToJV0hZn4OmI
2021-04-07T22:38:35Z,All Time Low - Acoustic,Jon Bellion,All Time Low (Acoustic),Jon Bellion,2016-02-26,single,1,1,222702,True,USUM71600928,False,6HHJxsLsk7clcPOaNEZfqW,50JJSqHUf2RQ9xsHs0KMHg,7vKcRcK336jJTMlUP65zrm,https://open.spotify.com/track/6HHJxsLsk7clcPOaNEZfqW
2021-04-06T15:32:52Z,My Oh My (feat. DaBaby),Camila Cabello; DaBaby,Romance,Camila Cabello,2019-12-06,album,1,4,171375,False,USSM11914257,False,3yOlyBJuViE2YSGn3nVE1K,4nDoRrQiYLoBzwC5BhVJzF; 4r63FhuTkUYltbVAg5TQnk,3Vsbl0diFGw8HNSjG8ue9m,https://open.spotify.com/track/3yOlyBJuViE2YSGn3nVE1K
2021-04-06T15:21:04Z,Señorita,Shawn Mendes; Camila Cabello,Shawn Mendes (Deluxe),Shawn Mendes,2019-06-19,album,1,1,190799,False,USUM71911283,False,6v3KW9xbzN5yKLt9YKDYA2,7n2wHs1TKAczGzO7Dd2rGr; 4nDoRrQiYLoBzwC5BhVJzF,0xzScN8P3hQAz3BT3YYX5w,https://open.spotify.com/track/6v3KW9xbzN5yKLt9YKDYA2
2021-04-06T13:48:02Z,Where The Road Forks,Atmosphere,The Day Before Halloween,Atmosphere,2020-10-30,album,1,1,242320,True,USBWK2000282,False,4Mi9OMjqXNXGZAJFcs3h9t,1GAS0rb4L8VTPvizAx2O9J,1e6ZalWPgGR0nfKEYdeLzJ,https://open.spotify.com/track/4Mi9OMjqXNXGZAJFcs3h9t
2021-04-05T21:04:05Z,Arabella,Arctic Monkeys,AM,Arctic Monkeys,2013-01-01,album,1,4,207356,False,GBCEL1300365,False,4FSm0Ca6Hzd7Vx7TpSfcSy,7Ln80lUS6He07XvHI8qqHH,6645HGh7ZOZSUTpqW9iYLR,https://open.spotify.com/track/4FSm0Ca6Hzd7Vx7TpSfcSy
2021-04-05T19:52:10Z,2young,Stop Light Observations,oRANGE.,Stop Light Observations,2020-10-21,album,1,1,225814,False,TCADW1882433,False,1JGwBWiSPVfTTpP5N5frel,2EOIjdzbFGRM87IvJU34JJ,0A6A8b1qnY9WApLW05Vohf,https://open.spotify.com/track/1JGwBWiSPVfTTpP5N5frel
2021-04-05T18:09:57Z,Next Level Style,Artifakts; Daily Bread,Next Level Style,Artifakts; Daily Bread,2018-06-01,single,1,1,223073,False,QZ5FN1884285,False,0gHSTedEgju8bv1IsDRF0D,31ZluoveJV6Rcms4NdQTIW; 4IsiG6RpDyRq6Frd2CvddW,35j60L9ebsog12GwcF5d58,https://open.spotify.com/track/0gHSTedEgju8bv1IsDRF0D
2021-04-05T17:29:00Z,Wolf Pack,Pigeon Hole,Chimp Blood,Pigeon Hole,2013-03-05,album,1,1,194570,True,CAU212000216,False,1aY9loVN1Qd1m9WBG4wECA,50gZGkC4xYd5vJUBEnXwXP,147Z27Ard04cxvtL9YOleS,https://open.spotify.com/track/1aY9loVN1Qd1m9WBG4wECA
2021-04-05T16:57:13Z,Three Fingers,Buckethead; Saul Williams,Enter The Chicken,Buckethead,2005-11-01,album,1,4,178000,False,USCJZ0533704,False,3xACxI8xJOhJ7rHkeDqUS8,0fDF0jjmdouCIeWhNnblwV; 11K0HIZKfdB6ez0VhIgxPm,0TNvR6Co87E75jWohyn2jq,https://open.spotify.com/track/3xACxI8xJOhJ7rHkeDqUS8
2021-04-05T16:34:34Z,Barnburning,Gangstagrass; R-SON; Dolio The Sleuth; Megan Jean,American Music,Gangstagrass,2015-04-09,album,1,3,237457,False,USY2A1500003,False,7yP3CSBtElVrdOphkxAtd2,1VKDHdy3cj1YP4zmWwyOL3; 44w9pGzcTUyAAcDDjzEVUS; 7MkBibJE9UmSNJOcfAeiNj; 7E8FYAmx4WUUVvyhbBuw1T,6trlOsBxQqEAOSPZtP1Btt,https://open.spotify.com/track/7yP3CSBtElVrdOphkxAtd2
2021-04-05T16:34:28Z,Hold Up,The Kaleidoscope Kid,Hold Up,The Kaleidoscope Kid,2017-03-21,single,1,1,177867,True,QZ8LD1710540,False,3jbENQx0tkhOVWjRTu7IzL,6bTOQAA6dG8m3Jc86vLzaK,5MqkfytuKV2QuYnodqJSAL,https://open.spotify.com/track/3jbENQx0tkhOVWjRTu7IzL
2021-04-01T16:34:54Z,Artsy,The Grouch,Show You The World,The Grouch,2008-04-08,album,1,4,211200,True,USUYG1035429,False,2agO2urCnmIq7DlOwJTqpq,1MYkU0PmvFtLiCOYxdQua7,09ZOkRT1lYQdm91UERLpjS,https://open.spotify.com/track/2agO2urCnmIq7DlOwJTqpq
2021-04-01T16:26:06Z,101 (The Good Stuff),Knowmads,Knew School,Knowmads,2016-07-15,album,1,4,216953,False,ushm21600587,False,0hAs4PthwOrtgiSXvamJhT,6aUKy2LG1OU6KhYOZADolN,1iqqWd03IG1mrwt93H997h,https://open.spotify.com/track/0hAs4PthwOrtgiSXvamJhT
2021-04-01T15:36:17Z,Money (Alchemist Remix),Easy Star All-Stars,Dubber Side of the Moon (Bonus Track Version),Easy Star All-Stars,2010,album,1,5,398293,False,US4CL1010049,False,3OKbAGaoKo6GQfF3Wn3stY,5FWTu1MZdB5fjKif2rZldJ,143krBlj398K89iPSbcQ3k,https://open.spotify.com/track/3OKbAGaoKo6GQfF3Wn3stY
2021-04-01T15:31:59Z,Word To Spread,Chali 2na; The Funk Hunters; Tom Thum,Word To Spread,The Funk Hunters; Chali 2na,2016-07-18,single,1,1,210172,False,CA5KR1527006,False,64sWFVn4OwvOo6Uz2UR3rA,1ZJlXFkFDBsjSuYyjVcMkk; 5xwd7lKJeb2opUvYZnXFut; 41Sy5j6hSOXJ6Pl1yR296B,2ZScFzezTAnbbLPLxjXzeG,https://open.spotify.com/track/64sWFVn4OwvOo6Uz2UR3rA
2021-04-01T15:23:38Z,Passin Through,Jack and the Other,Circles,Jack and the Other,2019-01-10,album,1,2,173158,False,SEYOK1869888,False,6MpCdW8E49CiZeyVuzO1rE,53wrHX7FVfvPldDQXlNTts,6FuYFsG7IvZBOxLO9tjFYR,https://open.spotify.com/track/6MpCdW8E49CiZeyVuzO1rE
2021-03-23T15:29:55Z,Outlaws,The Widdler,Outlaws,The Widdler; Otz,2017-09-11,single,1,1,224571,False,UKACT1715947,False,0fmGW57GzkEq010veVqi9x,3SCAEdZEfpatrvdFeDLD2p,35Kxj4ZxBSPVgRxY9fd6oW,https://open.spotify.com/track/0fmGW57GzkEq010veVqi9x
2021-03-23T15:07:10Z,Swift Driftin',Scott H. Biram,The Bad Testament,Scott H. Biram,2017-02-24,album,1,6,163240,True,USA361625206,False,5jbJlsW0YothfDOAjKzbQx,6wpI4AEN6UO7ksNN23RGEf,2840aMISVinKCxfQ8TfTzt,https://open.spotify.com/track/5jbJlsW0YothfDOAjKzbQx
2021-03-23T15:07:03Z,Zen (with K.Flay & grandson),X Ambassadors; K.Flay; grandson,Zen (with K.Flay & grandson),X Ambassadors; K.Flay; grandson,2020-05-15,single,1,1,215882,True,USUM72009286,False,2loEXJRB5ExGcUHYX365R5,3NPpFNZtSTHheNBaWC82rB; 0pCNk4D3E2xtszsm6hMsWr; 4ZgQDCtRqZlhLswVS6MHN4,2JQbWWpYG6kKppiD6z2FwL,https://open.spotify.com/track/2loEXJRB5ExGcUHYX365R5
2021-03-23T00:43:42Z,Close to Me (feat. Jay Fresh),SuperVision; Jay Fresh,Telekinetic,SuperVision,2013-06-04,single,1,4,243260,False,TCABO1337151,False,1eI6qaQbTTf1AcGbJUZ6we,5LXoYRwmW0t66mFpPWJiha; 44Obo7V2p3c2Yxk05tKu2v,6WBpgA3r6YbFhtFqcbw7Wz,https://open.spotify.com/track/1eI6qaQbTTf1AcGbJUZ6we
2021-03-22T21:12:03Z,Omniverse,Greydon Square,Omniverse : Type 3 : Aum_niverse,Greydon Square,2015-12-15,album,1,2,305138,False,TCADQ1811363,False,0ur5XdnLKikmMkFi8AVJja,4ew79B4SqevHGtYGR9bY0t,4vMHnvEfJfFyYVGfjc7oZ1,https://open.spotify.com/track/0ur5XdnLKikmMkFi8AVJja
2021-03-22T20:21:00Z,People of The Sun (feat. Kyle (Slightly Stoopid)),The Grouch & Eligh,The Tortoise and The Crow,The Grouch & Eligh,2014-02-18,album,1,13,291851,True,QMCT41300013,False,2gyFLrQsyjp3p2xjYULHO7,6atrA9ysSgjJXw8NZH0vjZ,6Kt60SWFz1XL4B6fIX10x2,https://open.spotify.com/track/2gyFLrQsyjp3p2xjYULHO7
2021-03-22T20:20:54Z,Chocolates (feat. Dirty Mf),VibeSquaD; Dirty Mf,Spinning Gears and Making Things,VibeSquaD,2013-10-21,album,1,4,253333,False,TCABR1336565,False,30H6pSDtuKhkNA4a6HIA1W,5lle26yzjJ832LNygnbvPW; 1aqyYPl8T8cTnUyzNZKSu2,2Vk8imIhOpuqYeTaZjmPqV,https://open.spotify.com/track/30H6pSDtuKhkNA4a6HIA1W
2021-03-22T20:20:38Z,Sativa Feva,Resinated,Smoke Signals,Resinated,2015-02-10,album,1,5,186000,False,QMHHM1400014,False,337YjiU7pnmjInCpZU860N,15qIppQIX1JfGzkgkkaxrD,3LVJIP6awxVBsqZhghea7j,https://open.spotify.com/track/337YjiU7pnmjInCpZU860N
2021-03-21T18:03:34Z,It's Goin' Down (feat. Mike Shinoda & Mr. Hahn),X-Ecutioners; Mike Shinoda; Mr. Hahn,Built From Scratch,X-Ecutioners,2002-02-26,album,1,11,248266,False,USLR50100432,False,7qFEFcjmSAtODGtLYqraCq,7eVbT3G1ggf2sz6s7ZV0Ap; 6xBZgSMsnKVmaAxzWEwMSD; 73yonhSeG9UY7shqUfk6cd,5kBmiH0tgepv6N0PROaEXv,https://open.spotify.com/track/7qFEFcjmSAtODGtLYqraCq
2021-03-15T18:49:50Z,Devil's Right Hand,Johnny Cash,Unearthed,Johnny Cash,2003-01-01,album,2,12,152693,False,USDJ20301187,False,3NGzaY9pJjoMvP4gnnajGF,6kACVPfCOnqzgfEF5ryl0x,5xeMctXQWNmMq4aAjwuR3e,https://open.spotify.com/track/3NGzaY9pJjoMvP4gnnajGF
2021-03-12T21:25:18Z,Passion,AWOLNATION,Here Come the Runts,AWOLNATION,2018-02-02,album,1,2,201833,False,USP6L1700203,False,4WyDmwmeBdrGgJEQquZfz3,4njdEjTnLfcGImKZu1iSrz,57zNKp8j0mG1rNtbEVkLMV,https://open.spotify.com/track/4WyDmwmeBdrGgJEQquZfz3
2021-03-12T16:00:32Z,Feeling Good,Muse,Origin of Symmetry,Muse,2001,album,1,8,198800,False,GBCVT0100018,False,5Yj4AP0JGQWierBFKdKVyS,12Chz98pHFMPJEknJQMWvI,1AP6uGYHdakRgwuWQsP5pK,https://open.spotify.com/track/5Yj4AP0JGQWierBFKdKVyS
2021-03-12T15:53:33Z,Knights of Cydonia,Muse,Black Holes and Revelations,Muse,2006-06-28,album,1,11,366213,False,GBAHT0500600,False,7ouMYWpwJ422jRcDASZB7P,12Chz98pHFMPJEknJQMWvI,0lw68yx3MhKflWFqCsGkIs,https://open.spotify.com/track/7ouMYWpwJ422jRcDASZB7P
2021-03-12T15:53:29Z,Take a Bow,Muse,Black Holes and Revelations,Muse,2006-06-28,album,1,1,275493,False,GBAHT0500591,False,4jrCMOG9OPe6iF4vWFxatb,12Chz98pHFMPJEknJQMWvI,0lw68yx3MhKflWFqCsGkIs,https://open.spotify.com/track/4jrCMOG9OPe6iF4vWFxatb
2021-03-10T15:51:12Z,Courteney Cox - Extended,Connor Price; IDRIS,Courteney Cox (Extended),Connor Price; IDRIS,2021-01-22,single,1,1,164512,False,UKS3T2000046,False,3MmGyyqNaDZaM4KN7I4i8o,5zixe6AbgXPqt4c1uSl94L; 0Dc2rdPzleezxhvQhQbXuS,2TfNv6WIrM6tbSEFROt8d9,https://open.spotify.com/track/3MmGyyqNaDZaM4KN7I4i8o
2021-03-10T15:51:11Z,Love Language,Connor Price; Evelyne Brochu,Love Language,Connor Price,2020-06-19,single,1,1,170880,False,QZHN72079296,False,0gBBIt3oTNfdjaV37tE25f,5zixe6AbgXPqt4c1uSl94L; 2xYer1rBUB1ci3oLZUqNcC,5xI9kGsQjIxkMCfkqHwbuG,https://open.spotify.com/track/0gBBIt3oTNfdjaV37tE25f
2021-03-10T01:02:10Z,Typical Rapper,Connor Price,Typical Rapper,Connor Price,2020-01-17,single,1,1,149787,True,QZFYX2043809,False,088IbUAoDDp9mkcWVzreHu,5zixe6AbgXPqt4c1uSl94L,3BlAlu7f5jWMKwvlVXSsnw,https://open.spotify.com/track/088IbUAoDDp9mkcWVzreHu
2021-03-09T15:59:15Z,Weird Side,Oliver Hart,The Many Faces Of Oliver Hart,Oliver Hart,2002-07-16,album,1,2,193533,True,USBWK0500274,False,5XKi0gRVTLhDb0kACCOYrn,5AnInla2o81KQVvFzsN56i,2Whgm3YhBiuCr8t9202bQf,https://open.spotify.com/track/5XKi0gRVTLhDb0kACCOYrn
2021-03-08T21:51:45Z,Low Fuel Drug Run,7Horse,Let The 7Horse Run,7Horse,2011-11-11,album,1,3,216440,True,TCABB1195546,False,7d4IUv2XBoSg3SQs3sZ3Yb,3P5NW1wQjcWpR0VsT1m0xr,60IwyXp7T0zwmRsK2JoE01,https://open.spotify.com/track/7d4IUv2XBoSg3SQs3sZ3Yb
2021-03-08T21:38:38Z,Unjinxed,Four Fists; P.O.S; Astronautalis,6666,Four Fists; P.O.S; Astronautalis,2018-10-12,album,1,11,374706,True,USA2P1821982,False,0Jb4EE405rV90PD9Y5D0wq,21Gcs1QTxaZxwNJls2OZs7; 4sH7SLGP6BLOYDtcP6Lm47; 6PWRJs1FosHp8Cqx0Nmswj,3mCOYES1EMM7Nk6jT1Yq2C,https://open.spotify.com/track/0Jb4EE405rV90PD9Y5D0wq
2021-03-08T20:15:32Z,Wild Wild West,FiLiBuStA; Passio,"Set Lasers to Funk, Vol. 1",FiLiBuStA,2015-04-20,album,1,7,352026,False,QM2PV1796138,False,0s6xNxn6hGiX6OkGddV2MI,6MGv8QkhuNFPa4K6X2DzgV; 24gb7bknknK3dTICsz79Am,3Sq5DOBrZKrvvUYCKhiSAa,https://open.spotify.com/track/0s6xNxn6hGiX6OkGddV2MI
2021-03-08T18:31:18Z,Aquarius Apocalyptic,Stop Light Observations,TOOGOODOO,Stop Light Observations,2016-08-26,album,1,5,313161,True,USDHM1617900,False,2l8LktQUyVtdvN640GzonX,2EOIjdzbFGRM87IvJU34JJ,6F02Wo7Zj4WiO42Ghy2lVw,https://open.spotify.com/track/2l8LktQUyVtdvN640GzonX
2021-02-16T23:39:53Z,Hollywood's Bleeding,Post Malone,Hollywood's Bleeding,Post Malone,2019-09-06,album,1,1,156266,False,USUM71915730,False,7sWRlDoTDX8geTR8zzr2vt,246dkjvS1zLTtiykXe5h60,4g1ZRSobMefqF6nelkgibi,https://open.spotify.com/track/7sWRlDoTDX8geTR8zzr2vt
2021-02-11T19:20:43Z,Can't Stop the Bleeding (feat. Gary Clark Jr. & Gramatik),Tom Morello; Gary Clark Jr.; Gramatik,Can't Stop the Bleeding (feat. Gary Clark Jr. & Gramatik),Tom Morello,2019-04-12,single,1,1,278297,False,USQE91500843,False,1731hlSR40kK9X67spxxdA,74NBPbyyftqJ4SpDZ4c1Ed; 01aC2ikO4Xgb2LUpf9JfKp; 179BpmLkQCRIoU68Co80f5,1r39AQEMxkecEBP65nFmY2,https://open.spotify.com/track/1731hlSR40kK9X67spxxdA
2021-01-01T16:27:15Z,The Rain (Supa Dupa Fly),Missy Elliott,Supa Dupa Fly,Missy Elliott,1997,album,1,4,251000,True,USEW19706204,False,2WRzpLD8qDRrxMXc63E5WJ,2wIVse2owClT7go1WT98tk,6UkdyvPElK6JDkyeRClbI2,https://open.spotify.com/track/2WRzpLD8qDRrxMXc63E5WJ
2020-12-30T01:09:51Z,Edge of Midnight (Midnight Sky Remix) (feat. Stevie Nicks),Miley Cyrus; Stevie Nicks,Plastic Hearts,Miley Cyrus,2020-11-27,album,1,13,220636,False,USRC12003767,False,1Tip6R4swhC7E6hgILBjrE,5YGY8feqx7naU7z4HrwZM6; 7crPfGd2k81ekOoSqQKWWz,5BRhg6NSEZOj0BR6Iz56fR,https://open.spotify.com/track/1Tip6R4swhC7E6hgILBjrE
2020-12-12T21:04:12Z,Forever,Matt and Kim,ALMOST EVERYDAY,Matt and Kim,2018-05-04,album,1,2,193253,True,US4HB1800001,False,0Jz7BnJ5ip67fbcStCmZJG,4MSMDY0ClgWqXApU53I1L1,2SUbFq7IAYt0rU9rxgCiwM,https://open.spotify.com/track/0Jz7BnJ5ip67fbcStCmZJG
2020-11-27T15:57:07Z,Stormy Weather,Great Dane; AshTreJinkins,Alpha Dog,Great Dane,2013-03-12,album,1,12,173913,False,US25X1084516,False,25WsoueREPImNoHFPy0dLP,6AKWjx5wmOI3bCeLrxFjgv; 1w0pULRd48iPW8htKUkJ5V,7lD7Mb6KaMW3uJ8nEXfdH0,https://open.spotify.com/track/25WsoueREPImNoHFPy0dLP
2020-11-10T16:35:41Z,Make Me Feel Good,Zoogma,A Future in Blue,Zoogma,2017-08-04,album,1,5,260000,False,TCADD1790486,False,10qnLYMfMcYJwR8DwGHJKE,065LNvUlWn6czWo7Eu3HrH,185mgM8SXXGYilrrGOxw1t,https://open.spotify.com/track/10qnLYMfMcYJwR8DwGHJKE
2020-10-29T15:15:10Z,Twisted,Aaron Taos,Night Thoughts,Aaron Taos,2018-06-22,album,1,3,178552,False,QM24S1705305,False,75ES3v0q1yN9eXTsoG438g,3AcBSoCVhxILXJnfLcJb66,0Jx7xNtDJICnVOTpDk1wbT,https://open.spotify.com/track/75ES3v0q1yN9eXTsoG438g
2020-10-28T19:29:58Z,Save Me Some Sunshine,Rafferty,Save Me Some Sunshine,Rafferty,2016-11-30,single,1,1,217143,False,TCACT1652450,False,68vTrjlrczwHWioLZ5p0Rt,37Kwz8lKQipujhPpz9Q5cQ,5sxnrUJmZJ1768ZP15Oy3Q,https://open.spotify.com/track/68vTrjlrczwHWioLZ5p0Rt
2020-10-16T15:09:10Z,Champagne Champion,Wes Period,Champagne Champion,Wes Period,2015-05-26,single,1,1,237403,False,USAT21501299,False,1FhbZvzP1zGhIEgtnmX7QN,0Pb8ZfFfE2O0pvsFdwVUYl,6oZWFy4LwuK1ECilI2XTcX,https://open.spotify.com/track/1FhbZvzP1zGhIEgtnmX7QN
2020-10-12T17:57:10Z,Sunroof Cadillac,The Floozies,Sunroof Cadillac,The Floozies,2012-08-21,single,1,1,219873,False,USHM81253652,False,2ZBAA5AbCUkTSwhWniI8WL,5czcqWtwZb5btfWWvWTmgZ,5epcO44Q25yfqVywDOrd4Z,https://open.spotify.com/track/2ZBAA5AbCUkTSwhWniI8WL
2020-09-29T14:54:39Z,Leader of Men,Nickelback,The State,Nickelback,1999-01-04,album,1,3,210840,False,NLA329918839,False,4Vf9v7ohVz5i8PeZBliwb5,6deZN1bslXzeGvOLaLMOIF,3jl1TcvE91Mnu6zjKkklAb,https://open.spotify.com/track/4Vf9v7ohVz5i8PeZBliwb5
2020-09-25T21:34:24Z,Rooms on Fire,Stevie Nicks,The Other Side of the Mirror,Stevie Nicks,1989-05-09,album,1,1,274520,False,USAT20003000,False,0QVlQTzp10Tj4Xql9ZRJzo,7crPfGd2k81ekOoSqQKWWz,520iW3fXcWW5mbQToP0hs0,https://open.spotify.com/track/0QVlQTzp10Tj4Xql9ZRJzo
2020-09-21T14:57:56Z,Lay by Me,firekid,firekid,firekid,2015-09-25,album,1,3,192466,False,USAT21500761,False,5HUynLdprJzINndFXcidfu,61XyQHQKfzbzgTmtbiVOR3,6qb5fl4U5XsxZOFNHqwxxw,https://open.spotify.com/track/5HUynLdprJzINndFXcidfu
2020-09-19T16:22:32Z,Whiskey,Prof,King Gampo,Prof,2011-08-16,album,1,10,175493,False,TCABA1171093,False,2P4otq5puB0C9ZqDJVveQt,1LyTmnoxLipUwTEHWSRziG,2JQWfvAfH1f5ypTohkGfT2,https://open.spotify.com/track/2P4otq5puB0C9ZqDJVveQt
2020-09-19T15:09:02Z,Good So Bad,Eric Tessmer,Eric Tessmer 2,Eric Tessmer,2019-06-21,album,1,2,249826,False,TCADX1834448,False,5xDXfTxwPm7Zecypbub0Gs,6iX9NroXEFPMatQ24ghK7C,6P3z7MA4EFR2nC3JLBtesD,https://open.spotify.com/track/5xDXfTxwPm7Zecypbub0Gs
2020-09-04T00:08:51Z,Redneck,Lamb of God,Sacrament,Lamb of God,2006-08-21,album,1,3,220880,True,USSM10602528,False,04EtBLFIxbcVt9NdYgcrpF,3JFsVIxOn7STeilPICkkB2,1cikCss5SRQLrIAmpyHoVw,https://open.spotify.com/track/04EtBLFIxbcVt9NdYgcrpF
2020-09-02T16:56:28Z,Melancholy,Chill Bump,Hidden Strings - EP,Chill Bump,2012,single,1,2,210285,False,FR9W11218072,False,0meisphnJbEUVJs1s4FNsV,4Dg91FdjVPhAehoV0IBeLd,4vFs08QuAv20GIvkd6NACs,https://open.spotify.com/track/0meisphnJbEUVJs1s4FNsV
2020-08-30T20:20:01Z,Easy Livin',Uriah Heep,Demons and Wizards (Deluxe Edition),Uriah Heep,1972-05-19,album,1,3,156626,False,USMR17287066,False,6qn5Ysxo9H4z4QgEvwg1SK,45O9BwPMyywM755SYUK0sP,0kOW78XBGL598LEvB2JjAz,https://open.spotify.com/track/6qn5Ysxo9H4z4QgEvwg1SK
2020-08-24T18:28:21Z,Long Hot Summer Day,Turnpike Troubadours,Diamonds & Gasoline,Turnpike Troubadours,2010-08-31,album,1,12,252480,False,USTT21000012,False,0kOG4bwpKgRlcJw1NA6csR,1YSA4byX5AL1zoTsSTlB03,5I249HRmXIxJw3IQDUOP5p,https://open.spotify.com/track/0kOG4bwpKgRlcJw1NA6csR
2020-08-21T18:01:38Z,Soft & Gentle,The Polish Ambassador,Soft & Gentle,The Polish Ambassador,2020-08-21,single,1,1,230117,False,QZC5T2000075,False,3yU0gdZqbfulnEs0eyAZaj,2dI9IuajQnLR5dLxHjTTqU,3zAdkYP39mtTeNGdxab3Uz,https://open.spotify.com/track/3yU0gdZqbfulnEs0eyAZaj
2020-08-17T18:31:32Z,"Nuthin' But A ""G"" Thang",Dr. Dre; Snoop Dogg,The Chronic,Dr. Dre,1992-12-15,album,1,5,238466,True,USKO10403560,False,4YtoipFgf4k0AfD17ZfD5X,6DPYiyq5kWVQS4RGwxzPC7; 7hJcb9fa4alzcOq3EaNPoG,6vdFSyhPjL4dZFkgRtToXH,https://open.spotify.com/track/4YtoipFgf4k0AfD17ZfD5X
2020-07-30T20:19:57Z,The Way We Move,Langhorne Slim; The Law,The Way We Move,Langhorne Slim; The Law,2012-06-05,album,1,1,168760,False,US4BW1200020,False,40rjypnguxfhPy4Bbv5SWc,099toTcKJoywTosZr2hHjy; 6DK3E5dh7jJrKyAHfucWBB,6BIZ0siUtYwDqrGSTIdxU7,https://open.spotify.com/track/40rjypnguxfhPy4Bbv5SWc
2020-07-24T18:25:37Z,All I Want Is You,Barry Louis Polisar,Juno - Music From The Motion Picture,Various Artists,2007-12-11,compilation,1,1,157586,False,USHM20549800,False,5sIBOrRLBI6ypREdEPj2wQ,6MUxF4ehonXZ8Q6YMFI2xb,3Dm3Kc5oOFtesVJe5TF1HG,https://open.spotify.com/track/5sIBOrRLBI6ypREdEPj2wQ
2020-07-21T00:16:05Z,Born To Die,Sevendust,Sevendust (Definitive Edition),Sevendust,1997,album,1,11,239557,True,USA371067174,False,3EePYG5Rdlwxf7Q2e2pNit,35Uu85Pq33mK8x1jYqsHY2,7tpMJufRsPz0EPv5hZSWs3,https://open.spotify.com/track/3EePYG5Rdlwxf7Q2e2pNit
2020-07-20T22:44:47Z,In Bloom,Sturgill Simpson,A Sailor's Guide to Earth,Sturgill Simpson,2016-04-15,album,1,5,240640,False,USAT21600543,False,5StrN0F4XI5e0BHP32THhl,3vDpQbGnzRbRVirXlfQagB,5I3UdCxtIh6hkQ7rMPUvA4,https://open.spotify.com/track/5StrN0F4XI5e0BHP32THhl
2020-07-20T20:32:58Z,A Bank Robber's Nursery Rhyme,"Goodnight, Texas",Uncle John Farquhar,"Goodnight, Texas",2014-08-05,album,1,3,165777,False,QMWNZ1400003,False,0Sl9ZPmJDMSmslkhRn5W3i,5ammRFhN6wQXM30xlhndC5,6UyRuvbRIr2qqQUnsHtXNG,https://open.spotify.com/track/0Sl9ZPmJDMSmslkhRn5W3i
2020-07-20T20:03:51Z,Why I'm Here,Oleander,February Son,Oleander,1999-01-01,album,1,4,238093,False,USUR19801562,False,0hgOGzUYKKQbQcWDoJpM6H,7038Bglq6YmpBu6wPvQJiz,3DxLga8esIW4kag2FGPWMI,https://open.spotify.com/track/0hgOGzUYKKQbQcWDoJpM6H
2020-07-16T16:08:48Z,Take What You Want (feat. Ozzy Osbourne & Travis Scott),Post Malone; Ozzy Osbourne; Travis Scott,Hollywood's Bleeding,Post Malone,2019-09-06,album,1,9,229573,False,USUM71915731,False,7CZyCXKG6d5ALeq41sLzbw,246dkjvS1zLTtiykXe5h60; 6ZLTlhejhndI4Rh53vYhrY; 0Y5tJX1MQlPlqiwlOH1tJY,4g1ZRSobMefqF6nelkgibi,https://open.spotify.com/track/7CZyCXKG6d5ALeq41sLzbw
2020-07-06T18:57:52Z,Sundown,Elwood,The Parlance Of Our Time,Elwood,2000-05-15,album,1,1,239266,False,USPA30000099,False,4rLqnnxV6tgafUjGi0cwwC,3di2KdnSwToFR5wowww5pN,6axn5Ngz2oDS5U8OJLPDVP,https://open.spotify.com/track/4rLqnnxV6tgafUjGi0cwwC
2020-06-28T19:40:49Z,Cecilia - Single Mix,Simon & Garfunkel,Greatest Hits,Simon & Garfunkel,1972-06-14,compilation,1,14,169560,False,USSM17001023,False,11CeyEFt21BvAICfd4U8FA,70cRZdQywnSFp9pnc2WTCE,25irJgxRNTlyg8pUmWfDVG,https://open.spotify.com/track/11CeyEFt21BvAICfd4U8FA
2020-06-26T22:57:05Z,Blinding Lights,The Weeknd,After Hours,The Weeknd,2020-03-20,album,1,9,200040,False,USUG11904206,False,0VjIjW4GlUZAMYd2vXMi3b,1Xyo4u8uXC1ZmMpatF05PJ,4yP0hdKOZPNshxUOjY0cZj,https://open.spotify.com/track/0VjIjW4GlUZAMYd2vXMi3b
2020-06-25T17:17:21Z,Old Man,Redlight King,Something For The Pain,Redlight King,2011-01-01,album,1,3,181386,False,USHR11132490,False,0sfaeSQbFHecFbc1JOqdN4,6hha7AM7ao3kNpN0VwOXgD,50dBOUiqWBDeThvL0wWDII,https://open.spotify.com/track/0sfaeSQbFHecFbc1JOqdN4
2020-06-25T13:32:47Z,Warning (feat. Stick Figure),Pepper; Stick Figure,Warning (feat. Stick Figure),Pepper,2019-04-19,single,1,1,232160,False,QM4TW1945706,False,0TGLKJiH9vHx4Xb8FVjWrO,1YK8JdPbiaMSnf4hrlBkGT; 5SXEylV07TC57eanSxxg4R,1GrDR9D9ugeclvN7XtOf4U,https://open.spotify.com/track/0TGLKJiH9vHx4Xb8FVjWrO
2020-06-24T22:16:02Z,LOVE 3X,ZZ Ward,Love and War,ZZ Ward,2015-01-01,single,1,1,196346,True,USHR11536422,False,7BWyNoIZUQE9zJuXXNsz9o,7aJSIsbI5wV8aFi2kkFfPi,7yxDcvcQnOL0IkUbiaD8QJ,https://open.spotify.com/track/7BWyNoIZUQE9zJuXXNsz9o
2020-06-22T17:52:39Z,Heart Shaped Box,The Crest,Skeptik,The Crest,2005-06-14,album,1,3,259440,True,USCG40510062,False,7GrEpMSJGlkOaPs6qeqQ6f,2mKO7Me8ynxYyTXnr6WQTO,15KoOxiSaSZcByJIopQrgu,https://open.spotify.com/track/7GrEpMSJGlkOaPs6qeqQ6f
2020-06-12T00:00:37Z,Nothing Compares 2 U,Sinéad O'Connor,I Do Not Want What I Haven't Got,Sinéad O'Connor,1990-07-01,album,1,6,280040,False,GBAYK9000017,False,3nvuPQTw2zuFAVuLsC9IYQ,4sD9znwiVFx9cgRPZ42aQ1,34hQFIwGTLf03BZQmGL0iy,https://open.spotify.com/track/3nvuPQTw2zuFAVuLsC9IYQ
2020-06-11T23:51:25Z,Fast Car,Tracy Chapman,Tracy Chapman,Tracy Chapman,1988-04-05,album,1,2,296800,False,USEE10180719,False,2M9ro2krNb7nr7HSprkEgo,7oPgCQqMMXEXrNau5vxYZP,6hmmX5UP4rIvOpGSaPerV8,https://open.spotify.com/track/2M9ro2krNb7nr7HSprkEgo
2020-06-11T23:45:50Z,Give Me One Reason,Tracy Chapman,New Beginning,Tracy Chapman,1995-10-31,album,1,9,268333,False,USEE19900169,False,4vDBJeeQCbhP9FaPPMsYkY,7oPgCQqMMXEXrNau5vxYZP,3XsOzkIBoHsxZ7jP3QF2oB,https://open.spotify.com/track/4vDBJeeQCbhP9FaPPMsYkY
2020-06-09T16:48:38Z,Pneuma,TOOL,Fear Inoculum,TOOL,2019-08-30,album,1,2,713191,False,USRC11902033,False,03sEzk1VyrUZSgyhoQR0LZ,2yEwvVSSSUkcLeSTNyHKh8,7acEciVtnuTzmwKptkjth5,https://open.spotify.com/track/03sEzk1VyrUZSgyhoQR0LZ
2020-06-09T16:31:08Z,Stinkfist,TOOL,Ænima,TOOL,1996-09-17,album,1,1,311293,False,USZE19600081,False,0pwObEOHolQZSldJ2q1wpy,2yEwvVSSSUkcLeSTNyHKh8,6yWMN087PgSimbcVmHLEwG,https://open.spotify.com/track/0pwObEOHolQZSldJ2q1wpy
2020-06-09T16:31:06Z,H.,TOOL,Ænima,TOOL,1996-09-17,album,1,3,367133,False,USZE19600083,False,5fYzuUxtcaJaRRaxMoM2DT,2yEwvVSSSUkcLeSTNyHKh8,6yWMN087PgSimbcVmHLEwG,https://open.spotify.com/track/5fYzuUxtcaJaRRaxMoM2DT
2020-06-09T16:31:04Z,Forty Six & 2,TOOL,Ænima,TOOL,1996-09-17,album,1,5,364520,False,USZE19600086,False,6AioOohg4bQZFA4jIYQQ2r,2yEwvVSSSUkcLeSTNyHKh8,6yWMN087PgSimbcVmHLEwG,https://open.spotify.com/track/6AioOohg4bQZFA4jIYQQ2r
2020-06-09T16:31:00Z,Pushit,TOOL,Ænima,TOOL,1996-09-17,album,1,11,595613,True,USZE19600092,False,4CbHM5bpfOfMNxNgVDHJRw,2yEwvVSSSUkcLeSTNyHKh8,6yWMN087PgSimbcVmHLEwG,https://open.spotify.com/track/4CbHM5bpfOfMNxNgVDHJRw
2020-06-09T16:30:59Z,Ænema,TOOL,Ænima,TOOL,1996-09-17,album,1,13,399298,True,USZE19600150,False,0nLOl4fSiBZKGFla5pLUtf,2yEwvVSSSUkcLeSTNyHKh8,6yWMN087PgSimbcVmHLEwG,https://open.spotify.com/track/0nLOl4fSiBZKGFla5pLUtf
2020-06-09T16:30:54Z,Sober,TOOL,Undertow,TOOL,1993-04-06,album,1,3,306853,True,USVR10000011,False,6DyywdbmTzlmXBzG9ym7Rt,2yEwvVSSSUkcLeSTNyHKh8,3Esn6LoXuWtLZNYq8FCzr0,https://open.spotify.com/track/6DyywdbmTzlmXBzG9ym7Rt
2020-06-09T16:30:42Z,Judith,A Perfect Circle,Mer De Noms,A Perfect Circle,2000-01-01,album,1,4,247266,True,USVI20000047,False,5KDNFlHAdDJ84fhK27c35X,4DFhHyjvGYa9wxdHUjtDkc,0GeWd0yUKXHbCXVag1mJvO,https://open.spotify.com/track/5KDNFlHAdDJ84fhK27c35X
2020-06-09T16:30:37Z,My Own Summer (Shove It),Deftones,Around the Fur,Deftones,1997-10-27,album,1,1,214760,False,USMV29700142,False,1158ckiB5S4cpsdYHDB9IF,6Ghvu1VvMGScGpOUJBAHNH,7o4UsmV37Sg5It2Eb7vHzu,https://open.spotify.com/track/1158ckiB5S4cpsdYHDB9IF
2020-06-08T21:54:53Z,Home,Zach Deputy,Out Of The Water,Zach Deputy,2008,album,1,1,227320,False,US3E41200101,False,1MlYluBz3FzbRRQVy5N01b,57cuW31G8gconw4l9iqOty,0p6laE5nOyjxwTudHB0HZF,https://open.spotify.com/track/1MlYluBz3FzbRRQVy5N01b
2020-06-08T21:51:36Z,Hand's Up,Antix,Flammable Grammar,Antix,2010-11-22,album,1,3,344020,True,TCAAY1141857,False,7eY8T4XpsgiEvTq7uWcYnO,0ljLY06NlIds69Kn9X5pDY,4QkQokXwhm31J3CzVUApQt,https://open.spotify.com/track/7eY8T4XpsgiEvTq7uWcYnO
2020-06-08T21:51:32Z,All These Lights,The Grouch & Eligh,The Tortoise and The Crow,The Grouch & Eligh,2014-02-18,album,1,7,163139,True,QMCT41300007,False,2eau6jNHSkh68EMq6AwREm,6atrA9ysSgjJXw8NZH0vjZ,6Kt60SWFz1XL4B6fIX10x2,https://open.spotify.com/track/2eau6jNHSkh68EMq6AwREm
2020-06-08T21:43:46Z,Feelin It,Sword Beach,Feelin It,Sword Beach,2017-01-20,single,1,1,282088,True,TCACW1735609,False,4OPFEtbS6rViq8wMbQEwuF,3mfcOiifsL3kniPhsKoXpl,1knDHVNNac3LtN1pwNQuEU,https://open.spotify.com/track/4OPFEtbS6rViq8wMbQEwuF
2020-06-08T21:21:23Z,Lone Rider,Greyhounds,Accumulator,Greyhounds,2014-04-08,album,1,3,154946,False,USAR31301388,False,5T2pf5PSOTzN7nzugBdVyH,1FcTd89N9ESEOsIDD883Kp,7r9f0KY1wdQGVcKatzeiF0,https://open.spotify.com/track/5T2pf5PSOTzN7nzugBdVyH
2020-06-07T16:41:27Z,Heathens,Twenty One Pilots,Heathens,Twenty One Pilots,2016-06-16,single,1,1,195920,False,USAT21601930,False,6i0V12jOa3mr6uu4WYhUBr,3YQKmKGau1PzlVlkL1iodx,3J8W9AOjQhnBLCX33m3atT,https://open.spotify.com/track/6i0V12jOa3mr6uu4WYhUBr
2020-06-04T22:52:41Z,Dance Monkey,Tones And I,Dance Monkey (Stripped Back) / Dance Monkey,Tones And I,2019-10-17,single,1,2,209438,False,QZES71982312,False,2XU0oxnq2qxCpomAAuJY8K,2NjfBq1NflQcKSeiDooVjY,0UywfDKYlyiu1b38DRrzYD,https://open.spotify.com/track/2XU0oxnq2qxCpomAAuJY8K
2020-06-01T16:52:21Z,The Pledge (In and Out),Curren$y,Jet Files,Curren$y,2009,album,1,9,135207,False,USK5G0800168,False,5qck6bxvTM4xld2HMo2IlR,6X8WdFjrNhXATMDSs26aCc,66sWhloN970ZksqBg8FWep,https://open.spotify.com/track/5qck6bxvTM4xld2HMo2IlR
2020-06-01T14:59:33Z,What It Is,Zoogma,What It Is,Zoogma,2016-11-18,single,1,1,362666,False,TCACT1629991,False,42hR16uCYiG8L2gxwNq36r,065LNvUlWn6czWo7Eu3HrH,5VRd52aq2dyyC7ihOKmjvl,https://open.spotify.com/track/42hR16uCYiG8L2gxwNq36r
2020-05-29T18:02:50Z,Is This Love - 2018 Remaster,Whitesnake,Whitesnake (2018 Remaster),Whitesnake,1987-04-07,album,1,6,284496,False,GB01A1800009,False,0IhUdJRoolbYeEMPL59XPm,3UbyYnvNIT5DFXU4WgiGpP,5drgoLSnXSDIhNK4ms3P7I,https://open.spotify.com/track/0IhUdJRoolbYeEMPL59XPm
2020-05-29T18:02:48Z,Here I Go Again - 2018 Remaster,Whitesnake,Whitesnake (2018 Remaster),Whitesnake,1987-04-07,album,1,4,275395,False,GB01A1800010,False,1qOU8KzFifXE9YrgjVwYvc,3UbyYnvNIT5DFXU4WgiGpP,5drgoLSnXSDIhNK4ms3P7I,https://open.spotify.com/track/1qOU8KzFifXE9YrgjVwYvc
2020-05-29T18:02:42Z,Slow an' Easy - US Mix; 2019 Remaster,Whitesnake,Slide It In (The Ultimate Edition; 2019 Remaster),Whitesnake,2019-03-08,album,1,3,360768,False,GB01A1800034,False,5ik7jR2eLKDDxu8OdFUl2w,3UbyYnvNIT5DFXU4WgiGpP,4tbNTPOYzfD13oC1UpSHoQ,https://open.spotify.com/track/5ik7jR2eLKDDxu8OdFUl2w
2020-05-29T17:54:42Z,Still Of The Night - 2020 Remix,Whitesnake; Chris Collier,Still Of The Night (2020 Remix),Whitesnake,2020-05-27,single,1,1,409806,False,GB01A2000001,False,3oapzSzU0O1PpUW9PeOhaO,3UbyYnvNIT5DFXU4WgiGpP; 1taWFSDSElKxklyuXIJaEy,79RYT8PAoDfmrlldVbfziI,https://open.spotify.com/track/3oapzSzU0O1PpUW9PeOhaO
2020-05-27T01:09:08Z,Wulf Fang Fist,Julian Michael,Wulf Fang Fist,Julian Michael,2018-02-19,single,1,1,189283,False,TCADM1861600,False,1X3WVAkO7p4SJyasmNH6Ii,4fJY3PiLt4i9LFgWrqNQXB,5tHnKVTVxsmDA9IJJsNVxz,https://open.spotify.com/track/1X3WVAkO7p4SJyasmNH6Ii
2020-05-08T16:53:55Z,Fill Your Soul,Def3; Late Night Radio,Small World,Def3; Late Night Radio,2017-08-04,album,1,1,168000,False,CA6E81300885,False,3hye0i5JEQmf7TOO4phPHL,6kqN8RoL2VpRM8EgGwHiHG; 0FIRQJT2PBffTJEZvipVi2,32McSzpHnXnXm3DOZSaKsd,https://open.spotify.com/track/3hye0i5JEQmf7TOO4phPHL
2020-05-05T21:56:00Z,One More Minute,Authority Zero,A Passage In Time (Explicit Version),Authority Zero,2002-09-03,album,1,5,388466,False,USAT20200836,False,45Q1nT2ec3wXZV3RvS769L,5CHcX5KtuSz5uo1p5fM3sz,2bEpe22aeh5r5UP0jHeggE,https://open.spotify.com/track/45Q1nT2ec3wXZV3RvS769L
2020-05-05T21:10:27Z,The River - Daniel Scholz Indaba Remix,Son Little,The River (Daniel Scholz Indaba Remix),Son Little,2014-11-04,single,1,1,207197,False,USEP41508003,False,0eMEt3G3wXm0zrywmxBXdT,4lujUKeO6nQAJXpq37Epn7,2vEu7Q9M0MWKPueInaLWpG,https://open.spotify.com/track/0eMEt3G3wXm0zrywmxBXdT
2020-04-20T19:10:30Z,A Blues Malfunktion,Beat Fatigue,Malfunktionality Part One,Beat Fatigue,2014-06-09,album,1,1,258776,False,USLZJ1656987,False,5Ce88giAKr6fK4wj5wztGw,02m3zUZ22DsQCXQsjjSCwQ,0kwv8HIDkVZ5yXaUhtiMh2,https://open.spotify.com/track/5Ce88giAKr6fK4wj5wztGw
2020-04-20T19:06:22Z,Push,Derek Pope,Push - Single,Derek Pope,2016-07-20,single,1,1,181636,True,USUYG1107810,False,7uzs7HLidpls0d69ts4diI,5wWvcn0hJXPhCw9eYUody0,5WnnosRrtY81Wlvf6iMyos,https://open.spotify.com/track/7uzs7HLidpls0d69ts4diI
2020-04-15T15:16:05Z,Life,Opiuo; Gift Of Gab; Syreneiscreamy,Meraki,Opiuo,2014-03-21,album,1,2,222440,False,GBKPL1375851,False,3Cwqcrflbm8G36YBFSudPR,69Fy7EM9qAFPdKSKLFU66b; 5Ol4ibSVNXPuCJT46iSkbX; 2dgaaxRJyqWv4PobVH1EAw,3Bm7PPhlsVHRJkdDYASNS4,https://open.spotify.com/track/3Cwqcrflbm8G36YBFSudPR
2020-04-12T02:09:23Z,Boiled Peanuts,Astronautalis; Lizzo,Cut the Body Loose,Astronautalis,2016-05-13,album,1,11,425859,True,USA6G1661611,False,1OlGb16N3aM3agFsyTRJe8,6PWRJs1FosHp8Cqx0Nmswj; 56oDRnqbIiwx4mymNEv7dS,5RckZ5nu0BaaR39GOAPcOF,https://open.spotify.com/track/1OlGb16N3aM3agFsyTRJe8
2020-04-06T14:29:56Z,Even Cowgirls Get the Blues,The Gaslight Anthem,The '59 Sound,The Gaslight Anthem,2009-08-19,album,1,9,210893,False,USA6G0835809,False,60JFTe6ha3Egq5WarmNEcr,7If8DXZN7mlGdQkLE2FaMo,0S0T225M4VIc2Dxxba5RJc,https://open.spotify.com/track/60JFTe6ha3Egq5WarmNEcr
2020-04-05T16:24:50Z,Persona Non Grata,Bright Eyes,Persona Non Grata,Bright Eyes,2020-03-25,single,1,1,212413,False,USJ5G2021008,False,0itutKZrGEzQtFWJp4xoUK,5o206eFLx38glA2bb4zqIU,4KDfRBLtCz3ts1PCLf3E28,https://open.spotify.com/track/0itutKZrGEzQtFWJp4xoUK
2020-03-30T19:00:38Z,More Important Than Michael Jordan,Pretty Lights,Filling Up The City Skies (disc 2),Pretty Lights,2008-10-30,album,1,4,516666,False,USTCG1044538,False,24Eu7wWvFS7YVF7XHwdUTV,4iVhFmG8YCCEHANGeUUS9q,0IiPSY2KKMKpBApop7KuYH,https://open.spotify.com/track/24Eu7wWvFS7YVF7XHwdUTV
2020-03-29T04:12:28Z,Twirl Me - Invisible Light Project Remix,Wildlight; The Polish Ambassador; Ayla Nereo,Hers Was as Thunder (Remixes),Wildlight; The Polish Ambassador; Ayla Nereo,2014-07-02,album,1,1,406282,False,USX9P1352453,False,5mDqXIfLCDmQlKzyMkZN81,6af8aRyYJXqbM7u9qljiRk; 2dI9IuajQnLR5dLxHjTTqU; 4gJMOPjz1OUnD6TysFPUr1,5YtC2Oou5H6thQhVkeDOxr,https://open.spotify.com/track/5mDqXIfLCDmQlKzyMkZN81
2020-03-28T14:34:43Z,Till Gone Day,The Floozies; Tech N9ne,Till Gone Day,The Floozies,2020-03-18,single,1,1,184477,True,USA2P2009905,False,65BRzw3viNkh1cY5dUteOB,5czcqWtwZb5btfWWvWTmgZ; 6UBA15slIuadJ8h2lPRPos,0lt5yq2q1EfWXT3OXvG04w,https://open.spotify.com/track/65BRzw3viNkh1cY5dUteOB
2020-03-28T01:36:55Z,The Best (feat. Alice Merton),AWOLNATION; Alice Merton,The Best (feat. Alice Merton),AWOLNATION,2020-03-27,single,1,1,223320,False,USDPK2000023,False,5iReOl0OJPQjSIIndoYDMd,4njdEjTnLfcGImKZu1iSrz; 7f0OLhGgBMX9fUjm1dcPip,4LM2UkSNq1F0lIRbutfHMK,https://open.spotify.com/track/5iReOl0OJPQjSIIndoYDMd
2020-03-28T01:23:13Z,Golden Oldies,R.A. The Rugged Man; Atmosphere; Eamon,Golden Oldies,R.A. The Rugged Man,2020-03-25,single,1,1,211893,True,USHKR0960201,False,0uLc5dq33jAhKokmva0NEy,3mUHAiDazZq75gh6If5zoD; 1GAS0rb4L8VTPvizAx2O9J; 1y20PpXw0yeuJ1avCD0Ob9,7lWXEjbpOngEc6rLAKGDO8,https://open.spotify.com/track/0uLc5dq33jAhKokmva0NEy
2020-03-24T20:43:31Z,Run Rabbit Run,Black Pistol Fire,Hush or Howl,Black Pistol Fire,2014-04-01,album,1,6,231208,False,TCABW1400319,False,1G3UmuxdtCgXLGZcVjDGIy,0Nrwy16xCPXG8AwkMbcVvo,5cGfUv172f4PrqUhPlpENu,https://open.spotify.com/track/1G3UmuxdtCgXLGZcVjDGIy
2020-03-24T13:55:52Z,Gasoline,Prof,Liability,Prof,2015-10-16,album,1,16,257600,True,USBWK1500028,False,7nWkB7u5QT1JblURO10NYK,1LyTmnoxLipUwTEHWSRziG,3p6U8Q8DeFhQzacCkK3Kgo,https://open.spotify.com/track/7nWkB7u5QT1JblURO10NYK
2020-03-22T15:57:38Z,Killer Bee,Beats Antique; Lafa Taylor,Shadowbox,Beats Antique,2016-10-05,album,1,2,208000,False,USA2P1654762,False,3wggajHd9vkX9hN1SRHutS,30DZgkaEYdezg2QMrMgrnm; 0j0HBDnIuT6rsn840ec18A,0U1evnGrQh3AzFyNepQwKc,https://open.spotify.com/track/3wggajHd9vkX9hN1SRHutS
2020-03-16T20:15:24Z,Fire on the Horizon (LabRat Remix),Stick Figure,Fire on the Horizon (LabRat Remix),Stick Figure,2016-10-13,single,1,1,290584,False,TCACS1658179,False,47PZYjI1ZYVlEbAtzh38oO,5SXEylV07TC57eanSxxg4R,1CGZsolcd6JAbkkENO5axv,https://open.spotify.com/track/47PZYjI1ZYVlEbAtzh38oO
2020-03-16T20:15:12Z,Time to Go - DJ Nu-Mark Remix,Wax Tailor; Aloe Blacc; DJ Nu-Mark,B-Sides & Remixes,Wax Tailor,2013-01-01,album,1,3,214400,False,FR2DK1700010,False,10Fde0XWmbq2G2chdFVfLa,3qwxSif06Qwzykdln8ZGfG; 0id62QV2SZZfvBn9xpmuCl; 63NJf4MSV6H56QfpEkUZoy,7JuvbFXE2p0P9eJyA1pKku,https://open.spotify.com/track/10Fde0XWmbq2G2chdFVfLa
2020-03-11T12:47:40Z,Love Me Dead,Ludo,"You're Awful, I Love You",Ludo,2007-01-01,album,1,1,260533,False,USUM70767133,False,3IlYkyctlcTqXAZOA4ZPzz,6ok7bEDf9CZ0448D59AaNL,7kG99quHohiDviZ4FsKCQA,https://open.spotify.com/track/3IlYkyctlcTqXAZOA4ZPzz
2020-03-10T23:07:41Z,Anyone Else But You,The Moldy Peaches,The Moldy Peaches,The Moldy Peaches,2001-09-11,album,1,10,180093,False,TCABE1207359,False,2pKi1lRvXNASy7ybeQIDTy,7GGv4mV9JTJK9e7nIzUliU,4FD8WC9s2yohxwVTp9f236,https://open.spotify.com/track/2pKi1lRvXNASy7ybeQIDTy
2020-03-10T23:07:27Z,Tire Swing,Kimya Dawson,Remember That I Love You,Kimya Dawson,2006-05-09,album,1,1,188280,False,USK110617501,False,4tUOIdAbmMCYnrxSVbyc9V,5PPCkoOKabpGGhqrUwSikz,1XfqNDOsMsShg6AKbPMdXZ,https://open.spotify.com/track/4tUOIdAbmMCYnrxSVbyc9V
2020-03-09T20:10:42Z,Boomerang,The Uncluded,Hokey Fright [Deluxe Version],The Uncluded,2013-05-07,album,1,15,272262,True,USBWK1300015,False,0UxZq7K5JYgbQHdBkycA9h,3TgZxvzeWjtAPq2rf9cx1u,3oou8ckr71HBzuAom70vHj,https://open.spotify.com/track/0UxZq7K5JYgbQHdBkycA9h
2020-03-09T17:35:36Z,Tepid Bile,Tipper,Tip Hop,Tipper,2005-01-01,album,1,1,179834,False,TCAEQ2057604,False,1gy0KwWiZHkrd4wvZGOrvM,1soJ22UMyjIw6SYFtoFJwe,0NDjfsFcjGjcWp8p6CKTLW,https://open.spotify.com/track/1gy0KwWiZHkrd4wvZGOrvM
2020-03-09T16:56:16Z,Iron Lung,Jon Kennedy,HA!,Jon Kennedy,2017-09-22,album,1,6,220752,False,FR96X1774341,False,35U4hu9IbGl2s81v5hv5ir,0quxTLpktFyiRP853em5Fn,4i6BAj5zSw2kAdOZ6iLQkP,https://open.spotify.com/track/35U4hu9IbGl2s81v5hv5ir
2020-03-09T16:56:10Z,Sweet Cream In It,Jel,Soft Money,Jel,2006-02-20,album,1,6,136920,False,USA2Y0600006,False,4SIBh3TuDlu5aN6EHjqRla,1UlLSnpsaY8RdH6W5BRObN,0fzOf2tjmaYCptKw3tecMC,https://open.spotify.com/track/4SIBh3TuDlu5aN6EHjqRla
2020-03-03T16:37:20Z,¿ (feat. Halsey),Bring Me The Horizon; Halsey,Music to listen to~dance to~blaze to~pray to~feed to~sleep to~talk to~grind to~trip to~breathe to~help to~hurt to~scroll to~roll to~love to~hate to~learn Too~plot to~play to~be to~feel to~breed to~sweat to~dream to~hide to~live to~die to~GO TO,Bring Me The Horizon,2019-12-27,album,1,4,313344,False,GBARL1901442,False,6shny2UVkpaLc7jEKEoePa,1Ffb6ejR6Fe5IamqA5oRUF; 26VFTg2z8YR0cCuwLzESi2,6yC6aLzX5knhWpKDidwxft,https://open.spotify.com/track/6shny2UVkpaLc7jEKEoePa
2020-02-26T19:09:20Z,Goldmine Junkie,Big Grams,Big Grams,Big Grams,2015-09-25,album,1,5,222395,True,USSM11507253,False,5IgQ5tC54J5VxnzWckP04K,4jU68Hm8np6WNZXMqi7rz3,1CFREwS5yzCEpC8slWETgT,https://open.spotify.com/track/5IgQ5tC54J5VxnzWckP04K
2020-02-25T22:52:21Z,Sing To Me,MISSIO; Death Stranding: Timefall,DEATH STRANDING: Timefall (Original Music from the World of Death Stranding),Death Stranding: Timefall,2019-11-07,compilation,1,8,189904,False,USRC11902798,False,17KGTOb8fkxlyTnB5eFnsh,2HOMW1liAxI3URnEq95SMS; 4rojTfP5nRkmYpdSbWQgV4,67hVRXYD2WmD4fgPOWNex3,https://open.spotify.com/track/17KGTOb8fkxlyTnB5eFnsh
2020-02-24T20:15:38Z,Rap Music Is Beneath Me,Milkman,Circle of Fifths,Milkman,2009-03-29,album,1,6,214200,False,TCABP1380744,False,6GbxZRD2iwbRDGvdRoEWmR,30cKuCL2eREKcQ8NqyXUo7,4fsBp0odTwVtfDYVEFTUFJ,https://open.spotify.com/track/6GbxZRD2iwbRDGvdRoEWmR
2020-02-24T20:02:28Z,The Moon is Disgusting,That 1 Guy,The Moon is Disgusting,That 1 Guy,2007-06-26,album,1,1,344053,False,USA2B0755501,False,6axWEderpEGOQy97WYJYcp,3yQlrf3lxc0wu6VBP5YUhY,1Bp2qK5VXq5j0PfWkif8TM,https://open.spotify.com/track/6axWEderpEGOQy97WYJYcp
2020-02-21T22:58:41Z,Windows (feat. Prof),Atmosphere; Prof,Windows (feat. Prof),Atmosphere,2016-05-11,single,1,1,213640,True,USBWK1600009,False,0iGQfXCHof2CHRPAqW3Dp7,1GAS0rb4L8VTPvizAx2O9J; 1LyTmnoxLipUwTEHWSRziG,6njSjSRFrw98k5SmGHRXQ2,https://open.spotify.com/track/0iGQfXCHof2CHRPAqW3Dp7
2020-02-20T17:04:43Z,Breezeblocks,alt-J,An Awesome Wave,alt-J,2012-09-18,album,1,4,227080,False,GBZUZ1200067,False,3n69hLUdIsSa1WlRmjMZlW,3XHO7cRUPCLOr6jwp8vsx5,6k3vC8nep1BfqAIJ81L6OL,https://open.spotify.com/track/3n69hLUdIsSa1WlRmjMZlW
2020-02-19T17:28:45Z,Inside Out,Eve 6,Eve 6,Eve 6,1998,album,1,2,219466,False,USRC19806848,False,4GiVcDqNQI0fc0yYuRGH9m,4Eqd24yS5YcxI8b6Xfuwr8,1qJOmC60ez9RNWPg4ELMBW,https://open.spotify.com/track/4GiVcDqNQI0fc0yYuRGH9m
2020-02-18T00:21:48Z,Danny's Song,Loggins & Messina,The Best: Loggins & Messina Sittin' In Again,Loggins & Messina,1971,album,1,9,254653,False,USSM17100303,False,0ju1jP0cSPJ8tmojYBEI89,7emRV8AluG3d4e5T0DZiK9,5BWgJaesMjpJWCTU9sgUPf,https://open.spotify.com/track/0ju1jP0cSPJ8tmojYBEI89
2020-02-17T18:55:39Z,Bulletproof Denali,Speak,Gnarly Davidson vs. The Marlboro Men,Speak,2014-05-06,album,1,3,198391,True,US25X1086038,False,4Lv4Q9h5MSywNx5UiFB5WY,6Ka6HfvQhsltXZAFT1bYbQ,1Hfp9ULeR6IXw7rwGpDdbD,https://open.spotify.com/track/4Lv4Q9h5MSywNx5UiFB5WY
2020-02-17T15:19:07Z,Whispers of the Waves (feat. Gord Downie),Buck 65,20 ODD YEARS,Buck 65,2011,album,1,3,257519,False,CAW111000177,False,2IjDxFCGXIrdzXIRnFjJWO,6jbuMVAvWgoPxEb1wMglyz,5fMNoW6lhkb7o1XFR4EmXj,https://open.spotify.com/track/2IjDxFCGXIrdzXIRnFjJWO
2020-02-12T22:46:43Z,How Did I Get Through Day,Har Mar Superstar,Best Summer Ever,Har Mar Superstar,2016-04-15,album,1,4,204146,False,QMKBG1500183,False,6OwBCxzxlUo9r13LH9bU6x,5wjWLK4KMqmRbdUtTEV1BG,167ZNT4gTQ1h3MVa5puH9m,https://open.spotify.com/track/6OwBCxzxlUo9r13LH9bU6x
2020-02-11T17:19:02Z,Slow Blues - Instrumental,Wu-Tang Clan,Wu-Tang Meets The Indie Culture Instrumentals,Wu-Tang Clan,2009-04-14,album,1,2,293826,False,USA560942559,False,3fQzTeYA61gdP4XN9vK7rb,34EP7KEpOjXcM2TCat1ISk,7GvdgeSyGWQ8x7RrchZkU3,https://open.spotify.com/track/3fQzTeYA61gdP4XN9vK7rb
2020-01-30T15:26:43Z,Knights of Shame,AWOLNATION,Megalithic Symphony Deluxe,AWOLNATION,2011,album,1,14,896373,False,USP6L1000056,False,2zz1MxGs1oyU3uYP0QRuC0,4njdEjTnLfcGImKZu1iSrz,6dMfMvS3hyk3ZCl4yljEDD,https://open.spotify.com/track/2zz1MxGs1oyU3uYP0QRuC0
2020-01-28T16:14:49Z,GRRRLS,AViVA,GRRRLS,AViVA,2017-10-13,single,1,1,228925,False,QMEZE1741236,False,1DkX0AcEDzuFeh4TEAl143,50tDsT4wwq8FCMJNkn1D67,6gek9qiNXrYxqEUHXL4fLZ,https://open.spotify.com/track/1DkX0AcEDzuFeh4TEAl143
2020-01-28T13:32:28Z,Sleep Awake,Soulcrate Music,The Heartland Panic,Soulcrate Music,2010-03-09,album,1,11,276346,False,USTCC1095904,False,7K63vMsxlv2T7QNyCLZMgd,6wmb3FdVsb7UOqaXLWdPHQ,3qRb9SfdrMC6vyiV4tTBot,https://open.spotify.com/track/7K63vMsxlv2T7QNyCLZMgd
2020-01-24T14:35:57Z,Mayday!!! Fiesta Fever,AWOLNATION; Alex Ebert,Mayday!!! Fiesta Fever,AWOLNATION,2020-01-24,single,1,1,222266,False,USDPK1900149,False,06HGRRwKAjnqOSmdAkMFkt,4njdEjTnLfcGImKZu1iSrz; 1me05HW5s7TShHra5nN7uE,72ibf3rLyYM4gunTTvZdLv,https://open.spotify.com/track/06HGRRwKAjnqOSmdAkMFkt
2020-01-22T00:37:28Z,Hello,Killer Mike,BANGx3,Killer Mike,2011-11-29,album,1,1,121700,True,USUYG1010312,False,772nJ1y0CZGuglDsQzp05R,2N4EYkIlG1kv25g6Wv8LGI,26BmsM9kCoN20PS3R9VFPH,https://open.spotify.com/track/772nJ1y0CZGuglDsQzp05R
2020-01-22T00:18:36Z,Protocol,Gift Of Gab,The Next Logical Progression,Gift Of Gab,2012-03-27,album,1,4,178280,False,US2P21100020,False,1B5511vfxdpoYJsjpH5UIZ,5Ol4ibSVNXPuCJT46iSkbX,5YUFn7rBqgcTRC3MERmN6M,https://open.spotify.com/track/1B5511vfxdpoYJsjpH5UIZ
2020-01-06T20:24:02Z,Atlantic City,The Band,Jericho,The Band,1993-11-02,album,1,4,314840,False,USPY10610132,False,4JwjzS9WFkWlpzGCwh82fn,4vpDg7Y7fU982Ds30zawDA,0RLw5OMSYJ9FNUJvBTfHzU,https://open.spotify.com/track/4JwjzS9WFkWlpzGCwh82fn
2020-01-06T17:41:05Z,Middle Fingers,MISSIO,Loner,MISSIO,2017-05-19,album,1,3,215191,False,USRC11700139,False,1RgvTl4vQN4qECtnO1guEp,2HOMW1liAxI3URnEq95SMS,08iSi4GIyoDt2zSvNyru7M,https://open.spotify.com/track/1RgvTl4vQN4qECtnO1guEp
2020-01-06T17:13:11Z,No More,Dirtwire; Moontricks,Blaze,Dirtwire,2017-12-01,album,1,4,227888,False,QZANL1785552,False,4Pk8mH5hbDjetpuLipFFde,0hc2qwaU2xy7LUd0FRjcHK; 6o52orvClP7ba1qV4zMVlg,0PDLva3EVP9KB557i0GvMb,https://open.spotify.com/track/4Pk8mH5hbDjetpuLipFFde
2020-01-05T18:11:15Z,Memories - Dillon Francis Remix,Maroon 5; Dillon Francis,Memories (Dillon Francis Remix),Maroon 5,2019-12-13,single,1,1,162600,False,USUM71923771,False,0r7CVbZTWZgbTCYdfa2P31,04gDigrS5kc9YWfZHwBETP; 5R3Hr2cnCCjt220Jmt2xLf,63rPSO264uRjW1X5E6cWv6,https://open.spotify.com/track/0r7CVbZTWZgbTCYdfa2P31
2020-01-02T00:25:25Z,"Verdi: Rigoletto, Act III: La donna è mobile",Giuseppe Verdi; Luciano Pavarotti; London Symphony Orchestra; Richard Bonynge,Pavarotti Forever,Luciano Pavarotti,1997-01-01,compilation,1,12,142173,False,GBF077130101,False,25ZYvZ2qFw7XCu8nzUxxmU,1JOQXgYdQV2yfrhewqx96o; 0Y8KmFkKOgJybpVobn1onU; 5yxyJsFanEAuwSM5kOuZKc; 6JAPOSeaWl61UBRKZYgAeZ,4uqcr1BXoigCnQ9POw0YYP,https://open.spotify.com/track/25ZYvZ2qFw7XCu8nzUxxmU
2019-12-17T20:57:55Z,Shoot Me Dead,Hours Eastly,Eat the Planes,Hours Eastly,2012-10-05,single,1,5,220226,False,ushm91238325,False,6M8sDAXUgy3KZMl6TlG124,2GwZDmtINCxF3N6GeG8NuM,6bs46jrew9DsLrKjkN4n6J,https://open.spotify.com/track/6M8sDAXUgy3KZMl6TlG124
2019-12-13T13:49:45Z,Faint,Linkin Park,Meteora,Linkin Park,2003-03-25,album,1,7,162106,False,USWB10300468,False,4Yf5bqU3NK4kNOypcrLYwU,6XyY86QOPPrYVGvF9ch6wz,4Gfnly5CzMJQqkUFfoHaP3,https://open.spotify.com/track/4Yf5bqU3NK4kNOypcrLYwU
2019-12-13T01:16:09Z,Best Day (Angry Birds 2 Remix),Kesha,Best Day (Angry Birds 2 Remix),Kesha,2019-07-26,single,1,1,179905,False,USRC11901925,False,2eh4qe6wmq7he6O76CS0o3,6LqNN22kT3074XbTVUrhzX,5x9vJFGBCTnxu8gcG4xoTd,https://open.spotify.com/track/2eh4qe6wmq7he6O76CS0o3
2019-12-10T13:47:14Z,It Was A Good Day,Ice Cube,The Predator,Ice Cube,1992-11-17,album,1,7,260000,True,USPO19250006,False,2qOm7ukLyHUXWyR4ZWLwxA,3Mcii5XWf6E0lrY3Uky4cA,71HM1CMYWeZzws8pyiEn46,https://open.spotify.com/track/2qOm7ukLyHUXWyR4ZWLwxA
2019-12-09T21:15:42Z,Breakfast Club,Z-Trip,Shifting Gears (Explicit Version),Z-Trip,2005-01-01,album,1,10,293040,True,USHR10521462,False,1Iz3gWzVEaxNe4Dv9xwTV0,0YUefH6Li1IsJBtlUWgtwc,4eyjaYy5ubrTvRTGuIxSlS,https://open.spotify.com/track/1Iz3gWzVEaxNe4Dv9xwTV0
2019-12-06T22:20:56Z,"Thank God I'm a Country Boy - Live at the Universal Amphitheatre, Los Angeles, CA - August/September 1974",John Denver,An Evening With John Denver,John Denver,1975-02,album,2,2,220626,False,USRC10100071,False,7sVfJHBjH9cr4XsTYAwNYI,7EK1bQADBoqbYXnT4Cqv9w,0KQsJk1cmfLUwNmuVZoqT4,https://open.spotify.com/track/7sVfJHBjH9cr4XsTYAwNYI
2019-12-05T16:15:52Z,Big Pimpin',JAŸ-Z; UGK,Vol. 3... Life And Times Of S. Carter,JAŸ-Z,1999-12-28,album,1,11,283066,True,USDJ29905922,False,7m97yKVzPpXV9Z4ezEziOD,3nFkdlSjzX9mRTtwJOzDYB; 6ZhjJOJXXwnPS8PrXdmjLw,3rWJsuu7ukoZZhp7YYkjNZ,https://open.spotify.com/track/7m97yKVzPpXV9Z4ezEziOD
2019-12-05T16:15:36Z,Hard Knock Life,JAŸ-Z,Vol.2... Hard Knock Life,JAŸ-Z,1998-09-29,album,1,2,238560,False,USRL19800899,False,2YIjojA9bKEcD4ScEiBg2q,3nFkdlSjzX9mRTtwJOzDYB,7dgrVFl513aFBvMqu3KHsQ,https://open.spotify.com/track/2YIjojA9bKEcD4ScEiBg2q
2019-12-05T16:15:05Z,Gotta Have It,JAŸ-Z; Kanye West,Watch The Throne,JAŸ-Z; Kanye West,2011-08-08,album,1,5,140746,True,USUM71111623,False,6JFLZH9vCzgqnUToBdiHQb,3nFkdlSjzX9mRTtwJOzDYB; 5K4W6rqBFWDnAN6FQUkS6x,7mCeLbChyegbRwwKK5shJs,https://open.spotify.com/track/6JFLZH9vCzgqnUToBdiHQb
2019-12-05T16:15:04Z,Otis,JAŸ-Z; Kanye West; Otis Redding,Watch The Throne,JAŸ-Z; Kanye West,2011-08-08,album,1,4,178213,True,USUM71111634,False,0nLcWJB4ir9430ulKxZZhV,3nFkdlSjzX9mRTtwJOzDYB; 5K4W6rqBFWDnAN6FQUkS6x; 60df5JBRRPcnSpsIMxxwQm,7mCeLbChyegbRwwKK5shJs,https://open.spotify.com/track/0nLcWJB4ir9430ulKxZZhV
2019-12-05T16:15:03Z,Ni**as In Paris,JAŸ-Z; Kanye West,Watch The Throne,JAŸ-Z; Kanye West,2011-08-08,album,1,3,219333,True,USUM71111621,False,7fQmDkqrrj13kxv4Vle3AM,3nFkdlSjzX9mRTtwJOzDYB; 5K4W6rqBFWDnAN6FQUkS6x,7mCeLbChyegbRwwKK5shJs,https://open.spotify.com/track/7fQmDkqrrj13kxv4Vle3AM
2019-12-03T20:55:20Z,Bde Maka Ska,Atmosphere,Bde Maka Ska,Atmosphere,2019-11-08,single,1,1,170666,True,USBWK1900095,False,7fLN7c6w92dUK1SDmsFWoi,1GAS0rb4L8VTPvizAx2O9J,01siphPmmxE9JdUA4XKFxO,https://open.spotify.com/track/7fLN7c6w92dUK1SDmsFWoi
2019-12-03T20:46:58Z,Front 2 Back,SNAILS; Kill The Noise; Sullivan King,Front 2 Back,SNAILS; Kill The Noise; Sullivan King,2019-11-15,single,1,1,257218,True,CADUT1900007,False,1UJawTtigLuhYRqLglCYx2,2yT7X3Gg2S51DHz67FAYL6; 3qnMl4DHT4gndzFAcG4FlM; 1CXuuw8HJhyN80HlNzvL1e,5PoLN3yHHwFPiNU3hhGYNR,https://open.spotify.com/track/1UJawTtigLuhYRqLglCYx2
2019-12-03T20:02:24Z,Graveyard - Acoustic,Halsey,Graveyard (Acoustic),Halsey,2019-11-12,single,1,1,243116,False,USUM71922715,False,5Mw3cgLITldbLts5aCrrRr,26VFTg2z8YR0cCuwLzESi2,6N9bknyFXkpQF2F3yaevKN,https://open.spotify.com/track/5Mw3cgLITldbLts5aCrrRr
2019-11-21T22:19:04Z,Acapella,Karmin,Pulses,Karmin,2014-03-21,album,1,3,198903,False,USSM11302997,False,6RjW45KHJ6kgI2xQ1aFa52,4M0DLz8te9Q1lNIXBBwvfG,2UvU0egYoXsysWkHqQy4Lc,https://open.spotify.com/track/6RjW45KHJ6kgI2xQ1aFa52
2019-11-17T17:18:10Z,Play With Me,Extreme,Extreme,Extreme,1989-01-01,album,1,11,211440,False,USAM18923370,False,6hpPAOftKbe1YghyTtJuCq,6w7j5wQ5AI5OQYlcM15s2L,0iWVmKKPVhtOkaMFZcfaiw,https://open.spotify.com/track/6hpPAOftKbe1YghyTtJuCq
2019-11-11T16:01:17Z,Don't Wait Up,Robert DeLong,In the Cards,Robert DeLong,2015-09-18,album,1,4,234573,False,USYAH1500081,False,3nrKCzheznbpeVVARoChd7,42crL07E4WPfVovyUtMpvC,3ufL0LoXla0FS28AKPeOlc,https://open.spotify.com/track/3nrKCzheznbpeVVARoChd7
2019-11-08T01:41:40Z,Jamming,Bob Marley & The Wailers,Legend - The Best Of Bob Marley And The Wailers,Bob Marley & The Wailers,2002-01-01,compilation,1,15,211426,False,USIR27700013,False,4aUCPal9bxTnQkEfdIY6sG,2QsynagSdAqZj3U9HgDzjD,4jKeipwuUTjlx9USNYdhZn,https://open.spotify.com/track/4aUCPal9bxTnQkEfdIY6sG
2019-11-08T01:41:35Z,Redemption Song,Bob Marley & The Wailers,Legend - The Best Of Bob Marley And The Wailers,Bob Marley & The Wailers,2002-01-01,compilation,1,12,227840,False,USIR28000018,False,7MKcM6TfaGKQVFfhstCbOw,2QsynagSdAqZj3U9HgDzjD,4jKeipwuUTjlx9USNYdhZn,https://open.spotify.com/track/7MKcM6TfaGKQVFfhstCbOw
2019-11-08T01:41:31Z,One Love / People Get Ready,Bob Marley & The Wailers,Legend - The Best Of Bob Marley And The Wailers,Bob Marley & The Wailers,2002-01-01,compilation,1,9,172200,False,GBAAN7790002,False,2BSwGHTh4kmckqXQfaCaAp,2QsynagSdAqZj3U9HgDzjD,4jKeipwuUTjlx9USNYdhZn,https://open.spotify.com/track/2BSwGHTh4kmckqXQfaCaAp
2019-11-08T01:41:26Z,"Get Up, Stand Up",Bob Marley & The Wailers,Legend - The Best Of Bob Marley And The Wailers,Bob Marley & The Wailers,2002-01-01,compilation,1,6,197573,False,GBAAN7390001,False,0q5giEtY4wsFTwjWqswLwx,2QsynagSdAqZj3U9HgDzjD,4jKeipwuUTjlx9USNYdhZn,https://open.spotify.com/track/0q5giEtY4wsFTwjWqswLwx
2019-11-08T01:41:24Z,Buffalo Soldier,Bob Marley & The Wailers,Legend - The Best Of Bob Marley And The Wailers,Bob Marley & The Wailers,2002-01-01,compilation,1,5,257786,False,USIR28300004,False,0QyBdoz2JktWEo111DBEx9,2QsynagSdAqZj3U9HgDzjD,4jKeipwuUTjlx9USNYdhZn,https://open.spotify.com/track/0QyBdoz2JktWEo111DBEx9
2019-11-08T01:41:22Z,Three Little Birds,Bob Marley & The Wailers,Legend - The Best Of Bob Marley And The Wailers,Bob Marley & The Wailers,2002-01-01,compilation,1,4,180440,False,USIR27700016,False,7vggqxNKwd6xdRoYS0pQtM,2QsynagSdAqZj3U9HgDzjD,4jKeipwuUTjlx9USNYdhZn,https://open.spotify.com/track/7vggqxNKwd6xdRoYS0pQtM
2019-11-08T01:41:20Z,Could You Be Loved,Bob Marley & The Wailers,Legend - The Best Of Bob Marley And The Wailers,Bob Marley & The Wailers,2002-01-01,compilation,1,3,237133,False,USIR28000016,False,6ZXmTH4DpP07a2TvHx1EF9,2QsynagSdAqZj3U9HgDzjD,4jKeipwuUTjlx9USNYdhZn,https://open.spotify.com/track/6ZXmTH4DpP07a2TvHx1EF9
2019-11-08T01:41:17Z,"No Woman, No Cry - Live At The Lyceum, London/1975",Bob Marley & The Wailers,Legend - The Best Of Bob Marley And The Wailers,Bob Marley & The Wailers,2002-01-01,compilation,1,2,428360,False,USIR17590002,False,5rPnv4gceOGKCqbN06F2aJ,2QsynagSdAqZj3U9HgDzjD,4jKeipwuUTjlx9USNYdhZn,https://open.spotify.com/track/5rPnv4gceOGKCqbN06F2aJ
2019-11-08T01:41:11Z,Is This Love,Bob Marley & The Wailers,Legend - The Best Of Bob Marley And The Wailers,Bob Marley & The Wailers,2002-01-01,compilation,1,1,230733,False,USIR27800259,False,2sevvnMrqH607r5lwk3kFT,2QsynagSdAqZj3U9HgDzjD,4jKeipwuUTjlx9USNYdhZn,https://open.spotify.com/track/2sevvnMrqH607r5lwk3kFT
2019-11-06T12:10:02Z,One Night in Bangkok,Murray Head,Emotions (My Favourite Songs),Murray Head,1980,album,1,9,236066,False,SEAYD8403110,False,6erBowZaW6Ur3vNOWhS2zM,479Yp6DvyXoIaCssAxB4QR,4zNqO0KPoLtp90U3Ljl9PT,https://open.spotify.com/track/6erBowZaW6Ur3vNOWhS2zM
2019-10-28T17:06:56Z,Hi Ho Silver and Gold,Trapdoor,Bison,Trapdoor,2016-12-14,single,1,1,278999,False,TCACY1746443,False,7eMFt2ztGGnC58oKot5dRi,0B66D4QdlVOnZqBoy69hyq,4g7nwlTOf5UG1wg2xZjIX2,https://open.spotify.com/track/7eMFt2ztGGnC58oKot5dRi
2019-10-24T21:29:32Z,Angel Eyes - Album Edit,The Jeff Healey Band,Master Hits,The Jeff Healey Band,1999-07-26,compilation,1,2,280933,False,USAR18800116,False,3gDtrR0W8CmkyS6mweesSS,3d2hJTVTwo08F9b0ZFQukJ,6PC9knxEdAFYCr8yvmrzwF,https://open.spotify.com/track/3gDtrR0W8CmkyS6mweesSS
2019-10-21T15:48:30Z,Pony,Far,At Night We Live,Far,2010-05-25,album,1,12,262746,False,USVR91059212,False,3maTBOb5im0rwUpXgPX83O,0GQXHlIz6zMT0IeXQq26Pt,6wVI0wFSHAejaUNtrsuQWi,https://open.spotify.com/track/3maTBOb5im0rwUpXgPX83O
2019-10-17T16:22:38Z,like u do,Marian Hill,like u do,Marian Hill,2019-10-11,single,1,1,180159,False,US23A1501519,False,2RcgebJEH4jPjGbhNRzdCP,1xHQO9GJIW9OXHxGBISYc5,5FovovKyR2586SMPZvC2H0,https://open.spotify.com/track/2RcgebJEH4jPjGbhNRzdCP
2019-10-16T13:30:30Z,El Paso,Marty Robbins,Gunfighter Ballads And Trail Songs,Marty Robbins,1959,album,1,10,259306,False,USSM15901202,False,4f8hBeMXMvssn6HtFAtblo,0Xi59sEw38vRvwleSAVqoo,3kQpBS26lAj0A0VGl1snRl,https://open.spotify.com/track/4f8hBeMXMvssn6HtFAtblo
2019-10-16T13:27:37Z,My Way,Frank Sinatra,My Way (Expanded Edition),Frank Sinatra,1969-03,album,1,6,276800,False,USRH10902101,False,3spdoTYpuCpmq19tuD0bOe,1Mxqyy3pSjf8kZZL4QVxS0,3IdNQBn7De23AVyv2V67wn,https://open.spotify.com/track/3spdoTYpuCpmq19tuD0bOe
2019-10-15T15:09:48Z,Country to the City (feat. Jg Made Um Look),Good Ol' Boyz; Bubba Sparxxx; JG MadeUmLook,Country to the City,Good Ol' Boyz,2014-04-20,album,1,1,332458,True,TCABW1473617,False,2L7mrYVvjtTssCK2hDI1zJ,7h8lt55X2S8mucaQdnnAqQ; 3RPYHNSwe3w0mtfJwKIN9P; 4flHqAEEMafERLjz3XvG6T,6mN6dYvSMJp8YKyW6KuJEe,https://open.spotify.com/track/2L7mrYVvjtTssCK2hDI1zJ
2019-10-10T20:33:14Z,No Flex Zone (Remix),Karmin; Watsky,No Flex Zone (Remix) - Single,Karmin; Watsky,2014-09-26,single,1,1,189257,True,USUYG1053451,False,5XVRQZytbOKCszNGWUQKwE,4M0DLz8te9Q1lNIXBBwvfG; 3mJ9GlkLzj8Ka7Z7EQaCMi,70gvqEMlTOF5dxMQh1353C,https://open.spotify.com/track/5XVRQZytbOKCszNGWUQKwE
2019-10-10T18:54:08Z,Solo,Mobley,"Fresh Lies, Vol. I",Mobley,2018-04-27,album,1,8,212142,False,GBLFP1578061,False,5VuVEdKd8i2fKxdicLjOZn,6ZGf9hyQy1jpBZFb7nBWcP,3fiNiOrEiP5ciW7d0BF82U,https://open.spotify.com/track/5VuVEdKd8i2fKxdicLjOZn
2019-10-01T13:21:25Z,Maps,Yeah Yeah Yeahs,Fever To Tell,Yeah Yeah Yeahs,2003-04-29,album,1,9,219986,False,USIR10300259,False,5ypaZzzhcVYoy8BYSkbfih,3TNt4aUIxgfy9aoaft5Jj2,0EabZMx74C2wyXhvMMO1eI,https://open.spotify.com/track/5ypaZzzhcVYoy8BYSkbfih
2019-10-01T13:09:35Z,Cold Light,Yeah Yeah Yeahs,Fever To Tell,Yeah Yeah Yeahs,2003-04-29,album,1,7,135906,False,USIR10300256,False,7at9CaHEFTsV3J5KXSYzSc,3TNt4aUIxgfy9aoaft5Jj2,0EabZMx74C2wyXhvMMO1eI,https://open.spotify.com/track/7at9CaHEFTsV3J5KXSYzSc
2019-10-01T13:07:41Z,Pin,Yeah Yeah Yeahs,Fever To Tell,Yeah Yeah Yeahs,2003-04-29,album,1,6,120080,False,USIR10300262,False,7JJSLbkldvSxxmvM9JLOt0,3TNt4aUIxgfy9aoaft5Jj2,0EabZMx74C2wyXhvMMO1eI,https://open.spotify.com/track/7JJSLbkldvSxxmvM9JLOt0
2019-10-01T13:05:18Z,Black Tongue,Yeah Yeah Yeahs,Fever To Tell,Yeah Yeah Yeahs,2003-04-29,album,1,5,179240,True,USIR10300255,False,6wCt82Pp95RuPX64Tn7frk,3TNt4aUIxgfy9aoaft5Jj2,0EabZMx74C2wyXhvMMO1eI,https://open.spotify.com/track/6wCt82Pp95RuPX64Tn7frk
2019-10-01T13:00:59Z,Man,Yeah Yeah Yeahs,Fever To Tell,Yeah Yeah Yeahs,2003-04-29,album,1,3,109480,False,USIR10300258,False,73VffP4oQX941CxozOP15l,3TNt4aUIxgfy9aoaft5Jj2,0EabZMx74C2wyXhvMMO1eI,https://open.spotify.com/track/73VffP4oQX941CxozOP15l
2019-10-01T12:58:22Z,Date With The Night,Yeah Yeah Yeahs,Fever To Tell,Yeah Yeah Yeahs,2003-04-29,album,1,2,155320,False,USIR10300257,False,21M6YAySMPv9qQwtqIL42A,3TNt4aUIxgfy9aoaft5Jj2,0EabZMx74C2wyXhvMMO1eI,https://open.spotify.com/track/21M6YAySMPv9qQwtqIL42A
2019-09-27T15:30:49Z,California Love - Original Version,2Pac; Roger; Dr. Dre,Greatest Hits,2Pac,1998-01-01,compilation,2,6,285026,False,USUG10702629,False,1JClFT74TYSXlzpagbmj0S,1ZwdS5xdxEREPySFridCfh; 3GMoVpWJy4smKuxFuFTwXC; 6DPYiyq5kWVQS4RGwxzPC7,3PO9OtQdvCDJN8zDLtZiYd,https://open.spotify.com/track/1JClFT74TYSXlzpagbmj0S
2019-09-26T15:36:19Z,Mannish Boy - Ruckus Roboticus Remix,Muddy Waters; Ruckus Roboticus,Mannish Boy (Ruckus Roboticus Remix),Muddy Waters,2019-09-20,single,1,1,295250,False,USSM11400584,False,0e4732kLODktOX0ZWWdNAG,4y6J8jwRAwO4dssiSmN91R; 7pk29o5xCDXaLppJf0H6lP,5MvASmK46XRKdRYmYuh8nJ,https://open.spotify.com/track/0e4732kLODktOX0ZWWdNAG
2019-09-22T22:49:45Z,Trampoline,SHAED,MELT,SHAED,2018-09-21,single,1,2,184060,False,QZ47A1800201,False,0lsRatBUs9HNIZAmoGABzk,3KwmxIhSe9UTSEF37kwngR,3WSazrD65bFptRnMvnesVH,https://open.spotify.com/track/0lsRatBUs9HNIZAmoGABzk
2019-09-16T13:01:24Z,Children Of The Sun,Billy Thorpe,Children Of The Sun...Revisited,Billy Thorpe,1979,album,1,1,404493,False,USSM19913160,False,5iiadi85b2MArbziJVTsEv,3XGBZeimYdPt1rLdy0JqrQ,71m9h9ZNjxOc5VBaQaYDnV,https://open.spotify.com/track/5iiadi85b2MArbziJVTsEv
2019-09-13T19:36:38Z,Hollywood's Bleeding,Post Malone,Hollywood's Bleeding,Post Malone,2019-09-06,album,1,1,156266,False,USUM71915730,False,77Y7tccX9Hx5iClDr39uy9,246dkjvS1zLTtiykXe5h60,3KziODx7ieQTgYCVrS6nBv,https://open.spotify.com/track/77Y7tccX9Hx5iClDr39uy9
2019-09-13T18:27:05Z,Take What You Want (feat. Ozzy Osbourne & Travis Scott),Post Malone; Ozzy Osbourne; Travis Scott,Hollywood's Bleeding,Post Malone,2019-09-06,album,1,9,229573,False,USUM71915731,False,4Yq3XUNfWrAPWuB94qkC09,246dkjvS1zLTtiykXe5h60; 6ZLTlhejhndI4Rh53vYhrY; 0Y5tJX1MQlPlqiwlOH1tJY,3KziODx7ieQTgYCVrS6nBv,https://open.spotify.com/track/4Yq3XUNfWrAPWuB94qkC09
2019-09-09T17:34:34Z,Sinner // Saint,MiM0SA,Sinner // Saint,MiM0SA,2017-04-21,album,1,1,181544,False,USBEB1710053,False,6nLNn8NLq0y6FUbtJtJtgJ,5BTlwnHtDmzpMj0URbp4Ur,2aD8y89dLqS3XyIsKJtErj,https://open.spotify.com/track/6nLNn8NLq0y6FUbtJtJtgJ
2019-09-06T18:27:46Z,Sky High,Milkman,Algorithms,Milkman,2011-01-25,album,1,1,303267,True,TCABP1380611,False,7FkL6I64EZYGMbFmLMjaAI,30cKuCL2eREKcQ8NqyXUo7,4HGD0ROuHSGk49x7DiLu5S,https://open.spotify.com/track/7FkL6I64EZYGMbFmLMjaAI
2019-08-27T22:17:00Z,Waste the Night,Katastro; Jared Watson,Strange Nights,Katastro,2016-09-30,album,1,4,175908,False,QMFMF1523099,False,0f876wKIJoyl4Ade2pbFlR,2CimT0aCxKVuJsKPVLG0j5; 1MbXhlWa5LRkVPrDJ7LDJM,0XYNxkfhrnGvbmyOrfcx83,https://open.spotify.com/track/0f876wKIJoyl4Ade2pbFlR
2019-08-21T13:55:48Z,One,Stig Of The Dump,Cannon Fodder EP,Stig Of The Dump,2012-09-10,single,1,1,178955,False,GBLVL1200005,False,6kuj1KxP5kEA7NB8UaAuNJ,1kai51ZrVal4vJyQ4OAQ1Z,73zCEAMxWoBOnDDmFaaYmW,https://open.spotify.com/track/6kuj1KxP5kEA7NB8UaAuNJ
2019-08-13T19:24:17Z,Work Away,Classified; David Myles,Greatful,Classified,2016-07-29,album,1,8,225120,True,CABS11500308,False,3oz4wkbVOe48a4zCEjHH2c,7t6GsqGAwrj1kwYbvNX0hN; 0C52ChHxEwG9E6Mi7Kmlkf,7oxtjBrNnvSDTgpJI0rwL7,https://open.spotify.com/track/3oz4wkbVOe48a4zCEjHH2c
2019-08-13T19:22:39Z,Rituals,Cole William,Rituals,Cole William,2018-12-08,single,1,1,305562,False,TCADZ1814816,False,0NwZctMfE9J9NZDqSDWEhs,05kALcm8FDBvOUFCx2RrbR,37ON9GYEVzv34M5VZT2SeS,https://open.spotify.com/track/0NwZctMfE9J9NZDqSDWEhs
2019-08-13T18:58:21Z,Midnight Groove,Moontricks,Home EP,Moontricks,2015-10-23,single,1,2,308000,False,CA5KR1511121,False,7tFIymt7Ya7dVwkcIeyENJ,6o52orvClP7ba1qV4zMVlg,06dzb4EfhOSKIZJ9slQajK,https://open.spotify.com/track/7tFIymt7Ya7dVwkcIeyENJ
2019-08-01T21:22:16Z,94 Hours,As I Lay Dying,Frail Words Collapse,As I Lay Dying,2003,album,1,1,190693,False,USMBR0400722,False,5sS3HChB8NojQIhwt9WWGR,2vd2HnNh4pdYa9gDVHFjEu,1atsQ3zl1LR122Y1UZajsE,https://open.spotify.com/track/5sS3HChB8NojQIhwt9WWGR
2019-07-22T12:31:28Z,Truth Hurts,Lizzo,Cuz I Love You (Deluxe),Lizzo,2019-05-03,album,1,13,173325,True,USAT21703896,False,5qmq61DAAOUaW8AUo8xKhh,56oDRnqbIiwx4mymNEv7dS,74gSdSHe71q7urGWMMn3qB,https://open.spotify.com/track/5qmq61DAAOUaW8AUo8xKhh
2019-07-17T00:20:55Z,Handlebars,Flobots,Fight With Tools,Flobots,2008-01-01,album,1,6,206813,False,USUM70810498,False,6JH9yWhgbm0y9iAJhCslNc,0rHiOzaAbw3cCp8D7yjyig,0Q7dUE51rPBQwszngVlqPG,https://open.spotify.com/track/6JH9yWhgbm0y9iAJhCslNc
2019-07-17T00:20:42Z,Lifestyles of the Rich & Famous,Good Charlotte,The Young and The Hopeless,Good Charlotte,2002-10-04,album,1,3,190466,False,USSM10210275,False,2g2a5kDeZexbUTD8abcvm6,5aYyPjAsLj7UzANzdupwnS,5CTygC3aONv7l0klY4k3hc,https://open.spotify.com/track/2g2a5kDeZexbUTD8abcvm6
2019-07-17T00:20:20Z,Little Things,Good Charlotte,Good Charlotte,Good Charlotte,2001-01-14,album,1,1,203026,False,USSM10011171,False,6vFD3c1WI1zuKoyk22dMw3,5aYyPjAsLj7UzANzdupwnS,0KfIGgasOmBV70OgVTRLHs,https://open.spotify.com/track/6vFD3c1WI1zuKoyk22dMw3
2019-07-17T00:19:57Z,Adam's Song,blink-182,Enema Of The State,blink-182,1999-06-01,album,1,7,249626,False,USMC19959122,False,6xpDh0dXrkVp0Po1qrHUd8,6FBDaR13swtiWwGhX1WQsP,652N05EcNH1a4bIlUixQE2,https://open.spotify.com/track/6xpDh0dXrkVp0Po1qrHUd8
2019-07-17T00:19:53Z,What's My Age Again?,blink-182,Enema Of The State,blink-182,1999-06-01,album,1,5,148360,True,USMC19959007,False,4LJhJ6DQS7NwE7UKtvcM52,6FBDaR13swtiWwGhX1WQsP,652N05EcNH1a4bIlUixQE2,https://open.spotify.com/track/4LJhJ6DQS7NwE7UKtvcM52
2019-07-17T00:19:51Z,All The Small Things,blink-182,Enema Of The State,blink-182,1999-06-01,album,1,8,167066,False,USMC19959123,False,2m1hi0nfMR9vdGC8UcrnwU,6FBDaR13swtiWwGhX1WQsP,652N05EcNH1a4bIlUixQE2,https://open.spotify.com/track/2m1hi0nfMR9vdGC8UcrnwU
2019-07-17T00:19:28Z,Fat Lip,Sum 41,"All Killer, No Filler",Sum 41,2001-01-01,album,1,4,178266,True,USIR20110124,False,4KacUpvbA3Mfo05gttTjhN,0qT79UgT5tY4yudH9VfsdT,2UCWsnmZEVg9HhnMeKTsim,https://open.spotify.com/track/4KacUpvbA3Mfo05gttTjhN
2019-07-17T00:19:26Z,In Too Deep,Sum 41,"All Killer, No Filler",Sum 41,2001-01-01,album,1,7,207093,False,USIR20110114,False,1HNE2PX70ztbEl6MLxrpNL,0qT79UgT5tY4yudH9VfsdT,2UCWsnmZEVg9HhnMeKTsim,https://open.spotify.com/track/1HNE2PX70ztbEl6MLxrpNL
2019-07-17T00:19:00Z,Cupid's Chokehold / Breakfast in America,Gym Class Heroes,The Papercut Chronicles,Gym Class Heroes,2005-02-22,album,1,10,243773,False,US56V0407211,False,2Lhdl74nwwVGOE2Gv35QuK,4IJczjB0fJ04gs4uvP0Fli,4Ug3M4a8wAEebndVIF65fX,https://open.spotify.com/track/2Lhdl74nwwVGOE2Gv35QuK
2019-07-12T12:24:11Z,Burn It to the Ground,Nickelback,Dark Horse,Nickelback,2008-11-14,album,1,2,212346,False,NLA320888014,False,1jq28NGw6wdtFKx8MBPy6C,6deZN1bslXzeGvOLaLMOIF,0GQ9AZBJSj109gmSdSrviC,https://open.spotify.com/track/1jq28NGw6wdtFKx8MBPy6C
2019-07-12T12:22:35Z,Welcome to the Black Parade,My Chemical Romance,The Black Parade,My Chemical Romance,2006-10-20,album,1,5,311106,False,USRE10602613,False,5wQnmLuC1W7ATsArWACrgW,7FBcuc1gsnv6Y1nwFtNRCb,0FZK97MXMm5mUQ8mtudjuK,https://open.spotify.com/track/5wQnmLuC1W7ATsArWACrgW
2019-07-08T13:14:10Z,Thumbs Up,Kill The Noise; Feed Me,BLVCK MVGIC EP,Kill The Noise,2012,single,1,5,235714,False,USA2P1271807,False,5fC2H9ZmpCiLfhWLbE0lDp,3qnMl4DHT4gndzFAcG4FlM; 5FWi1mowu6uiU2ZHwr1rby,0MfMwANwM1VhuYHPOK0fD3,https://open.spotify.com/track/5fC2H9ZmpCiLfhWLbE0lDp
2019-07-08T13:13:39Z,Make It Bun Dem,Skrillex; Damian Marley,Make It Bun Dem After Hours EP,Skrillex; Damian Marley,2012-08-28,single,1,1,213696,False,USAT21202262,False,0mlf3yOGzVnIVxjybDQL3h,5he5w2lnU9x7JFhnwcekXX; 3QJzdZJYIAcoET1GcfpNGi,3ipNtzV1LNGEBWu4VSsmjP,https://open.spotify.com/track/0mlf3yOGzVnIVxjybDQL3h
2019-07-08T12:07:39Z,Me and Julio Down by the Schoolyard,Paul Simon,Paul Simon,Paul Simon,1972-01-14,album,1,6,164813,False,USSM11002239,False,6vxHp3CDNo0afgKGp2yi1E,2CvCyf1gEVhI0mX6aFXmVI,7npBPiCHjPj8PVIGPuHXep,https://open.spotify.com/track/6vxHp3CDNo0afgKGp2yi1E
2019-06-24T16:41:34Z,Electric Eyes - Studio Brussels Remix,Metaform,Electric Eyes (Studio Brussels Remixes),Metaform,2012-06-12,single,1,1,288006,False,USBTX1200017,False,4bkMtWviJMNe0PvknthlkZ,4BszhWpm1hnrTV8E8YONts,50u7B9rvfRraLwDK19yOgB,https://open.spotify.com/track/4bkMtWviJMNe0PvknthlkZ
2019-06-24T13:50:48Z,No Pressure,C2 & The Brothers Reed,No Pressure,C2 & The Brothers Reed,2019-04-30,single,1,1,299739,False,QMEZE1926574,False,1qAzoLzDLmPwQCYwPcXy8P,1aDnw4btqUX7NVStVFwixS,1AGoSZP7LlF3fdam2vLets,https://open.spotify.com/track/1qAzoLzDLmPwQCYwPcXy8P
2019-06-21T22:11:47Z,New Rules,Dua Lipa,Dua Lipa,Dua Lipa,2017-06-02,album,1,10,209320,False,GBAHT1600310,False,6tF92PMv01Ug9Dh8Rmy6nH,6M2wZ9GZgrQXHCFfjv46we,2vlhlrgMaXqcnhRqIEV9AP,https://open.spotify.com/track/6tF92PMv01Ug9Dh8Rmy6nH
2019-06-17T11:52:49Z,Home,Edward Sharpe & The Magnetic Zeros,Up From Below,Edward Sharpe & The Magnetic Zeros,2009-07-14,album,1,6,303200,False,USVR90954206,False,6ZapsNk1ZpaebNXAIohP9R,7giUHu5pv6YTZgSkxxCcgh,4EBtalKeisyblXwox9mMXf,https://open.spotify.com/track/6ZapsNk1ZpaebNXAIohP9R
2019-06-11T17:48:44Z,Smoke out the Window,Tribe Society,We Sell Drugs,Tribe Society,2017-03-03,album,1,3,213283,False,GBKPL1674642,False,5wcMUEb8IElFQAXVo7W8b8,2Uy7HZ1G1NKVkRqAvGe5a0,2HpZKKIpk4uYv30QVi5YEr,https://open.spotify.com/track/5wcMUEb8IElFQAXVo7W8b8
2019-06-10T20:32:31Z,The Next Episode,Dr. Dre; Snoop Dogg,2001,Dr. Dre,1999-11-16,album,1,11,161506,True,USIR19915078,False,4LwU4Vp6od3Sb08CsP99GC,6DPYiyq5kWVQS4RGwxzPC7; 7hJcb9fa4alzcOq3EaNPoG,7q2B4M5EiBkqrlsNW8lB7N,https://open.spotify.com/track/4LwU4Vp6od3Sb08CsP99GC
2019-06-10T20:28:19Z,Forgot About Dre,Dr. Dre; Eminem,2001,Dr. Dre,1999-11-16,album,1,10,222293,True,USIR19915077,False,7iXF2W9vKmDoGAhlHdpyIa,6DPYiyq5kWVQS4RGwxzPC7; 7dGJo4pcD2V6oG8kP0tJRR,7q2B4M5EiBkqrlsNW8lB7N,https://open.spotify.com/track/7iXF2W9vKmDoGAhlHdpyIa
2019-06-10T20:27:58Z,What's The Difference,Dr. Dre; Eminem; Xzibit,2001,Dr. Dre,1999-11-16,album,1,7,244200,True,USIR19915074,False,1SWVDBtw6h3tm9OehOkDhv,6DPYiyq5kWVQS4RGwxzPC7; 7dGJo4pcD2V6oG8kP0tJRR; 4tujQJicOnuZRLiBFdp3Ou,7q2B4M5EiBkqrlsNW8lB7N,https://open.spotify.com/track/1SWVDBtw6h3tm9OehOkDhv
2019-06-10T20:27:34Z,The Watcher,Dr. Dre; Eminem; Knoc-Turn'al,2001,Dr. Dre,1999-11-16,album,1,2,206546,True,USIR19915071,False,1iQ5E4z6CJ38dIzvMI9Wdo,6DPYiyq5kWVQS4RGwxzPC7; 7dGJo4pcD2V6oG8kP0tJRR; 24PJqH46WhB0pUB7NlsFna,7q2B4M5EiBkqrlsNW8lB7N,https://open.spotify.com/track/1iQ5E4z6CJ38dIzvMI9Wdo
2019-06-06T12:47:24Z,Love Is Mystical - 3L Sereno,Cold War Kids; Lars Stalfors,Love Is Re-Myxtical,Cold War Kids,2017-07-14,single,1,3,215426,False,USUG11701032,False,0iGn6RpZYUGjhpL3cCqPgQ,6VDdCwrBM4qQaGxoAyxyJC; 6IhjFi3DmfF8AAHfdxEwYq,11gi87kYfmPVmqViwg7OjW,https://open.spotify.com/track/0iGn6RpZYUGjhpL3cCqPgQ
2019-06-03T16:27:26Z,In the Dark,Reignwolf,In the Dark,Reignwolf,2013-12-04,single,1,1,278205,False,CAJ8P1300002,False,0H7qByioivKJcsDrCCaPPD,66YGDwn22fjphzqGCSIbbK,0txS3Mq2fvgZYb6VgOI2dO,https://open.spotify.com/track/0H7qByioivKJcsDrCCaPPD
2019-06-03T16:23:17Z,American Muscle,1 AMVRKA,American Muscle,1 AMVRKA,2017-02-17,single,1,1,263229,True,USUM71700509,False,55l6kGGKacjxHPYubgsir2,3BMUXIjSZUkcstmd6y1n41,2FfYHWONt2Kj9cK1NiyHcK,https://open.spotify.com/track/55l6kGGKacjxHPYubgsir2
2019-06-03T02:11:03Z,Old Town Road (feat. Billy Ray Cyrus) - Remix,Lil Nas X; Billy Ray Cyrus,Old Town Road,Lil Nas X,2019-04-05,single,1,1,157066,False,USSM11902498,False,6u7jPi22kF8CTQ3rb9DHE7,7jVv8c5Fj3E9VhNjxT4snq; 60rpJ9SgigSd16DOAG7GSa,38kpkGLuPr1nNfD3iEyOlJ,https://open.spotify.com/track/6u7jPi22kF8CTQ3rb9DHE7
2019-06-02T21:40:47Z,Under Arrest,Alific; Stick Figure,Echoes From The Soul,Alific,2014-08-01,album,1,8,230813,False,US4CL1310048,False,3z5vTjTWPIzyujnDVDySMT,4Kv7Splj4TPpJdZkkNd78K; 5SXEylV07TC57eanSxxg4R,1Yj99B7hugPMgtJHMyPNte,https://open.spotify.com/track/3z5vTjTWPIzyujnDVDySMT
2019-05-28T13:58:55Z,Reblow Your Mind,Gov't Mule,Mighty High,Gov't Mule,2007-10-16,album,1,12,283626,False,USATO0700052,False,69Oq8brhsbpSu5tK1ZnQ7x,5zoKOcTDI9EMOhGNaxL708,5rfa1eDTHOVtBeRSMXZk8u,https://open.spotify.com/track/69Oq8brhsbpSu5tK1ZnQ7x
2019-05-11T22:26:59Z,Bohemian Rhapsody,Panic! At The Disco,Suicide Squad: The Album,Various Artists,2016-08-05,compilation,1,11,363114,False,USAT21602014,False,2YSbHu9XF4bNYWt3MnIhgE,20JZFwl6HVl6yg8a4H3ZqK,5rOHrnrRomvSJhQLGVtfJ8,https://open.spotify.com/track/2YSbHu9XF4bNYWt3MnIhgE
2019-05-06T14:54:40Z,Make It Bun Dem,"Skrillex; Damian ""Jr Gong"" Marley",Make It Bun Dem,"Skrillex; Damian ""Jr Gong"" Marley",2012-05-01,single,1,1,213696,False,USAT21202262,False,6AbVJjzv7thIvmMCuhZrmK,5he5w2lnU9x7JFhnwcekXX; 3QWR83BS6UYBWy8wWkm1nN,381oom8nio77eU6BuUb4UO,https://open.spotify.com/track/6AbVJjzv7thIvmMCuhZrmK
2019-04-30T19:18:57Z,Formation,Beyoncé,Lemonade,Beyoncé,2016-04-23,album,1,12,206080,True,USSM11603186,False,6g0Orsxv6glTJCt4cHsRsQ,6vWDO969PvNqNYHIOW5v0m,7dK54iZuOxXFarGhXwEXfF,https://open.spotify.com/track/6g0Orsxv6glTJCt4cHsRsQ
2019-04-29T01:48:23Z,Zombie (Acoustic),Bad Wolves,Zombie (Acoustic),Bad Wolves,2018-05-25,single,1,1,259253,False,USDPK1800088,False,6RuXciU0JM95YCmWQok4z8,0eI3X5rAzHRZVe5FPk4MN1,6an0CSXOb78YEnl2tp7SKQ,https://open.spotify.com/track/6RuXciU0JM95YCmWQok4z8
2019-04-29T01:43:06Z,Drive,R.E.M.,Automatic For The People (U.S. Version),R.E.M.,1992-10-05,album,1,1,264706,False,USWB19901545,False,6lZ8EsBaxGW2iHVG16QLuJ,4KWTAlx2RvbpseOGMEmROg,006Qsi10luS9xEBAcIWGTf,https://open.spotify.com/track/6lZ8EsBaxGW2iHVG16QLuJ
2019-04-23T18:46:03Z,Make Me Feel,Janelle Monáe,Dirty Computer,Janelle Monáe,2018-04-27,album,1,8,194230,True,USAT21800745,False,5gW5dSy3vXJxgzma4rQuzH,6ueGR6SWhUJfvEhqkvMsVs,2PjlaxlMunGOUvcRzlTbtE,https://open.spotify.com/track/5gW5dSy3vXJxgzma4rQuzH
2019-04-16T13:07:57Z,The Irony of It All,The Streets,Original Pirate Material,The Streets,2002,album,1,11,208933,False,GBFFS0200009,False,3JrrJgdOe5cQRmM4qGWQNx,4GvOygVQquMaPm8oAc0vXi,6HAJ0LRCEqJeaCDm2lSsq8,https://open.spotify.com/track/3JrrJgdOe5cQRmM4qGWQNx
2019-04-16T13:07:48Z,Don't Mug Yourself,The Streets,Original Pirate Material,The Streets,2002,album,1,9,157853,True,GBFFS0200007,False,2kFaKj8YhEwf2hLGAnKYwy,4GvOygVQquMaPm8oAc0vXi,6HAJ0LRCEqJeaCDm2lSsq8,https://open.spotify.com/track/2kFaKj8YhEwf2hLGAnKYwy
2019-04-16T12:57:05Z,Let's Push Things Forward,The Streets,Original Pirate Material,The Streets,2002,album,1,3,229973,True,GBFFS0200002,False,61lTqPTfbBqg2y6p3e0qt9,4GvOygVQquMaPm8oAc0vXi,6HAJ0LRCEqJeaCDm2lSsq8,https://open.spotify.com/track/61lTqPTfbBqg2y6p3e0qt9
2019-04-10T18:32:21Z,Two Different Worlds,Epic Beard Men,Season 1,Epic Beard Men,2018-03-02,album,1,3,243348,True,USMUR1800003,False,42JefeaWQePn2dkt1ou8Vv,6MRQipmPS423Zk6O6m2bTv,2YZpQWd6yvPibIJFNHu7pc,https://open.spotify.com/track/42JefeaWQePn2dkt1ou8Vv
2019-04-10T17:52:04Z,Sheesh,Josh Sallee; Blev,Sheesh,Josh Sallee; Blev,2016-01-19,single,1,1,140564,False,TCACL1649631,False,10g8Br8WouvUA20LYYHdJ7,4tb8lx14fMl6nwOLsKBGgQ; 2qmYk4sYbdzsYgYbC8aWae,7os9vnJ7U91VugjVq1DK11,https://open.spotify.com/track/10g8Br8WouvUA20LYYHdJ7
2019-04-03T19:42:02Z,Behind Blue Eyes,Limp Bizkit,Results May Vary,Limp Bizkit,2003-01-01,album,1,16,269973,False,USIR10312186,False,1MTQHCpraD4S8g5PAFKzoj,165ZgPlLkK7bf5bDoFc6Sb,3oUoQ0UH7Rv06x1kpSjS36,https://open.spotify.com/track/1MTQHCpraD4S8g5PAFKzoj
2019-03-25T14:47:45Z,Shadows (feat. Grieves),Cydeways; Grieves,Shadows (feat. Grieves),Cydeways,2018-10-26,single,1,1,194117,False,QM6P41818785,False,4cg8SbdELbpWW7Vh6q6Zu3,398HIuiMcfxwWLwAUD5Z2G; 2ActkR0xU2ZiDhWYhijydE,5SZkkVXi7eQrVFsdgpjrL1,https://open.spotify.com/track/4cg8SbdELbpWW7Vh6q6Zu3
2019-03-24T21:44:03Z,Gorgeous,Taylor Swift,reputation,Taylor Swift,2017-11-10,album,1,8,209680,False,USCJY1750009,False,1ZY1PqizIl78geGM4xWlEA,06HL4z0CvFAxyc27GXpf02,6DEjYFkNZh67HP7R9PSZvv,https://open.spotify.com/track/1ZY1PqizIl78geGM4xWlEA
2019-03-11T16:32:53Z,Porno Disaster,The Octopus Project,Identification Parade,The Octopus Project,2002,album,1,8,149920,False,USA3K0400074,False,6OCMtYgfHEOcTgEtwChvJE,7EFRvnUHNLWOYVPg8AuI7o,4WlZfApnWitOGgJZPZ01Bi,https://open.spotify.com/track/6OCMtYgfHEOcTgEtwChvJE
2019-03-04T16:14:31Z,Mad At It,Dirty Heads,SWIM TEAM,Dirty Heads,2017-10-13,album,1,3,196598,True,USDPK1700154,False,5Ps1vdCmzfLHmwDmnvINpS,6GkJh85o22LfD2vgL9DP6f,0wNiULI2D1sSbM60XaLJH1,https://open.spotify.com/track/5Ps1vdCmzfLHmwDmnvINpS
2019-03-04T16:14:28Z,Welcome,K. Sparks,Tomorrow Today,K. Sparks,2017-02-02,album,1,1,284500,True,QZ4JJ1764231,False,3OTZbCaenYn06wdm3voKdA,24wsTHZ4EsAzPrgG4qIf3Z,21VjxZ54feusM9XVJVR2hI,https://open.spotify.com/track/3OTZbCaenYn06wdm3voKdA
2019-02-28T22:20:49Z,Life Has Value,Chill Bump,Hidden Strings - EP,Chill Bump,2012,single,1,1,177692,False,FR9W11218071,False,1YjijWeLmHhbPQbR1thl2y,4Dg91FdjVPhAehoV0IBeLd,4vFs08QuAv20GIvkd6NACs,https://open.spotify.com/track/1YjijWeLmHhbPQbR1thl2y
2019-02-25T20:43:15Z,Irie State (feat. Slightly Stoopid),Fortunate Youth; Kyle McDonald,Fortunate Youth,Fortunate Youth,2017-02-10,album,1,4,219921,False,TCACW1745076,False,51h52WPRclQXV0vTcKdxtQ,53eTH57OzNJCKOohjcWMoB; 4FPoHWVrAB8Y5Cvy46gbkk,4RZ4CTuS1dqmFEFbXIb8lm,https://open.spotify.com/track/51h52WPRclQXV0vTcKdxtQ
2019-02-25T20:37:43Z,Bored + Lazy,Jamaican Queens,Downers,Jamaican Queens,2015-06-02,album,1,4,260333,False,QM44U1500004,False,0agsXakZAKWjnmkNAYVL6Q,1R37Uhcfs4GhbAahp47IRK,78m4N1bpBtaoPsDAjGcvwc,https://open.spotify.com/track/0agsXakZAKWjnmkNAYVL6Q
2019-02-25T18:30:45Z,Piece Of Your Mind feat. Iona Swift and Beat Fatigue - Grid Division Remix,Cheshire; Iona Swift; Beat Fatigue; Grid Division,Smokescreens & Somersaults (The Remixes),Cheshire,2018-04-27,single,1,1,279157,False,CAF5R1800046,False,7aiTImyXpxXKOiQs6j7YOZ,1OHlpIsY1bcW2ySE97PPeq; 24Kk3pq50OJBTP98aCZjcM; 02m3zUZ22DsQCXQsjjSCwQ; 31FlFpZXSwN205IxaKG6nt,0F24gkkEYLBGDCRhs0r7Uw,https://open.spotify.com/track/7aiTImyXpxXKOiQs6j7YOZ
2019-02-25T18:03:39Z,Forgotten,Tickle Torture,Spiritual Machete,Tickle Torture,2012-09-01,single,1,1,336573,False,TCABI1273256,False,5bJbwqF9Ot9QydC8xrQdUA,1VpMNjJ6j7zObzkLmJK9bG,6MMtYOfkyBL40AdUFR0o5O,https://open.spotify.com/track/5bJbwqF9Ot9QydC8xrQdUA
2019-02-18T16:58:23Z,How To Handle Grown Ups,Ruckus Roboticus,Playing With Scratches,Ruckus Roboticus,2007-11-10,album,1,6,289200,False,FR6V80724840,False,4OiYHzjmzqhY68RaWbeyzz,7pk29o5xCDXaLppJf0H6lP,1liXri5T9Qv542hegPSF2I,https://open.spotify.com/track/4OiYHzjmzqhY68RaWbeyzz
2019-02-11T19:45:17Z,Conspiracy Theories w/ out Mel Gibson,Weerd Science,Friends And Nervous Breakdowns,Weerd Science,2005-03-22,album,1,2,220506,True,US6760500102,False,5ixX0Ehb2Qc0nefaQD9FyO,1zW5v7hlvMFcM6Ap1RxHVx,5DN707zOSDHuESCGD2vS7q,https://open.spotify.com/track/5ixX0Ehb2Qc0nefaQD9FyO
2019-02-11T15:58:37Z,Better on a Sunday,STS; Khari Mateen,Better on a Sunday,STS; Khari Mateen,2018-01-26,album,1,1,289405,True,USHM81748267,False,4nmWkJwDxNlqbCf8QeWjAk,0LhUDcQWIfiP624KorSrcB; 62KfmfXCMVP2kOsZi4j39u,3xtv8G7wsLCHEMypVRVoxD,https://open.spotify.com/track/4nmWkJwDxNlqbCf8QeWjAk
2019-02-02T15:52:19Z,7 rings,Ariana Grande,7 rings,Ariana Grande,2019-01-18,single,1,1,178640,True,USUM71900110,False,14msK75pk3pA33pzPVNtBF,66CXWjxzNUsdJxJ2JdwvnR,03D36t8ODrA8ATvoTStU9P,https://open.spotify.com/track/14msK75pk3pA33pzPVNtBF
2019-01-31T17:09:02Z,Same Same,SoDown,Same Same,SoDown,2016-07-22,single,1,1,209734,False,CA5KR1527258,False,2kjnrN8dHF4ZORX04KokJm,61u2rGJj9r6d7utXK0J0oS,2nan74alIlkoiFZF5yr2TQ,https://open.spotify.com/track/2kjnrN8dHF4ZORX04KokJm
2019-01-30T02:56:42Z,Consequences,Camila Cabello,Camila,Camila Cabello,2018-01-12,album,1,6,178464,False,USSM11706922,False,7sTtHHrD0zDpmzQzH3zegz,4nDoRrQiYLoBzwC5BhVJzF,2vD3zSQr8hNlg0obNel4TE,https://open.spotify.com/track/7sTtHHrD0zDpmzQzH3zegz
2019-01-28T18:06:49Z,It Ain't All Good (But It's All Good),Tribal Hoose,Hoose,Tribal Hoose,2018-01-01,single,1,4,190931,False,usl4q1756562,False,3EQPvNFIYrX7thkTA9ZnPo,5Bmnbq34d4A6nCB6A8q59t,0FZnKYlf6duNsRGDfumf6x,https://open.spotify.com/track/3EQPvNFIYrX7thkTA9ZnPo
2019-01-28T16:54:08Z,Sea Level (feat. Clark Smith),Late Night Radio; Clark Smith,Reflective Tangents,Late Night Radio,2016-11-25,album,1,2,205894,False,TCACU1600477,False,15EcfZdcSnUBoO944tjxib,0FIRQJT2PBffTJEZvipVi2; 5uWD3JwI2XpjnGcdSP8Lz3,0yKl9t5eOtdm1adCMjdjP5,https://open.spotify.com/track/15EcfZdcSnUBoO944tjxib
2019-01-28T16:35:35Z,Sideswipe,Beats Antique,Shadowbox,Beats Antique,2016-10-05,album,1,9,278515,False,QMLD61400264,False,2cDntjAGZ26AfWPDzfuTzg,30DZgkaEYdezg2QMrMgrnm,7aAd64WKrP50NXcgW0nufy,https://open.spotify.com/track/2cDntjAGZ26AfWPDzfuTzg
2019-01-28T16:24:38Z,The Void (feat. Sherry St. Germain),Cage; Sherry St.Germain,The Void - Single,Cage (feat. Sherry St. Germain),2012-04-03,single,1,1,270210,True,US92U1201101,False,4ZVWeq9hs6uK92x3A7F3qK,5L3csGxGr4HsBUrmuiNfIU; 75kXlozrol8uF89yCEnV29,2xXTgGK1b70VKjsLxFTrP0,https://open.spotify.com/track/4ZVWeq9hs6uK92x3A7F3qK
2019-01-28T15:37:07Z,Hazelnut Butter,Medium Troy; Lafa Taylor,All My Friends Are Freaks,Medium Troy; Lafa Taylor,2015-07-20,single,1,1,236317,False,QM4DW1559713,False,3TdZIFzXQBAGxHWhjcWV49,4sEUiFQvsIL8B0gkq1yqPo; 0j0HBDnIuT6rsn840ec18A,3IFD3IuLtLgV8FTXXlGWpO,https://open.spotify.com/track/3TdZIFzXQBAGxHWhjcWV49
2019-01-11T13:15:05Z,The Best Day,Atmosphere,"To All My Friends, Blood Makes The Blade Holy: the Atmosphere ep's",Atmosphere,2010-09-06,album,1,4,216893,True,USBWK1000081,False,1WPQ1MfGc8KYi4eu0JwjlR,1GAS0rb4L8VTPvizAx2O9J,0sqn3xP3bhmfSVykmw2S8n,https://open.spotify.com/track/1WPQ1MfGc8KYi4eu0JwjlR
2019-01-11T13:00:35Z,Sunshine,Atmosphere,Sad Clown Bad Summer Number 9,Atmosphere,2007-07-24,single,1,1,216546,False,USBWK0700052,False,5OmcnFH77xm4IETrbEvhlq,1GAS0rb4L8VTPvizAx2O9J,39zWkGGJ9811zUhYxJRFjt,https://open.spotify.com/track/5OmcnFH77xm4IETrbEvhlq
2019-01-07T16:57:45Z,The Little Things,Big Gigantic; Angela McCluskey,Brighter Future,Big Gigantic,2016-08-26,album,1,2,286849,False,USA2P1616711,False,0h2DNYdWq3mWE8Ov2A03oU,7o7mC95EDbJKTcPAAs8C3r; 5AlIxbb8HarTSm2tdA5F0x,39Emg3duoZHR4LrE7gziK3,https://open.spotify.com/track/0h2DNYdWq3mWE8Ov2A03oU
2019-01-07T16:53:27Z,In The Darkest Hour (Trouble On My Mind),Daily Bread,The Darkness Before Dawn,Daily Bread,2015-09-01,album,1,5,275801,True,USLZJ1615021,False,6222h4Z7hrhfbaIiy926cP,4IsiG6RpDyRq6Frd2CvddW,1dPLUD4ARumMBjuFIpGvnA,https://open.spotify.com/track/6222h4Z7hrhfbaIiy926cP
2019-01-07T16:38:52Z,Fresh Air,Brother Ali,Us,Brother Ali,2009-09-22,album,1,5,282440,True,USBWK0700555,False,6vQwN2Oxt2N3AHJ6U8VrAP,6CsleyOZtyt16saX8WhzDx,1G3eFp48AKC7xdQkAWliJz,https://open.spotify.com/track/6vQwN2Oxt2N3AHJ6U8VrAP
2019-01-07T15:03:40Z,C.U.R.E.,BOOTS,AQUARIA,BOOTS,2015-11-13,album,1,2,175346,True,USSM11507078,False,3a3JuBuSjX9Cmf2L8iNy06,5ZavV2znwg6dd6jxD94Pw3,79Z6DE8XSvqhD7nXAEtz0s,https://open.spotify.com/track/3a3JuBuSjX9Cmf2L8iNy06
2019-01-07T14:59:21Z,Money - Instrumental,Blue Sky Black Death,Stonedstrumentals (Instrumental),Blue Sky Black Death,2015-07-12,album,1,4,210218,False,QM4DW1552149,False,3YAnAdujs3U8HR2cqDye9Z,0dU2EKM6vca3xmJ9kl8zoI,0myLTKkNZvgSpwffZ9E0a8,https://open.spotify.com/track/3YAnAdujs3U8HR2cqDye9Z
2019-01-03T22:50:56Z,Lay My Claim,Rebelution,Falling into Place,Rebelution,2016-06-03,album,1,4,242722,False,US4CL1610057,False,548ddxWI4sZKK1aCLuMR16,2WjvvwAX0mdWwq3aFuUdtc,3TsqZMEQhGAnQ1nph9M22A,https://open.spotify.com/track/548ddxWI4sZKK1aCLuMR16
2019-01-03T21:48:00Z,In Spite of Ourselves (feat. Iris DeMent),John Prine; Iris DeMent,In Spite of Ourselves,John Prine,1999-09-28,album,1,15,213600,False,USA2A0301915,False,1k691v8ChLgDiuLLKnjyj6,0nJUwPwC9Ti4vvuJ0q3MfT; 3NPZs8XgXtaWslUcnIw6rY,2t6hK5ERtgjbHXVgHlpqJ5,https://open.spotify.com/track/1k691v8ChLgDiuLLKnjyj6
2019-01-03T17:43:33Z,"The Reflection (feat. Sasha Rose, Dakini Star & e.Ma)",Random Rab,aRose,Random Rab,2009,album,1,4,178426,False,USCGH0967945,False,6hJzdYks1993CRwpSqePxs,4w8MWlPCLi8uZRkCMyrtCO,5awLfpdne5L9WvyOZNxIiJ,https://open.spotify.com/track/6hJzdYks1993CRwpSqePxs
2019-01-03T17:13:55Z,Twenty Past Four,Kognitif,Soul Food,Kognitif,2015-06-01,album,1,12,188363,False,TCACF1576209,False,5CoBuftoObJI1PImdASpQO,6Jv6uJdhLc9R50kSy6RbLz,6grLCGzVBkmrdvYmnLxOwv,https://open.spotify.com/track/5CoBuftoObJI1PImdASpQO
2019-01-03T17:09:24Z,Super Bowl Sundae,Ozomatli,Ozomatli,Ozomatli,1998-01-01,album,1,8,285626,False,USAL19800047,False,7fkR28P1V241etTyO4DK5B,1An0HCtDktvCBDdFEu7HC0,7tz0zZOFIdX7PxMfIeoXS0,https://open.spotify.com/track/7fkR28P1V241etTyO4DK5B
2019-01-03T17:00:56Z,Swoon,Rising Appalachia; The Human Experience,Soul Visions,Rising Appalachia; The Human Experience,2013-06-17,album,1,1,220215,False,TCABP1339811,False,0rMAjp5l2xRF6j19KXbtPe,3I6e2ZqqoxQhXc9z7Tp5ci; 1NWjumiUC54F8S21p2W6cG,4Q6O4AGE71oo9kXAbOvM1k,https://open.spotify.com/track/0rMAjp5l2xRF6j19KXbtPe
2019-01-03T16:42:18Z,Without a Trace (feat. Eric Benny Bloom),Naughty Professor; Eric Benny Bloom,Identity,Naughty Professor,2017-06-23,album,1,3,271613,False,QMAAK1717655,False,6oAoWCxAX63VZpAdk6Z2U1,5oVhfa2J5GiPx2x0YTuJjI; 5iaAaY9BB6p5HFHdE8G0Ao,7dbOzAQXpNmzLTnjf2wGB5,https://open.spotify.com/track/6oAoWCxAX63VZpAdk6Z2U1
2019-01-03T16:37:03Z,Kareoke,Manic Focus,Definition of the Rhythm,Manic Focus,2011-12-14,album,1,6,244037,False,SEYOK1129383,False,0hNPaLW4k1ONPX1DX2MU10,2xx0ChFyXa0a4S48GAXFUz,7CINPE4xXq4uYswUtELg3C,https://open.spotify.com/track/0hNPaLW4k1ONPX1DX2MU10
2019-01-03T16:17:08Z,Trunk Popped,Admiral,Trunk Popped,Admiral,2015-05-15,single,1,1,182836,False,TCACF1592392,False,3dAc8UdguKMmY7yTpS3a0h,1UKNeJ3wk2fCZEi0Bzb30O,4gQtXLlyyPWCOdIWhqedSV,https://open.spotify.com/track/3dAc8UdguKMmY7yTpS3a0h
2019-01-03T15:56:08Z,Be Bold Like Elijah,IRONTOM,Partners,IRONTOM,2017-05-05,album,1,3,225533,False,US4E41742304,False,54FaLGA2BMZYhEoJKanvfq,4KY9rCrokaoFzvMfX98u1q,1IwzgK5nzCKEkbHhx9xvwS,https://open.spotify.com/track/54FaLGA2BMZYhEoJKanvfq
2019-01-03T15:52:25Z,Spoonman - Steve Aoki Remix,Soundgarden; Steve Aoki,Spoonman (Remix By Steve Aoki),Soundgarden,2016-08-08,single,1,1,164347,False,USUM71607191,False,0hwf50U1Ur208CGCPcK49H,5xUf6j4upBrXZPg6AI4MRK; 77AiFEVeAVj2ORpC85QVJs,3kLy6CJIz34AhgXWbCJ3X3,https://open.spotify.com/track/0hwf50U1Ur208CGCPcK49H
2018-12-26T15:23:52Z,Hollow Moon (Bad Wolf) - Unlimited Gravity Remix,AWOLNATION; Unlimited Gravity,Run (Remixes),AWOLNATION,2016-09-09,album,1,9,299130,True,USP6L1500031,False,63gllRlX2yoFmlCn8H6LCk,4njdEjTnLfcGImKZu1iSrz; 0yQosVg3rwqj4yD7BHiTjF,6xcnlm0ozlpX6uezdX2ewX,https://open.spotify.com/track/63gllRlX2yoFmlCn8H6LCk
2018-12-26T14:00:35Z,Old Man & Me,Horseshoes & Hand Grenades,Middle Western,Horseshoes & Hand Grenades,2015-03-25,album,1,2,177000,False,QMG3U1500002,False,0Eq6nhoKcMBcFoSYQZDaq7,4nl7okSNAZuu9DWr9jkzSs,74cgyXLc4RtjTcSOq7fsq7,https://open.spotify.com/track/0Eq6nhoKcMBcFoSYQZDaq7
2018-12-26T13:39:08Z,Low Orbit (feat. Keeplove? & Supervision),Michal Menert; SuperVision; Keeplove?,Space Jazz,Michal Menert,2015-04-21,album,1,4,316500,False,uscgj1515589,False,4MBd6SjKnBX8k21ZZJc2Va,5JBNcYBpRMPc5oZO6a9MfD; 5LXoYRwmW0t66mFpPWJiha; 6fP8k5qXftpq51ra4Nz3eU,7iGzK8x76ATOfNCsnpucPI,https://open.spotify.com/track/4MBd6SjKnBX8k21ZZJc2Va
2018-12-17T17:19:06Z,Beautiful (feat. Camila Cabello),Bazzi; Camila Cabello,Beautiful (feat. Camila Cabello),Bazzi; Camila Cabello,2018-08-02,single,1,1,180000,False,USAT21810504,False,4VUwkH455At9kENOfzTqmF,4GvEc3ANtPPjt1ZJllr5Zl; 4nDoRrQiYLoBzwC5BhVJzF,6hCR3zQtRH0IgookOYt771,https://open.spotify.com/track/4VUwkH455At9kENOfzTqmF
2018-12-04T17:04:10Z,Modern Man Intermission,Chill Bump,Hidden Strings - EP,Chill Bump,2012,single,1,3,127714,False,FR9W11218073,False,7geQWYSQfDNILUUbpRPMCD,4Dg91FdjVPhAehoV0IBeLd,4vFs08QuAv20GIvkd6NACs,https://open.spotify.com/track/7geQWYSQfDNILUUbpRPMCD
2018-11-15T21:33:08Z,"Well, Everybody's Fucking In A U.F.O.",Rob Zombie,The Electric Warlock Acid Witch Satanic Orgy Celebration Dispenser,Rob Zombie,2016-04-29,album,1,4,163066,True,USUM71507643,False,3KAS4vmuvRGP2BUQcxmu5i,3HVdAiMNjYrQIKlOGxoGh5,4cwVkh8oYGwLGeVM0Jl35K,https://open.spotify.com/track/3KAS4vmuvRGP2BUQcxmu5i
2018-11-05T18:09:12Z,Bad Dreams,Lyrics Born,Later That Day...,Lyrics Born,2003-10-07,album,1,2,200386,True,US2P20410361,False,5w5vw9cokQ9s8dHQmQqLX4,3X3DHASP1G1waqVoEDWMHr,2Aran5Ck9esO1LUgA2L3bk,https://open.spotify.com/track/5w5vw9cokQ9s8dHQmQqLX4
2018-11-05T17:48:01Z,Royal Jelly,Deap Vally,Femejism,Deap Vally,2016-09-16,album,1,1,243616,False,TCACJ1562130,False,4YfJI7ViMo1PFrDDT88zOb,1NsvfeRzexfHjhUGqWrULl,6ZIBgDuOOSwRo7ddzFSxLP,https://open.spotify.com/track/4YfJI7ViMo1PFrDDT88zOb
2018-11-05T17:31:08Z,Jelly,Opiuo; Texture Like Sun,Omniversal,Opiuo,2016-06-03,album,1,6,246990,False,QMFME1541549,False,0FsdP8q6zW9RKBU8faHMxU,69Fy7EM9qAFPdKSKLFU66b; 3VLQ5ZANI2IGJ8mns2cRcM,2s0KYad9VU1HTQ1IsxvWPu,https://open.spotify.com/track/0FsdP8q6zW9RKBU8faHMxU
2018-10-29T17:00:58Z,Lydia,Highly Suspect,Mister Asylum,Highly Suspect,2015-07-17,album,1,3,242560,True,QMCE31500196,False,7yoBjKO6cCnK3zV8gr1k4e,2pqd3HsfsvcBGtHvPOg6eg,7wGLeeJt18EBjc181FP2cM,https://open.spotify.com/track/7yoBjKO6cCnK3zV8gr1k4e
2018-10-17T20:19:31Z,Let's Get Rocked,Def Leppard,Adrenalize,Def Leppard,1992-03-31,album,1,1,295957,False,GBF089200609,False,11C6xtJLOaKqqMrl9hQwQ0,6H1RjVyNruCmrBEWRbD0VZ,7FKcbsCm4eoDWTMTNCUUqw,https://open.spotify.com/track/11C6xtJLOaKqqMrl9hQwQ0
2018-10-17T20:15:07Z,Rock On,Def Leppard,Yeah!,Def Leppard,2006-01-01,album,1,2,173120,False,GBUM70601201,False,37YbbJDhugk9fT9Z1ddnO5,6H1RjVyNruCmrBEWRbD0VZ,6ylpAuGvgPpWqIAXlxLBrh,https://open.spotify.com/track/37YbbJDhugk9fT9Z1ddnO5
2018-10-17T19:06:59Z,Overkill,Motörhead,Overkill (Deluxe Edition),Motörhead,1979-03-24,album,1,1,313520,False,GBAJE7900077,False,1Krtfh550kyhfWPcRp6SnD,1DFr97A9HnbV3SKTJFu62M,3xqjaGS3zK0WQPLg6Qdb50,https://open.spotify.com/track/1Krtfh550kyhfWPcRp6SnD
2018-10-15T19:22:07Z,Seven Nation Army,The Green,Marching Orders,The Green,2017-10-20,album,1,11,173519,False,US4CL1710117,False,05A2aOYSxeR8kMAmGNe3EJ,5RkXaPxdZ8L7ERNgDZXlKh,05Tq95qkVaMtkEvzj4XRiv,https://open.spotify.com/track/05A2aOYSxeR8kMAmGNe3EJ
2018-10-09T21:29:35Z,Southerly Change,Mitch King,Southerly Change,Mitch King,2017-01-04,single,1,2,368707,False,AUVOE1600013,False,76XGQHCpotfBGwT8ZIeaBI,3uLGsJTJFVMtQVRs5tivzg,03tC4bqXNkUIaJlyNu93Sy,https://open.spotify.com/track/76XGQHCpotfBGwT8ZIeaBI
2018-10-09T21:24:14Z,Cha Cha Cha - Go Remix,Jimmy Luxury; The Tommy Rome Orchestra,GO Music From The Motion Picture,Various Artists,1999,compilation,1,6,207333,False,USSM19900356,False,6tGMpLcoBOg1hbfjlBHQy2,5GFzizVPZIormhoV8z7lgz; 6wYENXHgHbrqgSaa2qvTDK,2jDYpkR8306SzqpZzzNVZr,https://open.spotify.com/track/6tGMpLcoBOg1hbfjlBHQy2
2018-10-09T20:02:04Z,Bodysnatchers,Dave Rawlings Machine,Nashville Obsolete,Dave Rawlings Machine,2015-09-18,album,1,4,356266,False,US2AR1551204,False,2NPK8nyfxpX1YTLQjq71eF,4tlnuBsCPe8BHUuADPvUSL,4XYmussA3TJjeKmX6gfj43,https://open.spotify.com/track/2NPK8nyfxpX1YTLQjq71eF
2018-10-09T19:56:47Z,Sober,Spiritual Rez,Setting in the West,Spiritual Rez,2016-10-07,album,1,1,237706,False,ushm81609920,False,0orJFgJ9AmauHfzujKJfJV,2xb3Bg30YgahSrsJuscktB,3JVyDXknudZR6BQvjOOiyO,https://open.spotify.com/track/0orJFgJ9AmauHfzujKJfJV
2018-09-24T16:34:44Z,Baby Gots Venom,Toussaint Morrison,Lesser Restoration,Toussaint Morrison,2017-06-30,album,1,9,235026,False,TCACY1778716,False,5blYGp8pKPikyrva9AWvzV,3NTtPe8crN07jmxBkKwtFW,3TnZokGr0dHTmF2uVCo2Ja,https://open.spotify.com/track/5blYGp8pKPikyrva9AWvzV
2018-09-24T15:42:41Z,Leviathan,Tropidelic,Heavy is the Head,Tropidelic,2017-11-10,album,1,1,207840,False,QM6N21736523,False,6TUjj99B5Y8C962bPaEUYd,2SGFnb6c73UJd1vT6aGBMl,33Aklt7cKhha0Uh3rDFWBL,https://open.spotify.com/track/6TUjj99B5Y8C962bPaEUYd
2018-09-23T23:23:46Z,Don't You Cry For Me,Cobi,Don't You Cry For Me,Cobi,2016-05-06,single,1,1,256333,False,QMCE31600572,False,6fhEYtnORqxaEoxSrMH2bx,4fuZypKGg7klMEF10KTuAN,4TjQW7GIImS6INJyhjuANs,https://open.spotify.com/track/6fhEYtnORqxaEoxSrMH2bx
2018-09-23T23:11:18Z,Moments Passed,Dermot Kennedy,Moments Passed,Dermot Kennedy,2017-09-19,single,1,1,271357,False,USUM71709474,False,3H4SQPQVJ4birjwbMMuYlY,5KNNVgR6LBIABRIomyCwKJ,4Pcj6texpZmV0vWu9CCu0X,https://open.spotify.com/track/3H4SQPQVJ4birjwbMMuYlY
2018-09-19T18:56:06Z,One Armed Scissor,At the Drive-In,Relationship Of Command,At the Drive-In,2000,album,1,3,260306,False,US5260507003,False,2AIbNaLq0rHu0R27NGiWmw,5E2rtn57BM2WPjwak4kGd5,3fpwDgOHVqI2q4PuG4SKGL,https://open.spotify.com/track/2AIbNaLq0rHu0R27NGiWmw
2018-09-18T15:37:42Z,Kickstart My Heart,Mötley Crüe,Dr. Feelgood,Mötley Crüe,1989,album,1,5,282653,False,USBY29900215,False,7GonnnalI2s19OCQO1J7Tf,0cc6vw3VN8YlIcvr1v7tBL,6pL7kL9cOc0DpWCq6qJtxQ,https://open.spotify.com/track/7GonnnalI2s19OCQO1J7Tf
2018-09-17T17:01:24Z,Closer To The Sun (Colorado Dreamin') [Bonus Track],Amp Live,Headphone Concerto (Bonus Tracks Edition),Amp Live,2014-09-01,album,1,16,262293,False,FR5R00904201,False,67AtXJrcm3Lx12TfbtQLCC,4WoeMzXhDQyoFCKdji4FlL,46mSSL9YxqKL8LE4AL7pzw,https://open.spotify.com/track/67AtXJrcm3Lx12TfbtQLCC
2018-09-04T16:42:28Z,Uptown Boys,Netherfriends,P3ace,Netherfriends,2014-03-03,album,1,3,135448,False,TCABU1455833,False,2YouqYog7JYsVXqgxBikIi,5nYfBUxnHtI6LAp32fl9qY,6LyZY0ADdeiQW6nyusb6aF,https://open.spotify.com/track/2YouqYog7JYsVXqgxBikIi
2018-09-04T16:42:28Z,The Glow (feat. Kimbra),Big Data; Kimbra,2.0,Big Data,2013,album,1,4,264040,False,USWB11501182,False,11tyPK6BsOHJAQtRDO74NV,4S1nvNHWiZLP4rzwmULmUa; 6hk7Yq1DU9QcCCrz9uc0Ti,7MvpqHRTRxHu7QoPiYnmzH,https://open.spotify.com/track/11tyPK6BsOHJAQtRDO74NV
2018-09-04T14:47:44Z,Lost & Found,The Polish Ambassador; Mr. Lif; Ayla Nereo,Pushing Through the Pavement,The Polish Ambassador,2014-06-10,album,1,12,377235,False,USCGJ1490404,False,4jKzY8Qbecy9UGvl1SsA8d,2dI9IuajQnLR5dLxHjTTqU; 6qbtuhThjXYnpldXCczlDd; 4gJMOPjz1OUnD6TysFPUr1,2oc6OdAr3hHY3yd2eMNeBe,https://open.spotify.com/track/4jKzY8Qbecy9UGvl1SsA8d
2018-08-28T17:37:16Z,Nevermind,Dennis Lloyd,Nevermind,Dennis Lloyd,2017-06-30,single,1,1,156600,False,USHM91642610,False,63SevszngYpZOwf63o61K4,3EOEK57CV77D4ovYVcmiyt,6c5gDwB7Xo58thk2vap4Ch,https://open.spotify.com/track/63SevszngYpZOwf63o61K4
2018-08-28T17:30:42Z,Evil Twin,Krrum,Evil Twin,Krrum,2017-03-24,single,1,1,218716,False,UK32S1500230,False,2yF1zBA0eALfWD4JqXLifj,1qxSVLNqRcdhXPkE6suUlN,75PValwRmbz7H0erYPZmSP,https://open.spotify.com/track/2yF1zBA0eALfWD4JqXLifj
2018-08-20T20:25:23Z,Space Tree,Medium Troy,Space Tree,Medium Troy,2011-10-10,single,1,1,254159,False,TCABB1118167,False,0510k5sRfIpul53fkLauUi,4sEUiFQvsIL8B0gkq1yqPo,6APkL9jdUUUr5qrLti2h4W,https://open.spotify.com/track/0510k5sRfIpul53fkLauUi
2018-08-20T19:23:03Z,Herbivore,Shrub,Highceratops,Shrub,2013-09-23,album,1,3,222440,False,ushm91301662,False,0Ot9ZoZNFa26smoiDLwauP,7uzJiBrgOJrSMR6PoGJA0h,08gUhN1YCPmeMbGKjPWITg,https://open.spotify.com/track/0Ot9ZoZNFa26smoiDLwauP
2018-08-20T18:37:46Z,Cherry,Jesse Roper,Access to Infinity,Jesse Roper,2018-02-02,album,1,7,258300,False,CAE0C1700007,False,6pcpurkqHZDX9IQnpNNjNz,0YnrslYN9hfy5ZRCQUjMMt,0nkKhCfKpxLBj088s07WEt,https://open.spotify.com/track/6pcpurkqHZDX9IQnpNNjNz
2018-08-20T18:35:45Z,Put Your Money On Me,The Struts,Everybody Wants,The Struts,2016-03-04,album,1,4,213853,False,GBUM71304889,False,76AwsOtk3SePQ8h9kB2pmW,3lDpdwM8KILepMHqBWUhIA,7iLnNik9W0ttekJblYrVfj,https://open.spotify.com/track/76AwsOtk3SePQ8h9kB2pmW
2018-08-20T18:30:19Z,Ringo,Atmosphere,Fishing Blues,Atmosphere,2016-08-12,album,1,2,231066,True,USBWK1600013,False,3vWp2uskPP5cOfEFQEMmRk,1GAS0rb4L8VTPvizAx2O9J,5Jb8sKhhtuKBO2vbGzwCF2,https://open.spotify.com/track/3vWp2uskPP5cOfEFQEMmRk
2018-08-20T17:13:38Z,Creature Comfort,Arcade Fire,Everything Now,Arcade Fire,2017-07-28,album,1,4,283506,False,GBARL1700814,False,2voWPWlDfIthC6GUjaIQyV,3kjuyTCjPG1WMFCiyc5IuB,1DNojVW079FU9YnAMk3Cgr,https://open.spotify.com/track/2voWPWlDfIthC6GUjaIQyV
2018-08-09T15:41:40Z,Just a Job to Do - 2007 Remaster,Genesis,Genesis (2007 Remaster),Genesis,1983-10-03,album,1,7,287266,False,GBAAA0700971,False,0b0FOZhScvl4sgNh9LY6IE,3CkvROUTQ6nRi9yQOcsB50,6BX8AS7J97PSQNrteX325Z,https://open.spotify.com/track/0b0FOZhScvl4sgNh9LY6IE
2018-08-09T15:26:59Z,Home by the Sea - 2007 Remaster,Genesis,Genesis (2007 Remaster),Genesis,1983-10-03,album,1,3,307800,False,GBAAA0700968,False,14AI8Qt9giIa8uzek1I24O,3CkvROUTQ6nRi9yQOcsB50,6BX8AS7J97PSQNrteX325Z,https://open.spotify.com/track/14AI8Qt9giIa8uzek1I24O
2018-08-09T15:26:59Z,Second Home by the Sea - 2007 Remaster,Genesis,Genesis (2007 Remaster),Genesis,1983-10-03,album,1,4,367400,False,GBAAA0700969,False,1G9jeUXQNewsKfYPAMdLPj,3CkvROUTQ6nRi9yQOcsB50,6BX8AS7J97PSQNrteX325Z,https://open.spotify.com/track/1G9jeUXQNewsKfYPAMdLPj
2018-08-09T15:13:44Z,That's All - 2007 Remaster,Genesis,Genesis (2007 Remaster),Genesis,1983-10-03,album,1,2,264573,False,GBAAA0700785,False,2zFdsAIk9r2Mi7Lmm1w3sM,3CkvROUTQ6nRi9yQOcsB50,6BX8AS7J97PSQNrteX325Z,https://open.spotify.com/track/2zFdsAIk9r2Mi7Lmm1w3sM
2018-08-09T15:02:36Z,Mama - 2007 Remaster,Genesis,Genesis (2007 Remaster),Genesis,1983-10-03,album,1,1,410346,False,GBAAA0700784,False,6kIwzLSiQU51taaaZ9zWSE,3CkvROUTQ6nRi9yQOcsB50,6BX8AS7J97PSQNrteX325Z,https://open.spotify.com/track/6kIwzLSiQU51taaaZ9zWSE
2018-08-09T14:52:46Z,Man on the Corner - 2007 Remaster,Genesis,Abacab (2007 Remaster),Genesis,1981-09-18,album,1,7,267426,False,GBAAA0700172,False,0oZIhxPO45rQkDIMr75gK5,3CkvROUTQ6nRi9yQOcsB50,6KSLVAuJx6hWsYEk005uZj,https://open.spotify.com/track/0oZIhxPO45rQkDIMr75gK5
2018-08-09T14:43:25Z,Abacab - 2007 Remaster,Genesis,Abacab (2007 Remaster),Genesis,1981-09-18,album,1,1,418146,False,GBAAA0700175,False,10ThhPNj7E31iHGR0jTfeP,3CkvROUTQ6nRi9yQOcsB50,6KSLVAuJx6hWsYEk005uZj,https://open.spotify.com/track/10ThhPNj7E31iHGR0jTfeP
2018-08-09T14:38:29Z,Misunderstanding,Genesis,Duke,Genesis,1980-03-28,album,1,5,191666,False,GBAAA9400438,False,7zjSZQkMoGKylSq6s1rK9Y,3CkvROUTQ6nRi9yQOcsB50,7ryVZ5ca6GM3FAkmlrymgv,https://open.spotify.com/track/7zjSZQkMoGKylSq6s1rK9Y
2018-08-09T14:33:32Z,Spotlight,Jennifer Hudson,Jennifer Hudson,Jennifer Hudson,2008-09-30,album,1,1,250106,False,USAR10800074,False,02QQXgeAghpU4smdM7l7We,35GL8Cu2GKTcHzKGi75xl5,6RCEPR3vf58GQTK2sT1cQP,https://open.spotify.com/track/02QQXgeAghpU4smdM7l7We
2018-08-07T14:06:43Z,Altered States,MC Lars; K.Flay,Single and Famous,MC Lars; K.Flay,2009-08-18,album,1,3,211071,False,USTC00997500,False,5HnhwxDvrNMH9qGEQzKnwD,05Am7rOfCvNggzIEeAhbiV; 0pCNk4D3E2xtszsm6hMsWr,3wxabU9l3JMkb3UcAI7CI3,https://open.spotify.com/track/5HnhwxDvrNMH9qGEQzKnwD
2018-08-07T14:01:42Z,Blood In The Cut,K.Flay,Every Where Is Some Where,K.Flay,2017-04-07,album,1,3,188706,True,USUM71607030,False,4q604hQba5940BbOoaenmz,0pCNk4D3E2xtszsm6hMsWr,5ddpf5pxYjw9ob4DjPLuiz,https://open.spotify.com/track/4q604hQba5940BbOoaenmz
2018-08-06T13:57:20Z,Seven Sticks of Dynamite,AWOLNATION,Here Come the Runts,AWOLNATION,2018-02-02,album,1,7,246304,False,USP6L1700215,False,4Zpq56sTzSWbeO03WL6XBp,4njdEjTnLfcGImKZu1iSrz,57zNKp8j0mG1rNtbEVkLMV,https://open.spotify.com/track/4Zpq56sTzSWbeO03WL6XBp
2018-08-06T13:57:00Z,Sail - Unlimited Gravity Remix,AWOLNATION; Unlimited Gravity,Megalithic Symphony Deluxe,AWOLNATION,2011,album,2,18,349654,False,USP6L1180110,False,3oYkwkavnMizJhYMBtiAFm,4njdEjTnLfcGImKZu1iSrz; 0yQosVg3rwqj4yD7BHiTjF,6dMfMvS3hyk3ZCl4yljEDD,https://open.spotify.com/track/3oYkwkavnMizJhYMBtiAFm
2018-08-06T13:39:21Z,Here Come the Runts,AWOLNATION,Here Come the Runts,AWOLNATION,2018-02-02,album,1,1,199307,False,USP6L1700209,False,5HWpx5Pjj9wFROhreH612d,4njdEjTnLfcGImKZu1iSrz,57zNKp8j0mG1rNtbEVkLMV,https://open.spotify.com/track/5HWpx5Pjj9wFROhreH612d
2018-07-26T13:43:57Z,Girls Like You (feat. Cardi B) - Cardi B Version,Maroon 5; Cardi B,Girls Like You (feat. Cardi B),Maroon 5,2018-05-30,single,1,1,235545,True,USUM71805272,False,6FRLCMO5TUHTexlWo8ym1W,04gDigrS5kc9YWfZHwBETP; 4kYSro6naA4h99UJvo89HB,75iQSBSaztFIAun9qLLCnb,https://open.spotify.com/track/6FRLCMO5TUHTexlWo8ym1W
2018-07-19T16:39:18Z,Don't Waste It,AUGUST 08,FATHER,AUGUST 08,2018-05-11,album,1,3,219596,True,USP6L1800266,False,0kt5JlvA56bP2GkzLvVoEm,2iB8eFB6flwQculkUrRssi,509haKNEUFTttgMLBM5c58,https://open.spotify.com/track/0kt5JlvA56bP2GkzLvVoEm
2018-07-19T16:14:51Z,Another Lifetime,Nao,Another Lifetime,Nao,2018-06-13,single,1,1,207462,False,GBARL1800722,False,36YutBq4lokWfRAFXJ6qrF,7aFTOGFDEqDtJUCziLVsVC,5va5uWHiBH6H9ru6lO2QFc,https://open.spotify.com/track/36YutBq4lokWfRAFXJ6qrF
2018-07-16T16:29:24Z,Park Ave,Conspirator,Unlocked: Live From The Georgia Theatre,Conspirator,2012-04-03,album,1,1,562093,False,USSGI1200101,False,6kCqImQxEdbgxE3qWy76dm,3I0qVfJS14Bkfm7N12POSg,6W8fveLDID8JGr5gf8qGCx,https://open.spotify.com/track/6kCqImQxEdbgxE3qWy76dm
2018-07-15T02:33:21Z,Here Comes the Hotstepper,iNi Kamoze,On Your 90's Radio,Various Artists,2001-01-01,compilation,1,19,244813,False,USSM19802296,False,4vfzROmNsxedKICcHod5Rh,1VJspRsoC6c0bvqhnSiFCs,3mc83JE8jhpDb9Jd0eNm7M,https://open.spotify.com/track/4vfzROmNsxedKICcHod5Rh
2018-07-13T17:46:01Z,Nico And The Niners,Twenty One Pilots,Jumpsuit / Nico And The Niners,Twenty One Pilots,2018-07-11,single,1,2,227365,False,USAT21804144,False,6ZIuit0z4eQg77F1RGkp0L,3YQKmKGau1PzlVlkL1iodx,7lbaLhrcbXlkIPzF5kcBuo,https://open.spotify.com/track/6ZIuit0z4eQg77F1RGkp0L
2018-07-03T02:48:15Z,Numb,Max Jury,Numb,Max Jury,2016-02-10,single,1,1,250414,False,GBX721500409,False,5Pa2dSXQYIcYAb5uVlP7Sk,3MuPVbFDynbq9zRTAqjRxi,7i19BUrYV8eS71AIOwnIEV,https://open.spotify.com/track/5Pa2dSXQYIcYAb5uVlP7Sk
2018-06-26T13:51:09Z,No Good,KALEO; Vinyl on HBO,No Good,KALEO,2015-08-05,single,1,1,234240,False,USAT21503921,False,5Xx8krVxg1pRy6CXieB7FS,7jdFEYD2LTYjfwxOdlVjmc; 52yUzlU6QBN8NxqTXOWCnW,4ZBpf04mlizWkXuh9X4e02,https://open.spotify.com/track/5Xx8krVxg1pRy6CXieB7FS
2018-06-21T20:46:59Z,Oh My Dear Lord,The Unlikely Candidates,Oh My Dear Lord,The Unlikely Candidates,2018-01-12,single,1,1,192500,False,USQX91702599,False,0iHA83002w19QxhOIixKDy,4hwJwkgsufeilLXS1ZfJqq,27qqrJlQVgGNovjvdnnxP4,https://open.spotify.com/track/0iHA83002w19QxhOIixKDy
2018-06-18T18:56:23Z,Revolution Indifference,Until The Ribbon Breaks; Run The Jewels,A Lesson Unlearnt,Until The Ribbon Breaks,2015-01-23,album,1,7,189200,False,GB2ME1401159,False,4tb4gotecahMyvoOgNHPFz,0PFM64sKw3GG4Sk8kqNIcp; 4RnBFZRiMLRyZy0AzzTg2C,345brOoODfz9WLWL2Nybc6,https://open.spotify.com/track/4tb4gotecahMyvoOgNHPFz
2018-06-18T18:29:48Z,Twitch and Tug,Hugo,Deep In The Long Grass,Hugo,2014-12-17,album,1,1,185826,False,THW091401792,False,4c3VumntZlqgBkEi4cpxGN,3VSHFjwG94ubNcoST9hfxX,1ytMQrxm3N6aQyqx66jukS,https://open.spotify.com/track/4c3VumntZlqgBkEi4cpxGN
2018-06-11T18:46:02Z,Crooks,Mike Pinto,Hotel Rendezvous,Mike Pinto,2017-06-27,album,1,2,313693,False,usdy41793751,False,7f5QxL6CBzK5Zmm7Bqwd0g,1GO9LmsSPXbqZjWkfViwIl,1Im6TkJKkNlniWToDhiQmQ,https://open.spotify.com/track/7f5QxL6CBzK5Zmm7Bqwd0g
2018-06-05T01:44:40Z,One Day,Matisyahu,Light,Matisyahu,2010-01-12,album,1,3,207573,False,USSM10903701,False,0nCZDQrlWA149QdGTdlsFU,5eyMzR1hYiEZtN2c9ly2kw,0ZWXIBvYjY13xIbDyWdnBN,https://open.spotify.com/track/0nCZDQrlWA149QdGTdlsFU
2018-06-04T13:41:36Z,Weightless,Floater,Stone by Stone,Floater,2006-01-01,album,1,4,239480,False,ushm20613329,False,3ciN7oFUJVUOO6tlkwJpC0,7wNm9hxB5MzFKEecCenxKJ,1wbyltiNqziuBwsuxGJg7c,https://open.spotify.com/track/3ciN7oFUJVUOO6tlkwJpC0
2018-06-01T14:11:18Z,How Long,Charlie Puth,Voicenotes,Charlie Puth,2018-05-11,album,1,4,200853,False,USAT21702278,False,6wmAHw1szh5RCKSRjiXhPe,6VuMaDnrHyPL1p4EHjYLi7,0mZIUXje90JtHxPNzWsJNR,https://open.spotify.com/track/6wmAHw1szh5RCKSRjiXhPe
2018-06-01T14:11:17Z,Issues,Julia Michaels,Nervous System,Julia Michaels,2017-07-28,album,1,1,176320,False,USUM71615691,False,7vu0JkJh0ldukEYbTVcqd0,0ZED1XzwlLHW4ZaG4lOT6m,1qyjZGIeeLJlXbYWuoloWj,https://open.spotify.com/track/7vu0JkJh0ldukEYbTVcqd0
2018-05-30T17:12:28Z,Favorite Color Is Blue,Robert DeLong; K.Flay,Favorite Color Is Blue,Robert DeLong; K.Flay,2018-02-23,single,1,1,214629,False,USYAH1700230,False,3ZTVNcirP0VsMcMFIPOYEM,42crL07E4WPfVovyUtMpvC; 0pCNk4D3E2xtszsm6hMsWr,6KybK6OpEr4TJEHVJZqyYZ,https://open.spotify.com/track/3ZTVNcirP0VsMcMFIPOYEM
2018-05-29T13:28:26Z,What's So,John Paul White,Beulah,John Paul White,2016-08-19,album,1,2,257532,False,QMHFC1600021,False,60YpFVga6OlGL4dfrK3D9i,1yDI9pWnlrJmi9kZn3gkCb,30TiWcFsV6As1N6d6L8wJ0,https://open.spotify.com/track/60YpFVga6OlGL4dfrK3D9i
2018-05-18T19:29:30Z,Southtown,P.O.D.,The Fundamental Elements of Southtown,P.O.D.,1999,album,1,3,247253,False,USAT29900836,False,5tJjQIhH6mH3PhG1DjW3gD,6KO6G41BBLTDNYOLefWTMU,3m4tEvOqwOSk3Yy5apKaFq,https://open.spotify.com/track/5tJjQIhH6mH3PhG1DjW3gD
2018-05-18T19:29:28Z,Suite-Pee,System Of A Down,System Of A Down (Deluxe Version),System Of A Down,1998,album,1,1,151733,True,USSM19800758,False,1qGmxIGEuBEkj7bft72Kh0,5eAWCfyUhZtHHtBdNk56l1,3sSfjX4fhZonjyZ10x0l0f,https://open.spotify.com/track/1qGmxIGEuBEkj7bft72Kh0
2018-05-15T21:24:19Z,I Guess That's Why They Call It The Blues,Alessia Cara,Revamp: The Songs Of Elton John & Bernie Taupin,Various Artists,2018-04-06,compilation,1,3,270661,False,USUM71801603,False,7J8e4j9B3CeKSrO55sKwov,2wUjUUtkb5lvLKcGKsKqsR,2w667CqWz0JWkhxP7IfijA,https://open.spotify.com/track/7J8e4j9B3CeKSrO55sKwov
2018-05-07T17:57:02Z,Big Bad Wolf,Mickey Hart; Tarriona 'Tank' Ball,RAMU,Mickey Hart,2017-11-10,album,1,3,309226,False,USUM71710736,False,5wLhJX83pv6ktfM9ud9LGr,4eh3NWjKDBI81nFl9uhWtU; 5XcCraRoLy8cGR4zLJ2JGN,7IR0Hl68yWwXDJzTIQnwbn,https://open.spotify.com/track/5wLhJX83pv6ktfM9ud9LGr
2018-05-07T14:49:17Z,This Is America,Childish Gambino,This Is America,Childish Gambino,2018-05-06,single,1,1,225773,True,USRC11801773,False,0b9oOr2ZgvyQu88wzixux9,73sIBHcqh3Z3NyqHKZ7FOL,7arx9qPJexCsDz67El4qvk,https://open.spotify.com/track/0b9oOr2ZgvyQu88wzixux9
2018-05-07T14:28:25Z,We All Got Problems,Caleb Hawley,"Love, Drugs, & Decisions",Caleb Hawley,2017-09-15,album,1,4,185394,True,TCADB1703144,False,3hKYGF1V9fIblu4DXHyGB2,5GF3JcY2h0SUPkDlo7ByCB,6sutFYs1rTcQo4YAZLsMDp,https://open.spotify.com/track/3hKYGF1V9fIblu4DXHyGB2
2018-05-07T13:55:18Z,Strip Mine,The Cave Singers,Banshee,The Cave Singers,2016-02-19,album,1,5,187061,False,US38Y1600105,False,7gw8ZHPfWsr3lbKhMWqxBK,4SjCvf9Ctuz369ZKAnjkZP,2JnDFYXBJ9vkLpHpdeEXYg,https://open.spotify.com/track/7gw8ZHPfWsr3lbKhMWqxBK
2018-04-26T18:02:43Z,Nothing Compares 2 U,Prince,Nothing Compares 2 U,Prince,2018-04-19,single,1,1,280743,False,USWB21800005,False,70Ukvwcp6LkgfRiuUhGV7l,5a2EaR3hamoenG9rDuVn8j,3aUBbb6wNmvd4HOHhasOaf,https://open.spotify.com/track/70Ukvwcp6LkgfRiuUhGV7l
2018-04-24T18:05:38Z,That's Life (Epilogue),Vokab Kompany,The Good Kompany Album,Vokab Kompany,2016-01-20,album,1,15,246157,False,QMLD61408050,False,6hdwqO4Iggwnqpf2OWg0AE,2Udiv31AsrRzKJ1X6cUuu7,7i2sjbJupndCeD7ZIslHRO,https://open.spotify.com/track/6hdwqO4Iggwnqpf2OWg0AE
2018-04-24T13:08:03Z,FRIENDS,Marshmello; Anne-Marie,FRIENDS,Marshmello; Anne-Marie,2018-02-09,single,1,1,202620,True,GBAHS1800025,False,08bNPGLD8AhKpnnERrAc6G,64KEffDW9EtZ1y2vBYgq8T; 1zNqDE7qDGCsyzJwohVaoX,1BmxOYHjQv1dKZRr13YRZM,https://open.spotify.com/track/08bNPGLD8AhKpnnERrAc6G
2018-04-20T19:27:22Z,B.Y.O.B.,System Of A Down,Mezmerize,System Of A Down,2005-05-17,album,1,2,255466,True,USSM10501327,False,0EYOdF5FCkgOJJla8DI2Md,5eAWCfyUhZtHHtBdNk56l1,0cn6MHyx4YuZauaB7Pb66o,https://open.spotify.com/track/0EYOdF5FCkgOJJla8DI2Md
2018-04-18T01:06:33Z,Suffering,Rebelution,Bright Side of Life,Rebelution,2009-08-03,album,1,5,244800,False,USME30901413,False,4t0Fm1oF8GWA8tWqX007FW,2WjvvwAX0mdWwq3aFuUdtc,6ry84mOthM6loLKbhuiovs,https://open.spotify.com/track/4t0Fm1oF8GWA8tWqX007FW
2018-04-17T23:03:26Z,Sound of the Sea,Stick Figure,Set in Stone,Stick Figure,2015-11-13,album,1,3,325480,False,US4CL1510103,False,1Gsv8f8KmowkF5BnfMIGKy,5SXEylV07TC57eanSxxg4R,28S63tpbApp3AhWZZYN6l9,https://open.spotify.com/track/1Gsv8f8KmowkF5BnfMIGKy
2018-04-16T20:47:30Z,Flow,Katastro,Strange Nights,Katastro,2016-09-30,album,1,3,211208,False,QMFMF1523098,False,6byEdfUvCWTkP1f1Pq2Cmu,2CimT0aCxKVuJsKPVLG0j5,0XYNxkfhrnGvbmyOrfcx83,https://open.spotify.com/track/6byEdfUvCWTkP1f1Pq2Cmu
2018-04-13T19:36:12Z,Oxygen,Dirty Heads,Dirty Heads,Dirty Heads,2016-07-15,album,1,7,225394,False,USDPK1600078,False,3YbtjYddK11NTDdUpC4nGp,6GkJh85o22LfD2vgL9DP6f,2yt8pr76AIWu3ohmnZKNcd,https://open.spotify.com/track/3YbtjYddK11NTDdUpC4nGp
2018-04-13T18:11:00Z,Yellow Bird,Pretty Lights,A Color Map of the Sun (Deluxe Version),Pretty Lights,2013-07-02,album,1,5,339955,False,USQY51397804,False,1r5J8bYOWq1Dal5jMQ06WX,4iVhFmG8YCCEHANGeUUS9q,4LcmZzFiH4gmNk8meb66iO,https://open.spotify.com/track/1r5J8bYOWq1Dal5jMQ06WX
2018-04-11T14:30:52Z,A Fine Way to Die,GRiZ; Leo Napier,Say It Loud,GRiZ,2015-03-31,album,1,6,400982,False,TCACC1454770,False,6ZDk3PGFkRKGgk6aSkw2T9,25oLRSUjJk4YHNUsQXk7Ut; 2twGthIPnZl1icD7K2jXx3,4HhSc1Q56OOKGtEOr0BFhT,https://open.spotify.com/track/6ZDk3PGFkRKGgk6aSkw2T9
2018-04-11T14:08:12Z,Get On Up,Big Gigantic,Get On Up,Big Gigantic,2015-02-03,single,1,1,319223,False,TCACD1503064,False,0W12ePntnQj0KbroHIiFM9,7o7mC95EDbJKTcPAAs8C3r,44BlIrJHclWWENnANeC4fp,https://open.spotify.com/track/0W12ePntnQj0KbroHIiFM9
2018-04-09T17:18:31Z,Get Low,Smooth Hound Smith,Smooth Hound Smith,Smooth Hound Smith,2013-06-03,album,1,1,314973,False,uscgj1373303,False,5W1ZUsP0X7swYtDhPnt65h,25ylCAVAfORYteORKr4lFk,0snaOivPzf3o3Kf2kJbbRq,https://open.spotify.com/track/5W1ZUsP0X7swYtDhPnt65h
2018-04-09T17:16:29Z,Chest Wide Open,Lyrics Born; David Shaw,Real People,Lyrics Born,2015-05-05,album,1,2,228158,True,QM6N21482053,False,13Fe9MYHm6QyFQ4Mr1VvXa,3X3DHASP1G1waqVoEDWMHr; 6CzswKAZkHvgH3qu6wqkHe,6vWdIyaEQT2UAS9KpSazc8,https://open.spotify.com/track/13Fe9MYHm6QyFQ4Mr1VvXa
2018-04-09T15:16:47Z,Boiled Peanuts,Astronautalis; Lizzo,Cut The Body Loose,Astronautalis,2016-03-11,album,1,11,425866,True,USA6G1661611,False,0vfoDYH3wm5fjpVHby1RyJ,6PWRJs1FosHp8Cqx0Nmswj; 56oDRnqbIiwx4mymNEv7dS,3omLRNYKjvxHbmNiPoLMGu,https://open.spotify.com/track/0vfoDYH3wm5fjpVHby1RyJ
2018-04-02T17:03:41Z,Spill Me Up,Doomtree,Spill Me Up,Doomtree,2016-06-13,single,1,1,242521,True,USA2P1658944,False,0hDT6tpD1OI8gTjcuDeFCx,2VdhtgJVCayzvFtnq98XJn,0eOKprNS76ocJGWaZxG9ne,https://open.spotify.com/track/0hDT6tpD1OI8gTjcuDeFCx
2018-03-26T15:45:03Z,Hope Dies (feat. Patricia Lynn),Zeale,Hope Dies (feat. Patricia Lynn),Zeale,2013-04-01,single,1,1,245055,False,uscgj1377266,False,1BArQCPUEY4p7cAebKOkE4,4OLKqrzAgoMVLWC3yw9rQD,5iMfKT3qAQnyjLmONwIrx0,https://open.spotify.com/track/1BArQCPUEY4p7cAebKOkE4
2018-03-19T17:49:54Z,Three Weeks,Perpetual Groove,Sweet Oblivious Antidote,Perpetual Groove,2003-01-01,album,1,1,556746,False,ushm90415904,False,1h0z8J8SDzIrc5pSnTxLEv,5Y5Qltdor4sw3O8NnFw5pO,5iXbVRBasAzAaEUxR8dAef,https://open.spotify.com/track/1h0z8J8SDzIrc5pSnTxLEv
2018-03-19T16:28:12Z,Black Crow,Brent Cobb,Shine On Rainy Day,Brent Cobb,2016-10-07,album,1,10,270413,False,USAT21601800,False,4UmYFqPfd11pZiUMJHCFvG,26C2AjqgMr5aDzj6Yp2ORz,3UJXcmx1XSLeimF0dwVsbg,https://open.spotify.com/track/4UmYFqPfd11pZiUMJHCFvG
2018-03-19T14:36:44Z,Boy Got It Bad,KaiL Baxley,Heatstroke / The Wind and the War,KaiL Baxley,2013-02-05,album,1,3,158533,False,QMTT21100003,False,6sJjl0mORUovyHFjKYpgyK,3fV14PAU0MWFaj0Kt8MDWx,5An7PcUB07beYA2QnNb8nz,https://open.spotify.com/track/6sJjl0mORUovyHFjKYpgyK
2018-03-19T14:22:08Z,Marry Rich,honeyhoney,3,honeyhoney,2015-01-01,album,1,12,296280,False,USRO21500373,False,7y0xLkvRNawg1cAZ4Qr8be,22tQF7y3PwRuU6ZWAV2oTM,1hMuNxqnxcC35yTBMgQw4P,https://open.spotify.com/track/7y0xLkvRNawg1cAZ4Qr8be
2018-03-14T18:45:48Z,Two Against One (feat. Mal J),K Theory; Mal J,#Kristmas 2015,K Theory,2016-03-28,compilation,1,14,185546,True,QMKTS1600094,False,5vMRcpiN785B7sp3GbM3Od,4N4XqUMMv5KXtLvCBYEIOt; 09u6ZxGqCpiUwMLawRXRz7,1neNGnTLGGge2MLFil8Bbs,https://open.spotify.com/track/5vMRcpiN785B7sp3GbM3Od
2018-03-09T16:03:40Z,Sick Boy,The Chainsmokers,Sick Boy...You Owe Me,The Chainsmokers,2018-02-16,single,1,2,193893,False,USQX91702676,False,2IKZkwHI5zsZf70STuhvOX,69GGBxA162lTqCwzJG5jLp,7ipPGzgSu86WmYyNyx2Kry,https://open.spotify.com/track/2IKZkwHI5zsZf70STuhvOX
2018-02-19T17:26:37Z,Pain,Earl St. Clair,My Name Is Earl,Earl St. Clair,2017-03-02,album,1,1,301106,False,USUM71701253,False,54U1FXxmfweLVQmJXoDbol,0h9IuyuhaLBJWOpebvgTk5,4ZFj9ZGycCJdFCeZrFyOlz,https://open.spotify.com/track/54U1FXxmfweLVQmJXoDbol
2018-02-16T22:48:25Z,Him & I,G-Eazy; Halsey,Him & I,G-Eazy; Halsey,2017-11-30,single,1,1,268866,True,USRC11701867,False,3YU6vJbjYUG0tiJyXf9x5V,02kJSzxNuaWGqwubyUba0Z; 26VFTg2z8YR0cCuwLzESi2,7ejLzpQCRcDqXtbRoOrj9B,https://open.spotify.com/track/3YU6vJbjYUG0tiJyXf9x5V
2018-02-12T17:28:48Z,Midnight Rider,Gregg Allman,Laid Back,Gregg Allman,1973-01-01,album,1,1,268600,False,USA027300220,False,2I2Z3BMH3wjVVxNHcJG0kO,0yDmbRjVTQsQd3OnMs5s3I,5F7PzrH7DqZg1LunR0zL23,https://open.spotify.com/track/2I2Z3BMH3wjVVxNHcJG0kO
2018-02-12T17:22:56Z,Log Cabin,Phontaine,Log Cabin,Phontaine,2014-06-12,single,1,1,226280,False,ushm21468260,False,779Im7njdLU8OS3GEGQmYM,6iqEys0P20ku952osCLqD1,5lhToixKjLyxFoU3WvgWIG,https://open.spotify.com/track/779Im7njdLU8OS3GEGQmYM
2018-02-12T15:47:32Z,Dread,Zion I,The Sun Moon And Stars - EP,Zion I,2015-02-03,single,1,1,147069,True,USUYG1060393,False,2f71uqqytZJ4ecQDau0uIE,3LLs28LJVlXAjWc8UDkcQZ,7gSUpYDfEMtryGf13mD4Eb,https://open.spotify.com/track/2f71uqqytZJ4ecQDau0uIE
2018-02-07T21:04:32Z,Animals - Extended,Martin Garrix,Animals (Extended),Martin Garrix,2013-01-01,single,1,1,303826,False,AUNV01301212,False,6JEntXLt4z98CcDtIH9sU7,60d24wfXkVzDSfLS6hyCjZ,55HXtmTsfepv0mY9vIIFhi,https://open.spotify.com/track/6JEntXLt4z98CcDtIH9sU7
2018-02-06T15:09:20Z,No One,Alicia Keys,As I Am,Alicia Keys,2007-11-09,album,1,4,253813,False,USJAY0700190,False,0JEqGkvUiMTQmFY6sgL9kg,3DiDSECUqqY1AuBP8qtaIa,0neqylYFL6s6Ikdf3UFmUo,https://open.spotify.com/track/0JEqGkvUiMTQmFY6sgL9kg
2018-02-05T19:06:14Z,The Streetcorner Anthem,Vibe Street,Home Is Where the Heart Beats,Vibe Street,2016-12-20,album,1,1,273882,False,TCACU1677966,False,4vVdJHYPhsxXGMBjHciCWn,56wQ7KtIyMDpBLHSbh7BjN,68oB64zMxgGvbyOeIkLHfV,https://open.spotify.com/track/4vVdJHYPhsxXGMBjHciCWn
2018-02-05T15:44:59Z,High on Instrumentals - Instrumental,Medium Troy; Lafa Taylor,All My Friends Are Freaks,Medium Troy; Lafa Taylor,2015-07-20,single,1,2,220493,True,QM4DW1559714,False,5uHougGve3yYmM5KUcV7af,4sEUiFQvsIL8B0gkq1yqPo; 0j0HBDnIuT6rsn840ec18A,3IFD3IuLtLgV8FTXXlGWpO,https://open.spotify.com/track/5uHougGve3yYmM5KUcV7af
2018-02-05T15:27:21Z,Come Home,Antix,Come Home,Antix,2015-04-09,single,1,1,291861,False,TCACF1510643,False,66DrDwnzHUXYAw8tOdF8te,0ljLY06NlIds69Kn9X5pDY,0Hct147xVl52Pl0nPCCK0M,https://open.spotify.com/track/66DrDwnzHUXYAw8tOdF8te
2018-02-05T15:20:18Z,Bang Bang,Vokab Kompany,The Good Kompany Album,Vokab Kompany,2016-01-20,album,1,2,284727,False,QMLD61408038,False,62F2YuMx2qgffTV35VpRiy,2Udiv31AsrRzKJ1X6cUuu7,7i2sjbJupndCeD7ZIslHRO,https://open.spotify.com/track/62F2YuMx2qgffTV35VpRiy
2018-01-29T18:41:58Z,Come Together,Gary Clark Jr.; Junkie XL,Come Together,Gary Clark Jr.; Junkie XL,2017-09-08,single,1,1,193714,False,USWB11701415,False,45HAjqRWiNv6mMPw4NvZrU,01aC2ikO4Xgb2LUpf9JfKp; 5svDnd8joFhbpbA3Ar0CfN,1FA0rfTpK5dost6Zk4pxjC,https://open.spotify.com/track/45HAjqRWiNv6mMPw4NvZrU
2018-01-29T18:16:42Z,Gold To Glass,The Revivalists,Men Amongst Mountains,The Revivalists,2015-07-15,album,1,3,236746,False,USWU31500063,False,2UKoZ6eJ6X9gtjlXLXUojc,5kuJibJcwOC53s3OkoGMRA,4d40uSufPdCDGGedQGCdGn,https://open.spotify.com/track/2UKoZ6eJ6X9gtjlXLXUojc
2018-01-29T17:39:47Z,Freak Like Me,NoMBe,Freak Like Me,NoMBe,2017-03-20,single,1,1,176889,False,TCACZ1718380,False,5U6ZzFbxI9AHpWUWEy8rw7,5Lhxlge1CR1DrgDAje8Qaw,6E96paIs31LilqP16TRW54,https://open.spotify.com/track/5U6ZzFbxI9AHpWUWEy8rw7
2018-01-29T17:21:04Z,Solar Therapy,Moontricks,Solar Therapy,Moontricks,2017-08-04,single,1,1,211764,False,CA5KR1564601,False,3snmLEQT797ilvLOnPa2M2,6o52orvClP7ba1qV4zMVlg,1pSI1XjzAMxU8e6neW9NHY,https://open.spotify.com/track/3snmLEQT797ilvLOnPa2M2
2018-01-29T16:29:16Z,No Grave (feat. Def3),Late Night Radio; Def3,Reflective Tangents,Late Night Radio,2016-11-25,album,1,5,258207,False,TCACU1600483,False,7DfZXioyJdFUF7h8LwO6m3,0FIRQJT2PBffTJEZvipVi2; 6kqN8RoL2VpRM8EgGwHiHG,0yKl9t5eOtdm1adCMjdjP5,https://open.spotify.com/track/7DfZXioyJdFUF7h8LwO6m3
2018-01-29T16:04:45Z,Lipstick Wonder Woman,Tyler Bryant & the Shakedown,Wild Child,Tyler Bryant & the Shakedown,2013-01-01,album,1,2,235546,False,USUF81200048,False,00h32OTWBwcKSogvu1G2ZB,3Ig1cmnFAUxpTEYVjTRkLo,0jfS1hSeYXgAhKPbRSe3UI,https://open.spotify.com/track/00h32OTWBwcKSogvu1G2ZB
2018-01-16T22:27:03Z,Road To Joy,Bright Eyes,"I'm Wide Awake, It's Morning",Bright Eyes,2005-01-25,album,1,10,234906,False,US2U60507210,False,1PW6GA54DjaQDwKU4ATCDE,5o206eFLx38glA2bb4zqIU,5msfCyqu8fJYqDDV6OrXTg,https://open.spotify.com/track/1PW6GA54DjaQDwKU4ATCDE
2018-01-15T17:27:51Z,Rita Mae Young,The Record Company,Give It Back To You,The Record Company,2016-01-01,album,1,3,261120,False,USC4R1504256,False,11SXMhxJZPCcS5JWIwWuIX,6vYg01ZFt1nREsUDMDPUYX,2Rqva9thIdrhXv0VKSvgt3,https://open.spotify.com/track/11SXMhxJZPCcS5JWIwWuIX
2018-01-15T17:27:44Z,RipTide,Dirtwire,RipTide,Dirtwire,2015-05-12,album,1,1,323250,False,TCACD1580064,False,5nL1N7FT34eunSt6aBqAXr,0hc2qwaU2xy7LUd0FRjcHK,3eM8d29vn9uf2WbtBrz7ls,https://open.spotify.com/track/5nL1N7FT34eunSt6aBqAXr
2018-01-08T17:02:08Z,Gone,Laith Al-Saadi,Real.,Laith Al-Saadi,2013-09-01,album,1,1,225066,False,ushm81383733,False,6ihktmRSuKT4BkHBSe3bs6,7GRIt7tItUwK7OcDCK56gk,3JksN4eafDzrasdnv5vlsx,https://open.spotify.com/track/6ihktmRSuKT4BkHBSe3bs6
2018-01-08T16:25:01Z,The Railroad,"Goodnight, Texas",A Long Life of Living,"Goodnight, Texas",2012-10-02,album,1,7,250240,False,QMNFW1200007,False,1Z0FpIlGRGQrC7rz2uwX6I,5ammRFhN6wQXM30xlhndC5,0W6IZrPamQ7KXLXxvR9usJ,https://open.spotify.com/track/1Z0FpIlGRGQrC7rz2uwX6I
2018-01-08T16:12:45Z,Prologue (feat. Tonye Aganaba & the Living Society Soul Choir),Cityreal; Tonye; The Living Society Soul Choir,Prologue,Cityreal,2015-03-28,single,1,2,243960,True,TCACE1589157,False,0i4Et9NmGfH4XyaMZsagEh,08W9DwGtJopkxVjFU87sYa; 5K9ws283Aw1LXkB2UKLAts; 0jXzLxXp76tFZSIoJ8jvBK,6gDUdg8vOtiX8y5aKmQ56o,https://open.spotify.com/track/0i4Et9NmGfH4XyaMZsagEh
2018-01-02T19:49:34Z,Coming Undone,Korn,See You On the Other Side,Korn,2005-12-06,album,1,9,199773,False,USVI20500588,False,6p2liQLGoDaLXgND68bfVt,3RNrq3jvMZxD9ZyoOZbQOD,61IAfZngW0BgATiyHJPijP,https://open.spotify.com/track/6p2liQLGoDaLXgND68bfVt
2018-01-02T19:49:33Z,I Don't Care Anymore,HELLYEAH,UNDEN!ABLE,HELLYEAH,2016-06-03,album,1,8,281522,False,USDPK1600033,False,5PPkKbFuod4Qutcn0jMNNp,4hxDvVq5t8ebPYPdBl1F9f,5H9cH0ZFEwiJQFPCXiXzxd,https://open.spotify.com/track/5PPkKbFuod4Qutcn0jMNNp
2018-01-02T18:41:12Z,Bourbon Street,Jeff Tuohy,Cocoon,Jeff Tuohy,2009-03-13,album,1,12,169200,False,USTJU0900012,False,0ORgkCOkUIlpepvELJtWpp,7aYcyvI6oFYvUDGN1XR7Zp,3Js4H5yTzQowzGOcnLGqVz,https://open.spotify.com/track/0ORgkCOkUIlpepvELJtWpp
2017-12-05T22:04:36Z,Hello,Adele,25,Adele,2016-06-24,album,1,1,295493,False,GBBKS1500214,False,4sPmO7WMQUAf45kwMOtONw,4dpARuHxo51G3z768sgnrY,0K4pIOOsfJ9lK8OjrZfXzd,https://open.spotify.com/track/4sPmO7WMQUAf45kwMOtONw
2017-12-05T21:39:29Z,Papa Come Quick (Jody And Chico),Bonnie Raitt,Luck Of The Draw,Bonnie Raitt,1991-01-01,album,1,9,163266,False,USCA29100110,False,476zDaOOTeo5dSjZyxiAq4,4KDyYWR7IpxZ7xrdYbKrqY,6blrkOZ0VmkhYPjfoD7eqf,https://open.spotify.com/track/476zDaOOTeo5dSjZyxiAq4
2017-12-05T15:31:00Z,Regulate,Warren G; Nate Dogg,Regulate… G Funk Era,Warren G,1994-06-07,compilation,1,1,248866,True,USPR39401366,False,7nYvUtkQMx1v80S2FH2s9J,2B4ZHz4QDWJTXPFPgO5peE; 1Oa0bMld0A3u5OTYfMzp5h,2VMGv3inRLPM4GOMXf37qu,https://open.spotify.com/track/7nYvUtkQMx1v80S2FH2s9J
2017-12-05T15:30:57Z,Who Am I (What's My Name)?,Snoop Dogg,Doggystyle,Snoop Dogg,1993,album,1,8,246320,True,USKO10403597,False,5XhkV07Vou38wnrzwURUOC,7hJcb9fa4alzcOq3EaNPoG,7f9KDGqY7X2VLBM5aA66KM,https://open.spotify.com/track/5XhkV07Vou38wnrzwURUOC
2017-11-30T16:43:35Z,Bodak Yellow,Cardi B,Bodak Yellow,Cardi B,2017-06-16,single,1,1,223962,True,USAT21701762,False,2771LMNxwf62FTAdpJMQfM,4kYSro6naA4h99UJvo89HB,1wpgafbHuQfSUmCWvahFlq,https://open.spotify.com/track/2771LMNxwf62FTAdpJMQfM
2017-11-29T19:47:19Z,Thunder,Imagine Dragons,Thunder,Imagine Dragons,2017-04-27,single,1,1,187761,False,USUM71704167,False,0oP9pK1D1lNF3Lb7jkl6Xx,53XhwfbYqKCa1cC15pYq2q,1RlpachGbLBOZ2L1JK3N49,https://open.spotify.com/track/0oP9pK1D1lNF3Lb7jkl6Xx
2017-11-28T17:34:01Z,1-800-273-8255,Logic; Alessia Cara; Khalid,Everybody,Logic,2017-05-05,album,1,10,250173,True,USUM71702778,False,5tz69p7tJuGPeMGwNTxYuV,4xRYI6VqpkE3UwrDrAZL8L; 2wUjUUtkb5lvLKcGKsKqsR; 6LuN9FCkKOj5PcnpouEgny,1HiN2YXZcc3EjmVZ4WjfBk,https://open.spotify.com/track/5tz69p7tJuGPeMGwNTxYuV
2017-11-27T16:58:38Z,The Devil Wears a Suit and Tie,Colter Wall,Imaginary Appalachia,Colter Wall,2015-06-02,album,1,7,236026,False,CA55J1542007,False,7hlA8gMMz6jSp91Twsnuv3,3xYXYzm9H3RzyQgBrYwIcx,1widYgH6RNVOxnLOiVeihU,https://open.spotify.com/track/7hlA8gMMz6jSp91Twsnuv3
2017-11-21T12:48:27Z,Vision Fiberoptics,The Polish Ambassador; Sean Haefeli,Pushing Through the Pavement,The Polish Ambassador,2014-06-10,album,1,1,341077,False,USCGJ1490392,False,2LmgZ8Dxf4kdWaqrgYXa0x,2dI9IuajQnLR5dLxHjTTqU; 5RyaBwFlrXhvhDGZNSb8Vw,2oc6OdAr3hHY3yd2eMNeBe,https://open.spotify.com/track/2LmgZ8Dxf4kdWaqrgYXa0x
2017-11-20T22:53:10Z,Black Mambo,Glass Animals,ZABA (Deluxe),Glass Animals,2014-01-01,album,1,2,248920,False,GBUM71303835,False,3YBYCxerAPKmi7mxxspJ21,4yvcSjfu4PC0CYQyLy4wSq,2ipSXAsBLmvEeVKKbRAL7i,https://open.spotify.com/track/3YBYCxerAPKmi7mxxspJ21
2017-11-13T19:05:14Z,Perfect,Ed Sheeran,÷ (Deluxe),Ed Sheeran,2017-03-03,album,1,5,263400,False,GBAHS1700024,False,0tgVpDi06FyKpA1z0VMD4v,6eUKZXaKkcviH0Ku9w2n3V,3T4tUhGYeRNVUGevb0wThu,https://open.spotify.com/track/0tgVpDi06FyKpA1z0VMD4v
2017-11-13T18:56:24Z,How Long,Charlie Puth,How Long,Charlie Puth,2017-10-05,single,1,1,198237,False,USAT21702278,False,32DGGj6KlNuBr6WaqRxpxi,6VuMaDnrHyPL1p4EHjYLi7,4dVUvKA6YlFJvIKInOBDcu,https://open.spotify.com/track/32DGGj6KlNuBr6WaqRxpxi
2017-11-13T18:56:20Z,rockstar,Post Malone; 21 Savage,rockstar,Post Malone,2017-09-15,single,1,1,218320,True,USUM71710087,False,1OmcAT5Y8eg5bUPv9qJT4R,246dkjvS1zLTtiykXe5h60; 1URnnhqYAYcrqrcwql10ft,1YCRXKLDRB0UnbrFUJ4F6e,https://open.spotify.com/track/1OmcAT5Y8eg5bUPv9qJT4R
2017-11-13T15:46:48Z,The Ballad Of Curtis Loew,Lynyrd Skynyrd,Second Helping (Expanded Edition),Lynyrd Skynyrd,1974-04-15,album,1,5,291735,False,USMC17447093,False,6PPhp1qpAjLUxQr75vSD4H,4MVyzYMgTwdP7Z49wAZHx0,54V1ljNtyzAm053oJqi0SH,https://open.spotify.com/track/6PPhp1qpAjLUxQr75vSD4H
2017-11-06T15:22:10Z,Dirty Laundry,Don Henley,I Can't Stand Still,Don Henley,1982-08-13,album,1,6,336800,False,USWB18200020,False,7LFer4drCtWSyD8oxORZtC,5dbuFbrHa1SJlQhQX9OUJ2,2liPmoa0xyg9DcjKOryJ66,https://open.spotify.com/track/7LFer4drCtWSyD8oxORZtC
2017-11-06T15:10:18Z,Wind Blow,Bone Thugs-N-Harmony,Strength & Loyalty,Bone Thugs-N-Harmony,2007,album,1,3,258253,True,USUM70729530,False,2SO6T1KaYLu4yXP4qf286F,5spEJXLwD1sKUdC2bnOHPg,6fgFFyMpkmOZK038Ta3gQB,https://open.spotify.com/track/2SO6T1KaYLu4yXP4qf286F
2017-10-24T20:39:22Z,I Think I'm In Love,Kat Dahlia,My Garden,Kat Dahlia,2015-01-09,album,1,5,202666,True,USSM11408712,False,3U1TuSqHIubBA10cVP7Sk6,1peH5tSqnYm8W6Bo3I5egE,7IQvaeTZKibqE8OkOwicM0,https://open.spotify.com/track/3U1TuSqHIubBA10cVP7Sk6
2017-10-24T19:04:57Z,Crocodile Tears,little hurricane,Homewrecker,little hurricane,2012,album,1,1,237893,False,QMYDW1100002,False,2xJyqbcnEB8jHbHc05pfI7,5VLQQzAkJrzG7QggE4DVg2,3RiSWxNaspT2URVo5k2FYb,https://open.spotify.com/track/2xJyqbcnEB8jHbHc05pfI7
2017-10-24T16:48:36Z,Can't Think,Dawg Yawp,Dawg Yawp,Dawg Yawp,2016-10-14,album,1,9,241973,False,QMCPS1600287,False,3iM6wxKTqZeFQE3BBBqCbM,2yNHkf0DxHriOnFjEfUr68,0eZ5ujItrga7Otdi8PptvM,https://open.spotify.com/track/3iM6wxKTqZeFQE3BBBqCbM
2017-10-24T16:05:21Z,Could Have Been Me,The Struts,Everybody Wants,The Struts,2016-03-04,album,1,2,187653,False,GBUM71304611,False,3IyCL4Em1GOpNGDf451Hg1,3lDpdwM8KILepMHqBWUhIA,7iLnNik9W0ttekJblYrVfj,https://open.spotify.com/track/3IyCL4Em1GOpNGDf451Hg1
2017-10-16T21:36:47Z,Now Or Never,Halsey,hopeless fountain kingdom (Deluxe),Halsey,2017-06-02,album,1,6,214801,False,USUM71701077,False,7i2DJ88J7jQ8K7zqFX2fW8,26VFTg2z8YR0cCuwLzESi2,7GjG91tyHQNGEHzKJaqOi0,https://open.spotify.com/track/7i2DJ88J7jQ8K7zqFX2fW8
2017-10-16T21:28:50Z,Bad At Love,Halsey,hopeless fountain kingdom (Deluxe),Halsey,2017-06-02,album,1,11,181279,False,USUM71702220,False,7y9iMe8SOB6z3NoHE2OfXl,26VFTg2z8YR0cCuwLzESi2,7GjG91tyHQNGEHzKJaqOi0,https://open.spotify.com/track/7y9iMe8SOB6z3NoHE2OfXl
2017-10-16T16:33:21Z,Riverbottom,Jonathan Tyler,Holy Smokes,Jonathan Tyler,2015-08-07,album,1,7,209920,False,QM4BQ1500007,False,7iHqJkRnL9sRKpcFzgfVl1,5p6wXe8rGh3RBbhZlLj9qU,2S3ONL0LSb05Xjh7CzIaZZ,https://open.spotify.com/track/7iHqJkRnL9sRKpcFzgfVl1
2017-10-16T16:15:14Z,Low Life,X Ambassadors; Jamie N Commons,VHS,X Ambassadors,2015-06-30,album,1,11,280813,False,USUM71505922,False,6rXKkGRJQspRVNcGdcmsGy,3NPpFNZtSTHheNBaWC82rB; 2FsZnS8gQ8jG1HGnPYNlm9,7A8fZ2jjiu5heq7wNCutKN,https://open.spotify.com/track/6rXKkGRJQspRVNcGdcmsGy
2017-10-16T15:26:26Z,Queso Blanco,Quaker City Night Hawks,Queso Blanco,Quaker City Night Hawks,2016-09-23,single,1,1,205899,False,USLN61600299,False,654Tjc8N2tVPhedEyvTKpQ,521Jw1ixgckc0WJHhm2Klu,6Nha0jKCMo3WzFJxzXgkOM,https://open.spotify.com/track/654Tjc8N2tVPhedEyvTKpQ
2017-10-16T15:13:14Z,Save My Soul,Ray Goren,Save My Soul - EP,Ray Goren,2014-09-09,single,1,2,206706,False,QMASQ1400010,False,6D1mQSI0tc8CMwJAVwUxtW,7BexBpZwJEohkHnOeuXDoi,1G9QIHyWkrbLe9II3crnmu,https://open.spotify.com/track/6D1mQSI0tc8CMwJAVwUxtW
2017-10-16T14:55:33Z,Find Your Cloud,Papadosio,T.E.T.I.O.S.,Papadosio,2012-10-16,album,2,6,516746,False,USJ441200050,False,6FX4bnL4wZWheKbftUUFVz,22nCgEikczPLtGfDdpRroh,37RevrtVEl6YUplRTKTan6,https://open.spotify.com/track/6FX4bnL4wZWheKbftUUFVz
2017-10-16T14:50:49Z,Making Gestures,The Pack a.d.,Funeral Mixtape,The Pack a.d.,2008,album,1,3,250013,False,CAMA10812103,False,675pQka4krUCyb7zMX3M7y,2gbOUPIhea9nrCmAeZBgpo,2LXcr5m7LagfVGni7NcYQy,https://open.spotify.com/track/675pQka4krUCyb7zMX3M7y
2017-10-16T14:47:44Z,Bad Cookie,Tropidelic,Go Down with the Ship,Tropidelic,2016-04-02,album,1,4,253131,False,uscgj1625007,False,2NDmBXII8x1j9tyzWvhVAF,2SGFnb6c73UJd1vT6aGBMl,5ZyhcOzuXAUFX2Zq16F0mn,https://open.spotify.com/track/2NDmBXII8x1j9tyzWvhVAF
2017-10-03T20:24:47Z,Hold On To Me,Mondo Cozmo,Plastic Soul,Mondo Cozmo,2017-08-04,album,1,2,216813,False,USUM71606712,False,59rutYia8oVnhiIB4pZbvz,7ybnRZKtRbWQzJfKyYSyh6,0LASSuakCUPGw4mVBSnXnA,https://open.spotify.com/track/59rutYia8oVnhiIB4pZbvz
2017-09-25T17:50:34Z,Rocket,Beyoncé,BEYONCÉ [Platinum Edition],Beyoncé,2014-11-24,album,1,8,391906,True,USSM11307805,False,0755vnFQZLSgHHWbR1qCjY,6vWDO969PvNqNYHIOW5v0m,2UJwKSBUz6rtW4QLK74kQu,https://open.spotify.com/track/0755vnFQZLSgHHWbR1qCjY
2017-09-25T14:20:42Z,Long Way Down,Robert DeLong,In The Cards,Robert DeLong,2015-09-18,album,1,2,233760,True,USYAH1400066,False,69Pfc2fTVYIxLLFgsFXqjg,42crL07E4WPfVovyUtMpvC,1Syxk8SXUlybhTg9AhzZmn,https://open.spotify.com/track/69Pfc2fTVYIxLLFgsFXqjg
2017-09-11T18:00:00Z,Anytime of Night,Jesse Roper,Red Bird,Jesse Roper,2015-01-23,album,1,7,313701,False,CAE0C1400007,False,41U8FoRZle2j5hmaTmbSqS,0YnrslYN9hfy5ZRCQUjMMt,52TyDS3LAr2H4ZUoITQ6Ef,https://open.spotify.com/track/41U8FoRZle2j5hmaTmbSqS
2017-08-29T17:05:18Z,Look What You Made Me Do,Taylor Swift,Look What You Made Me Do,Taylor Swift,2017-08-24,single,1,1,211859,False,USCJY1750000,False,2VjtYe7gpfUi2OkGxR2O2z,06HL4z0CvFAxyc27GXpf02,6zOWPakelVDXWeGAiOJXb2,https://open.spotify.com/track/2VjtYe7gpfUi2OkGxR2O2z
2017-08-29T17:05:17Z,Havana (feat. Young Thug),Camila Cabello; Young Thug,Havana (feat. Young Thug),Camila Cabello,2017-08-03,single,1,1,216896,False,USSM11706905,False,0ofbQMrRDsUaVKq2mGLEAb,4nDoRrQiYLoBzwC5BhVJzF; 50co4Is1HCEo8bhOyUWKpn,5chBPOVY2I0bG5V3igb5QL,https://open.spotify.com/track/0ofbQMrRDsUaVKq2mGLEAb
2017-08-28T19:43:44Z,Call on the Wolves,Dustin Thomas,Year in Review,Dustin Thomas,2017-02-21,album,1,10,340386,False,TCADA1725274,False,5G4RC6ZOC3dLzovuvKvRzD,4xZc2DiEMOQP4KppCfK5QK,66M4MprrhOH6bHyVL11uC1,https://open.spotify.com/track/5G4RC6ZOC3dLzovuvKvRzD
2017-08-28T19:26:35Z,Long Live,Devan DuBois,Le Fou,Devan DuBois,2014-08-19,album,1,2,194817,False,TCABY1492300,False,5EEa9SITrIRlpj5yFn72iO,7mFPzPaMTA7CHdNAWuAUIx,63EFCjfsEZqsXfK0PBKqu7,https://open.spotify.com/track/5EEa9SITrIRlpj5yFn72iO
2017-08-28T18:36:40Z,Vultures Of Culture,Nahko And Medicine For The People,On The Verge,Nahko And Medicine For The People,2014-03-05,album,1,3,498999,False,USQY51432060,False,7yKQGusnEUuCs2xWPlWbmS,35fFUv2850L9CQjjNrLBpb,1Tsg8IGb49CcFuIrgyRyKe,https://open.spotify.com/track/7yKQGusnEUuCs2xWPlWbmS
2017-08-28T18:26:50Z,Baby Please Don't Leave Me,Buddy Guy,Sweet Tea,Buddy Guy,2001-08-04,album,1,2,442800,False,USSV10100002,False,39keYX2HCbDBvpkaX4KIpA,2gCsNOpiBaMNh20jQ5prf0,0uEU3A4ilxPpbxHS9XlWhn,https://open.spotify.com/track/39keYX2HCbDBvpkaX4KIpA
2017-08-28T18:17:37Z,Hollow Moon (Bad Wolf),AWOLNATION,Run,AWOLNATION,2015-03-17,album,1,3,258853,True,USP6L1400287,False,1a5NeiEuFdPMxQEwX2yMeY,4njdEjTnLfcGImKZu1iSrz,7BSmYQDkYNTkzltG1OmKP3,https://open.spotify.com/track/1a5NeiEuFdPMxQEwX2yMeY
2017-08-23T14:31:03Z,House Of Mercy,Sarah Jarosz,Undercurrent,Sarah Jarosz,2016-06-17,album,1,3,278026,False,USC4R1601192,False,2uPOZyK2BNp4Genm429Qca,6nFBonVf7Lqaj05R0v5VGJ,0MXtcpjNSnK68Xpv5rXnrc,https://open.spotify.com/track/2uPOZyK2BNp4Genm429Qca
2017-08-22T16:36:49Z,Live in the Dark,Jeff Beck,Loud Hailer,Jeff Beck,2016-07-15,album,1,2,227320,False,USRH11602326,False,3hxKRXZ1yxqCuOSoZTphwV,0AD4odMWVQ2wUSlgxOB5Rl,71N67dfMIkvyikV9ygSOuF,https://open.spotify.com/track/3hxKRXZ1yxqCuOSoZTphwV
2017-08-22T14:37:49Z,Despacito - Remix,Luis Fonsi; Daddy Yankee; Justin Bieber,Despacito Feat. Justin Bieber (Remix),Luis Fonsi; Daddy Yankee,2017-04-17,single,1,1,228826,False,USUM71703825,False,6rPO02ozF3bM7NnOV4h6s2,4V8Sr092TqfHkfAA5fXXqG; 4VMYDCV2IEDYJArk749S6m; 1uNFoZAHBGtllmzznpCI3s,3Gq2Dme9nesdgoqNNlcN8O,https://open.spotify.com/track/6rPO02ozF3bM7NnOV4h6s2
2017-08-14T21:24:40Z,Cocaine Jesus,Rainbow Kitten Surprise,RKS,Rainbow Kitten Surprise,2015-04-25,album,1,7,229666,False,QMAAK1557434,False,0ZAbupc7jAQpG9IxojQ3s3,4hz8tIajF2INpgM0qzPJz2,2aaWMtuGxw17AZpKhZGdXQ,https://open.spotify.com/track/0ZAbupc7jAQpG9IxojQ3s3
2017-08-14T19:59:19Z,Dyers Eve (Remastered),Metallica,...And Justice For All,Metallica,1988-08-25,album,1,9,313360,True,USEE10170106,False,7dKqiOmIe0D1TowvuHBqDz,2ye2Wgw4gimLv2eAKyk1NB,7CNQl7thCP0pDllX1lehLM,https://open.spotify.com/track/7dKqiOmIe0D1TowvuHBqDz
2017-08-14T19:55:05Z,Dragula,Rob Zombie,Hellbilly Deluxe,Rob Zombie,1998-01-01,album,1,3,222826,False,USGF19821203,False,6Nm8h73ycDG2saCnZV8poF,3HVdAiMNjYrQIKlOGxoGh5,2B4lHoTCpWbxQPTZmCOjnH,https://open.spotify.com/track/6Nm8h73ycDG2saCnZV8poF
2017-08-14T18:06:23Z,Nemesis,The Motet,Dig Deep,The Motet,2009-08-01,album,1,3,369906,False,USHM90908401,False,0DrYHTyF46ANxvg0Erviwn,4nEUXGyTWXweCdfVf7f8zN,5oqPJwSpwLhd0i3mr34M3W,https://open.spotify.com/track/0DrYHTyF46ANxvg0Erviwn
2017-08-14T16:54:19Z,Man On Fire,Earl St. Clair,Man On Fire,Earl St. Clair,2016-08-19,single,1,1,232773,False,USUM71605183,False,0ZvAs48ODuP2CNVU6oMomy,0h9IuyuhaLBJWOpebvgTk5,6qmRtH1zPhI5w4ADteuw74,https://open.spotify.com/track/0ZvAs48ODuP2CNVU6oMomy
2017-08-14T16:27:14Z,Carolina Drama - Acoustic Mix,The Raconteurs,Carolina Drama (Acoustic Mix),The Raconteurs; Jack White; Brendan Benson,2016-09-01,single,1,1,353200,False,US3JJ1601097,False,3L0lIF7SMOz1nYAngGqQrn,4wo1267SJuUfHgasdlfNfc,4d9QpO629BjjrbLPpgkWjl,https://open.spotify.com/track/3L0lIF7SMOz1nYAngGqQrn
2017-08-14T16:22:21Z,Fire on the Horizon,Stick Figure,Set in Stone,Stick Figure,2015-11-13,album,1,1,327986,False,US4CL1510101,False,7mnk9W0umx7q4Vo4FjtOot,5SXEylV07TC57eanSxxg4R,28S63tpbApp3AhWZZYN6l9,https://open.spotify.com/track/7mnk9W0umx7q4Vo4FjtOot
2017-08-14T15:19:51Z,Good Intentions,Robert Ellis,The Lights from the Chemical Plant,Robert Ellis,2014-02-11,album,1,3,167360,False,US27Q1362663,False,0s7j6vOpvCJH5dsotfAfPX,6XtG9W2KkPiQ6n1rlIvTJE,1W2D0Ob8aA26OAdueRAaJP,https://open.spotify.com/track/0s7j6vOpvCJH5dsotfAfPX
2017-08-14T15:17:55Z,Sixty-Eight,Slow Season,Mountains,Slow Season,2014-11-11,album,1,1,309926,False,USYBL1401406,False,4b8g5viZLBY5VzctTs7TGD,2ecl96Src4BU7DgeSEDyT5,0BuXtkExQXXL4z6J4vWthY,https://open.spotify.com/track/4b8g5viZLBY5VzctTs7TGD
2017-08-14T14:38:54Z,People Mover,the one and only PPL MVR,People Mover,the one and only PPL MVR,2014-11-24,single,1,1,177426,False,USAT21404906,False,0sywoLhGpkDgkdzErikF4v,4mPZTlHdQ1Zi0PgHlpclNv,01NVRIziR5SMX21pbXJ3Qy,https://open.spotify.com/track/0sywoLhGpkDgkdzErikF4v
2017-08-14T14:27:44Z,Whatever Haunts You,Taddy Porter,Taddy Porter,Taddy Porter,2010-01-01,album,1,1,239413,True,USB8W1000015,False,4fudMfTQws1MRskUHLYxLO,7Mu8ubziExft9EsSrC4FOR,0mJXw2SeqGeLYiY2U7Wtm7,https://open.spotify.com/track/4fudMfTQws1MRskUHLYxLO
2017-08-14T14:16:49Z,Black Coffee,Rival Sons,Great Western Valkyrie (10th Anniversary Edition),Rival Sons,2015-10-16,album,1,16,335933,False,GBBPB1505463,False,4r2E1b5r65j36DCvfXdJUM,356c8AN5YWKvz86B4Sb1yf,3ayWm3sAwQ6nuCK7i1qaN3,https://open.spotify.com/track/4r2E1b5r65j36DCvfXdJUM
2017-08-14T14:16:48Z,At Night In Dreams,White Denim,Corsicana Lemonade,White Denim,2013-10-01,album,1,1,244346,False,USCJ81301049,False,402inY9UFrPImLssOP0Wo8,0RdRumkn2UydUjqytNJ2Cp,4WK9kL67qfZcphKP2VUvFz,https://open.spotify.com/track/402inY9UFrPImLssOP0Wo8
2017-08-14T14:10:43Z,First,Cold War Kids,Hold My Home,Cold War Kids,2014-10-31,album,1,2,200360,False,USCJ81401258,False,3omXshBamrREltcf24gYDC,6VDdCwrBM4qQaGxoAyxyJC,2H09itV5a5yUcGyk9u9HwY,https://open.spotify.com/track/3omXshBamrREltcf24gYDC
2017-08-10T18:08:46Z,Sirens (feat. Dirty Heads),Sublime With Rome; Dirty Heads,Sirens,Sublime With Rome,2015-06-30,album,1,1,195169,True,USVR91534601,False,1oxn5Pc3iDNLMPuR5QBW1B,3XXrhkZKSGd3CUJQFnx5tQ; 6GkJh85o22LfD2vgL9DP6f,61BsnCrEb7zeRowWTFP4zC,https://open.spotify.com/track/1oxn5Pc3iDNLMPuR5QBW1B
2017-08-09T18:03:17Z,You Can Have the Crown,Sturgill Simpson,High Top Mountain,Sturgill Simpson,2013-06-11,album,1,6,170240,False,QMLWL1200011,False,1aSsE0qevtf2YDXmdFOY6b,3vDpQbGnzRbRVirXlfQagB,59ElPFKCqmH5nLRdWjyopf,https://open.spotify.com/track/1aSsE0qevtf2YDXmdFOY6b
2017-08-07T20:22:45Z,Death Trip,Bad Livers,Blood And Mood,Bad Livers,2000,album,1,7,267360,False,USSH50084572,False,5E1EwXn87NgmpNJw6qZilw,1vPiDJD75MrDmqQw3Jj6oV,2LNt0dPlfktKSZXNMiEAdW,https://open.spotify.com/track/5E1EwXn87NgmpNJw6qZilw
2017-08-07T17:54:02Z,Midnight Voyage,Ghostland Observatory,Paparazzi Lightning,Ghostland Observatory,2010-10-05,album,1,10,304093,False,USME31001171,False,4aYMRDF9OQ7SJ3b1n25WV6,2waNUwuthEgcBTFvYo26vo,2ZNqGfW6cwMGAX5Bu0A92s,https://open.spotify.com/track/4aYMRDF9OQ7SJ3b1n25WV6
2017-07-31T15:55:51Z,Regular World,Record Heat,Regular World,Record Heat,2015-10-02,single,1,1,218053,False,USWU31500113,False,6n6S2uU69weU2WOW4L0fW1,1jVNQsF3wctnvJsloW2Pnu,12SA50whK4cCugnS2keWjG,https://open.spotify.com/track/6n6S2uU69weU2WOW4L0fW1
2017-07-31T15:40:33Z,On The Run,The Jompson Brothers,The Jompson Brothers,The Jompson Brothers,2010-11-30,album,1,5,296666,False,TCAAT1033214,False,03EsYwfN3RbDhU1kVrfffA,4eNW2w49yCMLXeOwAOWF9b,79XjqMCEOc1VJzgQCipw5F,https://open.spotify.com/track/03EsYwfN3RbDhU1kVrfffA
2017-07-31T14:41:35Z,Jack Is Back,Sonia Leigh,Jack Is Back,Sonia Leigh,2017-03-31,single,1,1,161868,False,QM9CC1700001,False,0nXnUcPIPKpaMNOe8kK7DN,6xezzx8L2FAC0MsGZSRLxg,6sywJQvScAL4NsvhNd0iI5,https://open.spotify.com/track/0nXnUcPIPKpaMNOe8kK7DN
2017-07-24T15:44:59Z,Snake Farm,Ray Wylie Hubbard,Snake Farm,Ray Wylie Hubbard,2006-06-27,album,1,1,233973,False,USDQZ0600025,False,2vULyRIRIZH8dnw7lyXAcR,4gQ8biCMcMrOuBdJx639Q0,50TtZo1OeEN6eecHoCWTFV,https://open.spotify.com/track/2vULyRIRIZH8dnw7lyXAcR
2017-07-24T14:49:21Z,Stuntin',The Floozies,Stuntin',The Floozies,2013-01-21,single,1,1,262897,True,uscgj1355708,False,49vDJdEF1U5PNOjhu8IlQJ,5czcqWtwZb5btfWWvWTmgZ,02mXvmDzus0qxvXsA7630a,https://open.spotify.com/track/49vDJdEF1U5PNOjhu8IlQJ
2017-07-10T20:17:51Z,Right Place Wrong Time,Dr. John,In The Right Place,Dr. John,1973,album,1,1,175240,False,USAT20001805,False,0I2ELF6uHlL4ABu9aFiou7,320TrJub4arztwXRm7kqVO,1b1ljTXAkcugOLAHkIi7Eq,https://open.spotify.com/track/0I2ELF6uHlL4ABu9aFiou7
2017-07-10T20:13:38Z,Birth In Reverse,St. Vincent,St. Vincent,St. Vincent,2014-02-25,album,1,2,195893,False,USUM71318964,False,31WoNmfwgisR09Xo3siDjc,7bcbShaqKdcyjnmv4Ix8j6,2CJnMhwEEkS8R1ctgt5llf,https://open.spotify.com/track/31WoNmfwgisR09Xo3siDjc
2017-07-10T19:48:34Z,Start Wearing Purple,Gogol Bordello,Gypsy Punks: Underdog World Strike,Gogol Bordello,2005,album,1,9,222506,False,USA6G0527109,False,0K5m13w3aN5KuZWjUs3Zty,2SVw939fwuqSobLjF8u78b,5GnzWSQ7PUce0iZ4nQZ8up,https://open.spotify.com/track/0K5m13w3aN5KuZWjUs3Zty
2017-07-10T14:57:20Z,Jesus Came to Tennessee - Live,Will Hoge,Solo & Live: December 2015,Will Hoge,2016-03-18,album,1,6,271893,False,TCACM1621504,False,3RIsTTnBi4Yw42qt6hTFsC,6a8DSomMqspxk3s3WlBjNT,750YtrDj91ZHlLK9Zhiioh,https://open.spotify.com/track/3RIsTTnBi4Yw42qt6hTFsC
2017-06-30T14:09:39Z,You Can Call Me Al,Paul Simon,The Essential Paul Simon,Paul Simon,2007,compilation,2,4,280586,False,USSM11002274,False,6wLr2oR8eqUG5Beleh2Crm,2CvCyf1gEVhI0mX6aFXmVI,4kdOH3s9cRL9YykvHFpSlD,https://open.spotify.com/track/6wLr2oR8eqUG5Beleh2Crm
2017-06-26T18:54:03Z,Hold On To Me,Mondo Cozmo,Hold On To Me,Mondo Cozmo,2016-07-29,single,1,1,216093,False,USUM71606712,False,3H10oas6VeRLuZZutzFh8R,7ybnRZKtRbWQzJfKyYSyh6,0k2Fqrlr7lMVPtOHqBsNbv,https://open.spotify.com/track/3H10oas6VeRLuZZutzFh8R
2017-06-26T18:50:13Z,Fashionable People,Joel Plaskett Emergency,Ashtray Rock,Joel Plaskett Emergency,2007-01-01,album,1,4,249573,False,CAM370700700,False,7qEvgVRs1fVZOwVNS4MlPo,64WWINLIAzJ2CgzZWkywB3,7qZ2uJ5w6UUwIzVFJeToq7,https://open.spotify.com/track/7qEvgVRs1fVZOwVNS4MlPo
2017-06-26T18:31:12Z,Outlaw State Of Mind,Chris Stapleton,Traveller,Chris Stapleton,2015-05-04,album,1,13,335293,False,USUM71418083,False,5WFJ17ke5ldHuM0X3J5ddz,4YLtscXsxbVgi031ovDDdh,7lxHnls3yQNl8B9bILmHj7,https://open.spotify.com/track/5WFJ17ke5ldHuM0X3J5ddz
2017-06-26T18:27:27Z,Tell Me,BROS,Vol. 1,BROS,2016-10-14,album,1,1,231155,False,CADE71600069,False,581KISzBIATjlONj5MbPQe,4b2FejUQCLbLbalnwPyLQc,1q8IVSmI5N41iEuhMyX3Bf,https://open.spotify.com/track/581KISzBIATjlONj5MbPQe
2017-06-15T21:02:48Z,So Many Places,Vokab Kompany; Crush Effect,VKCE,Vokab Kompany; Crush Effect,2012-12-18,album,1,3,230953,True,USA2P1287930,False,1kAOohQ26EYrqxnSaG8pVL,2Udiv31AsrRzKJ1X6cUuu7; 5zH3mqX70eMohRdwUWY2XJ,2MR5ugATqFZsVoStheMU3A,https://open.spotify.com/track/1kAOohQ26EYrqxnSaG8pVL
2017-06-15T20:57:39Z,Drippin',SaQi; The Human Experience; WORTH,The Well,SaQi,2014-11-04,album,1,5,264333,False,TCACA1495630,False,1cV5Outv91y4gO5Q00MXur,4yyre4wV5as2rW3k0gekFA; 1NWjumiUC54F8S21p2W6cG; 08VuFPhQKxfp6Tp9eTwDo0,1epdusmeq8akDsMR4Mmee7,https://open.spotify.com/track/1cV5Outv91y4gO5Q00MXur
2017-06-15T20:38:10Z,Wait A While,Old Man Luedecke,Domestic Eccentric,Old Man Luedecke,2015-07-24,album,1,6,259625,False,CAT241500021,False,0q3KjqTjHU09me6ec6Tz8M,1L29dr4NAXlj2tGo51txba,0jwVrirHtOFG5SBiY8aKOX,https://open.spotify.com/track/0q3KjqTjHU09me6ec6Tz8M
2017-06-15T20:37:41Z,American Man,The Yawpers,American Man,The Yawpers,2015-10-30,album,1,2,279093,False,USA361523602,False,0sLTzudvxp09seIdr5yyap,6MYRV74tUjBf9X4PwTRykW,1geLPCWN7uzDAIE9Lz5NVG,https://open.spotify.com/track/0sLTzudvxp09seIdr5yyap
2017-06-04T16:32:11Z,Girl,The Heavy,Great Vengeance and Furious Fire,The Heavy,2007-10-29,album,1,5,166733,False,GBCFB0700604,False,5ojZoX3fBZDZHDTmDgf4MW,0bZCak2tcRMY1dzEIuwF42,5CeUvZ7r0FjFX9AM9VDhfv,https://open.spotify.com/track/5ojZoX3fBZDZHDTmDgf4MW
2017-06-04T15:32:59Z,Whutcha Want,Giovanni James,Whutcha Want,Giovanni James,2016-03-25,single,1,1,151099,False,USWB11514965,False,0MU15Maz7dmKVxEmHBUcSZ,17zGW9gYMsG12Mg5ged0ZC,1gT1qHwwvTzeWV96lN5Ygp,https://open.spotify.com/track/0MU15Maz7dmKVxEmHBUcSZ
2017-05-31T00:33:47Z,No Shortcuts,Heather Maloney & Darlingside,Woodstock,Heather Maloney & Darlingside,2014-03-11,single,1,4,241440,False,USFMT1406304,False,5LjslTrm5tSh1hZWPvu09C,0px8aDEklzbnJaAtLFebp9,2yD0nXcYe5Ot0HVkXrClsg,https://open.spotify.com/track/5LjslTrm5tSh1hZWPvu09C
2017-05-26T13:02:29Z,Believer,Imagine Dragons,Believer,Imagine Dragons,2017-01-31,single,1,1,203782,False,USUM71700626,False,05KfyCEE6otdlT1pp2VIjP,53XhwfbYqKCa1cC15pYq2q,3d74p8E8jFhgKogypxpZAd,https://open.spotify.com/track/05KfyCEE6otdlT1pp2VIjP
2017-05-25T00:26:26Z,Sign of the Times,Harry Styles,Sign of the Times,Harry Styles,2017-04-07,single,1,1,340706,False,USSM11703595,False,5ELRkzdzz0HvGpMDlfZHkV,6KImCVD70vtIoJWnq6nGn3,6YDkzHVTEzMXZOVd1r5NqR,https://open.spotify.com/track/5ELRkzdzz0HvGpMDlfZHkV
2017-05-25T00:26:10Z,The Cure,Lady Gaga,The Cure,Lady Gaga,2017-04-16,single,1,1,211363,False,USUM71703782,False,34oB5r0lcN3fYWCs2uA1k5,1HY2Jd0NmPuamShAr6KMms,2yaSZnZhaxsbQ5xhgGbw3g,https://open.spotify.com/track/34oB5r0lcN3fYWCs2uA1k5
2017-05-25T00:25:53Z,Stay,Zedd; Alessia Cara,Stay,Zedd; Alessia Cara,2017-02-23,single,1,1,210090,False,USUM71700736,False,6uBhi9gBXWjanegOb2Phh0,2qxJFvFYMEDqd7ui6kSAcq; 2wUjUUtkb5lvLKcGKsKqsR,1I4W7JKzYbl8VKRfD61DIS,https://open.spotify.com/track/6uBhi9gBXWjanegOb2Phh0
2017-05-22T18:49:25Z,Lil Darlin (feat. The O'Mys),ZZ Ward; The O' My's,Til the Casket Drops,ZZ Ward,2012-01-01,album,1,8,213893,False,USHR11233871,False,0qusvJa0R623oSZwe6WtSK,7aJSIsbI5wV8aFi2kkFfPi; 7GVV09qRrwojiWPwxvHvzS,57QGgDgbSf0Ij3QP41jF8D,https://open.spotify.com/track/0qusvJa0R623oSZwe6WtSK
2017-05-22T17:34:12Z,Amy's Friend,Bombadil,Hold On,Bombadil,2015-03-23,album,1,2,176746,False,US4BW1500002,False,7JCFtmI2WKlY7VxDe7SmNC,6AlXfeCNG9lrauBDG7GyjM,2FLNyYcSvYwBJ6Aelvufhp,https://open.spotify.com/track/7JCFtmI2WKlY7VxDe7SmNC
2017-05-22T17:15:11Z,Goin' Down South,R.L. Burnside,A Bothered Mind,R.L. Burnside,2004-08-17,album,1,4,191960,False,USFP70400055,False,0AbLQMdKJFIaO6FrNRMmuZ,2drMeidRg4jc07neGOL0Ip,19ox7nB02O5mCJtjqzoqGm,https://open.spotify.com/track/0AbLQMdKJFIaO6FrNRMmuZ
2017-05-22T17:06:53Z,Finer Things (feat. deM atlaS),Atmosphere; Dem Atlas,Finer Things (feat. deM atlaS),Atmosphere,2015-09-25,single,1,1,226653,False,USBWK1500081,False,1FytScJeRW5xiBUuhIZQhZ,1GAS0rb4L8VTPvizAx2O9J; 2ttC18RelZhUEjhJhJXSbJ,6b0PrYjB3iAnauhAS1QCh6,https://open.spotify.com/track/1FytScJeRW5xiBUuhIZQhZ
2017-05-22T16:01:36Z,Wildman,Sun Drug,Wildman,Sun Drug,2015-08-14,single,1,1,218000,False,QMUY41500083,False,5UypllR6phUMFqhqaDkCzY,7bU9pQZvphKhzJy9x6DvQD,2vZiIe1izkvyt8LwmYzlGK,https://open.spotify.com/track/5UypllR6phUMFqhqaDkCzY
2017-05-22T16:00:05Z,Roll Up Your Sleeves,Meg Mac,Roll Up Your Sleeves,Meg Mac,2015-02-24,single,1,1,185059,False,QMCE31500192,False,3yiFxwFOYBcw6LTjlvpUuR,4faUajx9k93O56nlmpkOuz,6Bzz0EkH1KSzYuadjoo6AS,https://open.spotify.com/track/3yiFxwFOYBcw6LTjlvpUuR
2017-05-22T15:53:25Z,How'm I Gonna Find You Now,James McMurtry,Complicated Game,James McMurtry,2015-02-24,album,1,5,245389,False,USA2P1472867,False,0MWfab2H4j0upSgp6wQZXe,52BKc9OtCbQstAAPTIvLGH,0uZF0Y3tD2XLnIfBGn59Ly,https://open.spotify.com/track/0MWfab2H4j0upSgp6wQZXe
2017-05-22T15:50:17Z,Brave Man's Death,J. Roddy Walston & The Business,J. Roddy Walston & The Business,J. Roddy Walston & The Business,2010-07-27,album,1,5,321240,False,USVR91059605,False,26V4mdiCfPc5rQfhoRCo9j,1FlpoZvmdqEMfKIzgMmSJX,6vqrO0mw1BycwBjFNvvpoO,https://open.spotify.com/track/26V4mdiCfPc5rQfhoRCo9j
2017-05-22T15:45:15Z,Lovely Day,alt-J,This Is All Yours,alt-J,2014-09-22,album,1,14,241545,False,GBZUZ1400284,False,4OxtqhSBnOsgGc1yfYAfOn,3XHO7cRUPCLOr6jwp8vsx5,4oktVvRuO1In9B7Hz0xm0a,https://open.spotify.com/track/4OxtqhSBnOsgGc1yfYAfOn
2017-05-16T16:08:37Z,Still D.R.E.,Dr. Dre; Snoop Dogg,2001,Dr. Dre,1999-11-16,album,1,4,270586,True,USIR19905031,False,503OTo2dSqe7qk76rgsbep,6DPYiyq5kWVQS4RGwxzPC7; 7hJcb9fa4alzcOq3EaNPoG,7q2B4M5EiBkqrlsNW8lB7N,https://open.spotify.com/track/503OTo2dSqe7qk76rgsbep
2017-05-15T15:44:49Z,Heaven Knows,The Shouting Matches,Grownass Man,The Shouting Matches,2013-04-09,album,1,3,215480,False,QMHS81300103,False,4lEnkalPpZEYgTzV5t9oJL,4Ol9S3QuVEVdbXfSjM6ZdQ,2jnRkK55ZjE9XLKhJjyePK,https://open.spotify.com/track/4lEnkalPpZEYgTzV5t9oJL
2017-05-15T14:24:18Z,Battle Without Honor or Humanity,TAUK,Headroom,TAUK,2015-09-04,album,1,16,528643,False,QM32D1500016,False,3MV7hOO0CKBY821Bjs44Gc,6qauwCj8W2mTcDGbyDGo6O,6QZE7FiVCY4nJGEwRNuvw2,https://open.spotify.com/track/3MV7hOO0CKBY821Bjs44Gc
2017-05-09T20:12:18Z,I Will Follow You into the Dark,Death Cab for Cutie,Plans,Death Cab for Cutie,2005-08-29,album,1,5,189186,False,USAT20504677,False,3kZC0ZmFWrEHdUCmUqlvgZ,0YrtvWJMgSdVrk3SfNjTbx,1NFGnxmeIEBakre4DvLaJq,https://open.spotify.com/track/3kZC0ZmFWrEHdUCmUqlvgZ
2017-05-09T19:18:50Z,Bukowski,Modest Mouse,Good News For People Who Love Bad News,Modest Mouse,2004-04-05,album,1,8,254666,True,USSM10315499,False,27QCaXOhT6qY0NT6tv5IZ6,1yAwtBaoHLEDWAnWR87hBT,0TGTGuc2vXv6ZECoAf52N0,https://open.spotify.com/track/27QCaXOhT6qY0NT6tv5IZ6
2017-05-09T19:18:44Z,The World At Large,Modest Mouse,Good News For People Who Love Bad News,Modest Mouse,2004-04-05,album,1,2,272506,False,USSM10315493,False,5op53ANI4exiWqFHKuwWxd,1yAwtBaoHLEDWAnWR87hBT,0TGTGuc2vXv6ZECoAf52N0,https://open.spotify.com/track/5op53ANI4exiWqFHKuwWxd
2017-05-09T19:18:43Z,Float On,Modest Mouse,Good News For People Who Love Bad News,Modest Mouse,2004-04-05,album,1,3,208466,False,USSM10315494,False,2lwwrWVKdf3LR9lbbhnr6R,1yAwtBaoHLEDWAnWR87hBT,0TGTGuc2vXv6ZECoAf52N0,https://open.spotify.com/track/2lwwrWVKdf3LR9lbbhnr6R
2017-05-09T19:18:19Z,I Will Possess Your Heart - Radio Edit,Death Cab for Cutie,Narrow Stairs,Death Cab for Cutie,2008-05-09,album,1,12,290293,False,USAT20801841,False,18NiQTTgXClfhnYMPKUJZT,0YrtvWJMgSdVrk3SfNjTbx,7G84Q2FcA43cjLeWBSIedv,https://open.spotify.com/track/18NiQTTgXClfhnYMPKUJZT
2017-05-09T18:22:50Z,Hot Rod Lincoln,Commander Cody and His Lost Planet Airmen,Lost In The Ozone,Commander Cody and His Lost Planet Airmen,1971,album,1,9,164933,False,USWWW0200014,False,53Uge4bp2SiCXZLuhDJYLB,4KtaHyqLFlKKb7aghnWBfE,1JW0br7sbL6OMQVtg5inzw,https://open.spotify.com/track/53Uge4bp2SiCXZLuhDJYLB
2017-05-09T15:54:43Z,Tha Crossroads,Bone Thugs-N-Harmony,E. 1999 Eternal,Bone Thugs-N-Harmony,1995-07-25,album,1,8,223546,True,US23S9528108,False,5KSJ9k1FYjFLnIRlJT2wF8,5spEJXLwD1sKUdC2bnOHPg,3r25XjxAmLMOhOWoV6X8N9,https://open.spotify.com/track/5KSJ9k1FYjFLnIRlJT2wF8
2017-05-09T13:45:53Z,You Dropped A Bomb On Me,The Gap Band,The Gap Band IV,The Gap Band,1982-01-01,compilation,1,6,312906,False,USPR38200006,False,1VKPiQJnV15flF5B3zeocD,4TwHRCIu3Xg9fjS3l7owkp,3pJ0uie1bu662cOCCu5cfG,https://open.spotify.com/track/1VKPiQJnV15flF5B3zeocD
2017-05-08T20:32:41Z,Anaconda,Nicki Minaj,The Pinkprint (Deluxe),Nicki Minaj,2014-12-15,album,1,12,260239,True,USCM51400260,False,794F99D5BQHS5ZGRXAs7I5,0hCNtLu0JehylgoiP8L4Gh,5ooCuPIk58IwSo6DRr1JCu,https://open.spotify.com/track/794F99D5BQHS5ZGRXAs7I5
2017-05-08T20:25:54Z,Just Give Me a Reason (feat. Nate Ruess),P!nk; Nate Ruess,The Truth About Love,P!nk,2012-09-14,album,1,4,242733,False,USRC11200786,False,4VC5nFbYO4avKksJ9jN4pY,1KCSPY1glIKqW2TotWuXOR; 1qUjOF5fzrpoNycD36b2jZ,0pqKb2y8h2BWS46HMfmEgD,https://open.spotify.com/track/4VC5nFbYO4avKksJ9jN4pY
2017-05-08T16:27:58Z,Nightswimming,Turkuaz,Digitonium,Turkuaz,2015-10-02,album,1,5,279640,False,USME31500527,False,3MbeMQRk2WqD8HcvoPbisE,699X8OLj9lpNg8rqFdQsA7,4nT2jlnUKL8J6SNOhhz0E6,https://open.spotify.com/track/3MbeMQRk2WqD8HcvoPbisE
2017-05-08T16:22:08Z,Waiting on the Day,Tall Tall Trees,Moment,Tall Tall Trees,2012-02-21,album,1,8,293240,False,QMSMA1200008,False,7K1kykFXCp9ch7M5s9j6I0,7E4RVv4JRB5EkgWFBmlcKx,1sNlcUsHLTXdfegJYCBoAx,https://open.spotify.com/track/7K1kykFXCp9ch7M5s9j6I0
2017-05-01T18:24:35Z,The Very Last Day,Parker Millsap,The Very Last Day,Parker Millsap,2016-03-25,album,1,5,180013,False,QMBRA1500005,False,76Fc9ApTagfE0DFLFdnMj1,0MASTEXfUt3bpiyGOoEaur,71K6pqQC9BGomxvPDQVM3T,https://open.spotify.com/track/76Fc9ApTagfE0DFLFdnMj1
2017-05-01T18:16:50Z,Tearing Me Up,Bob Moses,Days Gone By,Bob Moses,2015-09-18,album,1,5,470093,False,GBCEL1500297,False,6NDt5z8GKIHub37hBQ4x18,6LHsnRBUYhFyt01PdKXAF5,0u3Rl4KquP15smujFrgGz4,https://open.spotify.com/track/6NDt5z8GKIHub37hBQ4x18
2017-05-01T18:05:31Z,Magic Mountain,firekid,firekid,firekid,2015-09-25,album,1,1,188587,False,USAT21500677,False,1SrJh7h41c2sxzcDmZFYmo,61XyQHQKfzbzgTmtbiVOR3,6qb5fl4U5XsxZOFNHqwxxw,https://open.spotify.com/track/1SrJh7h41c2sxzcDmZFYmo
2017-05-01T18:05:24Z,Mantra,Keller Williams,Vape,Keller Williams,2015-04-20,album,1,2,245626,False,USSGI1577102,False,5qJs4uplmvJqDEKPiBW3jG,5de5W8sgXIMq9dgMR0Wml0,7a30LtulDHEbtsjsdLBt2v,https://open.spotify.com/track/5qJs4uplmvJqDEKPiBW3jG
2017-05-01T17:50:24Z,Tea for Two,The Harpoonist & the Axe Murderer,A Real Fine Mess,The Harpoonist & the Axe Murderer,2014,album,1,3,195813,False,CA5TR1400003,False,4xEsAzEf8UQ9iACRcq0J74,5DkVuI87mfB0mNCCUxj3CF,0E2ewtQMsvGdgKe944qnRO,https://open.spotify.com/track/4xEsAzEf8UQ9iACRcq0J74
2017-05-01T16:48:29Z,Upside,Allen Stone,Radius (Deluxe Edition),Allen Stone,2016-03-25,album,1,5,241256,False,USUM71503856,False,5dIXtWYCl9krHcPwbQ2V1p,536osqBGKzeozje8BfcGsa,1oQUa18tr6i27gKmO7LX1J,https://open.spotify.com/track/5dIXtWYCl9krHcPwbQ2V1p
2017-05-01T16:40:43Z,Coming Back,Mitch King,A Life Under the Sun,Mitch King,2014-11-08,album,1,3,308386,False,AUVOE1400003,False,44JR07Sv6wY3Xz2xPzYBdw,3uLGsJTJFVMtQVRs5tivzg,44QcSaQx7Pt2Tkw8fHgitS,https://open.spotify.com/track/44JR07Sv6wY3Xz2xPzYBdw
2017-05-01T16:29:10Z,Holy Wars...The Punishment Due,Megadeth,Greatest Hits: Back To The Start,Megadeth,2005-01-01,compilation,1,1,392560,False,USCA20400647,False,37qNuEFq5ZZ2kK0zysvixf,1Yox196W7bzVNZI7RBaPnf,00sgBMhbJo1lEa1hHhYtw4,https://open.spotify.com/track/37qNuEFq5ZZ2kK0zysvixf
2017-05-01T16:29:10Z,Peace Sells,Megadeth,Greatest Hits: Back To The Start,Megadeth,2005-01-01,compilation,1,3,242533,False,USCA20400658,False,3pIU81Fd7sTMdaaZ5GI9Vj,1Yox196W7bzVNZI7RBaPnf,00sgBMhbJo1lEa1hHhYtw4,https://open.spotify.com/track/3pIU81Fd7sTMdaaZ5GI9Vj
2017-05-01T16:29:10Z,Waking the Demon,Bullet For My Valentine,Scream Aim Fire,Bullet For My Valentine,2008-01-28,album,1,4,247693,False,GBHQD0700039,False,1ZEoYuekZQo62DLFtPVdqT,7iWiAD5LLKyiox2grgfmUT,04VE36yBM6GyJpDtD61e0p,https://open.spotify.com/track/1ZEoYuekZQo62DLFtPVdqT
2017-05-01T16:29:10Z,The Trooper,Iron Maiden,Piece Of Mind,Iron Maiden,1983,album,1,5,250946,False,GBAYE9801390,False,7bMQHIAP6dmocer9oDt6iQ,6mdiAmATAx73kdxrNrnlao,07iqoQdTfocUoUbQ8wWoae,https://open.spotify.com/track/7bMQHIAP6dmocer9oDt6iQ
2017-05-01T16:29:10Z,Determined,Mudvayne,Lost and Found,Mudvayne,2005,album,1,1,159253,True,USSM10414146,False,0GBiT1wHV68bU0Cv8ZU2HZ,2Pfv2w8a20xzC7Dr7QXRqM,0dCRu5tVhx9fvbVZSxfjfP,https://open.spotify.com/track/0GBiT1wHV68bU0Cv8ZU2HZ
2017-05-01T16:29:10Z,IMN,Mudvayne,Lost and Found,Mudvayne,2005,album,1,4,351026,True,USSM10500070,False,5g924DBWMk3Crw134IO0Sj,2Pfv2w8a20xzC7Dr7QXRqM,0dCRu5tVhx9fvbVZSxfjfP,https://open.spotify.com/track/5g924DBWMk3Crw134IO0Sj
2017-05-01T16:29:10Z,Colossal,Wolfmother,Wolfmother,Wolfmother,2006-01-01,album,1,7,304600,False,AUUM70500121,False,4Xx92jCdrTBTiCr4rwwkN3,3yEnArbNHyTCwMRvD9SBy4,0jjNb79VYqLY21IjyWKsWe,https://open.spotify.com/track/4Xx92jCdrTBTiCr4rwwkN3
2017-05-01T16:29:10Z,18 and Life,Skid Row,Skid Row,Skid Row,1989-01-24,album,1,5,229960,False,USAT20901906,False,0qgrrDnUUhyxpxbBznUnzg,4opTS86dN9uO313J9CE8xg,0kSTuMp9GpX9pJR45Bksgi,https://open.spotify.com/track/0qgrrDnUUhyxpxbBznUnzg
2017-05-01T16:29:10Z,Ramalama (Bang Bang),Róisín Murphy,Ruby Blue,Róisín Murphy,2005-06-13,album,1,8,215386,False,GBBND0501431,False,6eUDhvD1nIp6TBgISP7paW,3qwabfaWewpfli7hMNM3O8,0pGccQmAhViCDff9rewwQ8,https://open.spotify.com/track/6eUDhvD1nIp6TBgISP7paW
2017-05-01T16:29:10Z,Bad Reputation,Thin Lizzy,Dedication: The Very Best Of Thin Lizzy,Thin Lizzy,1991-01-01,compilation,1,13,187600,False,GBF087700622,False,2HZKxTvta4GLmKlYw1g4rj,6biWAmrHyiMkX49LkycGqQ,0pW4HfNneyHlTDbnmNrdyS,https://open.spotify.com/track/2HZKxTvta4GLmKlYw1g4rj
2017-05-01T16:29:10Z,Lose Yourself,Eminem,SHADYXV,Various Artists,2014-11-25,compilation,2,3,320626,True,USIR10211559,False,3AlG3hKpWmFvHIwS3csmRm,7dGJo4pcD2V6oG8kP0tJRR,0xdlBaIb5uvgw1sp8l2hGs,https://open.spotify.com/track/3AlG3hKpWmFvHIwS3csmRm
2017-05-01T16:29:10Z,The Blister Exists,Slipknot,Vol. 3: The Subliminal Verses,Slipknot,2004-01-01,album,1,2,319426,False,NLA320420817,False,7E2XjMYQV5269BjV4kxlZQ,05fG473iIaoy82BF1aGhL8,16abYBiegAcxLitPwRyM06,https://open.spotify.com/track/7E2XjMYQV5269BjV4kxlZQ
2017-05-01T16:29:10Z,Paper Planes,M.I.A.,Kala,M.I.A.,2007-01-01,album,1,11,203760,False,GBBKS0700215,False,1kusepF3AacIEtUTYrw4GV,0QJIPDAEDILuo8AIq3pMuU,1Lymt1abGCr3J06bbnmWca,https://open.spotify.com/track/1kusepF3AacIEtUTYrw4GV
2017-05-01T16:29:10Z,Slacker,Tech N9ne,Absolute Power,Tech N9ne,2002-09-24,album,1,5,256398,True,US3E60401205,False,3YMq2mbrYs5TUFQfK72kWy,6UBA15slIuadJ8h2lPRPos,1OiQGQOPZFXehDr7lewSvp,https://open.spotify.com/track/3YMq2mbrYs5TUFQfK72kWy
2017-05-01T16:29:10Z,Spit Out the Bone,Metallica,Hardwired…To Self-Destruct (Deluxe),Metallica,2016-11-18,album,2,6,429198,False,QMKHM1600388,False,3ouyKg8HpcxmoubhUCpFlF,2ye2Wgw4gimLv2eAKyk1NB,1TKCBDHIWLiqjWTxomqniD,https://open.spotify.com/track/3ouyKg8HpcxmoubhUCpFlF
2017-05-01T16:29:10Z,Laid to Rest,Lamb of God,Ashes Of The Wake,Lamb of God,2004-08-30,album,1,1,230226,True,USSM10409073,False,0lCwaZYSRy6q0jLmnYiQxi,3JFsVIxOn7STeilPICkkB2,22cwC9T4GqpPukJzWNBrlH,https://open.spotify.com/track/0lCwaZYSRy6q0jLmnYiQxi
2017-05-01T16:29:10Z,"Pool Of Booze, Booze, Booza",Volbeat,The Strength / The Sound / The Songs,Volbeat,2005,album,1,5,218733,False,NLB930501094,False,2VJaLUeOgkDdFghMIWWRup,0L5fC7Ogm2YwgqVCRcF1bT,2GaBUvTPbF30q9LOVLanB1,https://open.spotify.com/track/2VJaLUeOgkDdFghMIWWRup
2017-05-01T16:29:10Z,Bonfire,Knife Party,Rage Valley,Knife Party,2012,single,1,3,272077,False,GBAHT1200225,False,0QIYINh2AwmOmdu8CRYvlw,2DuJi13MWHjRHrqRUwk8vH,2KZKR8bLDZPUxOE6JhTh4X,https://open.spotify.com/track/0QIYINh2AwmOmdu8CRYvlw
2017-05-01T16:29:10Z,Rot,Dry Kill Logic,The Darker Side of Nonsense,Dry Kill Logic,2001-06-18,album,1,8,272266,True,NLA320119426,False,78SOBkauu6CnXV2OtpDrHK,01JN808vH1vhH7O7IsyRgX,2MwTe2PM8IAZy84vfYtpEz,https://open.spotify.com/track/78SOBkauu6CnXV2OtpDrHK
2017-05-01T16:29:10Z,Panda,Desiigner,New English,Desiigner,2016-06-26,album,1,14,246761,True,USUM71601094,False,5OOkp4U9P9oL23maHFHL1h,7pFeBzX627ff0VnN6bxPR4,2SaYqv9d4lxLBm5nYPJHWh,https://open.spotify.com/track/5OOkp4U9P9oL23maHFHL1h
2017-05-01T16:29:10Z,Mechanix,Megadeth,Anthology: Set The World Afire,Megadeth,2008-01-01,compilation,1,1,261693,False,USLR50100417,False,632NGRUM82aKSbaiQrO7g2,1Yox196W7bzVNZI7RBaPnf,2UpRdZUOrFVtAnXN0l2EfQ,https://open.spotify.com/track/632NGRUM82aKSbaiQrO7g2
2017-05-01T16:29:10Z,Bullet With A Name,Nonpoint,To The Pain,Nonpoint,2005-11-07,album,1,1,206653,False,USBBR0500106,False,4TFpuAlt1nvgBTkupcNuMO,6BdSOHfQ6kMg0tbAFlXR1z,2lK3zUWkKCqKMXL6t45rqT,https://open.spotify.com/track/4TFpuAlt1nvgBTkupcNuMO
2017-05-01T16:29:10Z,The Wreckoning,Nonpoint,To The Pain,Nonpoint,2005-11-07,album,1,3,224040,False,USBBR0500108,False,2o1IEfWwMametyvwNuiyWI,6BdSOHfQ6kMg0tbAFlXR1z,2lK3zUWkKCqKMXL6t45rqT,https://open.spotify.com/track/2o1IEfWwMametyvwNuiyWI
2017-05-01T16:29:10Z,Beautiful Mourning,Machine Head,The Blackening,Machine Head,2007,album,1,2,286426,True,NLA320683883,False,6CbbngsehDypSeb1xKWO0x,0lVlNsuGaOr9vMHCZIAKMt,2m88zyXTfepH5BeD80wwEt,https://open.spotify.com/track/6CbbngsehDypSeb1xKWO0x
2017-05-01T16:29:10Z,1776 (instrumental),Iced Earth,Something Wicked This Way Comes,Iced Earth,1998,album,1,9,213093,True,US4E40491409,False,5hoDburt6jOi644OGzE5tp,3KEixcRfBS5K3E91Vn1Kdy,2rxCLfH5GBP2CchuK3AX5C,https://open.spotify.com/track/5hoDburt6jOi644OGzE5tp
2017-05-01T16:29:10Z,Bottled Up Inside,Korn,Untouchables,Korn,2002,album,1,5,240160,True,USSM10200775,False,2XTcRVYXMn9sM03YXONZbO,3RNrq3jvMZxD9ZyoOZbQOD,32H8ZczfX12FWWODVVr6NQ,https://open.spotify.com/track/2XTcRVYXMn9sM03YXONZbO
2017-05-01T16:29:10Z,You Could Be Mine,Guns N' Roses,Greatest Hits (EU Version),Guns N' Roses,2004-03-23,compilation,1,7,343666,False,USGF19142012,False,6c5mum8DivLl1fcZO6hksF,3qm84nBOXUEQ2vnTfUTTFC,32OnHglDZr3RRIAyDVoApX,https://open.spotify.com/track/6c5mum8DivLl1fcZO6hksF
2017-05-01T16:29:10Z,Beg for Me,Korn,Issues,Korn,1999-11-01,album,1,5,233906,False,USSM19922482,False,58CHW8of2yVkVeZSU47Ts7,3RNrq3jvMZxD9ZyoOZbQOD,38WhdHQdfrskDUR24xPslz,https://open.spotify.com/track/58CHW8of2yVkVeZSU47Ts7
2017-05-01T16:29:10Z,Counting,Korn,Issues,Korn,1999-11-01,album,1,15,218053,False,USSM19922492,False,2jbT5Nsl1diCC5nRbXz8gR,3RNrq3jvMZxD9ZyoOZbQOD,38WhdHQdfrskDUR24xPslz,https://open.spotify.com/track/2jbT5Nsl1diCC5nRbXz8gR
2017-05-01T16:29:10Z,Personal Jesus,Depeche Mode,Top Of The Spot 2012,Various Artists,2012-01-01,compilation,1,6,294786,False,GBAJH0400036,False,1B5XlIpCCrYIyeVJm5n6ix,762310PdDnwsDxAQxzQkfX,3XW5tQqj5lhfVlyjUA2HCG,https://open.spotify.com/track/1B5XlIpCCrYIyeVJm5n6ix
2017-05-01T16:29:10Z,Mercyful Fate,Metallica,Garage Inc.,Metallica,1998-01-01,album,1,7,670373,False,GBAMC9800028,False,5WGK370XaGwzGgLAlQxXqS,2ye2Wgw4gimLv2eAKyk1NB,3ZV7cKhLYQ8Z3p2oT36tZd,https://open.spotify.com/track/5WGK370XaGwzGgLAlQxXqS
2017-05-01T16:29:10Z,Breadfan,Metallica,Garage Inc.,Metallica,1998-01-01,album,2,8,341066,False,GBAMC8800001,False,1iEyetSnDdyK6F4kmn24KL,2ye2Wgw4gimLv2eAKyk1NB,3ZV7cKhLYQ8Z3p2oT36tZd,https://open.spotify.com/track/1iEyetSnDdyK6F4kmn24KL
2017-05-01T16:29:10Z,All Nightmare Long,Metallica,Death Magnetic,Metallica,2008-09-12,album,1,5,477013,False,USWB10805467,False,6VpUZlL6wGaVm98gGUs8Qq,2ye2Wgw4gimLv2eAKyk1NB,3wAdN3V06Btox7NjFfBKRC,https://open.spotify.com/track/6VpUZlL6wGaVm98gGUs8Qq
2017-05-01T16:29:10Z,Dirt Off Your Shoulder/Lying From You,JAŸ-Z,Dirt Off Your Shoulder/Lying From You: MTV Ultimate Mash-Ups Presents Collision Course,JAŸ-Z,2004-11-23,single,1,1,244693,True,USWB10403678,False,6Rqqcs0JVHaGywZuMzIwBv,3nFkdlSjzX9mRTtwJOzDYB,462Huk3abXJs4ZBurHCpPd,https://open.spotify.com/track/6Rqqcs0JVHaGywZuMzIwBv
2017-05-01T16:29:10Z,Chop Suey!,System Of A Down,Toxicity,System Of A Down,2001-01-01,album,1,6,210240,False,USSM10107256,False,5V3mdRI2yQxbSsJGDPc5lD,5eAWCfyUhZtHHtBdNk56l1,4DR0GWo7w2GJyQnFVa4jAB,https://open.spotify.com/track/5V3mdRI2yQxbSsJGDPc5lD
2017-05-01T16:29:10Z,War Nerve,Pantera,The Great Southern Trendkill,Pantera,1996-05-03,album,1,2,293360,True,USEW29600002,False,5smduZ8tFJFfCOZAl0SenA,14pVkFUHDL207LzLHtSA18,4LdquqwQoyu1pE6Vq8PIha,https://open.spotify.com/track/5smduZ8tFJFfCOZAl0SenA
2017-05-01T16:29:10Z,Hardwired,Metallica,Hardwired,Metallica,2016-08-18,single,1,1,191331,True,QMKHM1600377,False,01JszWYuKqRjddPQ4creVF,2ye2Wgw4gimLv2eAKyk1NB,4MQxwNLnVePt7CYmLE50kC,https://open.spotify.com/track/01JszWYuKqRjddPQ4creVF
2017-05-01T16:29:10Z,Ace of Spades,Motörhead,No Remorse,Motörhead,1984,compilation,1,1,167066,False,GBAJE8000033,False,4drXaT9G63e2ynl5XGB4wI,1DFr97A9HnbV3SKTJFu62M,4OrvIYrVzWyn6UpiFKxTtD,https://open.spotify.com/track/4drXaT9G63e2ynl5XGB4wI
2017-05-01T16:29:10Z,Raise The Hammer,HammerFall,Renegade,HammerFall,2000-10-09,album,1,9,201706,False,DED830054609,False,4JZdogqp9cu3PBK95Hlyya,2o18h28enlHxj887tATc58,4YFMFYksJ4SwCwI1TIl4O3,https://open.spotify.com/track/4JZdogqp9cu3PBK95Hlyya
2017-05-01T16:29:10Z,Critical Acclaim,Avenged Sevenfold,Avenged Sevenfold,Avenged Sevenfold,2007-10-30,album,1,1,314346,True,USWB10703452,False,4UlkjVAgqZu1jdG5mVH4oB,0nmQIMXWTXfhgOBdNzhGOs,4c7feTGejaAYDyEJuhL0BR,https://open.spotify.com/track/4UlkjVAgqZu1jdG5mVH4oB
2017-05-01T16:29:10Z,Paranoid,Black Sabbath,Greatest Hits,Black Sabbath,2009,compilation,1,1,168346,False,GBAJE7000057,False,1pgUb3ZwNjyIPXPInCi2Zc,5M52tdBnJaKSvOpJGz8mfZ,4hr1jzHzC2LYN6AO3rgnFc,https://open.spotify.com/track/1pgUb3ZwNjyIPXPInCi2Zc
2017-05-01T16:29:10Z,Regulate,Warren G; Nate Dogg,Regulate...G Funk Era (Explicit Version),Warren G,1994-06-07,album,1,1,248866,True,USPR39401366,False,5lxsN3BrIE8Vruyzhzm3H4,2B4ZHz4QDWJTXPFPgO5peE; 1Oa0bMld0A3u5OTYfMzp5h,4suICVmqCZQ6fVKo2EU09t,https://open.spotify.com/track/5lxsN3BrIE8Vruyzhzm3H4
2017-05-01T16:29:10Z,Coming Undone,Korn,See You On The Other Side,Korn,2005-12-06,album,1,9,199773,False,USVI20500588,False,5h6wjRnugJbE4e0vzNiFUD,3RNrq3jvMZxD9ZyoOZbQOD,4tgEbe57boB88c5MMWPXYJ,https://open.spotify.com/track/5h6wjRnugJbE4e0vzNiFUD
2017-05-01T16:29:10Z,Hit The Lights,Metallica,Kill 'Em All,Metallica,1983,album,1,1,255973,False,GBAMC8300001,False,2MPy9Q1AfjRYN4dvb1axXN,2ye2Wgw4gimLv2eAKyk1NB,51j7xzjeJvnOGYJ9yAk4OC,https://open.spotify.com/track/2MPy9Q1AfjRYN4dvb1axXN
2017-05-01T16:29:10Z,Run Right Back,The Black Keys,El Camino,The Black Keys,2011-12-06,album,1,6,197000,False,USNO11100278,False,5HgAZuHFAU5qLLMYuIQkgq,7mnBLXK823vNxN3UWB7Gfz,5DLhV9yOvZ7IxVmljMXtNm,https://open.spotify.com/track/5HgAZuHFAU5qLLMYuIQkgq
2017-05-01T16:29:10Z,Two Weeks,All That Remains,Overcome,All That Remains,2008,album,1,2,257346,False,USRZR0899902,False,1ZAtCoDHeYdMIYTaj9FpXB,2zgG1GPDvjaBgxeQaVXI14,5iFDyVeI2md9y62pObgnAf,https://open.spotify.com/track/1ZAtCoDHeYdMIYTaj9FpXB
2017-05-01T16:29:10Z,Spit It Out,Slipknot,Slipknot,Slipknot,1999,album,1,6,159773,True,NLA329980196,False,2yTnWN1R5j6grXC8YLf5mc,05fG473iIaoy82BF1aGhL8,5lOFvOWAdy9G6p44noRILU,https://open.spotify.com/track/2yTnWN1R5j6grXC8YLf5mc
2017-05-01T16:29:10Z,Duality,Slipknot,Antennas to Hell,Slipknot,2012-08-02,compilation,1,13,252613,False,NLA320420785,False,0lxbfibuo5eog6uC2cos43,05fG473iIaoy82BF1aGhL8,5xW7jvxqioGDQPtaH6PY9A,https://open.spotify.com/track/0lxbfibuo5eog6uC2cos43
2017-05-01T16:29:10Z,Sweet Shop,Doctor P,Blow Your Head - Diplo Presents: Dubstep,Various Artists,2010-11-01,compilation,1,8,193013,False,GBQZQ0901148,False,4Hc1bMwXN7DyDkmmeE50db,0tgjwsn1Lpjj8kKEvWm0KQ,63FLaFFQMDD7Mipcamjg0D,https://open.spotify.com/track/4Hc1bMwXN7DyDkmmeE50db
2017-05-01T16:29:10Z,Never Enough,Eminem; 50 Cent; Nate Dogg,Encore,Eminem,2004-11-12,album,1,3,159786,True,USIR10400816,False,6rp6T1afcGe9x8LLd5cSOK,7dGJo4pcD2V6oG8kP0tJRR; 3q7HBObVc0L8jNeTe5Gofh; 1Oa0bMld0A3u5OTYfMzp5h,63I8Hox02wSAcaR4z5KgTN,https://open.spotify.com/track/6rp6T1afcGe9x8LLd5cSOK
2017-05-01T16:29:10Z,Not Falling,Mudvayne,The End Of All Things To Come,Mudvayne,2002-10-31,album,1,3,243933,False,USSM10210065,False,7FFOLLLhBHoFIbVHsIIgJF,2Pfv2w8a20xzC7Dr7QXRqM,6Bq0oAWTGurGDv1XaBNKy4,https://open.spotify.com/track/7FFOLLLhBHoFIbVHsIIgJF
2017-05-01T16:29:10Z,Moth Into Flame,Metallica,Moth Into Flame,Metallica,2016-09-26,single,1,1,350644,False,QMKHM1600380,False,3dEO0wAx9fVXQe06v0LDy1,2ye2Wgw4gimLv2eAKyk1NB,6FNXTvsGAeuMTjoBF6ZhNf,https://open.spotify.com/track/3dEO0wAx9fVXQe06v0LDy1
2017-05-01T16:29:10Z,Salute Your Solution,The Raconteurs,Consolers Of The Lonely,The Raconteurs,2008-03-25,album,1,2,179266,False,GBBKS0800208,False,6nkMHXkhmvCzxtvewoOEJT,4wo1267SJuUfHgasdlfNfc,6RY3B7L3xDT8SQS549dJr5,https://open.spotify.com/track/6nkMHXkhmvCzxtvewoOEJT
2017-05-01T16:29:10Z,Come With Me Now,KONGOS,Come With Me Now - Single,KONGOS,2011-10-11,single,1,1,212898,False,USY741100002,False,1ckdRQ43Xefs1QGflUOPci,58R5LHkK3vkmEyGUPOR5kS,6SCmnodeZaUqDxoQyyOPzK,https://open.spotify.com/track/1ckdRQ43Xefs1QGflUOPci
2017-05-01T16:29:10Z,Last Resort,Papa Roach,Infest,Papa Roach,2000-01-01,album,1,2,199893,True,USDW10021712,False,0SjhCnjTT2bXD9RtU8bFT9,4RddZ3iHvSpGV4dvATac9X,6VhJfrpUTWSthVGah4yykU,https://open.spotify.com/track/0SjhCnjTT2bXD9RtU8bFT9
2017-05-01T16:29:10Z,You Or Them,Volbeat,Rock The Rebel / Metal The Devil,Volbeat,2007-02-26,album,1,10,251200,False,NLB930600126,False,15hxYQIfvcv9NaDZu8nRNO,0L5fC7Ogm2YwgqVCRcF1bT,6h0IgkicJholk20m5BtTtU,https://open.spotify.com/track/15hxYQIfvcv9NaDZu8nRNO
2017-05-01T16:29:10Z,Won't Go Quietly,All That Remains,For We Are Many,All That Remains,2010-10-12,album,1,5,240266,False,USRZR1008905,False,4OVSfdrPRxGv27YGmFTINg,2zgG1GPDvjaBgxeQaVXI14,6lQ7rYpZFk5llleY1b1TSk,https://open.spotify.com/track/4OVSfdrPRxGv27YGmFTINg
2017-05-01T16:29:10Z,No Diggity,Blackstreet; Dr. Dre; Queen Pen,Another Level,Blackstreet,1996-09-09,album,1,3,304600,False,USIR19600978,False,0AvV49z4EPz5ocYN7eKGAK,2P3cjUru4H3fhSXXNxE9kA; 6DPYiyq5kWVQS4RGwxzPC7; 0VbIlorLz3I5SEtIsc5vAr,6nUnNpoLKWpb9qxhYiT98S,https://open.spotify.com/track/0AvV49z4EPz5ocYN7eKGAK
2017-05-01T16:29:10Z,Break Stuff,Limp Bizkit,Significant Other (Explicit),Limp Bizkit,1999-06-16,album,1,4,166706,False,USIR19902309,False,1rJ1xX2XBC8nesYapeO6Av,165ZgPlLkK7bf5bDoFc6Sb,6sjFD47rdXGIbzQoJglaIj,https://open.spotify.com/track/1rJ1xX2XBC8nesYapeO6Av
2017-05-01T16:29:10Z,Overkill,Motörhead,Overkill,Motörhead,1979-03-24,album,1,1,312026,False,GBAJE7900077,False,1nSws6JA6FrCmqI81sj4Yu,1DFr97A9HnbV3SKTJFu62M,6uIg2dNEPcNxisSPKlfXDc,https://open.spotify.com/track/1nSws6JA6FrCmqI81sj4Yu
2017-05-01T16:29:10Z,Ten Thousand Fists,Disturbed,Ten Thousand Fists,Disturbed,2005-09-19,album,1,1,212040,False,USRE10500888,False,5NpJoEkGbB3sU80zNa2zyA,3TOqt5oJwL9BE2NG9MEwDa,6uk3P8Y3DuoUlQEiWvhrh8,https://open.spotify.com/track/5NpJoEkGbB3sU80zNa2zyA
2017-05-01T16:29:10Z,Guarded,Disturbed,Ten Thousand Fists,Disturbed,2005-09-19,album,1,3,200293,False,USRE10500659,False,6uXdD8gAaidOJUOL1TAnzl,3TOqt5oJwL9BE2NG9MEwDa,6uk3P8Y3DuoUlQEiWvhrh8,https://open.spotify.com/track/6uXdD8gAaidOJUOL1TAnzl
2017-05-01T16:29:10Z,I'm Broken,Pantera,Far Beyond Driven,Pantera,1994,album,1,4,264800,True,USEE10170425,False,2M5WTwqnkyz7bW6P1CiD6q,14pVkFUHDL207LzLHtSA18,70GAqt2avSiKBJ2IEymou1,https://open.spotify.com/track/2M5WTwqnkyz7bW6P1CiD6q
2017-05-01T16:29:10Z,Killin' It (Killagraham Remix),Krewella,Play Harder,Krewella,2012,album,1,7,245655,False,GBSMU1319080,False,1F68GovzxSbF5AnrP7uy4R,0Cd6nHYwecCNM1sVEXKlYr,7q6PiQceCoXZsWwMpRIxi8,https://open.spotify.com/track/1F68GovzxSbF5AnrP7uy4R
2017-05-01T16:29:10Z,Lay Down,Priestess,Hello Master,Priestess,2006-06-12,album,1,2,185800,False,USRC10600136,False,4ltXPf327ewFdmTPp5Skow,3RxjSLIz5osqOhGarH9lFV,7xKeRnOx2c7Ul0rkQcEzD2,https://open.spotify.com/track/4ltXPf327ewFdmTPp5Skow
2017-05-01T16:29:09Z,1st Person,Stone Sour,Come What(ever) May [Special Edition],Stone Sour,2006-07-24,album,1,10,241653,False,NLA320682271,False,7EGV7J81EzSJlCXrqn2sKS,49qiE8dj4JuNdpYGRPdKbF,5eHk89PNorMd7e4wyxYiUV,https://open.spotify.com/track/7EGV7J81EzSJlCXrqn2sKS
2017-05-01T15:11:07Z,"Hate I Don't Love You (feat. Tami Neilson, Finn Scholes)",Hopetoun Brown; Tami Neilson; Finn Scholes,Look So Good,Hopetoun Brown,2016-10-28,album,1,2,218785,False,AUXN21601900,False,3hg8c7T0IcAybsoWIzo64l,249ZQg4SnVUBslBfATllr2; 4PmC63uE7ZLY5TI3p0PGd3; 2hEpdajRtokWw29XMyy3Ae,51cK6oQvOuSmQvoXdXGFup,https://open.spotify.com/track/3hg8c7T0IcAybsoWIzo64l
2017-05-01T15:11:03Z,Champagne And Reefer,The Devil Makes Three,Redemption & Ruin,The Devil Makes Three,2016-09-16,album,1,2,174248,False,US27Q1663552,False,0eAcBwrfgCjdTilx8oNQ8v,63knPlGzLHTNDf1J78Fvte,51lfkD9KolfOlT7sBE2Kvh,https://open.spotify.com/track/0eAcBwrfgCjdTilx8oNQ8v
2017-05-01T15:10:59Z,I Wanna Be Your Man,Yukon Blonde,On Blonde,Yukon Blonde,2015-06-12,album,1,4,220292,False,CADE70902702,False,6zzbvgSiSGQBFMlsDY1NiT,3CdvcTOH01EXzXu96afkSN,2xlJsL2sRrp0taE3bCRzon,https://open.spotify.com/track/6zzbvgSiSGQBFMlsDY1NiT
2017-04-26T21:11:05Z,Little Movies,Aaron Lee Tasjan,Silver Tears,Aaron Lee Tasjan,2016-10-28,album,1,2,214735,False,US27Q1663522,False,4dAXXvBJOupibJzlYH5I9I,4PztbfCny3X9gBjlpgvjYo,2JG1zKeTogtW6HUSJD0K6L,https://open.spotify.com/track/4dAXXvBJOupibJzlYH5I9I
2017-04-26T16:24:07Z,Light of Day,Aubrie Sellers,New City Blues,Aubrie Sellers,2016-09-30,album,1,1,250000,False,USWB11601521,False,1cjjuj1GwwzR3DhrIpNSyT,27IiEYV6p8fs5j8n39Pk1u,59GalvIx39spCBLpZ7DM8w,https://open.spotify.com/track/1cjjuj1GwwzR3DhrIpNSyT
2017-04-26T15:29:10Z,Good Feel,Breakfield,Long Story Short,Breakfield,2014-07-10,album,1,7,344207,False,TCABX1468030,False,10iSvdIATjhC5LPEkvadni,631Dp31oMOJmgq8CY50MIl,44LOZUoyG7PpLmv3oa8ZIK,https://open.spotify.com/track/10iSvdIATjhC5LPEkvadni
2017-04-26T15:22:31Z,I Can't Wait,Star & Micey,I Can't Wait,Star & Micey,2000,single,1,4,189293,False,USAR31201164,False,5VEDbBjTdi5G2pWJqIIucu,7i0GFk2uDSlxgkok51q9pQ,2ERjaTJvCt6UuNPs7YbUEX,https://open.spotify.com/track/5VEDbBjTdi5G2pWJqIIucu
2017-04-26T15:13:10Z,Letting In,Beauville; NoMBe,Letting In,Beauville; NoMBe,2015-03-06,single,1,1,263466,False,TCACE1536574,False,1WoJEWUPjhCTwfbOeUjoCI,4uf9PIXkZQTXqzl5gyDJLj; 5Lhxlge1CR1DrgDAje8Qaw,2wJq45aYneDKVLejGJmTGl,https://open.spotify.com/track/1WoJEWUPjhCTwfbOeUjoCI
2017-04-26T14:56:34Z,Come On In My Kitchen,Whitehorse,The Northern South Vol. 1,Whitehorse,2016-05-06,single,1,6,381306,False,CASB11609806,False,5wWOUkKeIqKcXQEtDfIPqh,3PSH5PsWfZQiD2wieKU0ss,05yYAxsl0l5mlPFNrrh6cq,https://open.spotify.com/track/5wWOUkKeIqKcXQEtDfIPqh
2017-04-24T16:03:00Z,Feel Good Inc.,Gorillaz; De La Soul,Demon Days,Gorillaz,2005-05-23,album,1,6,222640,False,GBAYE0500172,False,0d28khcov6AiegSCpG5TuT,3AA28KZvwAUcZuOKwyblJQ; 1Z8ODXyhEBi3WynYw0Rya6,0bUTHlWbkSQysoM3VsWldT,https://open.spotify.com/track/0d28khcov6AiegSCpG5TuT
2017-04-24T16:00:59Z,Clint Eastwood,Gorillaz; Del The Funky Homosapien,Gorillaz,Gorillaz,2001,album,1,5,340920,True,GBAYE0001408,False,7yMiX7n9SBvadzox8T5jzT,3AA28KZvwAUcZuOKwyblJQ; 0YsLR3SQd5QTXAhGIGX7cl,0YvYmLBFFwYxgI4U9KKgUm,https://open.spotify.com/track/7yMiX7n9SBvadzox8T5jzT
2017-04-24T15:55:35Z,"I Stand Alone - From ""The Scorpion King"" Soundtrack",Godsmack,"Good Times, Bad Times - Ten Years of Godsmack",Godsmack,2007-01-01,compilation,1,8,243840,False,USUM70759247,False,49aRhw57RBNoj4uK3WbJLm,6gZq1Q6bdOxsUPUG1TaFbF,2oJTYN8xPlbz6qURAPTzBa,https://open.spotify.com/track/49aRhw57RBNoj4uK3WbJLm
2017-04-24T15:49:55Z,I Believe In A Thing Called Love,The Darkness,Permission to Land,The Darkness,2003-07-07,album,1,4,216453,False,GBAHS0300635,False,756CJtQRFSxEx9jV4P9hpA,5r1bdqzhgRoHC3YcCV6N5a,6vW9ZDllNv87WHXS3XTjlM,https://open.spotify.com/track/756CJtQRFSxEx9jV4P9hpA
2017-04-24T15:46:29Z,Bring Me To Life,Evanescence,Fallen,Evanescence,2003-03-04,album,1,2,235893,False,USWU30200093,False,0COqiPhxzoWICwFCS4eZcp,5nGIFgo0shDenQYSE0Sn7c,02w1xMzzdF2OJxTeh1basm,https://open.spotify.com/track/0COqiPhxzoWICwFCS4eZcp
2017-04-24T15:46:23Z,Take Me Out,Franz Ferdinand,Franz Ferdinand,Franz Ferdinand,2004,album,1,3,237026,False,USSM10402947,False,6ooluO7DiEhI1zmK94nRCM,0XNa1vTidXlvJ2gHSsRi4A,0mUEGMT2YlzCWGeWOJjBKD,https://open.spotify.com/track/6ooluO7DiEhI1zmK94nRCM
2017-04-24T15:46:07Z,The Red,Chevelle,Wonder What's Next (Expanded Edition),Chevelle,2002,album,1,5,238400,False,USSM10201531,False,1gyee1JuFFiP476LQpRMYU,56dO9zeHKuU5Gvfc2kxHNw,481JiVXZYUlTtqlv9ewJXV,https://open.spotify.com/track/1gyee1JuFFiP476LQpRMYU
2017-04-24T15:23:54Z,Dragula,Rob Zombie,Best Of/20th Century,Rob Zombie,2006-01-01,compilation,1,5,222986,False,USGF19821203,False,4JaJuGSfhcA7kavdgS3yn6,3HVdAiMNjYrQIKlOGxoGh5,0wY51EfU28wZszAM6kR3Ia,https://open.spotify.com/track/4JaJuGSfhcA7kavdgS3yn6
2017-04-22T12:15:26Z,Take A Bow,Rihanna,Good Girl Gone Bad: Reloaded,Rihanna,2008-06-02,album,1,14,229413,False,USUM70809004,False,3goSVuTt3fDYDP6kRnFwuL,5pKCCKE2ajJHZ9KAiaK11H,3JSWZWeTHF4HDGt5Eozdy7,https://open.spotify.com/track/3goSVuTt3fDYDP6kRnFwuL
2017-04-18T16:33:44Z,We Can't Stop,Miley Cyrus,Bangerz (Deluxe Version),Miley Cyrus,2013-10-04,album,1,2,231233,False,USRC11300686,False,2y4lAQpi5VTNLu2ldeTdUH,5YGY8feqx7naU7z4HrwZM6,3RDqXDc1bAETps54MSSOW0,https://open.spotify.com/track/2y4lAQpi5VTNLu2ldeTdUH
2017-04-17T16:50:04Z,I Killed Robert Johnson,The Stone Foxes,Bears & Bulls,The Stone Foxes,2010-07-06,album,1,3,325466,False,USTNT1010003,False,6hb8MK0RcVOOxfpNDbZAIS,40N10exWtaCVUtBMftQn3t,790mhPtbtIdMDRdZM3Jimz,https://open.spotify.com/track/6hb8MK0RcVOOxfpNDbZAIS
2017-04-15T20:25:27Z,Casey Jones - 2001 Remaster,Grateful Dead,The Very Best of the Grateful Dead,Grateful Dead,2013-07-26,compilation,1,4,265640,False,USRH10902430,False,15mlPrdH10GLQJafz07Q8X,4TMHGUX5WI7OOm53PqSDAT,3qzvxfhCWUYsJuVSOSv0AP,https://open.spotify.com/track/15mlPrdH10GLQJafz07Q8X
2017-04-14T20:15:46Z,Hearts,Yes,90125 (Deluxe Version),Yes,1983-06-01,album,1,9,458826,False,USAT20702547,False,5hMjg3wo1hcRU54heE13Iv,7AC976RDJzL2asmZuz7qil,6nNlTIiFd3J06W0rJiiwlz,https://open.spotify.com/track/5hMjg3wo1hcRU54heE13Iv
2017-04-14T19:01:10Z,Alabama Song (Whisky Bar),The Doors,The Complete Studio Albums,The Doors,2012-10-22,compilation,1,5,198040,False,USEE11300712,False,26jv9wYzm0K4hppmgki3uF,22WZ7M8sxp5THdruNY3gXt,0I4qWmnLr665zzPdIhRIB5,https://open.spotify.com/track/26jv9wYzm0K4hppmgki3uF
2017-04-13T19:22:48Z,Everything About You,Ugly Kid Joe,As Ugly As It Gets: The Very Best Of,Ugly Kid Joe,1998-01-01,compilation,1,4,255160,True,USMR19130361,False,1O2ACd0zg4GYgQRhLBGYDV,3XsgWn63EnA4wYZBjVyxjf,5oukrASJpumQ9tUHxgK5Kj,https://open.spotify.com/track/1O2ACd0zg4GYgQRhLBGYDV
2017-04-11T19:12:04Z,Talk Dirty (feat. 2 Chainz),Jason Derulo; 2 Chainz,Talk Dirty,Jason Derulo,2013-09-16,album,1,1,177685,True,USWB11302648,False,6g6A7qNhTfUgOSH7ROOxTD,07YZf4WDAMNwqr4jfgOZ8y; 17lzZA2AlOHwCwFALHttmp,4PeZu0It7qVrTG40t3HM9A,https://open.spotify.com/track/6g6A7qNhTfUgOSH7ROOxTD
2017-04-11T19:01:31Z,Burn,USHER,Confessions (Expanded Edition),USHER,2004-03-23,album,1,6,231933,False,USAR10400974,False,7z3N2W7Xz1t2G2sAO8wFVH,23zg3TcAtWQy7J6upgbUnj,1RM6MGv6bcl6NrAG8PGoZk,https://open.spotify.com/track/7z3N2W7Xz1t2G2sAO8wFVH
2017-04-11T18:31:07Z,When It's Love,Van Halen,Best of Volume 1,Van Halen,1996-09-24,compilation,1,11,339840,False,USWB18700007,False,5vCDbsg6i5SpOom5Iinph4,2cnMpRsOVqtPMfq7YiFE6K,7ndqT6LH9o6YQ5uA7aT0St,https://open.spotify.com/track/5vCDbsg6i5SpOom5Iinph4
2017-04-11T18:31:00Z,Since I've Been Loving You - Remaster,Led Zeppelin,Led Zeppelin III (Deluxe Edition),Led Zeppelin,1970-10-05,album,1,4,444148,False,USAT21300937,False,5B3Zj2prDQT1VrYxXCzQg3,36QJpDe2go2KgaRleHCDTp,4xGEiQ7La4japmGrREeLlw,https://open.spotify.com/track/5B3Zj2prDQT1VrYxXCzQg3
2017-04-11T17:05:37Z,Far From Home,Five Finger Death Punch,War Is The Answer,Five Finger Death Punch,2009-01-01,album,1,7,212493,True,US5Z50900006,False,7dmXD9P68MmRuAY8BA3x42,5t28BP42x2axFnqOOMg3CM,6GlsmhwCxNCEmW8v2YVPRN,https://open.spotify.com/track/7dmXD9P68MmRuAY8BA3x42
2017-04-11T16:49:09Z,"Atlas, Rise!",Metallica,"Atlas, Rise!",Metallica,2016-10-31,single,1,1,388624,False,QMKHM1600378,False,2CTYKRrwoUbnGZeT2C9lKl,2ye2Wgw4gimLv2eAKyk1NB,3EJc7wWCcnOvqjj2vIKkxY,https://open.spotify.com/track/2CTYKRrwoUbnGZeT2C9lKl
2017-04-11T16:30:40Z,Raining Blood,Slayer,Reign In Blood,Slayer,1986-01-01,album,1,10,254400,False,USSM18600241,False,01Mpj13vURSO3cCLprPt5T,1IQ2e1buppatiN1bxUVkrk,2DumvqHl78bNXuvU9kQfPN,https://open.spotify.com/track/01Mpj13vURSO3cCLprPt5T
2017-04-11T16:26:56Z,Electric Eye,Judas Priest,Screaming For Vengeance (Expanded Edition),Judas Priest,1982,album,1,2,222440,False,GBBBN8200028,False,3w9zHVKI28aUPZTxq8oDC6,2tRsMl4eGxwoNabM08Dm4I,55MZQrenomrTq0aQneC7Pi,https://open.spotify.com/track/3w9zHVKI28aUPZTxq8oDC6
2017-04-11T16:16:52Z,Walk,Pantera,Vulgar Display of Power,Pantera,1992,album,1,3,315120,True,USEE10170088,False,7fcfNW0XxTWlwVlftzfDOR,14pVkFUHDL207LzLHtSA18,7kW0cpKgSVsEqcc8xgbSb0,https://open.spotify.com/track/7fcfNW0XxTWlwVlftzfDOR
2017-04-11T16:04:56Z,Mudshovel,Staind,Dysfunction,Staind,1999-04-13,album,1,5,282093,True,USEE19800351,False,6264zKFgXM13JuRBX4MMyD,5KDIH2gF0VpelTqyQS7udb,4fLp0YBi1chfMHSBkIeI6w,https://open.spotify.com/track/6264zKFgXM13JuRBX4MMyD
2017-04-11T15:56:31Z,The Sound of Silence,Disturbed,Immortalized,Disturbed,2015-08-14,album,1,11,248466,False,USRE11500180,False,1Cj2vqUwlJVG27gJrun92y,3TOqt5oJwL9BE2NG9MEwDa,3qFQ4XNQ15alZrAaj5oGJK,https://open.spotify.com/track/1Cj2vqUwlJVG27gJrun92y
2017-04-11T15:52:01Z,Inside,Soil,Scars (Expanded Edition),Soil,2011-10-10,album,1,8,197400,False,USJAY0100257,False,1nI5GMFhEhdSHy4fOEICaR,4PoYwGOztIrPpBfRIlMSxP,2XLiRCMRy5WuuF373tKBZ8,https://open.spotify.com/track/1nI5GMFhEhdSHy4fOEICaR
2017-04-11T15:51:54Z,A Warrior's Call,Volbeat,Beyond Hell / Above Heaven,Volbeat,2010,album,1,9,263080,False,DKNE10900101,False,0hTiTU0yqthnByyZDD3bcc,0L5fC7Ogm2YwgqVCRcF1bT,2BqLW9LGoxfwRCn1hP5vOq,https://open.spotify.com/track/0hTiTU0yqthnByyZDD3bcc
2017-04-11T15:30:30Z,Rabia,Nonpoint,Recoil (Explicit Content U.S. Version),Nonpoint,2004-07-13,album,1,5,255573,False,USAT20400737,False,5TIJGEVBlNRgDEVzLXM0sd,6BdSOHfQ6kMg0tbAFlXR1z,0wMl72AddFnnhtCVNyWx2G,https://open.spotify.com/track/5TIJGEVBlNRgDEVzLXM0sd
2017-04-11T14:55:44Z,One,Metallica,...And Justice For All,Metallica,1988-08-25,album,1,4,447440,False,USEE10001274,False,64Ret7Tf2M8pDE4aqbW2tX,2ye2Wgw4gimLv2eAKyk1NB,69oeRoYEpSsNPGVuYRxfoB,https://open.spotify.com/track/64Ret7Tf2M8pDE4aqbW2tX
2017-04-10T19:04:20Z,Honeymoon,The Teskey Brothers,Half Mile Harvest,The Teskey Brothers,2017-01-19,album,1,8,704386,False,TCACU1689367,False,2tj9tceflON0SdkNu7ElGV,2nTjd2lNo1GVEfXM3bCnsh,3HyoK42Wc8CMxHJ8MDU3qA,https://open.spotify.com/track/2tj9tceflON0SdkNu7ElGV
2017-04-10T18:30:23Z,Ain't No Sunshine,little hurricane,Stay Classy (A Collection of Covers by Little Hurricane),little hurricane,2013-08-25,album,1,5,250282,False,UST8K1602156,False,0x9qh73KsmoIkZtmWTgoDU,5VLQQzAkJrzG7QggE4DVg2,0MN27LKWRqlvc3rZ27LvFi,https://open.spotify.com/track/0x9qh73KsmoIkZtmWTgoDU
2017-04-10T16:47:08Z,Hurricane,The Band Of Heathens,Top Hat Crown & The Clapmaster 's Son,The Band Of Heathens,2011-03-29,album,1,9,323133,False,QMZDA1100009,False,4ogJms2N16rzXc0mcT2rMc,5K4gVy6DhNd39mSjuK95Y7,1uy5EfgTY5XHSX5V5VKSVC,https://open.spotify.com/track/4ogJms2N16rzXc0mcT2rMc
2017-04-10T16:46:13Z,Walking on the Moon,The Infamous Stringdusters,Silver Sky,The Infamous Stringdusters,2012-03-13,album,1,11,298148,False,QMU8F1100024,False,2FQSGNFGue5t8M4q0NyB3J,7yTltkMBvChBkA86Tz8WfW,75VS0XhdE2fN6ccdGeCKDY,https://open.spotify.com/track/2FQSGNFGue5t8M4q0NyB3J
2017-04-10T16:06:15Z,TumbiWOW,Delhi 2 Dublin,TumbiWOW - Single,Delhi 2 Dublin,2015-03-17,single,1,1,251684,False,CA2FY1500001,False,5BjSb8Q3xgtkZWcMXm8R5M,3UI94nr1hPvSXtvXRZ97JV,2IvyySVvCDiS5OhEK8ChM8,https://open.spotify.com/track/5BjSb8Q3xgtkZWcMXm8R5M
2017-04-08T14:04:29Z,"Tonight, Tonight, Tonight",Genesis,Invisible Touch,Genesis,1986-06-09,album,1,2,268306,False,GBAAA8600770,False,5Djof0IgvGDl5RN0TZnNgT,3CkvROUTQ6nRi9yQOcsB50,7jYfZ6i2taKDkiuxncR8P1,https://open.spotify.com/track/5Djof0IgvGDl5RN0TZnNgT
2017-04-08T13:35:06Z,"When The World Is Running Down, You Make The Best Of What's Still Around - Remastered 2003",The Police,Zenyatta Mondatta,The Police,1980-10-03,album,1,3,216666,False,GBAAM0201150,False,4EN4n9GpFBk4Se9GDO6jPb,5NGO30tJxFlKixkPSgXcFE,3eirZt4jPKEgO8puKpv4ZR,https://open.spotify.com/track/4EN4n9GpFBk4Se9GDO6jPb
2017-04-08T13:30:28Z,Runnin' Down A Dream,Tom Petty,Greatest Hits,Tom Petty and the Heartbreakers,2010-01-01,compilation,1,13,263213,False,USMC18925680,False,128pBRZZgdi3BhS104k5Qv,2UZMlIwnkgAEDBsw1Rejkn,2uxG4gg4WnqR5eriMN6ehS,https://open.spotify.com/track/128pBRZZgdi3BhS104k5Qv
2017-04-06T17:42:21Z,Guys My Age - Stripped,Hey Violet,Guys My Age (Stripped),Hey Violet,2016-12-02,single,1,1,224336,True,USUMV1600579,False,5pQeFRQaiXi82aDYjItmcK,4JNfz6aO9ZFz0gp5GY88am,5eMJGtASgUkvbKd2DwY6RL,https://open.spotify.com/track/5pQeFRQaiXi82aDYjItmcK
2017-04-06T17:40:55Z,Guys My Age,Hey Violet,Guys My Age,Hey Violet,2016-09-20,single,1,1,212305,True,USUG11600812,False,3HMuXylWiUmZ6nlIU3eOJ6,4JNfz6aO9ZFz0gp5GY88am,5PkaSG3nUxfTHTtLT50GTv,https://open.spotify.com/track/3HMuXylWiUmZ6nlIU3eOJ6
2017-04-05T19:53:02Z,The Truth,Nonpoint,Recoil (Explicit Content U.S. Version),Nonpoint,2004-07-13,album,1,2,242106,False,USAT20400708,False,6v3mRcNuGPT2Xb7H1R2ThY,6BdSOHfQ6kMg0tbAFlXR1z,0wMl72AddFnnhtCVNyWx2G,https://open.spotify.com/track/6v3mRcNuGPT2Xb7H1R2ThY
2017-04-05T19:39:01Z,Old Enough,Nickelback,The State,Nickelback,1999-01-04,album,1,4,165733,False,NLA329918840,False,7b8joOxz7dLSIPZHPpwTqh,6deZN1bslXzeGvOLaLMOIF,3jl1TcvE91Mnu6zjKkklAb,https://open.spotify.com/track/7b8joOxz7dLSIPZHPpwTqh
2017-04-05T19:33:10Z,Supernova Goes Pop,Powerman 5000,Tonight The Stars Revolt,Powerman 5000,1999-01-01,album,1,2,194840,False,USDW19910702,False,7rAEUdstP2ZU8MOPGbHug6,5imUS9dQyCbAjUEJJ9QyWC,3Z3yndLeHs01iYPSNzTBBk,https://open.spotify.com/track/7rAEUdstP2ZU8MOPGbHug6
2017-04-05T16:55:44Z,Since I Lost You,Genesis,We Can't Dance,Genesis,1991-11-11,album,1,11,249760,False,USRHD0900211,False,5kW7fJdvVXdokd4souoF7A,3CkvROUTQ6nRi9yQOcsB50,4KVOF9jhVFdzyrp3e1XeDN,https://open.spotify.com/track/5kW7fJdvVXdokd4souoF7A
2017-04-05T16:55:37Z,Slammin',Huey Lewis & The News,Small World,Huey Lewis & The News,1988,album,1,10,273466,False,USCH38800024,False,6nuTtrDlX5tk000C1oSrlS,7A9yZMTrFZcgEWAX2kBfK6,42UWuorlvjEn6rLGWt57jT,https://open.spotify.com/track/6nuTtrDlX5tk000C1oSrlS
2017-04-05T16:55:35Z,No Sugar Tonight / New Mother Nature,The Guess Who,The Best Of The Guess Who,The Guess Who,1971,compilation,1,6,292640,False,USRC16908567,False,5tASX9SKT8vFTQpfm5UVJT,0cQuYRSzlItquYxsQKDvVc,5TZEAFmzvF0PU0ubgWzLI4,https://open.spotify.com/track/5tASX9SKT8vFTQpfm5UVJT
2017-04-05T16:42:28Z,Kodachrome,Paul Simon,There Goes Rhymin' Simon,Paul Simon,1973-05-05,album,1,1,215400,False,USSM11002044,False,3f0U5NaD1bCk8nmKpn2ZJY,2CvCyf1gEVhI0mX6aFXmVI,50pzpI17hwQj7LKcOiLMFD,https://open.spotify.com/track/3f0U5NaD1bCk8nmKpn2ZJY
2017-04-05T16:36:06Z,Just the Way You Are,Billy Joel,The Stranger (Legacy Edition),Billy Joel,1977,album,1,3,290573,False,USSM17700371,False,49MHCPzvMLXhRjDantBMVH,6zFYqv1mOsgBRQbae3JJ9e,1Mhn9VosyjtWn4dMPFlna6,https://open.spotify.com/track/49MHCPzvMLXhRjDantBMVH
2017-04-05T16:31:14Z,Missed Opportunity,Daryl Hall & John Oates,Ooh Yeah!,Daryl Hall & John Oates,1988-07-27,album,1,4,287600,False,USAR18800147,False,0PuiVcvrQ3k9t2b7wxc9eX,77tT1kLj6mCWtFNqiOmP9H,4EEyCnj2fZu1eInXpLfZZW,https://open.spotify.com/track/0PuiVcvrQ3k9t2b7wxc9eX
2017-04-05T16:17:24Z,Young Turks - 2008 Remaster,Rod Stewart,The Definitive Rod Stewart,Rod Stewart,2008-11-17,compilation,1,15,302413,False,USWB10806971,False,5n1amEDwVKucAGMqePk9yN,2y8Jo9CKhJvtfeKOsYzRdT,16B8kK28QgKIYTb7XyLMuj,https://open.spotify.com/track/5n1amEDwVKucAGMqePk9yN
2017-04-05T16:14:59Z,Black Dog - Remaster,Led Zeppelin,Led Zeppelin IV (Remaster),Led Zeppelin,1971-11-08,album,1,1,295386,False,USAT21300956,False,0D58ERdLBDRgT86BPnH8ps,36QJpDe2go2KgaRleHCDTp,5EyIDBAqhnlkAHqvPRwdbX,https://open.spotify.com/track/0D58ERdLBDRgT86BPnH8ps
2017-04-05T16:02:06Z,The Boys Of Summer,Don Henley,Building The Perfect Beast,Don Henley,1984-11-19,album,1,1,288733,False,USGF18502601,False,4gvea7UlDkAvsJBPZAd4oB,5dbuFbrHa1SJlQhQX9OUJ2,2x1s5aVQ01ylPs5nUdeA2i,https://open.spotify.com/track/4gvea7UlDkAvsJBPZAd4oB
2017-04-05T15:56:58Z,"Shoot High, Aim Low",Yes,Big Generator,Yes,1987-09-15,album,1,3,419800,False,USEW10000207,False,5VL5iChOudjCNAH6aBTxiZ,7AC976RDJzL2asmZuz7qil,1tlsJPpfTZA7Z9o091Ylkk,https://open.spotify.com/track/5VL5iChOudjCNAH6aBTxiZ
2017-04-05T15:56:55Z,It Keeps You Runnin' - 2009 Remaster,The Doobie Brothers,Best of The Doobies,The Doobie Brothers,1976-10-29,compilation,1,8,260040,False,USWB10502665,False,4EN23c9uSpmL8lnQia5Glv,39T6qqI0jDtSWWioX8eGJz,32xyhzHlGGsDvs1E7qihRA,https://open.spotify.com/track/4EN23c9uSpmL8lnQia5Glv
2017-04-05T15:40:21Z,High Hopes,Pink Floyd,The Division Bell,Pink Floyd,1994,album,1,11,511013,False,GBN9X1100022,False,5a4MgIUSf9K8wXLSm6xPEx,0k17h0D3J5VfsdmQ1iZtE9,5F0IQXuHfTV7SBvZVnXERl,https://open.spotify.com/track/5a4MgIUSf9K8wXLSm6xPEx
2017-04-05T15:32:17Z,Miss You - Remastered,The Rolling Stones,Some Girls,The Rolling Stones,1978-06-09,album,1,1,288666,False,GBCJN7800001,False,3hJLKtTpgct9Y9wKww0BiR,22bE4uQ6baNwSHPVcDxLCe,1Jv2AqzhgsduUik2p4k3cS,https://open.spotify.com/track/3hJLKtTpgct9Y9wKww0BiR
2017-04-05T15:23:06Z,After the Thrill Is Gone - 2013 Remaster,Eagles,The Very Best of the Eagles (2013 Remaster),Eagles,2003-10-21,compilation,1,16,236663,False,USEE11300351,False,6rQb5OsK07ONTTYRD8mFg1,0ECwFtbIWEVNwjlrfc6xoL,5J0VCIp4TTsZBKOqWdbBSa,https://open.spotify.com/track/6rQb5OsK07ONTTYRD8mFg1
2017-04-05T14:08:03Z,Let It Rain,Heavy D & The Boyz,Peaceful Journey,Heavy D & The Boyz,1991-01-01,album,1,2,259093,False,USMC19134842,False,17CcVintkLhiCmmKt5UHei,4KHdmkq99PXA6QEJ2lKpA3,4bAwnTaD8QcruiVdb1zzzY,https://open.spotify.com/track/17CcVintkLhiCmmKt5UHei
2017-04-04T21:22:40Z,Million Reasons,Lady Gaga,Joanne (Deluxe),Lady Gaga,2016-10-21,album,1,7,205280,False,USUM71609736,False,7dZ1Odmx9jWIweQSatnRqo,1HY2Jd0NmPuamShAr6KMms,2ZUwFxlWo0gwTsvZ6L4Meh,https://open.spotify.com/track/7dZ1Odmx9jWIweQSatnRqo
2017-04-02T15:09:53Z,Dance Me A Number,The Steepwater Band,Revelation Sunday,The Steepwater Band,2006-08-10,album,1,5,219706,False,ushm80608847,False,3v9vIO8GfLbh2b0lWYttq6,2TgTMg8jrIQjJ3uWkLw93J,3ncZpeTKwe1dueXUS4jL8V,https://open.spotify.com/track/3v9vIO8GfLbh2b0lWYttq6
2017-04-01T00:54:07Z,On the Road Again,Jack Broadbent,Along the Trail of Tears,Jack Broadbent,2015-03-09,album,1,3,223124,False,UST8K1545906,False,1BQkVDlEOtYKOaotnJuNzz,2yk5jg6yi5fV6xmUZoBPHU,6IcVeQFhXfXimexDoOYJoy,https://open.spotify.com/track/1BQkVDlEOtYKOaotnJuNzz
2017-03-29T16:49:04Z,Payback,Flaw,Through The Eyes (Explicit Version),Flaw,2001-01-01,album,1,2,241720,False,USUR10110793,False,2gpH9qFbAA9uDsib5phpil,4hFScNSgSkApFw193xlyH7,72wOWW1ayFNvYwSC555L6b,https://open.spotify.com/track/2gpH9qFbAA9uDsib5phpil
2017-03-29T16:01:12Z,War,Black Stone Cherry,Kentucky (Deluxe Edition),Black Stone Cherry,2016-04-01,album,1,6,247453,False,NLB931600006,False,0AaakPJsvCg18yB0rm1eQV,6WMo39FU3nrpSz3qMgRKug,6u0wKwjtR1sMN96z5aRfZ8,https://open.spotify.com/track/0AaakPJsvCg18yB0rm1eQV
2017-03-27T16:23:54Z,Someday Baby,R.L. Burnside,A Bothered Mind,R.L. Burnside,2004-08-17,album,1,6,196426,False,USFP70400057,False,3gxPpuO2fr4nwHYsGVzoSP,2drMeidRg4jc07neGOL0Ip,6H0EfCD7XrqkK5F4A6yN8D,https://open.spotify.com/track/3gxPpuO2fr4nwHYsGVzoSP
2017-03-21T21:31:18Z,It Ain’t Me (with Selena Gomez),Kygo; Selena Gomez,It Ain't Me,Kygo; Selena Gomez,2017-02-17,single,1,1,220780,False,SEBGA1700015,False,12GEpg2XOPyqk03JZEZnJs,23fqKkggKUBHNkbKtXEls4; 0C8ZW7ezQVs4URX5aX7Kqx,4VNy5ifZtW3E9SgffbGEti,https://open.spotify.com/track/12GEpg2XOPyqk03JZEZnJs
2017-03-21T21:31:09Z,Same Old Love,Selena Gomez,Revival (Deluxe),Selena Gomez,2015-10-09,album,1,4,229080,False,USUM71510437,False,1BZG99C7Co1r6QUC3zaS59,0C8ZW7ezQVs4URX5aX7Kqx,7lDBDk8OQarV5dBMu3qrdz,https://open.spotify.com/track/1BZG99C7Co1r6QUC3zaS59
2017-03-21T21:21:24Z,Tessellate - Bonus Track,Ellie Goulding,Halcyon Days,Ellie Goulding,2013-01-01,album,1,21,236960,False,GBUM71304068,False,5w22aDDwvWR0puSp6ZL6LJ,0X2BH1fck6amBIoJhDVmmJ,3KVeczHxWg5YFKb0gS62f2,https://open.spotify.com/track/5w22aDDwvWR0puSp6ZL6LJ
2017-03-20T18:42:10Z,Got It,Marian Hill,Sway,Marian Hill,2015-02-17,album,1,2,191946,False,TCACA1468582,False,4P73ZBrXOmsZA6WXsuxUC1,1xHQO9GJIW9OXHxGBISYc5,4GgwHp794AzZkv2hh8geZu,https://open.spotify.com/track/4P73ZBrXOmsZA6WXsuxUC1
2017-03-20T18:26:44Z,Honeydripper,Royce Wood Junior,The Ashen Tang,Royce Wood Junior,2015-06-09,album,1,5,187604,False,UK32S1400453,False,1nnB7BRnPzbxq8rMQbyBzS,681N6DCEDKu6miVIUE4MrT,1RQHmpYu7Yv5dK6XMyZ6eX,https://open.spotify.com/track/1nnB7BRnPzbxq8rMQbyBzS
2017-03-20T14:13:49Z,Earth Apple,The Suitcase Junket,Make Time,The Suitcase Junket,2015-01-06,album,1,2,186106,False,USX9P1451228,False,1hArCzUTZ5vQLxt9GAq1UE,7Iew8GtdYcaznLxIJpJxeS,1CTow6puZXhlPzeVfT9NMj,https://open.spotify.com/track/1hArCzUTZ5vQLxt9GAq1UE
2017-03-14T15:42:18Z,Issues,Julia Michaels,Issues,Julia Michaels,2017-01-13,single,1,1,176346,False,USUM71615691,False,6AeQlMyRzvSl1nkFztZyKl,0ZED1XzwlLHW4ZaG4lOT6m,4SYAVcbJvjSNS8mJ1iv2tF,https://open.spotify.com/track/6AeQlMyRzvSl1nkFztZyKl
2017-03-10T02:29:24Z,One Thing,Finger Eleven,Finger Eleven,Finger Eleven,2003-01-01,album,1,11,279573,False,USWU30300012,False,2BepFzUWfczDk68DXj10w3,0niJkG4tKkne3zwr7I8n9n,4KbP58I8HjOsd1S8J7Ahjx,https://open.spotify.com/track/2BepFzUWfczDk68DXj10w3
2017-03-10T02:29:17Z,Paralyzer,Finger Eleven,Them Vs. You Vs. Me (Deluxe Edition),Finger Eleven,2007-01-01,album,1,1,208106,True,USWU30700001,False,28IEbk5a7twNTbUEvWslUb,0niJkG4tKkne3zwr7I8n9n,2pCfqddO9tLKRz3wzSNGsZ,https://open.spotify.com/track/28IEbk5a7twNTbUEvWslUb
2017-03-10T02:28:39Z,Wasting My Time,Default,The Fallout,Default,2001-10-01,album,1,3,269306,False,USTV10100094,False,58XuMuusPaPKmW32e42xkp,4nCzT3o7lMgCWBcmdwCMsT,0ZTnCQYG66s4cYC3E6thKB,https://open.spotify.com/track/58XuMuusPaPKmW32e42xkp
2017-03-10T02:27:14Z,Deny,Default,The Fallout,Default,2001-10-01,album,1,2,235800,False,USTV10100093,False,4bp2JwBVuSAmtNib6gcNXP,4nCzT3o7lMgCWBcmdwCMsT,0ZTnCQYG66s4cYC3E6thKB,https://open.spotify.com/track/4bp2JwBVuSAmtNib6gcNXP
2017-03-10T02:26:02Z,Synthetic,Spineshank,The Best Of Spineshank,Spineshank,2008,compilation,1,8,190266,False,NLA320019154,False,7eAnF0Yr5MsC3Y2JOxBaY5,6fmbbxNvgHkglIakp1Wrv4,4sm4E53NOuBHJZ18Wo9ODv,https://open.spotify.com/track/7eAnF0Yr5MsC3Y2JOxBaY5
2017-03-09T19:34:42Z,Close,Nick Jonas; Tove Lo,Last Year Was Complicated,Nick Jonas,2016-06-10,album,1,3,234213,False,USUM71602394,False,3lSDIJ2abCrOdDJ6pshUap,4Rxn7Im3LGfyRkY2FlHhWi; 4NHQUGzhtTLFvgF5SZesLK,4Yww2EYetseL1eL2YuvLna,https://open.spotify.com/track/3lSDIJ2abCrOdDJ6pshUap
2017-03-09T19:20:30Z,Family Portrait,P!nk,M!ssundaztood,P!nk,2001-11-16,album,1,7,296426,False,USAR10100720,False,1HaZ5x3c3HXRrLLHfsjO5p,1KCSPY1glIKqW2TotWuXOR,03pT16iWbhVKpDodI37D8b,https://open.spotify.com/track/1HaZ5x3c3HXRrLLHfsjO5p
2017-03-06T19:58:23Z,Joe - Live From Austin City Limits,Alabama Shakes,Joe (Live From Austin City Limits),Alabama Shakes,2015-10-28,single,1,1,211374,False,USATO1500209,False,3a4FZmznEyHMYyxiw45k37,16GcWuvvybAoaHr0NqT8Eh,1v4UMJTzhtv1uqvunELhR9,https://open.spotify.com/track/3a4FZmznEyHMYyxiw45k37
2017-03-06T19:01:51Z,Rain in the Valley,The Steel Wheels,"Lay Down, Lay Low",The Steel Wheels,2012-03-05,album,1,3,193747,False,QMSGL1000003,False,1MyMb6hfg0HGMhXeThuXtB,0J95YxeoXi3Um0VpxTwDhn,0u28QiFNSbelodKviN9iRF,https://open.spotify.com/track/1MyMb6hfg0HGMhXeThuXtB
2017-03-06T18:46:22Z,The Hustle,A Night In The Box,"The Hustle, The Prayer, The Thief",A Night In The Box,2009-11-30,album,1,10,231200,False,USDQR0602710,False,3MmsHG8G1Kk8k51PLOTiZh,70nbI3A03HufFmUxXMy0pd,1WnXkOHZAQ01rW0ynAEgNp,https://open.spotify.com/track/3MmsHG8G1Kk8k51PLOTiZh
2017-03-06T17:38:00Z,Hi Ho,The War And Treaty,Hi Ho,The War And Treaty,2016-04-28,single,1,1,191635,False,uscgj1680222,False,4brAByI9ZV7WOYDwT3yPaH,6HhV0jtMMK5HYnYgG0xgtz,11Zppe7yX0rqhFzFZNoZEq,https://open.spotify.com/track/4brAByI9ZV7WOYDwT3yPaH
2017-03-06T16:37:25Z,The Hurricane's Eye,Jesse Roper,Red Bird,Jesse Roper,2015-01-23,album,1,6,215912,False,CAE0C1400006,False,1EAuRuC7lIgIVLwXaZoHLo,0YnrslYN9hfy5ZRCQUjMMt,52TyDS3LAr2H4ZUoITQ6Ef,https://open.spotify.com/track/1EAuRuC7lIgIVLwXaZoHLo
2017-03-01T20:22:18Z,Love & War (feat. Yade Lauren) - DOLF Remix,Yellow Claw; DOLF; Yade Lauren,Love & War (feat. Yade Lauren) [Remixes],Yellow Claw,2017-02-03,single,1,1,204375,True,USZ4V1700020,False,4kLt4DPrVQhzqzmIEgUZI6,47z7ZrgFoBvVpCnElCE3Zh; 2j6pWKglYzMZ8xSTKyWkjC; 2YkP9pfIZ6hJKeuppuz8qT,1G0gqjfLVrUXU2HGekXKmO,https://open.spotify.com/track/4kLt4DPrVQhzqzmIEgUZI6
2017-03-01T20:22:11Z,Aamon,KUURO,Aamon,KUURO,2016-10-07,single,1,1,224000,False,CA6D21600281,False,7tXGxZGOemTwg1SEkMBlcx,5mVWu2Ofpm2mlEpuMm3b4Q,0zDweS1u44C8XoR1yTBUJ6,https://open.spotify.com/track/7tXGxZGOemTwg1SEkMBlcx
2017-03-01T17:31:20Z,Headstrong,Trapt,Trapt,Trapt,2002-11-05,album,1,1,286000,False,USWB10201991,False,1AEYT6VxrxXPMoQUxsY0E4,1UdQqCUR7RwB9YYJONwbdM,4jd0qgZ4gaHW6b0lgpZKWk,https://open.spotify.com/track/1AEYT6VxrxXPMoQUxsY0E4
2017-02-27T17:04:36Z,Home,Moontricks,Home EP,Moontricks,2015-10-23,single,1,5,286000,False,CA5KR1511124,False,2eII7kQp92E20ijKxRVcDK,6o52orvClP7ba1qV4zMVlg,06dzb4EfhOSKIZJ9slQajK,https://open.spotify.com/track/2eII7kQp92E20ijKxRVcDK
2017-02-27T16:26:17Z,Rum,Brothers Osborne,Pawn Shop,Brothers Osborne,2016-01-15,album,1,5,213413,False,USUM71403950,False,1U0xkg7vuzXKWaNccZ7WHi,39NR3AUhpbbqKM33vWn2fp,6BId6JLmkyr9QC81RdUWqT,https://open.spotify.com/track/1U0xkg7vuzXKWaNccZ7WHi
2017-02-27T15:42:54Z,You Are My Sunshine (with Chris Stapleton),Morgane Stapleton; Chris Stapleton; Southern Family,You Are My Sunshine (with Chris Stapleton),Morgane Stapleton,2016-02-19,single,1,1,373266,False,USAT21504066,False,31b6H6nChYUmNbW1yZQHYs,2NMDcLqpSDPcPA3OMitdnX; 4YLtscXsxbVgi031ovDDdh; 6AQnRGiSkXiVUvqz9Owe4x,54kotVHAZQwTephMgbuMjH,https://open.spotify.com/track/31b6H6nChYUmNbW1yZQHYs
2017-02-27T15:38:18Z,Venice Venture,Big Wild,Venice Venture,Big Wild,2014-07-15,single,1,1,220865,False,TCACE1537601,False,4IBwgoDpNG2p7EouVtFw0E,0PxzGnCYBpSuaI49OR94cA,6l4AoIaxdN8mfXvVHzRchP,https://open.spotify.com/track/4IBwgoDpNG2p7EouVtFw0E
2017-02-20T15:51:48Z,Want You,The Wans,The Wans - EP,The Wans,2012-07-26,single,1,3,268546,False,QMNVB1200003,False,0RnQOahu0Mrf05MX1n2YmW,4uH9k7FTheXWBKwuML8kjn,7IF2gypEPXymWX0aSNvWxM,https://open.spotify.com/track/0RnQOahu0Mrf05MX1n2YmW
2017-02-17T20:38:41Z,All Time Low,Jon Bellion,The Human Condition,Jon Bellion,2016-06-10,album,1,3,217603,True,USUM71603666,False,0SuLAslEMFZAXf0SwY7syi,50JJSqHUf2RQ9xsHs0KMHg,2jJReDZqTuAxr4R0ItimZc,https://open.spotify.com/track/0SuLAslEMFZAXf0SwY7syi
2017-02-09T18:37:41Z,Side To Side,Ariana Grande; Nicki Minaj,Dangerous Woman,Ariana Grande,2016-05-20,album,1,5,226160,True,USUM71602107,False,1pKeFVVUOPjFsOABub0OaV,66CXWjxzNUsdJxJ2JdwvnR; 0hCNtLu0JehylgoiP8L4Gh,3OZgEywV4krCZ814pTJWr7,https://open.spotify.com/track/1pKeFVVUOPjFsOABub0OaV
2017-02-09T18:37:39Z,Dangerous Woman,Ariana Grande,Dangerous Woman,Ariana Grande,2016-05-20,album,1,2,235946,False,USUM71601826,False,7l94dyN2hX9c6wWcZQuOGJ,66CXWjxzNUsdJxJ2JdwvnR,3OZgEywV4krCZ814pTJWr7,https://open.spotify.com/track/7l94dyN2hX9c6wWcZQuOGJ
2017-02-03T21:44:45Z,Turtles All the Way Down,Sturgill Simpson,Metamodern Sounds in Country Music,Sturgill Simpson,2014-05-13,album,1,1,188186,False,QMLWL1400001,False,4NE3oWyUQI2b2NjyMyC8Bi,3vDpQbGnzRbRVirXlfQagB,4makbOuLd5SUdyHMaNM1Ag,https://open.spotify.com/track/4NE3oWyUQI2b2NjyMyC8Bi
2017-01-31T20:00:17Z,Stay,Rihanna; Mikky Ekko,Unapologetic (Deluxe),Rihanna,2012-12-11,album,1,9,240706,False,USUM71214754,False,1dEy9Pl81QopSxNsPxXQxv,5pKCCKE2ajJHZ9KAiaK11H; 1buzCmyYZE4kcdLRudsb8V,4eddbruVtOqw8khwxSH6H2,https://open.spotify.com/track/1dEy9Pl81QopSxNsPxXQxv
2017-01-31T19:54:51Z,Love On The Brain,Rihanna,ANTI,Rihanna,2016-01-28,album,1,11,224000,True,QM5FT1600120,False,2aksifNn5ph8igDOkPBA02,5pKCCKE2ajJHZ9KAiaK11H,3Q149ZH46Z0f3oDR7vlDYV,https://open.spotify.com/track/2aksifNn5ph8igDOkPBA02
2017-01-24T20:21:18Z,Loud(y),Lewis Del Mar,Loud(y),Lewis Del Mar,2015-12-04,single,1,1,249520,True,USSM11509018,False,2Df8M8sO1zhC71p2XQRwpj,2oqwwcM17wrP9hBD25zKSR,1KTeC35qptzWh8o5oiOoFx,https://open.spotify.com/track/2Df8M8sO1zhC71p2XQRwpj
2017-01-23T19:49:56Z,Gold,Andra Day,Cheers to the Fall,Andra Day,2015-08-28,album,1,3,225231,False,USWB11505332,False,2lMRuRF4gR15G7FsLR7128,1c4rxrxy8eDLvMVL1DTiBe,6Blubl1glavmervPJa3QVs,https://open.spotify.com/track/2lMRuRF4gR15G7FsLR7128
2017-01-19T01:26:41Z,Sing Along - Demo,Robert Ellis,The Lights from the Chemical Plant (Deluxe Edition),Robert Ellis,2015-09-18,album,1,16,243078,False,US27Q1562665,False,2EURFydZv09nLb8WrGBwBd,6XtG9W2KkPiQ6n1rlIvTJE,32kFjsz0DC3HWAftZuvVpc,https://open.spotify.com/track/2EURFydZv09nLb8WrGBwBd
2017-01-16T18:50:48Z,Peaches,In The Valley Below,The Belt,In The Valley Below,2014-01-01,album,1,1,285613,False,QMF5G1300001,False,0JsRZWdSquAQtgyJO8mhLA,4WQXRya5np83C21wifjNp9,4ViGmclVTvJiBYMvPFeXbZ,https://open.spotify.com/track/0JsRZWdSquAQtgyJO8mhLA
2017-01-16T18:24:19Z,Freaky Feedback Blues,Benji Hughes,Songs in the Key of Animals,Benji Hughes,2016-01-29,album,1,7,224160,False,USMRG1655107,False,0x5xE0docLPy68TYjj3xSc,1w4UUVXVsk63VT2vTwx1e1,3w841jP37vE3JTb8eM7g0n,https://open.spotify.com/track/0x5xE0docLPy68TYjj3xSc
2017-01-16T18:03:09Z,This Must Be The Place,Kishi Bashi,Philosiphize！Chemicalize！,Kishi Bashi,2013-06-05,album,1,3,208306,False,JPZ921304849,False,1JAMtzu6NKuVWXSH8Yx3En,3LVPGE5jPPwtbGslx07YR0,0mQZckk7A0n5YLAC50Pxuu,https://open.spotify.com/track/1JAMtzu6NKuVWXSH8Yx3En
2017-01-14T01:22:06Z,Just Kids,Mat Kearney,JUST KIDS (Deluxe Edition),Mat Kearney,2015-08-21,album,1,3,292120,False,USUM71417708,False,0IONkFDQMwLq1cXgzgniFR,2NQEwAVHBNcI0tGMLlWwF1,6ejKWju91wKfvjvmoBjyZg,https://open.spotify.com/track/0IONkFDQMwLq1cXgzgniFR
2017-01-12T15:52:26Z,Suffering (Jacob Hemphill (SOJA) Remix),Rebelution,Remix EP,Rebelution,2011-01-11,single,1,3,243613,False,USA2P1007161,False,2ad0r8uiQ1Dz8jdFBvYXYi,2WjvvwAX0mdWwq3aFuUdtc,5C5DEIOmt8CkyIdYZpSMZ2,https://open.spotify.com/track/2ad0r8uiQ1Dz8jdFBvYXYi
2017-01-09T22:31:35Z,Fantastic Love,The Floozies,Do Your Thing,The Floozies,2015-01-27,album,1,1,226666,False,TCACD1515273,False,0gCLBWaQJSvoTUx95PjlXv,5czcqWtwZb5btfWWvWTmgZ,2fKbLMqIVRKgt6ur0XHwWt,https://open.spotify.com/track/0gCLBWaQJSvoTUx95PjlXv
2017-01-09T22:20:36Z,Follow You Down,Black River Delta,Devil on the Loose,Black River Delta,2016-03-04,album,1,2,244663,False,SE35F1500201,False,5zsILoPlhHIkLS3RZISdW4,6wuLyOna5Zjh2OYb0ZtLey,5cq1i2qocdtAG0hAyWneju,https://open.spotify.com/track/5zsILoPlhHIkLS3RZISdW4
2017-01-09T17:17:43Z,Magenta,DEQN SUE,Zeitgeist,DEQN SUE,2014-07-15,album,1,9,248920,False,ushm21481778,False,6Pw5hkeMg8lsRMD0EDuZHq,2doixmAZHxzTlNcSXnzYz7,6fP9QxRIhzCX3CvgrjfgvR,https://open.spotify.com/track/6Pw5hkeMg8lsRMD0EDuZHq
2017-01-09T16:21:08Z,Love Me Tenderly,The Felice Brothers,The Felice Brothers,The Felice Brothers,2008-03-04,album,1,9,220413,False,US58B0802709,False,6oBVQQ4y3KkStoa0apQPrK,4Ajgo7nAsTzjSFymIfBjZ1,0FqgHHkIuDdNkMls1KDs3F,https://open.spotify.com/track/6oBVQQ4y3KkStoa0apQPrK
2017-01-03T15:55:18Z,Thieves & Kings,The Peach Kings,Handsome Moves,The Peach Kings,2012-09-06,single,1,6,220201,False,TCABI1268412,False,1QGoxyjSHuRRGfsMJNl526,6Lt0qzVmaKAw52vpXMTT3i,31yFkhIXwS9AXTY5JGZLo9,https://open.spotify.com/track/1QGoxyjSHuRRGfsMJNl526
2017-01-03T15:24:32Z,Yarmouth Road,Mike Gordon,Overstep,Mike Gordon,2014-01-01,album,1,4,280720,False,USATO1300555,False,4GVDm5jX8lErsltv18TXhM,2Onb70uN9rRM3VMerSpA37,77lCoTYbxQRPHkSxw9OTkJ,https://open.spotify.com/track/4GVDm5jX8lErsltv18TXhM
2016-12-30T02:55:31Z,Private Investigations,Dire Straits,Love Over Gold (Remastered),Dire Straits,1982-09-20,album,1,2,406133,False,GBF088400792,False,6wBJRGnGOrWy4sACdMekxO,0WwSkZ7LtFUFjGjMZBMt6T,4sVMaNrLbkffVgd0CMSibC,https://open.spotify.com/track/6wBJRGnGOrWy4sACdMekxO
2016-12-29T16:54:34Z,By My Side,The Rides,Pierced Arrow (Deluxe Edition),The Rides,2016-05-06,album,1,4,314866,False,NLB931600804,False,1KnyfC3C3Qtv0S6DOuBnbT,0dtBKLgPO5xCZqyvqNUjXW,6XoIWgT0B3OxC8wAskd4uA,https://open.spotify.com/track/1KnyfC3C3Qtv0S6DOuBnbT
2016-12-29T16:02:45Z,Right On (feat. Ms. Charm Taylor),Galactic; Ms. Charm Taylor,Into The Deep (Deluxe Edition),Galactic,2015-07-13,album,1,6,210440,False,NLB931501205,False,6cZW2E838eVDt8ufwmngYo,4rMUtWPGbE6waga7PQO0oQ; 5xHSgyG2UWTlgvBZryF8Xt,17sE3R890hnas4RfuHLQfg,https://open.spotify.com/track/6cZW2E838eVDt8ufwmngYo
2016-12-28T00:26:34Z,Blood In The Cut,K.Flay,Crush Me,K.Flay,2016-08-19,single,1,1,188160,True,USUM71607030,False,3k3FEwVuaokMi13Ud4nnYm,0pCNk4D3E2xtszsm6hMsWr,3kOuQ44yNHAUHyCiy9iTrT,https://open.spotify.com/track/3k3FEwVuaokMi13Ud4nnYm
2016-12-28T00:17:41Z,Your Future is Not Mine (Illangelo Remix) [feat. Joseph of Mercury],DAISY; Illangelo; Joseph of Mercury,Your Future is Not Mine (Illangelo Remix) [feat. Joseph of Mercury],DAISY,2016-03-04,single,1,1,235313,False,USLD90814344,False,3Tb8kiqXWfpyuwvt6LZXjH,7riIDkMpiCIuZUbLaScpQq; 1aji1uMIIghmeNmhanEqyD; 7vahFRSKRiVDOejIMEBWvO,2TebEVO4hbDOremvw9KIMn,https://open.spotify.com/track/3Tb8kiqXWfpyuwvt6LZXjH
2016-12-28T00:17:33Z,Gold,Kiiara,low kii savage,Kiiara,2016-03-22,single,1,1,225882,False,USAT21503773,False,6ZSO7kPn8IMJFymyticbJO,4u5smJBskI6Adzv08PuiUP,2EvTMiJyF3H4BoxNCL4HLh,https://open.spotify.com/track/6ZSO7kPn8IMJFymyticbJO
2016-12-12T18:55:01Z,Wild Ride,Jimkata,In Motion,Jimkata,2016-02-12,album,1,1,267546,False,TCACK1548218,False,0ZzkZ0e9CYHrhKGFnKczOd,2dirBSR0Vkb5zxWKpCRdeH,3UyriEDOpFzt4HyuyLtLhF,https://open.spotify.com/track/0ZzkZ0e9CYHrhKGFnKczOd
2016-12-12T18:22:49Z,It Gets Better,Madchild,Lawn Mower Man,Madchild,2013-08-06,album,1,6,226346,False,USS1N1369606,False,2G5GPXdDr6RcIX35McLbpN,2mOzrayQHznyyCwOcGGHOr,4kq6H29iJWREb5DmR4HzZr,https://open.spotify.com/track/2G5GPXdDr6RcIX35McLbpN
2016-12-12T18:15:15Z,Positive Friction,Donna The Buffalo,Positive Friction,Donna The Buffalo,2000,album,1,9,246453,False,USSH50084832,False,6Q8UmlVjYbwVwaVJWYrKF9,3dV4xRik9AJpX2befK2ZGa,1aoFJROtxaR2vVpOObF5G4,https://open.spotify.com/track/6Q8UmlVjYbwVwaVJWYrKF9
2016-12-12T18:13:05Z,The Wizard,Brownout; Alex Marrero,Brownout Presents Brown Sabbath,Brownout,2014-06-24,album,1,1,274109,False,USUR41433601,False,5ODuPCo8UjHSWIagkNY6ZO,75ITBSKqlC5hlS4PZ2XP1S; 6u2dh9ZRpkhDRypb3EKtLj,39Yd8MChzWFupt7pVarMp5,https://open.spotify.com/track/5ODuPCo8UjHSWIagkNY6ZO
2016-12-12T17:40:52Z,Deception,Monophonics,In Your Brain,Monophonics,2012-05-15,album,1,5,292800,False,USUR41229905,False,7KCfl6vusWKee7UbvbPbaM,6LXZac7iBIZgnNrywTkQRw,23DrEBETCbr73c3NtbrtSS,https://open.spotify.com/track/7KCfl6vusWKee7UbvbPbaM
2016-12-12T17:36:39Z,"30,000 Ft.",Blue Healer,Blue Healer,Blue Healer,2016-09-09,album,1,9,221365,False,QMBZ91561079,False,4KoCqdHNqFBMo4iKiMFsfV,3fk5Du5LYVhEMFlz5GgkDk,1E1fllHbpMtC5TgfxL75EH,https://open.spotify.com/track/4KoCqdHNqFBMo4iKiMFsfV
2016-12-12T16:41:45Z,Don't Ask Me (Bonus Track),Seasick Steve,Sonic Soul Surfer,Seasick Steve,2015-03-23,album,1,13,448986,False,GB2DY1400287,False,1nUEUSstKFqUZRFbtPaIG2,6OVkHZQP8QoBYqr1ejCGDv,3SrYGdmJT7qtkqfAiKHb4s,https://open.spotify.com/track/1nUEUSstKFqUZRFbtPaIG2
2016-12-12T15:58:01Z,Blind Ambition,Sophia Bastian,Blind Ambition,Sophia Bastian,2016-04-12,single,1,1,231729,False,uscgj1641416,False,6axOZ4BSW8rj9KbislTMrx,6K4VObADRbAt5QIPedp2ND,4puRLm5kd3t9qPZbmwZjX5,https://open.spotify.com/track/6axOZ4BSW8rj9KbislTMrx
2016-12-07T16:32:03Z,Fade Away,Rebelution,Count Me In,Rebelution,2014-06-10,album,1,5,209253,False,US4CL1410008,False,4TyCnstYu6LGrjka5WW6ft,2WjvvwAX0mdWwq3aFuUdtc,05SuSxEPuEJI1RnwTcOCRg,https://open.spotify.com/track/4TyCnstYu6LGrjka5WW6ft
2016-12-07T14:43:16Z,Juicy Lucy,Medeski Scofield Martin & Wood,Juice,Medeski Scofield Martin & Wood,2014-09-16,album,1,4,427066,False,USCTT1400004,False,4wM2cy9fwrJm0GSEIf6Fnr,4QlI67Mg3LbNH3VBcExNr4,5d7ppqqkaF7lETOWXC3CHl,https://open.spotify.com/track/4wM2cy9fwrJm0GSEIf6Fnr
2016-12-07T14:34:48Z,Tell Me,BROS,Tell Me,BROS,2016-09-16,single,1,1,231160,False,CADE71600069,False,6QLmlBlmZQTGXxRiYp6adS,4b2FejUQCLbLbalnwPyLQc,7csTMMzyzBkFdV0EIIxH4Y,https://open.spotify.com/track/6QLmlBlmZQTGXxRiYp6adS
2016-12-07T14:20:22Z,Burn With Me,Whilk & Misky,Burn With Me,Whilk & Misky,2015-04-06,single,1,1,269435,False,GBUM71501851,False,19iszP3kTNtHoqbNoXeWQf,6m9a3tDNWDe6bVR2csIjEv,7IxHgJi622Oqj7Rwetxc1g,https://open.spotify.com/track/19iszP3kTNtHoqbNoXeWQf
2016-12-07T14:17:52Z,Don't Take My Man to Idaho,Jessica Hernandez and the Deltas,Deceptacon / Don't Take My Man to Idaho - Single,Jessica Hernandez and the Deltas,2015-05-19,single,1,2,161613,False,QM6P41415283,False,104Yfpy3h5YrHpQ6h01frj,3luTTVEo8lot6jsdYXdbDN,0jLw9R6v9zEJ3CkDfb8X2N,https://open.spotify.com/track/104Yfpy3h5YrHpQ6h01frj
2016-11-28T17:59:14Z,Bad Blood,Tumbleweed Wanderers,Realize,Tumbleweed Wanderers,2015-06-09,album,1,1,325259,False,QMNDK1400016,False,7g4lcTskgEBwDWrLqwhyca,0KUPqZsHeQgLr8OF7z2yRj,3yFYd32Sr5BBVjsRYd3M4X,https://open.spotify.com/track/7g4lcTskgEBwDWrLqwhyca
2016-11-28T16:50:28Z,Bring It On,Spiritual Rez,Apocalypse Whenever,Spiritual Rez,2014-02-15,album,1,3,289320,False,uscgh1424515,False,0a0eB2Wxm8iU3TbuAoovhp,2xb3Bg30YgahSrsJuscktB,68yuqIP485RhnlASbfdUaO,https://open.spotify.com/track/0a0eB2Wxm8iU3TbuAoovhp
2016-11-28T16:30:12Z,Number 9,Moon Hooch,Moon Hooch,Moon Hooch,2013-06-25,album,1,1,265946,False,USME31203100,False,1YT8xkroYGNLGR4qhuWLC4,4WoKI3ZPs544x2glFOJRyg,0XxLqWttW6u6vP3Yz9Sye3,https://open.spotify.com/track/1YT8xkroYGNLGR4qhuWLC4
2016-11-28T16:30:09Z,Nemesis,The Motet,Dig Deep,The Motet,2009-09-24,album,1,3,369906,False,ushm90908401,False,4xGHFjCxcSihrTwcaJnIwM,4nEUXGyTWXweCdfVf7f8zN,4zIOWKqu8PQxot3wqNasr3,https://open.spotify.com/track/4xGHFjCxcSihrTwcaJnIwM
2016-11-22T16:53:37Z,Torture,Eric Krasno,Blood from a Stone,Eric Krasno,2016-07-08,album,1,2,213376,False,QM7YK1600188,False,02xHmLCnW23FQoeYgTHjFU,6tQIsqw6DrDfdoPwOrOD6k,2OMMQdI71h7sWqkhis2ZkT,https://open.spotify.com/track/02xHmLCnW23FQoeYgTHjFU
2016-11-14T22:19:26Z,Light Will Keep Your Heart Beating in the Future,Mike Doughty,Stellar Motel,Mike Doughty,2014-09-16,album,1,1,195186,False,USME31400279,False,5NbHJWUovavaCRHhEAMmXr,7GiYUU4EMCOMkpaDD8fzDR,3LjRz79RFnB5yBIllRlxps,https://open.spotify.com/track/5NbHJWUovavaCRHhEAMmXr
2016-11-14T22:19:21Z,Where I'm Going,The Wild Reeds,Blind and Brave,The Wild Reeds,2014-08-09,album,1,1,251906,False,USDKT1300001,False,5ObRCQ2goReLpK2BmunK9h,3Q9WLyqkHw04V6DDtvPWwH,1c2Ner1dwYAXfPSar0LN90,https://open.spotify.com/track/5ObRCQ2goReLpK2BmunK9h
2016-11-14T21:22:20Z,Lay Me Down,Fortunate Ones,The Bliss,Fortunate Ones,2015-02-10,album,1,3,233243,False,CAN001400003,False,1aOqj3ulC9sgT3P4KasQPy,69sHd7jjEkbKxn91qUB60L,5iYD8CNogkuLY3ZGwc1swm,https://open.spotify.com/track/1aOqj3ulC9sgT3P4KasQPy
2016-11-14T21:22:19Z,Feel,Joe Hertler & The Rainbow Seekers,Terra Incognita,Joe Hertler & The Rainbow Seekers,2015-01-01,album,1,6,211173,False,USZXT1500019,False,0D2YiuQWzhNpyo31AJmCJF,2bqcjvd6ETkqubaQnx3OtS,6JR3U1gy5nB7UZriK4DB8V,https://open.spotify.com/track/0D2YiuQWzhNpyo31AJmCJF
2016-11-14T17:37:02Z,In the Belly of a Whale,Toadies,Heretics,Toadies,2015-09-18,album,1,1,230053,False,US4L81508801,False,6CMgkytS3ZDvD6xzcestlS,2QMMktUMtwMSwUZATX1cRO,7g8oCxBvNkTDmQjTLmIL7O,https://open.spotify.com/track/6CMgkytS3ZDvD6xzcestlS
2016-11-14T17:26:39Z,Yellow Taxi,Madisen Ward and the Mama Bear,Skeleton Crew,Madisen Ward and the Mama Bear,2015-05-18,album,1,7,254413,False,USYAH1500032,False,5r70kkAOKzkIxEracwnpr1,5l3blxapQi6wu9e4V7BMon,32CKmpHJ27bzFKh038QoPv,https://open.spotify.com/track/5r70kkAOKzkIxEracwnpr1
2016-11-14T16:47:22Z,Mindshift,TAUK,Collisions,TAUK,2014-08-07,album,1,5,366524,False,TCABY1423443,False,04IpcDXPleA3v8XM4oB3kR,6qauwCj8W2mTcDGbyDGo6O,0Hzx5qahFYpoxFlNz0iHrK,https://open.spotify.com/track/04IpcDXPleA3v8XM4oB3kR
2016-11-14T16:39:53Z,All Your Light (Times Like These),Portugal. The Man,In the Mountain in the Cloud,Portugal. The Man,2011-07-15,album,1,8,266093,False,USAT21100258,False,3UOlYczxtt70Xj1VplXgj8,4kI8Ie27vjvonwaB2ePh8T,1OWNvsDzhEwT5cXLlo9iO7,https://open.spotify.com/track/3UOlYczxtt70Xj1VplXgj8
2016-11-14T15:23:26Z,Pot Roast and Kisses,The Reverend Peyton's Big Damn Band,So Delicious,The Reverend Peyton's Big Damn Band,2015-02-17,album,1,2,301333,False,US7SF1455700,False,0BpCy6DNvTjNgTULJRWFjj,6Ec85Uubz3lO7BIEvcBfZK,2IpWJxZKIbnz49ygVPspA6,https://open.spotify.com/track/0BpCy6DNvTjNgTULJRWFjj
2016-11-11T13:17:52Z,Pacing Like Prince,Ryan Montbleau,Growing Light,Ryan Montbleau,2015-04-21,album,1,3,215234,False,US6TM1500003,False,0PtKqyHPMHEu0LyYkI4Guj,5Q2ZtOZ0vOdtcjGDOq6ZQc,3STvLB64wSuYSiTl7P0C7X,https://open.spotify.com/track/0PtKqyHPMHEu0LyYkI4Guj
2016-11-04T21:14:01Z,LOVE 3X - R3HAB Remix,ZZ Ward; R3HAB,LOVE 3X Remixes,ZZ Ward,2015-01-01,single,1,1,257946,True,USHR11536648,False,0P6VyKuMjtjKB3tK9BzwqM,7aJSIsbI5wV8aFi2kkFfPi; 6cEuCEZu7PAE9ZSzLLc2oQ,6alRKDAeYYHHwE78V3Fihx,https://open.spotify.com/track/0P6VyKuMjtjKB3tK9BzwqM
2016-10-31T16:03:05Z,Losing Side of Twenty Five,American Aquarium,Wolves,American Aquarium,2015-02-03,album,1,7,214575,False,GBMA21410348,False,2PXumYrwMjU2lF5yxFVYhs,7nSYcucRT6IGiMepEmiZgT,37qnyTNIEoahRSVaNzcKMK,https://open.spotify.com/track/2PXumYrwMjU2lF5yxFVYhs
2016-10-31T14:27:46Z,Mind Of A Junkie,Anders Osborne,Black Eye Galaxy,Anders Osborne,2012-05-01,album,1,2,449146,False,USARL1294802,False,1TO4RgjyxvQenptaAMqi3w,3WUUtA45g7X0jbeywZz888,3Tml6sBS5CI61wbmlRPLJe,https://open.spotify.com/track/1TO4RgjyxvQenptaAMqi3w
2016-10-26T15:54:32Z,Blame It On Me,John Butler Trio,Flesh & Blood,John Butler Trio,2014-01-01,album,1,6,368240,False,AUFC01300007,False,4AGdWrxY1idAQ3PCE87wv0,6fBF4MULW5yMzyGaon1kUt,2CIq996wXJoBb0SqVsC09L,https://open.spotify.com/track/4AGdWrxY1idAQ3PCE87wv0
2016-10-26T15:38:05Z,Jack of Diamonds,Scott H. Biram,Nothin' But Blood,Scott H. Biram,2014-02-04,album,1,6,252640,False,USA361421306,False,2q7WMhP5z4P5vF4Z7aztNQ,6wpI4AEN6UO7ksNN23RGEf,1uPGBP7oekFZSUgik5AKv7,https://open.spotify.com/track/2q7WMhP5z4P5vF4Z7aztNQ
2016-10-26T15:01:55Z,Homesick,Lawrence,Homesick,Lawrence,2013-01-05,album,1,2,198026,False,TCABL1336208,False,64OcVQq3FBoGm2twUd3044,5rwUYLyUq8gBsVaOUcUxpE,0dimpeFX6avE5XJYWvoHGw,https://open.spotify.com/track/64OcVQq3FBoGm2twUd3044
2016-10-26T14:56:47Z,Sing Along - Demo,Robert Ellis,The Lights From The Chemical Plant (Deluxe Edition),Robert Ellis,2014-02-11,album,1,16,243078,False,US27Q1562665,False,3dsBMkmBZICB1HaCuPCJFt,6XtG9W2KkPiQ6n1rlIvTJE,2M0wgwrXjiLPqzc4IDzRHI,https://open.spotify.com/track/3dsBMkmBZICB1HaCuPCJFt
2016-10-26T14:56:35Z,Dreamcatchers,Odetta Hartman,222,Odetta Hartman,2015-10-02,album,1,3,111186,False,USWEX1500092,False,7uXwbnpGfGRwlB7CWeC6Aw,0fhRF7RN2smrrRXlB1S2GM,0FRWio6Rx37fyPEBj5BmpI,https://open.spotify.com/track/7uXwbnpGfGRwlB7CWeC6Aw
2016-10-15T14:01:39Z,Thousand Mile Night,Jonah Tolchin,Thousand Mile Night - Single,Jonah Tolchin,2016-01-15,single,1,1,235173,False,USY1R1643102,False,5yeM63cXgGvSN2VrcHbv6x,66jsWaGhzSpHH1KRF34Oq3,3ARIeQHdKOLeGnSqGi1g40,https://open.spotify.com/track/5yeM63cXgGvSN2VrcHbv6x
2016-10-12T22:35:17Z,Bound,Jordan Bratton,YOUTH,Jordan Bratton,2015-05-12,single,1,2,216473,False,USRC11500739,False,5A07AbEYSBQqmvyEhzOHiI,14UzbliRaDDgssLOBfWxu0,4uQNbIuwEsKesx5KfgpkPb,https://open.spotify.com/track/5A07AbEYSBQqmvyEhzOHiI
2016-10-10T15:47:40Z,Blue Ridge Mountain,Hurray For The Riff Raff,Small Town Heroes,Hurray For The Riff Raff,2014-01-01,album,1,1,153546,False,USATO1300485,False,0LDutPcTM5oGqNAU4h6A8t,2xLEV2jDreAOcpJXFNoXyt,2Jgs7uTMWm1SmG8hQXS4yx,https://open.spotify.com/track/0LDutPcTM5oGqNAU4h6A8t
2016-10-10T15:30:37Z,Saint Elizabeth,Kaia Kater,Nine Pin,Kaia Kater,2016-05-13,album,1,1,239093,False,CAKP31600001,False,0AXVGjlzkolKVm7ZnD6pqB,3SIjUKYSRchIKIoFO9vBjm,4an7nc1bshv75YnXbyp8bs,https://open.spotify.com/track/0AXVGjlzkolKVm7ZnD6pqB
2016-10-10T15:26:53Z,Another Lie,Dave Stewart; Thomas Lindsey,Spitballin',Dave Stewart; Thomas Lindsey,2016-06-24,album,1,2,196290,False,DEU241602534,False,7mRyagEJjcU99TBncrGRll,7gcCQIlkkfbul5Mt0jBQkg; 6HgqFc4JO1dbSw6oIqrdVi,0t82AY0AodqtH9W5olt3DT,https://open.spotify.com/track/7mRyagEJjcU99TBncrGRll
2016-10-10T15:03:36Z,Boiling Water,little hurricane,Gold Fever,little hurricane,2014-04-29,album,1,4,204892,False,QMYDW1400004,False,6jrbUQ2ZNrHTuTjgHYgIpj,5VLQQzAkJrzG7QggE4DVg2,21shtpLrmkk55y70caLDed,https://open.spotify.com/track/6jrbUQ2ZNrHTuTjgHYgIpj
2016-10-10T14:42:56Z,Sirens (feat. Dirty Heads),Sublime With Rome; Dirty Heads,Sirens,Sublime With Rome,2015-07-17,album,1,1,195169,True,USVR91534601,False,4BseeD3XrR1CYz5Yfqzcfs,3XXrhkZKSGd3CUJQFnx5tQ; 6GkJh85o22LfD2vgL9DP6f,2WFr3OUZFER99np6PMQthV,https://open.spotify.com/track/4BseeD3XrR1CYz5Yfqzcfs
2016-09-30T18:14:18Z,Parachute,Chris Stapleton,Traveller,Chris Stapleton,2015-05-04,album,1,4,253200,False,USUM71418084,False,5jROdl6MhcmP3O7h2sVgtw,4YLtscXsxbVgi031ovDDdh,7lxHnls3yQNl8B9bILmHj7,https://open.spotify.com/track/5jROdl6MhcmP3O7h2sVgtw
2016-09-30T17:05:57Z,Barely Alive,The Jompson Brothers,The Jompson Brothers,The Jompson Brothers,2010-11-30,album,1,9,290973,False,TCAAT1033218,False,2RESEfP5xCZFWl4BSIHpQC,4eNW2w49yCMLXeOwAOWF9b,79XjqMCEOc1VJzgQCipw5F,https://open.spotify.com/track/2RESEfP5xCZFWl4BSIHpQC
2016-09-30T16:54:07Z,Something from Outer Space,Vibe Street,She Makes Me Feel EP,Vibe Street,2014-12-02,single,1,1,362608,False,TCACE1579200,False,1lGJm1rNNaVYkNFzmksJRi,56wQ7KtIyMDpBLHSbh7BjN,7rWIwG5Q9YZmjhhVXh6vQ2,https://open.spotify.com/track/1lGJm1rNNaVYkNFzmksJRi
2016-09-30T16:23:18Z,Way down We Go,KALEO,A/B,KALEO,2016-06-10,album,1,2,213706,False,USAT21502122,False,0y1QJc3SJVPKJ1OvFmFqe6,7jdFEYD2LTYjfwxOdlVjmc,4he4SQup02hEIQdwhZlZlk,https://open.spotify.com/track/0y1QJc3SJVPKJ1OvFmFqe6
2016-09-19T17:03:20Z,Every Little Bit Hurts,Barton Carroll,"Avery County, I'm Bound to You",Barton Carroll,2013-10-15,album,1,8,226920,False,USME31303694,False,0YnwJ2TPNsEHlZMvDSHOVZ,1Jn20Rv3bPmKgS8F8sdaw4,0vRKykh7S9yxLqH0F2UIot,https://open.spotify.com/track/0YnwJ2TPNsEHlZMvDSHOVZ
2016-09-13T18:39:57Z,Girls,ABIR,Girls,ABIR,2016-07-07,single,1,1,205090,True,TCACP1680247,False,3FGczVFPwt1NiGpN9DMUTz,3QUOtWgmuxFyae4C0Q0thd,0HTEpvztLV0wSZsVO4LkES,https://open.spotify.com/track/3FGczVFPwt1NiGpN9DMUTz
2016-09-12T16:35:29Z,75 and Sunny,Ryan Montbleau,Stages: Volume II,Ryan Montbleau,2009-09-01,album,1,3,377600,False,US6TM0900003,False,2SeENh2LRR9t2xJSfXwtUX,5Q2ZtOZ0vOdtcjGDOq6ZQc,6uDCGoV1BSNltloHAFYroj,https://open.spotify.com/track/2SeENh2LRR9t2xJSfXwtUX
2016-09-12T15:41:42Z,Girl Is a Queen,Splash,Girl Is a Queen,Splash,2014-07-01,single,1,1,167343,False,TCABY1435515,False,3psNt25eNs1dLTu5Pey0zk,14wyuvNyaxnhEWqN4ltuzC,6ZfaSzTZ0g5gCswFPQpRVQ,https://open.spotify.com/track/3psNt25eNs1dLTu5Pey0zk
2016-09-12T15:41:32Z,All Your Favorite Bands,Dawes,All Your Favorite Bands,Dawes,2015-06-01,album,1,4,215359,False,QMJBM1500013,False,0HOvoZ4m0aJp6vY4fVrI51,0CDUUM6KNRvgBFYIbWxJwV,1MuenT1cvvI0YCs3hsJDBE,https://open.spotify.com/track/0HOvoZ4m0aJp6vY4fVrI51
2016-09-12T15:35:16Z,The Changing Man/While It Still Beats (Ouroboros Part 1),Ray LaMontagne,The Changing Man/While It Still Beats (Ouroboros Part 1),Ray LaMontagne,2016-07-01,single,1,1,231506,False,USRC11601225,False,7MS9YEgNTfgrpTY1v75RsF,6DoH7ywD5BcQvjloe9OcIj,2Oz1NBymm0NeBFD6lqUdy0,https://open.spotify.com/track/7MS9YEgNTfgrpTY1v75RsF
2016-09-12T15:06:19Z,Cloudline,JOSEPH,Native Dreamer Kin,JOSEPH,2014-03-12,album,1,1,214008,False,TCABU1459812,False,5VXK0SX4IXRI1K9lkIWCEV,5Wfvw7rDz7HA6gE2z6QhqO,5Ri0TGsU4wcJTBRLbo3gVh,https://open.spotify.com/track/5VXK0SX4IXRI1K9lkIWCEV
2016-09-06T17:52:13Z,Elevator Operator,Courtney Barnett,"Sometimes I Sit and Think, And Sometimes I Just Sit",Courtney Barnett,2015-03-23,album,1,1,194946,False,GBX721400143,False,5loHxmUIGJEJCWKZcHPLuE,4OOlG5eBXSkSAAEeKjJb5Y,1WBps8cIMT6LYVq5rYh5ze,https://open.spotify.com/track/5loHxmUIGJEJCWKZcHPLuE
2016-09-06T15:01:03Z,Oh Sweet Nuthin',Hollis Brown,Gets Loaded,Hollis Brown,2014-05-20,album,1,1,467026,False,USA2B1400724,False,0ADv31kSJhI1VSCQqBbXUU,4Ayh1SXnVpYPCVR4190RXw,4hoUsdDUCSLHzumb4xsl7O,https://open.spotify.com/track/0ADv31kSJhI1VSCQqBbXUU
2016-09-06T13:50:47Z,Southern Grammar (Live at WXPN),Hiss Golden Messenger,Southern Grammar,Hiss Golden Messenger,2016-01-16,single,1,1,308506,False,USMRG1554301,False,1Gox610niWmJiLBgT93BgV,37eqxl8DyLd5sQN54wYJbE,5VOKJW6n6R4bclvjjPwqPf,https://open.spotify.com/track/1Gox610niWmJiLBgT93BgV
2016-08-31T20:02:07Z,Feeling Like a King,The O'My's,A Humble Masterpiece,The O'My's,2013-10-14,album,1,2,176202,False,TCABR1324762,False,6sUIG0vslGX2NHTskat324,1GQx6SUIHxDC1mRIFIpslD,4sQKivq9NcuUzim0ywhglh,https://open.spotify.com/track/6sUIG0vslGX2NHTskat324
2016-08-31T19:54:09Z,Going to California,Pressing Strings,Going to California,Pressing Strings,2015-08-21,single,1,1,321691,False,USV9E1500009,False,5mja4T6Dn4PTMpve8NZvdr,26ZMJzyOeTTQzwImKFsKHR,7loJsfGH6MiguHgeWUNsuQ,https://open.spotify.com/track/5mja4T6Dn4PTMpve8NZvdr
2016-08-31T16:56:51Z,The Perfect Parts,Shakey Graves,And The War Came,Shakey Graves,2014-07-10,album,1,4,236440,False,US92H1400004,False,22ojTkfbwYxyMJwOPhDvUV,1fZpYWNWdL5Z3wrDtISFUH,1Sq6MrxVCTezf62YzsbzED,https://open.spotify.com/track/22ojTkfbwYxyMJwOPhDvUV
2016-08-31T16:50:13Z,One Track Mind,Spanish Gold,South of Nowhere,Spanish Gold,2014-05-27,album,1,1,272532,False,QMRSZ1401033,False,4xEBPQanzyLffvV2vP2NA3,5RetyYrIAdVjhfDvRsgffh,4IlskuufO4dACIAdwi7hYC,https://open.spotify.com/track/4xEBPQanzyLffvV2vP2NA3
2016-08-31T16:44:50Z,Sleeping on the Blacktop,Colter Wall,Imaginary Appalachia,Colter Wall,2015-06-02,album,1,1,192475,False,CA55J1542001,False,3FYVkmrVYbEo17vXmb5x2A,3xYXYzm9H3RzyQgBrYwIcx,1fU47P4gQ63M7Rr7gNtZZz,https://open.spotify.com/track/3FYVkmrVYbEo17vXmb5x2A
2016-08-31T16:38:44Z,Reelin,Iration,Hotting Up,Iration,2015-08-28,album,1,1,272746,False,USQY51558898,False,2p4jcOrYpJn3f6FF8GZlIU,0q9lPhJHW5R9J7RXIJRbTk,5Y4TgE5qVSkBWb0NJl3WQ7,https://open.spotify.com/track/2p4jcOrYpJn3f6FF8GZlIU
2016-08-31T16:38:43Z,Vaporize,Amos Lee,Vaporize,Amos Lee,2016-06-03,single,1,1,232600,False,USUM71604743,False,2h2yLxi9TmjIDpxfwq2Phk,0QrowybipCKUDnq5y10PD2,3YPs9djadUU1AqHPWP4xOS,https://open.spotify.com/track/2h2yLxi9TmjIDpxfwq2Phk
2016-08-31T13:23:59Z,Fever,Fantastic Negrito,Fever,Fantastic Negrito,2014-03-01,single,1,1,267861,False,TCACE1590760,False,5V5K8gCKDkExzeFiQpwKdi,5QXLMdpKeByOo5ypH9gT13,4BX9WXH7yM6k8aKTkLTCLZ,https://open.spotify.com/track/5V5K8gCKDkExzeFiQpwKdi
2016-08-30T15:17:11Z,"Should I Stay Or Should I Go - From The TV Show ""Wicked City""",KT Tunstall,"Should I Stay Or Should I Go (From The TV Show ""Wicked City"")",KT Tunstall,2015-01-01,single,1,1,243653,False,USJ681510057,False,04wrnpT0QumuU3GPWbf0VV,5zzrJD2jXrE9dZ1AklRFcL,1ivkZkfGqLU1Rf8E92hxwf,https://open.spotify.com/track/04wrnpT0QumuU3GPWbf0VV
2016-08-15T17:20:25Z,Midnight Special,Willie Watson,Folk Singer Vol. 1,Willie Watson,2014-05-06,album,1,1,278633,False,US2AR1441101,False,6xCdVRdkFMrf1I2YanvcFv,5j9IEu1SEY0JslCPmfVsgq,0eeRI8qJNyTX6Z6pof5DyB,https://open.spotify.com/track/6xCdVRdkFMrf1I2YanvcFv
2016-08-15T15:20:46Z,Make It Better,Aaron Kamm and the One Drops,Feed the Meter,Aaron Kamm and the One Drops,2015-01-22,album,1,10,397266,False,uscgh1519144,False,6rAcln9T5vEL3SSWWsFWIy,5JslLVeHhYP7OOgBAnRF11,619kmrxCPv8HObyn8mqsE7,https://open.spotify.com/track/6rAcln9T5vEL3SSWWsFWIy
2016-08-08T17:05:45Z,Satisfy,MOONZz,Satisfy,MOONZz,2015-08-28,single,1,1,202192,False,USAT21502734,False,3ZcC7u9G26MSB5zJ3eNUGR,7cTaYwNT1P49mASgKULKab,1i0uh9EkA3vKomwF4mUkat,https://open.spotify.com/track/3ZcC7u9G26MSB5zJ3eNUGR
2016-08-01T18:43:57Z,I Want You,Marian Hill,ACT ONE,Marian Hill,2016-06-24,album,1,12,212493,False,USUM71602606,False,2AVHUAhi4y7USruiDOhmNb,1xHQO9GJIW9OXHxGBISYc5,5laClXclOn3sCQOWKqFohJ,https://open.spotify.com/track/2AVHUAhi4y7USruiDOhmNb
2016-08-01T18:10:40Z,White Washed Walls,Yes Nice,White Washed Walls (Remix),Yes Nice,2014-09-23,single,1,3,207413,False,CASP31456204,False,3AP8FXDHalfW4YUCMhRXel,01jDt1GheNpHcePlejtkTR,7sk2tecW8HxbPtYukIlQwY,https://open.spotify.com/track/3AP8FXDHalfW4YUCMhRXel
2016-08-01T17:42:46Z,I Just Want You,Caleb Hawley,Side 1,Caleb Hawley,2014-01-28,single,1,3,215973,False,TCABT1445389,False,11je301F3XSDfB9cGriUWa,5GF3JcY2h0SUPkDlo7ByCB,2kdYwte5WukmMd0SpztTgT,https://open.spotify.com/track/11je301F3XSDfB9cGriUWa
2016-08-01T17:28:58Z,"Cry, Cry, Cry",Judith Hill,Back in Time,Judith Hill,2015-11-11,album,1,9,306098,False,TCACI1563576,False,6AzR3R2c80MZueU6pepCWi,04ka9403wgTxmWFMY1PD5t,3AjIIDYqSR79dVTCgBoRfc,https://open.spotify.com/track/6AzR3R2c80MZueU6pepCWi
2016-07-25T17:47:21Z,LOVE 3X - RAC Mix,ZZ Ward; RAC,LOVE 3X Remixes,ZZ Ward,2015-01-01,single,1,2,192280,True,USHR11536623,False,4MH8KkHlyNieJMZcEuqq3N,7aJSIsbI5wV8aFi2kkFfPi; 4AGwPDdh1y8hochNzHy5HC,6alRKDAeYYHHwE78V3Fihx,https://open.spotify.com/track/4MH8KkHlyNieJMZcEuqq3N
2016-07-25T15:33:14Z,"10,000 Emerald Pools - The Young Professionals Remix",BØRNS; Ivri Lider; Johnny Goldstein,Remixes & Covers,The Young Professionals,2015-06-29,album,1,2,251746,False,USUM71507395,False,0ekMFsKyfkzbW1STYoNAIG,1KP6TWI40m7p3QBTU6u2xo; 1L8QE7iUTf9330wcKxnieK; 2IjCpzDB8OEpRUXqzYMtC1,7t6YnVGeGphwbiABVaIVJQ,https://open.spotify.com/track/0ekMFsKyfkzbW1STYoNAIG
2016-07-11T14:36:12Z,Hey Mami,Sylvan Esso,Sylvan Esso,Sylvan Esso,2014-05-13,album,1,1,200160,False,USBQU1400022,False,4gB5Idv1iw8jgxyEvuwPVA,39vA9YljbnOApXKniLWBZv,5Abelpx4c3FzhTOZP3ZIvS,https://open.spotify.com/track/4gB5Idv1iw8jgxyEvuwPVA
2016-07-11T14:20:40Z,Say You Want Me,Super Groupie; Cailin Russo,Super Groupie,Super Groupie,2013-10-15,single,1,4,241853,True,USWQW1300070,False,3360mf35g8vC0UQnYUaE2j,4b6MfdngjVJXG3kCeovaLf; 36bvlgHP4sWjl4sHMhmVhR,2n4cAFqVAJeCZefnb9FN84,https://open.spotify.com/track/3360mf35g8vC0UQnYUaE2j
2016-07-05T18:05:26Z,Weary Blues,Hank Williams; Madeleine Peyroux,Careless Love,Madeleine Peyroux,2004-01-01,album,1,9,218666,False,USRO20419209,False,3mKNGfYzRqXyChjkoYeHJI,1FClsNYBUoNFtGgzeG74dW; 7nXyULtoL8k7wP9l6kg8Ef,5Abc3wXAy8U1f79eVn7AGd,https://open.spotify.com/track/3mKNGfYzRqXyChjkoYeHJI
2016-07-05T14:38:28Z,I Had a Real Good Lover,The Shouting Matches,Mouthoil,The Shouting Matches,2013-08-27,single,1,3,392106,False,USNY90800703,False,1XMQ4v75bj65rHBCDwaBGc,4Ol9S3QuVEVdbXfSjM6ZdQ,0n2DviOOZZeNwgCSPQrFMp,https://open.spotify.com/track/1XMQ4v75bj65rHBCDwaBGc
2016-06-28T17:55:34Z,Budding Trees,Nahko And Medicine For The People,Dark As Night,Nahko And Medicine For The People,2013-05-21,album,1,6,384250,False,QMMTR1300026,False,3E3I7DBGCIsIgT1a1UJEFK,35fFUv2850L9CQjjNrLBpb,4oL1ZiFzTklfVcaEUDk0xb,https://open.spotify.com/track/3E3I7DBGCIsIgT1a1UJEFK
2016-06-28T16:22:04Z,Down On The Bottom,The New Basement Tapes,Lost On The River (Deluxe),The New Basement Tapes,2014-08-19,album,1,1,268826,False,USUM71411792,False,2zMXaBISwWgCM7zvYmk2h4,2oQpz9DEfhuSbuT8hjhTDK,2d25Dhlk9EcJjrW0K0tnV9,https://open.spotify.com/track/2zMXaBISwWgCM7zvYmk2h4
2016-06-28T16:01:25Z,Demon,Kandle,In Flames,Kandle,2014-03-04,album,1,2,209373,False,CAD431305002,False,0ZWgZdnoaykKWBSv4Uweqc,5ZX240kHNQyr3jC7JphHIH,3i21cK3CWnCcfGwT6I6HRN,https://open.spotify.com/track/0ZWgZdnoaykKWBSv4Uweqc
2016-06-20T17:21:14Z,Catfish Blues - Live,Gary Clark Jr.,Gary Clark Jr. Live,Gary Clark Jr.,2014-09-19,album,1,1,480133,False,USWB11402011,False,2CU9pGd7lq4fSHiFwjs842,01aC2ikO4Xgb2LUpf9JfKp,4jLUg6wWnd0vB4CcPSPS6Q,https://open.spotify.com/track/2CU9pGd7lq4fSHiFwjs842
2016-06-20T17:15:47Z,"Love, Sex, And Fancy Things",The Floozies,Tell Your Mother,The Floozies,2014-01-29,album,1,4,320027,True,uscgh1456665,False,6kuImRoOCCTzOVcPpQEjdU,5czcqWtwZb5btfWWvWTmgZ,1tJjlb3ykVh6POmTgqvkDC,https://open.spotify.com/track/6kuImRoOCCTzOVcPpQEjdU
2016-06-20T17:15:45Z,Graceland,Allan Rayman,Hotel Allan,Allan Rayman,2015-08-07,album,1,5,286100,False,CADE70902916,False,1EchZuzbnKz69m22lJTKxR,6Yv6OBXD6ZQakEljaGaDAk,5F2g4vDVLW0bZJlLGoDzcj,https://open.spotify.com/track/1EchZuzbnKz69m22lJTKxR
2016-06-20T16:22:50Z,Thinking About Your Face,Jeremy Joshua,Onelove Digital Love (Mixed by Avon Stringer),Avon Stringer,2015-11-06,album,1,2,467292,False,USE241100065,False,41TZOywyOWvavQ5qOMKiQ0,5S9CO6tQjrIznveYgYMvoM,3CpZ3mmh2wOKGUkchLzUUE,https://open.spotify.com/track/41TZOywyOWvavQ5qOMKiQ0
2016-06-13T15:39:39Z,Brooklyn Streets,The Gold Magnolias,Sail On Glamdog,The Gold Magnolias,2015-07-17,album,1,2,220172,False,QM9AA1512634,False,3YYWRLag07rQGmsogEwkz5,52YDbdT312mNbnVxG52i1d,44n41LwvonKN1uSCWGSves,https://open.spotify.com/track/3YYWRLag07rQGmsogEwkz5
2016-06-07T17:58:03Z,Bang Bang (My Baby Shot Me Down),Monophonics,In Your Brain,Monophonics,2012-05-15,album,1,12,212373,False,USUR41229912,False,57hUSbt30QpIPzKV3PXjlj,6LXZac7iBIZgnNrywTkQRw,23DrEBETCbr73c3NtbrtSS,https://open.spotify.com/track/57hUSbt30QpIPzKV3PXjlj
2016-06-07T17:58:02Z,Addicted To Love,Skylar Grey,Addicted To Love,Skylar Grey,2015-03-10,single,1,1,203600,False,USUM71502515,False,4v0SA7SC65KJ9ToJm15qCk,4utLUGcTvOJFr6aqIJtYWV,41MBuPQn9Pha9F7hc4vLLR,https://open.spotify.com/track/4v0SA7SC65KJ9ToJm15qCk
2016-06-07T16:08:46Z,The Hop (feat. Bajka),Radio Citizen; Bajka,Berlin Serengeti,Radio Citizen,2006-09-26,album,1,1,214080,False,USUR40619601,False,2aqBvf4lxYnJ112aqVXEFA,2tPR0lWEWNyDUHPeVEhewu; 4V8wJAPq2ar1y1Zc8d9DhI,3WG4MOssCvfJQc4l2eAEFZ,https://open.spotify.com/track/2aqBvf4lxYnJ112aqVXEFA
2016-06-07T15:23:09Z,Lemon Eyes,MEG MYERS,Sorry,MEG MYERS,2015-09-18,album,1,7,219826,False,USAT21502057,False,5sjEQjDkEYOr1RB6n5acXD,0W8xe7IqAPlnBRMUpWOUuJ,14Q6NvjUSthc0Xgb5EgtQd,https://open.spotify.com/track/5sjEQjDkEYOr1RB6n5acXD
2016-06-07T14:59:13Z,Confidence,Conner Youngblood,Confidence EP,Conner Youngblood,2014-04-01,single,1,3,250123,False,TCABW1434149,False,5WSb6ivWVk3QYvgKVcsEmT,1HzpwUIkmmlGCNuoOcXiIW,404d9NsR2NfcgRzPb2fhXD,https://open.spotify.com/track/5WSb6ivWVk3QYvgKVcsEmT
2016-06-07T14:44:52Z,River,Bishop Briggs,River,Bishop Briggs,2016-04-29,single,1,1,214333,False,TCACL1648391,False,7lNQ4YZEAZc1nvfSNPzSvU,0yb46jwm7gqbZXVXZQ8Z1e,5zuJmA8HMAtc7n94XT1qxd,https://open.spotify.com/track/7lNQ4YZEAZc1nvfSNPzSvU
2016-05-31T18:28:50Z,Waiting on June,Holly Williams,The Highway,Holly Williams,2013-02-05,album,1,11,419093,False,TCABL1217523,False,7FWAqXsbffSN3k5Z00TzEu,5mfdtMy6vJUShmdyCuJhox,6X38qlsvONQiTrDHq1DjLl,https://open.spotify.com/track/7FWAqXsbffSN3k5Z00TzEu
2016-05-31T15:44:38Z,Tokyo Sunrise,LP,Forever For Now,LP,2014-05-30,album,1,4,264266,False,USWB11400281,False,1Z8hq9FdvgWv5T9jFMB1v2,0J7U24vlOOIeMpuaO6Q85A,5aMxUGbgPEewtPsil6LJfY,https://open.spotify.com/track/1Z8hq9FdvgWv5T9jFMB1v2
2016-05-31T15:41:56Z,No Diablo,Umphrey's McGee,Similar Skin,Umphrey's McGee,2014-06-10,album,1,4,253147,False,QMA271400004,False,62fCkqJnHL7YgxmxZimlLI,7mQilAy42MqNPqUFqK4Z0o,5SM8o2h85o7XJb4UPgmGdH,https://open.spotify.com/track/62fCkqJnHL7YgxmxZimlLI
2016-05-31T15:30:47Z,The Ticket,ALO,Tangle Of Time,ALO,2015-10-02,album,1,4,350680,False,USUM71509323,False,6MC1qVHAzM2Bzx0jEPxvHU,65c0gzsw9JsPUxm09QPjQj,0P6RatEaWk3I9BeULb9ZtZ,https://open.spotify.com/track/6MC1qVHAzM2Bzx0jEPxvHU
2016-05-31T15:24:34Z,For You,Serena Ryder,Harmony,Serena Ryder,2013-08-27,album,1,9,244960,False,CAEZ11200128,False,0hWGmDivdTeiY3fvQS1uYx,3jmxkI8Jhv8bHOd2qSiU9j,2Mwy2QXCnu1RLVSkFEoOVo,https://open.spotify.com/track/0hWGmDivdTeiY3fvQS1uYx
2016-05-31T15:18:13Z,Evil Friends (feat. Danny Brown) - Jake One Remix,Portugal. The Man; Danny Brown; Jake One,Evil Friends Remix EP,Portugal. The Man,2014-08-12,single,1,1,232251,False,USAT21403035,False,7wQB9MXmWvzrieBO481NW3,4kI8Ie27vjvonwaB2ePh8T; 7aA592KWirLsnfb5ulGWvU; 3uKU7PMJ1n14NcZ131I6wd,17ICRB8cLJN2WNMy2v65HK,https://open.spotify.com/track/7wQB9MXmWvzrieBO481NW3
2016-05-31T14:51:20Z,The Boys of Summer,Roadkill Ghost Choir,Keep It Under Cover - EP,Roadkill Ghost Choir,2015-04-19,single,1,4,392105,False,QMUY41500018,False,3yef3gm01US0O7BgXwGcyR,1oAydpuJQRf27egyjg5mu9,0FqjcMvGd3Gsr51FWxpJdw,https://open.spotify.com/track/3yef3gm01US0O7BgXwGcyR
2016-05-31T14:49:15Z,Crazy Woman,Joseph LeMay,Seventeen Acres,Joseph LeMay,2014-05-20,album,1,3,122750,False,QMA5J1400003,False,5ke9Y5BL0wbGOg4pshd1B0,3BRHUE4Ml0PKrgZ5EjVtxf,2gHqNCEbiiYGoE8WAEkFZf,https://open.spotify.com/track/5ke9Y5BL0wbGOg4pshd1B0
2016-05-31T14:27:45Z,You Can't Hide,Maktub,Khronos,Maktub,2002-04-24,album,1,1,209933,False,TCABO1366728,False,70DimBY5ubpVGAWOGBnGuF,3VDPs0X6CiBH6cN6Qnv7Kd,1IjQhYvAFIIiDmSbfGvwTZ,https://open.spotify.com/track/70DimBY5ubpVGAWOGBnGuF
2016-05-31T14:24:48Z,Your Love Will Blow Me Away When My Heart Aches,Son Little,Things I Forgot,Son Little,2014-11-10,single,1,2,182899,False,USEP41402001,False,5a80nAhxT3kuRMQHg2Ip3d,4lujUKeO6nQAJXpq37Epn7,1WTWD8hGSLsNYaZQ4zOGkC,https://open.spotify.com/track/5a80nAhxT3kuRMQHg2Ip3d
2016-05-31T14:10:21Z,River,Leon Bridges,Coming Home,Leon Bridges,2015-06-15,album,1,10,238560,False,USQX91500482,False,0NeJjNlprGfZpeX2LQuN6c,3qnGvpP8Yth1AqSBMqON5x,4svLfrPPk2npPVuI4kXPYg,https://open.spotify.com/track/0NeJjNlprGfZpeX2LQuN6c
2016-05-31T14:04:20Z,You Send Me,Caught A Ghost,You Send Me,Caught A Ghost,2014-05-15,single,1,1,170986,False,USLGZ1300027,False,4FLvLFbHy7o6R0fC6X2VNr,2e898fil1F5umrc2LBtV93,1mFjmJhbExqU4NvbLqBMXK,https://open.spotify.com/track/4FLvLFbHy7o6R0fC6X2VNr
2016-05-23T16:23:21Z,Elvis Presley Blues,Tom Jones,Long Lost Suitcase,Tom Jones,2015-10-09,album,1,6,194885,False,GBUM71505183,False,2itAIOrY1zj0iPzFsa72TN,1T0wRBO0CK0vK8ouUMqEl5,5VXQ9CXVJc4LNuISgbM0pX,https://open.spotify.com/track/2itAIOrY1zj0iPzFsa72TN
2016-05-23T15:56:51Z,My Lady Got Two Men,Atmosphere,Southsiders (Deluxe Version),Atmosphere,2014-05-05,album,1,12,261506,False,USBWK1400011,False,0AcpVFnVlCTRLD5F3AQvq3,1GAS0rb4L8VTPvizAx2O9J,7akNJaXoM6TAp0S4CkPrVw,https://open.spotify.com/track/0AcpVFnVlCTRLD5F3AQvq3
2016-05-23T14:23:51Z,My Song 5,HAIM,Days Are Gone,HAIM,2013-09-30,album,1,8,233133,False,USSM11304482,False,0jCGo9MLTR98iPUQCT0p5r,4Ui2kfOqGujY81UcPrb5KE,729Vh0HApsm7hGDVjbmtrf,https://open.spotify.com/track/0jCGo9MLTR98iPUQCT0p5r
2016-05-16T15:40:08Z,Wild World,Cassandra Jenkins,Wild World,Cassandra Jenkins,2015-03-10,single,1,1,231517,False,USA2B1511802,False,3pgGvBFoBwJC2OlpRtWDjO,1WVGbBnzZ5WLZ2PfesIHik,0hdJQHgu3Z8kmB6ZQg7kp7,https://open.spotify.com/track/3pgGvBFoBwJC2OlpRtWDjO
2016-05-16T15:30:07Z,You've Got Me Running in Circles,Sonny Cleveland,Sonny Cleveland,Sonny Cleveland,2015-09-25,single,1,3,170816,False,TCACI1578952,False,6Hw4G2tOBbFCayFxSLYYSg,068h66CFkNBvqw5SaIQ3ZA,6zFAzyF0lL3Fjlhf2k78O4,https://open.spotify.com/track/6Hw4G2tOBbFCayFxSLYYSg
2016-05-16T14:53:05Z,"Changed The Locks - Live (2003/The Fillmore, San Francisco)",Lucinda Williams,Live @ The Fillmore,Lucinda Williams,2005-01-01,album,1,9,247893,False,USMR10500011,False,02w0r1GZyjxznxAkHDnZnQ,60ht0hWRy1yjUDfNsLuHuP,2dBhddxjpfiux8vYCJmsHZ,https://open.spotify.com/track/02w0r1GZyjxznxAkHDnZnQ
2016-05-16T14:45:35Z,Tennessee Whiskey,Chris Stapleton,Traveller,Chris Stapleton,2015-05-04,album,1,3,293293,False,USUM71418088,False,3fqwjXwUGN6vbzIwvyFMhx,4YLtscXsxbVgi031ovDDdh,7lxHnls3yQNl8B9bILmHj7,https://open.spotify.com/track/3fqwjXwUGN6vbzIwvyFMhx
2016-05-16T14:36:22Z,Clint Eastwood,Trey Anastasio,Traveler,Trey Anastasio,2012-01-01,album,1,7,224080,False,USATO1200253,False,64lGOBE0UWUkRXOzMP7Lmr,3Felk6Y6jjU00yE1XTOqKZ,55Uw2aGOdKNK9FHQK2m3me,https://open.spotify.com/track/64lGOBE0UWUkRXOzMP7Lmr
2016-05-16T14:35:52Z,Katie Queen Of Tennessee,The Apache Relay,Apache Relay,The Apache Relay,2014-01-01,album,1,1,204653,False,GBAJC1400024,False,5iXuX70Sxp6sKdumBcQQW7,62pBNClOEZJEyRXrzC2CtI,239UV8PJLsEaJfcNM4T7rb,https://open.spotify.com/track/5iXuX70Sxp6sKdumBcQQW7
2016-05-16T13:19:03Z,Lost in a Crowd,Fantastic Negrito,Fantastic Negrito Deluxe EP,Fantastic Negrito,2015-07-24,single,1,1,299973,False,TCACG1551785,False,0MAWeTjUWhKGzMKMd1s8tu,5QXLMdpKeByOo5ypH9gT13,6WmdkU4q29oqJLahj2hGrl,https://open.spotify.com/track/0MAWeTjUWhKGzMKMd1s8tu
2016-05-09T20:37:25Z,Change the Channel,Francesco Yates,Francesco Yates,Francesco Yates,2015-09-11,single,1,6,232413,False,USAT21502737,False,6yTwG7uJuuhCekZp82ySr3,5X1JzPIIonP3u9lA580pPT,2YdVD7bGF4d5vrxtF3rjIq,https://open.spotify.com/track/6yTwG7uJuuhCekZp82ySr3
2016-05-09T20:09:58Z,The Bad Days,David Ramirez,The Rooster - EP,David Ramirez,2013-05-06,single,1,2,252329,False,TCABN1323660,False,0tfJ4wcUYmwiEz2WcLyqVL,4MBIFx8pthemIVuEJSgAxb,7eqZNMnvk7VG5HBbmyvAQb,https://open.spotify.com/track/0tfJ4wcUYmwiEz2WcLyqVL
2016-05-09T19:56:25Z,Let's Be Still,The Head And The Heart,Let's Be Still,The Head And The Heart,2013-10-15,album,1,8,268346,False,USSUB1306008,False,5IJnj6Um7jVuRPT4WGj1z6,0n94vC3S9c3mb2HyNAOcjg,1SUZhiJWtX4NKS0KChC0vf,https://open.spotify.com/track/5IJnj6Um7jVuRPT4WGj1z6
2016-05-09T19:38:41Z,Baby Blue (with Diamonds),Zachary Kibbee,Baby Blue (with Diamonds),Zachary Kibbee,2015-09-18,single,1,1,255008,False,TCACI1563272,False,3u47oYrEeYsNOZAwWSUSpK,3QYTmCDKIFaBgDCfwlZjdU,4AGgqA9CNkFdxge6gW9cCS,https://open.spotify.com/track/3u47oYrEeYsNOZAwWSUSpK
2016-05-09T19:34:08Z,All The Time,Bahamas,Bahamas is Afie,Bahamas,2014-08-19,album,1,4,234973,False,USUG11400491,False,40WXqoyOLAAugGmJWZU1FY,4C50EbCS11M0VbGyH3OfLt,5UXWs03dk4KTJioTAqQKWv,https://open.spotify.com/track/40WXqoyOLAAugGmJWZU1FY
2016-05-09T19:31:11Z,Look Like a Bird,Amanda Shires,Down Fell the Doves,Amanda Shires,2013-08-06,album,1,1,209653,False,USLN61300201,False,0xzbke7HpmPXI2I3b8ivYB,5yN0nwLpUCaZ2gr67bndCN,6DVHMSBPHdJ42Okvp5QJ9X,https://open.spotify.com/track/0xzbke7HpmPXI2I3b8ivYB
2016-05-09T18:24:07Z,FourFiveSeconds (feat. Matthew Szlachetka),Jaime Wyatt; Matthew Szlachetka,FourFiveSeconds (feat. Matthew Szlachetka),Jaime Wyatt,2015-02-12,single,1,1,208427,False,QMML81500203,False,27TigaHEFtCLEs9lKZZJtR,6QCJlDImUdyqBFXcMvm52U; 6XBVPGXuvodnEEzDFT4ihq,1xniLGor0j7xcQL6FR3Hgn,https://open.spotify.com/track/27TigaHEFtCLEs9lKZZJtR
2016-05-09T15:47:04Z,Panda,Desiigner,Panda,Desiigner,2016-02-26,single,1,1,247866,True,USUM71601094,False,275a9yzwGB6ncAW4SxY7q3,7pFeBzX627ff0VnN6bxPR4,1k3BLTc4VZ7beRBXL1SPN6,https://open.spotify.com/track/275a9yzwGB6ncAW4SxY7q3
2016-05-02T16:37:55Z,Until the End of Time,Justin Timberlake; The Benjamin Wright Orchestra,FutureSex/LoveSounds,Justin Timberlake,2006-09-12,album,1,10,322600,False,USJI10600483,False,6QINlZTl5PrAJ92l3FxziG,31TPClRtHm23RisEBtV3X7; 4lQiVsl7pIB3vSOw3HhUnx,51lCQxAHpJHuqvvK0z12zp,https://open.spotify.com/track/6QINlZTl5PrAJ92l3FxziG
2016-05-02T15:30:31Z,Gold Dust Woman,Warren Haynes; Railroad Earth; Grace Potter,Ashes & Dust,Warren Haynes,2015-01-01,album,1,8,383946,False,USC4R1503495,False,52N5oWWmUfxL9XO6OAnADG,73iWh9WUMf0xK6cRkNJK4h; 6ijT84fUReKCGYV3MjhB2y; 1PJVVIeS5Wu0wbZDhtC0Ht,6y9X3ZKEa63FWjpoR3Km04,https://open.spotify.com/track/52N5oWWmUfxL9XO6OAnADG
2016-05-02T13:57:23Z,Not My Day,Keith James,Not My Day,Keith James,2015-02-09,single,1,1,188403,False,TCACD1515718,False,5cr5x6P4jXpDJE4KgkCdDY,5ifc6CQgjKH3yMzyzTenSz,0iG0B3jOuWA8kncOxNVV7A,https://open.spotify.com/track/5cr5x6P4jXpDJE4KgkCdDY
2016-05-02T13:57:16Z,Then Came the Morning,The Lone Bellow,Then Came the Morning,The Lone Bellow,2015-01-26,album,1,1,251786,False,USA5W1400228,False,5bIOaGjf4RuPoBMTt5DkqC,7JFtD8KnbAADBBDleIMuH7,5HU6Z7afYcN23XAegZ3EQA,https://open.spotify.com/track/5bIOaGjf4RuPoBMTt5DkqC
2016-04-26T15:58:04Z,Billie Jean,The Civil Wars,Between The Bars (EP),The Civil Wars,2012,single,1,3,260066,False,USQX91301063,False,4zzi2eD2cEPpQ3a307mPPj,6J7rw7NELJUCThPbAfyLIE,3N99UWfASH8iTQqGoFV7q5,https://open.spotify.com/track/4zzi2eD2cEPpQ3a307mPPj
2016-04-26T15:57:59Z,Fire,Barns Courtney,Fire,Barns Courtney,2015-10-23,single,1,1,197522,False,GBUM71506495,False,3twEx52dboO1CqWu5x1i2h,5tFRohaO5yEsuJxmMnlCO9,3zxPi455ceNpbN55gBMSIu,https://open.spotify.com/track/3twEx52dboO1CqWu5x1i2h
2016-04-19T17:19:58Z,Twirl Me (feat. The Polish Ambassador & Ayla Nereo),Wildlight; Ayla Nereo; The Polish Ambassador,Hers Was as Thunder (feat. Ayla Nereo & The Polish Ambassador),Wildlight,2013-07-16,album,1,1,337033,False,ushm21357526,False,04Z5ufkIWALDfaNcB3DjGg,6af8aRyYJXqbM7u9qljiRk; 4gJMOPjz1OUnD6TysFPUr1; 2dI9IuajQnLR5dLxHjTTqU,4G2PqFjZW0fysQpZk8q52s,https://open.spotify.com/track/04Z5ufkIWALDfaNcB3DjGg
2016-04-06T15:57:57Z,Cecilia And The Satellite,Andrew McMahon in the Wilderness,Andrew McMahon In The Wilderness,Andrew McMahon in the Wilderness,2014-10-13,album,1,2,223879,False,USVG21403647,False,1MSM3Fo2fvnwVqMcz8Jhjq,716ZwtZBmwROBXcFmCzfdM,4IVdl0FxI7cpwyLh8JWOdG,https://open.spotify.com/track/1MSM3Fo2fvnwVqMcz8Jhjq
2016-04-06T15:46:23Z,Weeds or Wishes,Erin & The Wildfire,Erin & The Wildfire,Erin & The Wildfire,2014-06-24,single,1,1,263386,False,QMFMF1436456,False,51smFapgFWeLKrU41oGDVQ,03NHhY1mdWC3Hf9uJEnomj,6aPGv2F0SeanoALWK6h9YX,https://open.spotify.com/track/51smFapgFWeLKrU41oGDVQ
2016-04-06T15:33:56Z,Off The Ground,The Record Company,Give It Back To You,The Record Company,2016-01-01,album,1,1,253746,False,USC4R1504254,False,3xRzUblYGZhVs52fMjii7R,6vYg01ZFt1nREsUDMDPUYX,2Rqva9thIdrhXv0VKSvgt3,https://open.spotify.com/track/3xRzUblYGZhVs52fMjii7R
2016-04-06T15:12:30Z,So Long Gone,Pete Molinari; Dan Auerbach,Theosophy,Pete Molinari,2014-06-02,album,1,10,212876,False,GBBLY1401235,False,45pHFBSE1DsPuoEHmh14h5,4BrRTXokeSeCxUuJcZYq57; 6YWdHD3R863Apw1hkx3BwC,4gkfXEmh1PWi7NWSRIONwT,https://open.spotify.com/track/45pHFBSE1DsPuoEHmh14h5
2016-04-06T15:09:17Z,Every Night,Walker Lukens,Every Night,Walker Lukens,2015-03-11,single,1,1,174735,False,TCACE1548171,False,5BrN8NTopdMoVuidy7jFRo,1PN1wQSUA0IxfjX6CZy0q4,6V2QX2Hckiqbcuq9F97NZS,https://open.spotify.com/track/5BrN8NTopdMoVuidy7jFRo
2016-04-06T15:09:16Z,Something's Happening to Me,Arum Rae,Warranted Queen,Arum Rae,2014-04-22,single,1,4,148121,False,TCABW1473290,False,0NefQ8Xr3yIFf6UYMifQAT,4aqcilLiGfXetHrTuC8DG9,6GaPF3k81gWPNWzS6idtij,https://open.spotify.com/track/0NefQ8Xr3yIFf6UYMifQAT
2016-03-31T13:30:46Z,Do It Right,Anne-Marie,Do It Right,Anne-Marie,2015-11-20,single,1,1,195984,False,GBAHS1500530,False,4lajYC68T7pJGVGIey962P,1zNqDE7qDGCsyzJwohVaoX,482K2rejXov03MToosqhdO,https://open.spotify.com/track/4lajYC68T7pJGVGIey962P
2016-03-28T16:40:28Z,Go It Alone,Beck,Guero,Beck,2005-01-01,album,1,10,248840,False,USIR10500088,False,7zeCIWu37bKFJuem8MTyM1,3vbKDsSS70ZX9D2OcvbZmS,2EugWXUZjr78KJFqZavvZT,https://open.spotify.com/track/7zeCIWu37bKFJuem8MTyM1
2016-03-28T16:30:08Z,Bed on Fire,Butch Walker,Afraid of Ghosts,Butch Walker,2015-02-03,album,1,6,238000,False,US3R21511006,False,6k0FKuPLifKrFgiLKhmOQM,7qKoy46vPnmIxKCN6ewBG4,1g0h1PN9MUqoQWXW6xooiL,https://open.spotify.com/track/6k0FKuPLifKrFgiLKhmOQM
2016-03-28T15:30:34Z,Darlin',Houndmouth,Little Neon Limelight,Houndmouth,2015-03-17,album,1,11,258480,False,GBCVZ1403607,False,2Dmw4LdpDKYFjKZ7hj1XAh,7EGwUS3c5dXduO4sMyLWC5,4DL8KCLfnDpUQRyDR5dKvt,https://open.spotify.com/track/2Dmw4LdpDKYFjKZ7hj1XAh
2016-03-21T20:45:49Z,Let 'Em In,The Bros. Landreth,Let 'Em In,The Bros. Landreth,2015-10-09,single,1,1,252233,False,CAAM91500012,False,0akQaMZwNk2mG4PeP7vCgN,7aW0i5ASfG998fHzkNDniL,5pnVFV5Yy8gQRXDC6LAX4b,https://open.spotify.com/track/0akQaMZwNk2mG4PeP7vCgN
2016-03-21T20:38:51Z,He Calls Me Mama,Maggie Koerner,Neutral Ground,Maggie Koerner,2013-04-23,album,1,4,199773,False,TCABN1356429,False,5HQ2MITz7gbPTbitRrbgKo,0I21YuJNE9DbkOcacgbQoe,4p2SD6sK7kxvomPh1Evxln,https://open.spotify.com/track/5HQ2MITz7gbPTbitRrbgKo
2016-03-07T18:12:23Z,No One Knows,Twin Danger,Twin Danger,Twin Danger,2015-03-27,album,1,11,245733,False,USUM71416325,False,5yi5pCjZ2FTUm64yIsoe1B,0tcDtRe3iFFfypUJhhohFg,0Xy2khZosqwDrHgsCa3ElB,https://open.spotify.com/track/5yi5pCjZ2FTUm64yIsoe1B
2016-03-07T16:42:24Z,"Baby, I'm Bad Weather",Toussaint Morrison,Toussaint Morrison Is Not My Boyfriend,Toussaint Morrison,2012-08-21,album,1,3,206406,False,TCABQ1374197,False,4Ad5nJbC73ipQftk9yNfYF,3NTtPe8crN07jmxBkKwtFW,0AXeDaGbb9BwaayqHHGyr1,https://open.spotify.com/track/4Ad5nJbC73ipQftk9yNfYF
2016-02-23T17:07:08Z,Getting Ready to Get Down,Josh Ritter,Getting Ready To Get Down,Josh Ritter,2015-07-31,single,1,1,196186,False,QMFBM1530003,False,28dlCdYr3KIrFp9F9jSX6M,6igfLpd8s6DBBAuwebRUuo,5dIJn7qemONH6mZUtOH9qI,https://open.spotify.com/track/28dlCdYr3KIrFp9F9jSX6M
2016-02-23T17:01:19Z,Hailstorms,Hugo,Deep In The Long Grass,Hugo,2014-12-17,album,1,5,208066,False,THW091401795,False,4PPVHBwAiIqzxbfkL6EgsJ,3VSHFjwG94ubNcoST9hfxX,1ytMQrxm3N6aQyqx66jukS,https://open.spotify.com/track/4PPVHBwAiIqzxbfkL6EgsJ
2016-02-23T16:58:58Z,Ain't No Rest for the Wicked,Lennon & Maisy,Ain't No Rest for the Wicked,Lennon & Maisy,2015-09-08,single,1,1,189000,False,TCACI1512159,False,248hvFUDLVSnjCCX0DRsRn,720fJ5sGqAOhvU2IUypqIr,6KaqjSSwoXS7291pmbD2TZ,https://open.spotify.com/track/248hvFUDLVSnjCCX0DRsRn
2016-02-23T16:04:18Z,Clothes Off - Single Version,Ria Mae,Clothes Off,Ria Mae,2015-05-12,single,1,1,203669,False,CA5LP1501012,False,0ynNBNRP04AVB599YiMHQW,3QvuHlyW42Ei3AyGOO4AMT,2sb0lohvJ8CcsoUd3r9Iob,https://open.spotify.com/track/0ynNBNRP04AVB599YiMHQW
2016-02-23T16:00:38Z,Call the Doctor,Ellen Once Again,I'm Feeling Lucky,Ellen Once Again,2013-02-05,single,1,3,160706,False,USVMW1200001,False,1dmbBj2VXdW7lQnrciKTay,2Q95aUVmziqum6KxMJktuP,35rGxuRY04IxxNFegcVOmN,https://open.spotify.com/track/1dmbBj2VXdW7lQnrciKTay
2016-02-23T15:36:04Z,The Honey,SAYGRACE,Memo,SAYGRACE,2015-05-26,single,1,4,249942,False,USRC11500931,False,2hJFTKNVkMEGlOw2NBhadM,6y5amJcTjeDgLXIjtQLMst,0n4wDHQhDoDCHWJjJ03ILY,https://open.spotify.com/track/2hJFTKNVkMEGlOw2NBhadM
2016-02-23T15:22:25Z,Call It What It Is,Ben Harper And The Innocent Criminals,Call It What It Is,Ben Harper And The Innocent Criminals,2016-02-12,single,1,1,227600,False,USC4R1504241,False,3f4kPRDrHsdWupCabXJdMI,7sJ9LR0mCMgFlzJ6Y9xP64,20DqIjPbNLsCJR8anddIwE,https://open.spotify.com/track/3f4kPRDrHsdWupCabXJdMI
2016-02-22T16:19:38Z,Let the Rhythm Just,The Polish Ambassador; Mr. Lif; Ayla Nereo,Pushing Through the Pavement,The Polish Ambassador,2014-06-10,album,1,2,355386,False,uscgj1490393,False,3fYF9nA8UKZeMc1d80dtc9,2dI9IuajQnLR5dLxHjTTqU; 6qbtuhThjXYnpldXCczlDd; 4gJMOPjz1OUnD6TysFPUr1,6pFkxC7Pfmthi6yWnaj4r0,https://open.spotify.com/track/3fYF9nA8UKZeMc1d80dtc9
2016-02-22T16:08:02Z,Keep Lying (Demo),Donna Missal,Keep Lying (Demo),Donna Missal,2015-10-08,single,1,1,254420,True,QM9BS1520001,False,6jCuYSwolhXm9umvZvv6ko,4QFHHdZkeqmneDQqKIjAN8,5KmFgc0v96LnHNmUdTs5WJ,https://open.spotify.com/track/6jCuYSwolhXm9umvZvv6ko
2016-02-15T17:26:27Z,Starin' At It,Maliibu N Helene,Starin' At It,Maliibu N Helene,2014-02-03,single,1,1,227573,True,USUM71412453,False,3VRXedC3QOvXZATRGlAyDR,3Gf0jqdmLQ9yFFHVqVFBv0,1unSkiO6dFZO8IJ5dtrdc9,https://open.spotify.com/track/3VRXedC3QOvXZATRGlAyDR
2016-02-09T20:57:13Z,Vigilante,Josh Tarp and the Still,Vigilante EP,Josh Tarp and the Still,2014-06-13,single,1,1,133539,False,ushm21472961,False,7CAKoHG0wkAS48MfvoZLiY,0vo1tTmL8JvOGZ1O3rqaIx,2PgqDJBzWNQVqUO2lr8vIb,https://open.spotify.com/track/7CAKoHG0wkAS48MfvoZLiY
2016-02-09T20:48:02Z,Defense,Sarah Jaffe,Don't Disconnect,Sarah Jaffe,2014-08-19,album,1,11,286680,False,US4L81308101,False,3VbqNeIsmXltC6jiYSkKcs,1z2SrszsRmq47kDhBAnyNS,4dKkAxZwUOWfPfDLJGpVB4,https://open.spotify.com/track/3VbqNeIsmXltC6jiYSkKcs
2016-02-09T20:44:25Z,Monkey Tree - UK Mix,Mother Mother,Very Good Bad Thing,Mother Mother,2015-04-03,album,1,2,201733,False,CAUM71400338,False,2uJxcVSXBDUQAYJtHD6qjg,0e86yPdC41PGRkLp2Q1Bph,5YywOUCkZuTWzEThxrDEIu,https://open.spotify.com/track/2uJxcVSXBDUQAYJtHD6qjg
2016-02-09T20:25:03Z,California Girls,NoMBe,California Girls,NoMBe,2015-03-15,single,1,1,216923,False,TCACE1557770,False,0LWfUHni3AITNe28V3wo3j,5Lhxlge1CR1DrgDAje8Qaw,0jydxugBkEfirYF4hhemrS,https://open.spotify.com/track/0LWfUHni3AITNe28V3wo3j
2016-02-09T20:21:29Z,Baby It's You,Mapei,Hey Hey,Mapei,2014-09-19,album,1,12,191573,False,USCJ81401231,False,6obw4kNNFTD9AcJmS23fOG,6baWjwY7WiVPCZcW7pqqhz,7aAckmXx2tIaR6qB1F7cKs,https://open.spotify.com/track/6obw4kNNFTD9AcJmS23fOG
2016-02-03T20:09:29Z,Luxury,Jon Bellion; Audra Mae,The Definition,Jon Bellion,2014-09-23,album,1,11,243458,False,USUM71412220,False,5CgFGKdTn8R5dXGEPEX6Gm,50JJSqHUf2RQ9xsHs0KMHg; 21jPcGkRtUofRVCC8cWHPS,7EOvtHDxbltA0GNC4mvLAC,https://open.spotify.com/track/5CgFGKdTn8R5dXGEPEX6Gm
2016-02-02T15:58:04Z,If You Ain't Never Had the Blues,Boo Boo Davis,What Kind of Shit Is This?,Boo Boo Davis,2014-04-09,album,1,2,295425,False,NLE931400007,False,4bH66CrGzBO0XohjEynnQ4,62ReUyKpF4TGxR4PA7MmYr,1jBmtCGUd3PDxe2YnogJiR,https://open.spotify.com/track/4bH66CrGzBO0XohjEynnQ4
2016-02-02T15:51:20Z,Giant,Matrimony,Montibello Memories,Matrimony,2014-05-02,album,1,5,231413,False,USSM11302906,False,1sEhjL5tpYtjNPlnc8jATm,4V5UtbLYaFishr7psURF3Q,3Ov5WbIH9jN8mZ4z9wwTk3,https://open.spotify.com/track/1sEhjL5tpYtjNPlnc8jATm
2016-02-02T15:26:41Z,First,Cold War Kids,Hold My Home,Cold War Kids,2015-03-09,album,1,2,200946,False,USCJ81401258,False,1AJQgluvsl5LH2kz9b2Y37,6VDdCwrBM4qQaGxoAyxyJC,4nfH5WNep8WEwOjoIhNZFM,https://open.spotify.com/track/1AJQgluvsl5LH2kz9b2Y37
2016-02-02T15:17:40Z,America For Me,Alex Ebert,A Most Violent Year (Original Music From and Inspired By),Alex Ebert,2014-12-16,album,1,1,251799,False,QMNGX1400001,False,4IVC8upAZDLW6A6XXkyahQ,1me05HW5s7TShHra5nN7uE,0yYOb8aXefWB4XOcT5wcIG,https://open.spotify.com/track/4IVC8upAZDLW6A6XXkyahQ
2016-02-02T14:16:53Z,Your Soul,Hippie Sabotage,Sunny - EP,Hippie Sabotage,2014-03-11,single,1,2,324806,False,US7SR1400068,False,5hzYEPlHm5nHEGCvQJg6QG,4dM6NDYSfLcspt8GLoT5aE,3NHfAcWQvWnKESrAzlv4Ni,https://open.spotify.com/track/5hzYEPlHm5nHEGCvQJg6QG
2016-01-27T22:06:50Z,Skinny Love - Fareoh Remix,Birdy; Fareoh,Skinny Love Remixes,Birdy,2014-08-19,single,1,1,240000,False,GBAHS1400260,False,2qdP4opHhLkDUGxzirBy8M,2WX2uTcsvV5OnS0inACecP; 1nVIHTQpQ8WroXnbc9TbD5,1U59ktlpFDB3mpXYXAvFzh,https://open.spotify.com/track/2qdP4opHhLkDUGxzirBy8M
2016-01-27T22:00:11Z,Fanfare,Magic City Hippies,Hippie Castle - EP,Magic City Hippies,2015-07-28,single,1,1,264000,True,TCACH1536383,False,7r0k6XzTenNeHGMeQdRe9G,1ikg4sypcURm8Vy5GP68xb,28fMA4duT25n0Sv5j4oQTZ,https://open.spotify.com/track/7r0k6XzTenNeHGMeQdRe9G
2016-01-27T21:29:25Z,Love Gone Wrong,You+Me,rose ave.,You+Me,2014-10-08,album,1,4,261780,False,USRC11402068,False,1yTDBH044bz0jV1arvSDwz,0WO1Yn4pcC30HOKLD68JKm,5roeGujs5AMWZHsxu0z1lZ,https://open.spotify.com/track/1yTDBH044bz0jV1arvSDwz
2016-01-27T21:13:45Z,Inevitable,Natasha Kmeto,Inevitable,Natasha Kmeto,2014-06-13,single,1,1,210766,False,QME9F1411112,False,6osjC6d80NrBOkGey7xVlh,2ZIZ0ecksefmP9r4gxktA3,7a2434ZVm5GoOH9uhTBiEM,https://open.spotify.com/track/6osjC6d80NrBOkGey7xVlh
2016-01-27T20:28:39Z,Show Your Colors,Genevieve,Show Your Colors,Genevieve,2015-03-10,single,1,1,202967,False,USWU31400163,False,67pcLx6RuAzEk5VGJxJkmJ,1HsZAliZZlaQ9eQTPAGybF,24dQ4uzpHplhF8dAheFcji,https://open.spotify.com/track/67pcLx6RuAzEk5VGJxJkmJ
2016-01-18T16:24:18Z,Prisoner (feat. Chance the Rapper),Jordan Bratton; Chance the Rapper,YOUTH,Jordan Bratton,2015-05-12,single,1,1,200648,False,USRC11500539,False,42PzraSUhIh6vx4Q0AEwiH,14UzbliRaDDgssLOBfWxu0; 1anyVhU62p31KFi8MEzkbf,4uQNbIuwEsKesx5KfgpkPb,https://open.spotify.com/track/42PzraSUhIh6vx4Q0AEwiH
2016-01-18T16:19:02Z,Hold Yah,Rocstrong,Hold Yah,Rocstrong,2015-05-10,single,1,1,231106,False,IEJUE1500001,False,2C0YHbPLT1Hp40awblZeOS,6rn2UjP724kJxZn406J3YA,1eV5sInsR85yuxIWa980Fn,https://open.spotify.com/track/2C0YHbPLT1Hp40awblZeOS
2016-01-18T15:19:50Z,If I'm Unworthy,Blake Mills,Heigh Ho,Blake Mills,2014-09-12,album,1,1,283080,False,USUM71313763,False,0VTBsLV9fLSPX6D5K3k3L4,4LhV33vJvXmFGSM3m5RzUR,05oav7mCaoTnTpuIFSv7T6,https://open.spotify.com/track/0VTBsLV9fLSPX6D5K3k3L4
2016-01-15T15:48:05Z,No Role Modelz,J. Cole,2014 Forest Hills Drive,J. Cole,2014-12-09,album,1,9,292986,True,USQX91402598,False,62vpWI1CHwFy7tMIcSStl8,6l3HvQ5sa6mXTsMTB19rO5,7viNUmZZ8ztn2UB4XB3jIL,https://open.spotify.com/track/62vpWI1CHwFy7tMIcSStl8
2016-01-13T22:35:37Z,Stressed Out,Twenty One Pilots,Blurryface,Twenty One Pilots,2015-05-15,album,1,2,202333,False,USAT21500597,False,3CRDbSIZ4r5MsZ0YwxuEkn,3YQKmKGau1PzlVlkL1iodx,3cQO7jp5S9qLBoIVtbkSM1,https://open.spotify.com/track/3CRDbSIZ4r5MsZ0YwxuEkn
2016-01-11T19:23:08Z,Wild Horses,Bishop Briggs,Wild Horses,Bishop Briggs,2015-09-23,single,1,1,193714,False,TCACI1571202,False,795gWShJqWUwxm3W6koQxg,0yb46jwm7gqbZXVXZQ8Z1e,5A0E0pI7SZOexTaL0B3ToI,https://open.spotify.com/track/795gWShJqWUwxm3W6koQxg
2016-01-04T21:43:25Z,You Got It,Welshly Arms,Covers EP,Welshly Arms,2014-02-25,single,1,3,216647,False,US43C1400003,False,2KWngvFybhtt7S4GV5Q0YC,1xKrH6GSh9CJh8nYwbqW7B,4ZC174JLjiBVFkV9pNcXAS,https://open.spotify.com/track/2KWngvFybhtt7S4GV5Q0YC
2016-01-04T21:40:15Z,The Healing,Gary Clark Jr.,The Story of Sonny Boy Slim,Gary Clark Jr.,2015-09-11,album,1,1,288706,False,USWB11508027,False,07s4gunupLyKvqFQY5KfHP,01aC2ikO4Xgb2LUpf9JfKp,5gRwx5vpeXUA75GmuqwByn,https://open.spotify.com/track/07s4gunupLyKvqFQY5KfHP
2016-01-04T21:36:01Z,All My Friends,Dylan Kelly,All My Friends,Dylan Kelly,2015-01-13,single,1,1,195933,False,USUM71417967,False,6xtjkYzU5eBThLBHAmIRWX,4nJskZ2FquZal80h474jeL,5jPLVCToGr6pDaRWaormie,https://open.spotify.com/track/6xtjkYzU5eBThLBHAmIRWX
2015-12-31T17:26:42Z,Just Kids,Mat Kearney,JUST KIDS,Mat Kearney,2015-02-24,album,1,3,292120,False,USUM71417708,False,0iHhusPy0lEOk3lvfxBOfO,2NQEwAVHBNcI0tGMLlWwF1,4KXI4aosOcZz7kQUqLeVM4,https://open.spotify.com/track/0iHhusPy0lEOk3lvfxBOfO
2015-12-30T19:57:40Z,Half The Man,Rozzi,Space,Rozzi,2015-02-16,single,1,4,256026,False,USUM71500399,False,230TcPZOn20Y6adr0K2dGw,4c4aEmXU6Hx95REbIZ3S82,7GwxgUetlgERKVoIuw7dUP,https://open.spotify.com/track/230TcPZOn20Y6adr0K2dGw
2015-12-08T16:07:41Z,Death & Taxes,Daniel Caesar,Pilgrim's Paradise,Daniel Caesar,2015-11-12,album,1,2,305081,False,TCACJ1532154,False,7HnkUNPrhRurdGEm9nRYFH,20wkVLutqVOYrc0kxFs7rA,4uP43hIpmEEDuW7aOfiU2C,https://open.spotify.com/track/7HnkUNPrhRurdGEm9nRYFH
2015-12-07T18:57:16Z,Menswear,The 1975,The 1975 (Deluxe Version),The 1975,2013,album,1,14,206737,False,GBK3W1000203,False,1v07ywlVYd02pOCnXRBDNA,3mIj9lX2MWuHmhNCA7LSCW,0mkOUedmYlOzCC4tOm2v0c,https://open.spotify.com/track/1v07ywlVYd02pOCnXRBDNA
2015-12-07T18:52:13Z,Mykonos (feat. Fleet Foxes),Rhythms Del Mundo; Fleet Foxes,Africa,Rhythms Del Mundo,2012-11-19,album,1,9,273544,False,GBPE71200009,False,1YI4b8Wy9CdGiacUy54RIQ,7kXpvrS3xtr0nGzNFGuuQq; 4EVpmkEwrLYEg6jIsiPMIb,552iOmifV4Sf5lfiAo0ncX,https://open.spotify.com/track/1YI4b8Wy9CdGiacUy54RIQ
2015-12-07T18:47:28Z,America's Sweetheart,Elle King,Love Stuff,Elle King,2015-02-13,album,1,7,245541,False,USRC11402897,False,2NcstvY8H9PVQ0DMNGHckh,3bhu7P5PfngueRHiB9hjcx,0B4eikFaUJcf3hc6DaSVov,https://open.spotify.com/track/2NcstvY8H9PVQ0DMNGHckh
2015-11-30T20:14:08Z,I Mean Something,Peaches; Feist,Rub,Peaches,2015-09-25,album,1,11,216106,True,USQY51567446,False,07GYADXL79sNqdX26o7ss3,1gkSl4XpHIHI4I1WQbfXOE; 6CWTBjOJK75cTE8Xv8u1kj,7iPECfejDRRgBuANnHoXI2,https://open.spotify.com/track/07GYADXL79sNqdX26o7ss3
2015-11-30T19:58:31Z,King And Cross,Ásgeir,In The Silence,Ásgeir,2013-10-29,album,1,4,212679,False,GBBTF1300144,False,15JwrZNa3W8WChqDuQevJy,7xUZ4069zcyBM4Bn10NQ1c,3xYqIHEendyVVwMguakXKQ,https://open.spotify.com/track/15JwrZNa3W8WChqDuQevJy
2015-11-30T19:50:57Z,State Of The Art (A.E.I.O.U.),Jim James,Regions Of Light And Sound Of God,Jim James,2013-01-01,album,1,1,317400,False,USATO1300000,False,2ALFO1JJBhMo7cNNsKlfHd,1MhtYlJvUqfd2EgHSQTGK4,11WWvzU6lGpcjRUMlahNKs,https://open.spotify.com/track/2ALFO1JJBhMo7cNNsKlfHd
2015-11-30T19:48:16Z,Hummed Low,Odessa,Odessa,Odessa,2015-02-24,album,1,3,215173,False,USUM71412817,False,5ptxcmrUfNuLQezXE1Polu,7xtlNrmdLZS2sqIkgWewi1,4JPCUZpKBMY33wUMjN9nLH,https://open.spotify.com/track/5ptxcmrUfNuLQezXE1Polu
2015-11-30T19:37:51Z,"Lady, You Shot Me",Har Mar Superstar,Bye Bye 17,Har Mar Superstar,2013-04-23,album,1,1,180973,False,QMKBG1200015,False,5P5XkNxMmts3qHs2LvRIZr,5wjWLK4KMqmRbdUtTEV1BG,2GC0D9Deyx1L8UHrskFbEi,https://open.spotify.com/track/5P5XkNxMmts3qHs2LvRIZr
2015-11-30T19:34:41Z,Therapy,Mary J. Blige,The London Sessions,Mary J. Blige,2014-11-28,album,1,1,202726,False,USUM71412893,False,5MOenRdksVBcLCNTdC23BG,1XkoF8ryArs86LZvFOkbyr,3FeMIxVDGb0zrRSEkZqXXv,https://open.spotify.com/track/5MOenRdksVBcLCNTdC23BG
2015-11-30T19:13:44Z,Dangerous (feat. Joywave),Big Data; Joywave,2.0,Big Data,2013,album,1,2,280426,False,TCABQ1375535,False,3y8AEUef1AVfr0npU5UOa9,4S1nvNHWiZLP4rzwmULmUa; 1UfzhwcOR4yfX7yHTPfC9m,7MvpqHRTRxHu7QoPiYnmzH,https://open.spotify.com/track/3y8AEUef1AVfr0npU5UOa9
2015-11-30T18:32:57Z,Fool for Love,Lord Huron,Strange Trails,Lord Huron,2015-04-07,album,1,6,274704,False,US53Q1200095,False,77x96TdWdkIia82QqU35SD,6ltzsmQQbmdoHHbLZ4ZN25,3yoNZlqerJnsnMN5EDwwBS,https://open.spotify.com/track/77x96TdWdkIia82QqU35SD
2015-11-30T18:19:47Z,Pale Blue Eyes,The Velvet Underground,The Velvet Underground,The Velvet Underground,1969-03,album,1,4,341466,False,USPR36909016,False,1WGZ2aP5SnBPjaEDg2pVDd,1nJvji2KIlWSseXRSlNYsC,4kR4Yr84lErTVOaZ0uiULu,https://open.spotify.com/track/1WGZ2aP5SnBPjaEDg2pVDd
2015-11-16T20:21:37Z,Stompa,Serena Ryder,Harmony,Serena Ryder,2013-08-27,album,1,2,219906,False,CAEZ11200096,False,4kGcW4Tn87Lm9s6pp5a5vM,3jmxkI8Jhv8bHOd2qSiU9j,3SvhxjlhwjIc8KkZcBNd0y,https://open.spotify.com/track/4kGcW4Tn87Lm9s6pp5a5vM
2015-11-16T19:56:57Z,Sex And Candy,Maroon 5,V (Deluxe),Maroon 5,2014-09-02,album,1,13,265573,False,USUM71410381,False,3TXawfi6N6DFjJQ6jNFg8m,04gDigrS5kc9YWfZHwBETP,6i7WCdMCeqUKte5zU8DUUA,https://open.spotify.com/track/3TXawfi6N6DFjJQ6jNFg8m
2015-11-16T19:28:55Z,Chandelier,Twisted Measure,Chandelier,Twisted Measure,2015-04-25,single,1,1,247377,False,USE830999677,False,3uYH99gz6GynHDJkFCqtLO,3mXcNgD2MC7GIMvIoefa4T,7ceKiVu2Vki1yerIJbbqWm,https://open.spotify.com/track/3uYH99gz6GynHDJkFCqtLO
2015-11-16T19:28:53Z,Desire,MEG MYERS,Sorry,MEG MYERS,2015-09-18,album,1,4,284333,True,USAT21302617,False,3kG6GPkDkV2RQTm9QdYN9Z,0W8xe7IqAPlnBRMUpWOUuJ,14Q6NvjUSthc0Xgb5EgtQd,https://open.spotify.com/track/3kG6GPkDkV2RQTm9QdYN9Z
2015-10-19T17:07:49Z,Hold Me Down,Halsey,BADLANDS (Deluxe),Halsey,2015-08-28,album,1,2,204785,False,USUM71507626,False,4U38hORPx8SsUAXGumsUYN,26VFTg2z8YR0cCuwLzESi2,5OZJflQcQCdZLQjtUudCin,https://open.spotify.com/track/4U38hORPx8SsUAXGumsUYN
2015-10-14T19:08:20Z,Devil's in the Detail,Lewis & Leigh,Missing Years,Lewis & Leigh,2015-04-27,single,1,1,224651,False,GBRPC1500001,False,1YTXG50TDmhlBgB4weD29V,4B2rbEj97bSOuTPsw9px2A,0OJa6vuGnW1x5LuejBH68F,https://open.spotify.com/track/1YTXG50TDmhlBgB4weD29V
2015-10-13T21:20:13Z,Worldwide feat. MC Zulu,White Bahamian; MC Zulu,Worldwide,White Bahamian,2014-03-17,single,1,1,291428,False,USQY51437839,False,2RmyJ6FMe0dKrUsKSgqV3y,7slDcaspsNCaIDQenZMPHy; 0f9afvXSbz0PRitPH4dKCN,0kSUBIkokJEtAx6W7cHwiN,https://open.spotify.com/track/2RmyJ6FMe0dKrUsKSgqV3y
2015-10-13T21:13:39Z,Vultures (feat. Ricky Remedy & DeBroka),HXV; Ricky Remedy; Debroka,Vultures (feat. Ricky Remedy & DeBroka),HXV,2015-04-14,single,1,1,246353,False,USUS11203311,False,2mpuDx8v7uILJvQZjTJ8Uf,1hXoXSrYJ6GuWp8CfNok9K; 2nWD5qpzn6rGaBz5gLZvfB; 1aptMgcmdcXNbPZmiBa1PU,5wuZQTpde9Ko1qjNQtxWU0,https://open.spotify.com/track/2mpuDx8v7uILJvQZjTJ8Uf
2015-10-13T20:33:48Z,Flying Spaghetti Monster,Doctor P; Cecile Charlton,Animal Vegetable Mineral - Part 1,Doctor P,2012-09-03,single,1,2,249600,False,GBAHS1200410,False,1UmededMXwZfUFK1ooRxpv,0tgjwsn1Lpjj8kKEvWm0KQ; 6Tj9CKpiT4SJbeMMuutUDQ,5rlOLJ9CcI7mEDAvkbQ3Z2,https://open.spotify.com/track/1UmededMXwZfUFK1ooRxpv
2015-10-13T19:18:00Z,Citizens,Alice Russell,To Dust,Alice Russell,2013-01-01,album,1,13,167400,False,FR9W11211877,False,6yRMD3sIMKJxvK0hcyxPCO,1ga4lWS7NtKo4r9jNSWumc,3CH3Og1AuJJX1BkTbADFes,https://open.spotify.com/track/6yRMD3sIMKJxvK0hcyxPCO
2015-10-13T18:32:20Z,Trustful Hands,The Dø,"Shake, Shook, Shaken",The Dø,2014-10-24,album,1,2,244921,False,FR2MH1400011,False,6Db5vxGoCeXof6JDljfk4f,2mcNCn1qbZUQ3J9KHapUxj,3ef6cT86avQci2qY3BsSwc,https://open.spotify.com/track/6Db5vxGoCeXof6JDljfk4f
2015-10-13T18:19:44Z,Crazy,Kat Dahlia,My Garden,Kat Dahlia,2015-01-09,album,1,3,211320,False,USSM11307839,False,3k8W4gDchU3eW6EAKkIhgw,1peH5tSqnYm8W6Bo3I5egE,7IQvaeTZKibqE8OkOwicM0,https://open.spotify.com/track/3k8W4gDchU3eW6EAKkIhgw
2015-10-13T18:11:41Z,Sideways (feat. Citizen Cope),Santana; Citizen Cope,Shaman,Santana,2002-10-02,album,1,9,280173,False,USAR10201230,False,34DdiMOZFVqMHu0uJ2Vd8a,6GI52t8N5F02MxU0g5U69P; 7enBrBojgBJuPPdqTq4Z5F,5kkPOwoE9ItngbGIF6m3A4,https://open.spotify.com/track/34DdiMOZFVqMHu0uJ2Vd8a
2015-10-13T18:02:43Z,Hold on I'm Coming,Welshly Arms,Covers EP,Welshly Arms,2014-02-25,single,1,1,233026,False,US43C1400001,False,2rpoaMXxAF6n0L6w6D0WfX,1xKrH6GSh9CJh8nYwbqW7B,4ZC174JLjiBVFkV9pNcXAS,https://open.spotify.com/track/2rpoaMXxAF6n0L6w6D0WfX
2015-10-05T18:16:03Z,Feeling Good,Avicii,Feeling Good,Avicii,2015-05-06,single,1,1,228938,False,CHB701400124,False,7oDjaRDdf9zNQ8N3yRjQwF,1vCWHaC5f2uS3yhpwWbIA6,61PsRCFu5HEOfH2Dv52PNv,https://open.spotify.com/track/7oDjaRDdf9zNQ8N3yRjQwF
2015-10-05T17:31:47Z,Powerful (feat. Ellie Goulding & Tarrus Riley),Major Lazer; Ellie Goulding; Tarrus Riley,Peace Is The Mission,Major Lazer,2015-05-29,album,1,5,206327,False,QMUY41500013,False,4oyWrvyORD6uCSYCLSRF6W,738wLrAtLtCtFOLvQBXOXp; 0X2BH1fck6amBIoJhDVmmJ; 4frHO7KPcfMjhnVdIMJ98c,2XBnxKeRZi76u2iyGcMych,https://open.spotify.com/track/4oyWrvyORD6uCSYCLSRF6W
2015-10-05T17:22:13Z,Half About Being a Woman,Caroline Smith,Half About Being a Woman,Caroline Smith,2013-10-08,album,1,4,224786,False,USA6B1311504,False,4sOlKj8VgiCtlS3hOj6dBS,47blM5Op3BJODxUJImwdYE,5CTRcdwpLSIc80Mg4BHCFS,https://open.spotify.com/track/4sOlKj8VgiCtlS3hOj6dBS
2015-09-28T21:21:20Z,Impossible,LION BABE,Impossible,LION BABE,2015-07-24,single,1,1,158394,False,GBUM71503673,False,4fsh0YNQNrmx3xE2P3rNpq,4VA3EAvncrTucjTmrvd4GE,6unZnG2vAtTQhJMsh2blWp,https://open.spotify.com/track/4fsh0YNQNrmx3xE2P3rNpq
2015-09-28T20:04:50Z,Weight In Gold,Gallant,Weight In Gold,Gallant,2015-06-30,single,1,1,203579,False,USYBL1500524,False,6W9diysjR1V67SRLaygwlI,7wFDo161xYdeaiLz3KIHoM,0Uz4Zl4kG29BB63jSwC13x,https://open.spotify.com/track/6W9diysjR1V67SRLaygwlI
2015-09-28T20:02:29Z,Forever Mine,Andra Day,Forever Mine,Andra Day,2015-05-26,single,1,1,199079,False,USWB11505245,False,5jo1j0yX8cHIgNkSOO1bqW,1c4rxrxy8eDLvMVL1DTiBe,3BX2Wtagpgpoa789Y0Mzer,https://open.spotify.com/track/5jo1j0yX8cHIgNkSOO1bqW
2015-09-28T19:39:38Z,The Way (feat. Chance the Rapper),Kehlani; Chance the Rapper,You Should Be Here,Kehlani,2015-04-28,album,1,7,262520,True,USAT21500813,False,6mzaCRuLTRiz1caGOum3zT,0cGUm45nv7Z6M6qdXYQGTX; 1anyVhU62p31KFi8MEzkbf,34JNly8P6uZRKTGnmmLNAt,https://open.spotify.com/track/6mzaCRuLTRiz1caGOum3zT
2015-09-28T19:26:37Z,Re.Up,Rationale,Re.Up,Rationale,2015-08-21,single,1,1,191351,False,UK9EY1500007,False,1XikNhKHn8kgdg4WicAIcx,2IQDM5URYGYfSMmwhTCmyy,4KRHEVOjJNlTiBMMNSWzlD,https://open.spotify.com/track/1XikNhKHn8kgdg4WicAIcx
2015-09-28T15:02:08Z,OctaHate,Ryn Weaver,The Fool,Ryn Weaver,2015-06-02,album,1,2,204306,False,USUM71411253,False,7JVfDagtyWy9bYsaf37H9K,2MuFzH1J5I6gGFYo2qhZmX,4967HGjmvsMtcOZ3AaPfI4,https://open.spotify.com/track/7JVfDagtyWy9bYsaf37H9K
2015-09-28T14:40:49Z,James Dean,JR JR,James Dean,JR JR,2014-09-30,single,1,1,176255,False,USWB11402612,False,0yeBjnVge8MxXnVWNAi9lh,3VAxb3UskTNiHAKh4UeOEv,1AE7Grp6jq9j0HwcNictBj,https://open.spotify.com/track/0yeBjnVge8MxXnVWNAi9lh
2015-09-28T14:40:44Z,Addicted To Love,Alex Clare,Three Hearts,Alex Clare,2014-05-26,album,1,13,264854,False,GBUM71402593,False,10GRKHhhLvFXjKiBI3Yx2k,5Tf4EH8tDvznnjULcFxkIl,5kuYstYQHPHOGyZx4RtV5h,https://open.spotify.com/track/10GRKHhhLvFXjKiBI3Yx2k
2015-09-28T13:55:42Z,This Land Is Your Land,My Morning Jacket,This Land Is Your Land,My Morning Jacket,2014-10-20,single,1,1,265667,False,USUM71414980,False,6VbsBYL6FzRhgcyDbGrXtx,43O3c6wewpzPKwVaGEEtBM,7GqOjbSIwcpmPBGqXU7GAJ,https://open.spotify.com/track/6VbsBYL6FzRhgcyDbGrXtx
2015-09-28T13:55:34Z,Waiting Game,BANKS,Goddess (Deluxe),BANKS,2014-01-01,album,1,3,207718,False,USUM71310457,False,27mT3JdR3sRJyiMBFHdhB4,2xe8IXgCTpwHE3eA9hTs4n,1eeYYgK208xvkCEGkYqWah,https://open.spotify.com/track/27mT3JdR3sRJyiMBFHdhB4
2015-09-28T13:48:02Z,Oats In The Water,Ben Howard,Every Kingdom,Ben Howard,2011,album,2,2,299381,False,GBUM71206832,False,1HidXiBQMyHrTf94vxiOLi,5schNIzWdI9gJ1QRK8SBnc,1HWi1cL1VGLCiIYGfvHJmG,https://open.spotify.com/track/1HidXiBQMyHrTf94vxiOLi
2015-09-23T19:23:58Z,Hit 'Em up Style,Carolina Chocolate Drops,Genuine Negro Jig,Carolina Chocolate Drops,2010,album,1,4,237890,False,USNO10900368,False,4Cfn1AAAAUJC9cI4AwGAld,6H8Sj9gFyDYJ3T63LA3DKz,7gXh0cuAlgJhr9sr3bi3l9,https://open.spotify.com/track/4Cfn1AAAAUJC9cI4AwGAld
2015-09-23T17:44:50Z,Ignition (Remix),R. Kelly,The R. In R&B Collection: Volume 1,R. Kelly,2003-09-11,compilation,1,5,187733,False,USJI10300001,False,0nmxH6IsSQVT1YEsCB9UMi,2mxe0TnaNL039ysAj51xPQ,0mfaOc6KL6Kak3DYUyjNVl,https://open.spotify.com/track/0nmxH6IsSQVT1YEsCB9UMi
2015-09-22T15:48:44Z,Bang Bang,Lawrence Taylor,Bang Bang - Single,Lawrence Taylor,2015-06-17,single,1,1,184192,False,SE3OH1509575,False,5qkLfWFBPgswma3bJ6pDza,7so1HCxGkBmfqdvIF5HzkT,3nTrP63x9yhpPv4nOBOyDA,https://open.spotify.com/track/5qkLfWFBPgswma3bJ6pDza
2015-09-22T15:37:57Z,Eyes Shut,Olly Alexander (Years & Years),Eyes Shut,Olly Alexander (Years & Years),2015-06-29,single,1,1,198226,False,GBUM71501268,False,734ZPMwMv2KqMIKrhTo1Fo,5vBSrE1xujD2FXYRarbAXc,48Dq7sZxDZtLKm6lHmeFW2,https://open.spotify.com/track/734ZPMwMv2KqMIKrhTo1Fo
2015-09-22T15:33:57Z,Pony,Pretty Sister,Now // Later,Zak Waters; Pretty Sister,2014-06-17,single,1,3,216770,False,USQY51487365,False,1oJG2sBvVB6qLP69srQDn4,4bvWFV51SAEocM22uiDOza,7HD8CBy2gBZriRN50Uanvb,https://open.spotify.com/track/1oJG2sBvVB6qLP69srQDn4
2015-09-22T14:44:57Z,Here,Alessia Cara,Here,Alessia Cara,2015-05-01,single,1,1,200226,False,USUM71506251,False,2jplimH0b7Abf5LQSPx27A,2wUjUUtkb5lvLKcGKsKqsR,4qyAJoXhPbv8xLoGQ2JSal,https://open.spotify.com/track/2jplimH0b7Abf5LQSPx27A
2015-09-22T13:56:02Z,"It's a Man's, Man's, Man's World - Live",Young the Giant,Spotify Sessions,Young the Giant,2014-01-21,single,1,6,179458,False,USAT21402297,False,1g0c4KNfzaOQKQOl4VKzRh,4j56EQDQu5XnL7R3E9iFJT,5ZKto9RhFJgBIeRDM90xss,https://open.spotify.com/track/1g0c4KNfzaOQKQOl4VKzRh
2015-09-21T16:09:29Z,Ignition,The Wind and The Wave,Covers One,The Wind and The Wave,2015-02-17,album,1,5,184840,False,USRC11500113,False,3I12TqrKRdt3X5v7kppWvh,5GMZzcgmUwopsHBB7TyCsy,34WkSeCkKh4wMsz7AFtU0F,https://open.spotify.com/track/3I12TqrKRdt3X5v7kppWvh
2015-09-21T16:09:20Z,Wild Horses - Acoustic Version,The Rolling Stones,Sticky Fingers (Deluxe),The Rolling Stones,1971-04-23,album,2,2,347493,False,GBUM71502356,False,6iMqdc7qFspNW9Y5wnQP8d,22bE4uQ6baNwSHPVcDxLCe,5t59EkgjG0CEwuiCCQRkOj,https://open.spotify.com/track/6iMqdc7qFspNW9Y5wnQP8d
2015-09-21T15:58:45Z,Bennie And The Jets,Miguel; Wale,Goodbye Yellow Brick Road (40th Anniversary Celebration/ Super Deluxe Edition),Elton John,1973-10-05,album,2,2,310053,False,GBUM71305090,False,4YwTyGTWpUPyIykESGhUm1,360IAlyVv4PCEVjgyMZrxK; 67nwj3Y5sZQLl72VNUHEYE,6Gp6qSE1ywXCLjal5NUWUE,https://open.spotify.com/track/4YwTyGTWpUPyIykESGhUm1
2015-09-21T15:51:58Z,My Song 5,HAIM; A$AP Ferg,My Song 5,HAIM,2014-01-01,single,1,1,224426,True,GBUM71403785,False,0njpZrlEqAQGxHMW5dSxun,4Ui2kfOqGujY81UcPrb5KE; 5dHt1vcEm9qb8fCyLcB3HL,4nnCluuyCzG4ZpaGI4SckA,https://open.spotify.com/track/0njpZrlEqAQGxHMW5dSxun
2015-09-21T15:16:10Z,When I Get My Hands On You,The New Basement Tapes,Lost On The River,The New Basement Tapes,2014-08-19,album,1,7,190400,False,USUM71411811,False,4Fs6KJzg4d0xrGZt7wrC0M,2oQpz9DEfhuSbuT8hjhTDK,0P08GE8Ep1eBK9dOnaYdRq,https://open.spotify.com/track/4Fs6KJzg4d0xrGZt7wrC0M
2015-09-21T13:55:30Z,No Sugar In My Coffee,Caught A Ghost,Human Nature,Caught A Ghost,2014-04-01,album,1,1,208213,False,USLGZ1300028,False,3eu6yCblDDyuqvDTkPZksu,2e898fil1F5umrc2LBtV93,3LVkJWEqCJPiMghOrOnXUi,https://open.spotify.com/track/3eu6yCblDDyuqvDTkPZksu
2015-09-18T19:23:53Z,Nightcall,Kavinsky,Nightcall,Kavinsky,2010-04-02,single,1,1,259933,False,FRS710900410,False,5lCJIgiqGmkc7uP6YJ0COc,0UF7XLthtbSF2Eur7559oV,24rARFr5VnxCddpf5287F5,https://open.spotify.com/track/5lCJIgiqGmkc7uP6YJ0COc
2015-09-18T19:21:37Z,You've Been Fooling Me Baby,Cousin Marnie,Is Sleeping,Cousin Marnie,2013-08-04,single,1,1,178532,False,GBKPL1361129,False,7sNxAzupm9epXwbjPfkHp8,5su4v23I8VNF1gJC3UqXnH,6xFq2VCFcoXjYi4ljdcQgx,https://open.spotify.com/track/7sNxAzupm9epXwbjPfkHp8
2015-09-18T19:18:05Z,When It Rains (Instrumental),Dag Savage,The Dag Savage EP,Dag Savage,2013-01-15,single,1,13,165717,False,US6680912773,False,5U96URUhFGBPVSQe9ufKra,3Q0Xvl8alOCwCUEvNW9bwR,2by0Zpu5EiXakOG3QtpgIF,https://open.spotify.com/track/5U96URUhFGBPVSQe9ufKra
2015-09-18T19:03:47Z,Gooey Rework,Glass Animals; Chester Watson,Gooey,Glass Animals,2014-04-04,single,1,3,185706,False,GB2DY1400005,False,4Q5pWw7uhQecE3lCdbuziA,4yvcSjfu4PC0CYQyLy4wSq; 1vmLIa1VRY38hZoar8AyYS,56st0yyb1uGIZ92t2vGYcD,https://open.spotify.com/track/4Q5pWw7uhQecE3lCdbuziA
2015-09-18T18:35:35Z,Love's On Fire,Nikki Lane,All Or Nothin' (Deluxe),Nikki Lane,2015-05-08,album,1,6,209626,False,US27Q1463066,False,3qpiQWU75LbX8cofMaOoef,2kWeFaiHBskk8oqky3KHcR,0I1mImXzY2xK7XXR5bksYi,https://open.spotify.com/track/3qpiQWU75LbX8cofMaOoef
2015-09-15T14:40:18Z,Come Up Man,G. Love & Special Sauce,Sugar,G. Love & Special Sauce,2014-01-01,album,1,1,153853,False,USUG11400060,False,2McXUaQpIqJhr3UNWe1cLn,74fkl73HDlCXw0l6cemB89,2ZRfzaPCSPGKggZMTZDYBg,https://open.spotify.com/track/2McXUaQpIqJhr3UNWe1cLn
2015-09-15T13:57:06Z,Girl Crush,Little Big Town,Pain Killer,Little Big Town,2014-10-17,album,1,5,193320,False,USUG11401286,False,11qh54D0PKkBwelpDxxiEU,3CygdxquGHurS7f9LjNLkv,49lwR8y1i51wrQRnhw5C3H,https://open.spotify.com/track/11qh54D0PKkBwelpDxxiEU
2015-09-15T13:47:16Z,Sedona,Houndmouth,Little Neon Limelight,Houndmouth,2015-03-17,album,1,1,239880,False,GBCVZ1403597,False,2kG5litgxXvx6ZRgwO1v7W,7EGwUS3c5dXduO4sMyLWC5,4DL8KCLfnDpUQRyDR5dKvt,https://open.spotify.com/track/2kG5litgxXvx6ZRgwO1v7W
2015-09-15T13:35:07Z,Long Way Down,Robert DeLong,Long Way Down,Robert DeLong,2014-11-10,single,1,1,233986,True,USYAH1400066,False,3rDDKOZbYKC80OWo5XTn7B,42crL07E4WPfVovyUtMpvC,2rFH6metCvPBHy15m81oCs,https://open.spotify.com/track/3rDDKOZbYKC80OWo5XTn7B
2015-09-08T18:42:55Z,Left Hand Free,alt-J,This Is All Yours,alt-J,2014-09-22,album,1,5,173630,False,GBZUZ1400272,False,4iEOVEULZRvmzYSZY2ViKN,3XHO7cRUPCLOr6jwp8vsx5,4oktVvRuO1In9B7Hz0xm0a,https://open.spotify.com/track/4iEOVEULZRvmzYSZY2ViKN
2015-09-08T17:50:52Z,The River,Son Little,Things I Forgot,Son Little,2014-11-10,single,1,1,273949,False,USEP41402003,False,1BRKuFsEPtzg7Xssl2hBXr,4lujUKeO6nQAJXpq37Epn7,1WTWD8hGSLsNYaZQ4zOGkC,https://open.spotify.com/track/1BRKuFsEPtzg7Xssl2hBXr
2015-09-08T17:33:48Z,One Time,Marian Hill,Sway,Marian Hill,2015-02-17,album,1,1,217613,False,TCABU1440576,False,1Z4UKak2eNteHFZkwiYPNz,1xHQO9GJIW9OXHxGBISYc5,4GgwHp794AzZkv2hh8geZu,https://open.spotify.com/track/1Z4UKak2eNteHFZkwiYPNz
2015-09-08T17:27:53Z,Inside Out,Spoon,They Want My Soul,Spoon,2014-08-05,album,1,2,301960,False,USUG11400501,False,7qCZgvV98j6RjUULW1s1it,0K1q0nXQ8is36PzOKAMbNe,55TZx6GWm1hlEbRgkGRjma,https://open.spotify.com/track/7qCZgvV98j6RjUULW1s1it
2015-09-08T16:54:28Z,Try a Little Tenderness,Otis Redding,Complete & Unbelievable: The Otis Redding Dictionary of Soul,Otis Redding,1966-10-15,album,1,5,201733,False,USAT29902035,False,36AlMHDBFwSsD3FQOy1R81,60df5JBRRPcnSpsIMxxwQm,25uNcuL4dAoV62eKmr8Q0Y,https://open.spotify.com/track/36AlMHDBFwSsD3FQOy1R81
2015-09-08T16:54:24Z,I Put A Spell On You,Annie Lennox,Nostalgia,Annie Lennox,2014-10-21,album,1,3,212047,False,GBUM71403864,False,3sesq9P6ndjuqaq5om7sxT,5MspMQqdVbdwP6ax3GXqum,1REqQsUK0WRYQVzsmdsj04,https://open.spotify.com/track/3sesq9P6ndjuqaq5om7sxT
2015-09-08T16:49:40Z,Ain't That A Kick In The Head - RJD2 Remix,Dean Martin; RJD2,Ain't That A Kick In The Head (RJD2 Remix),Dean Martin; RJD2,2015-01-30,single,1,1,167120,False,USUM71500320,False,5WmRzgwwlTdDJxCLRN1l81,49e4v89VmlDcFCMyDv9wQ9; 1O3ZOjqFLEnbpZexcRjocn,2gTYl4rfb66tKgi8LK5u4A,https://open.spotify.com/track/5WmRzgwwlTdDJxCLRN1l81
2015-09-07T19:12:54Z,Still Crazy After All These Years,Paul Simon,Still Crazy After All These Years,Paul Simon,1975-10-25,album,1,1,206041,False,USSM11002301,False,3gIBSlXYIN1mru35l4LWPB,2CvCyf1gEVhI0mX6aFXmVI,4A366gjTrYQwmRtkTezF2W,https://open.spotify.com/track/3gIBSlXYIN1mru35l4LWPB
2015-08-31T17:25:33Z,Ignition / Do You... (Mashup),Phoebe Ryan,Mine EP,Phoebe Ryan,2015-06-09,single,1,4,227400,False,USSM11503640,False,4qZPdHRnZ7jwqg4peT2n9A,4N874uPqBka1QiCvnCVOtr,3xCqAU2CP0ktv1yavl3d2i,https://open.spotify.com/track/4qZPdHRnZ7jwqg4peT2n9A
2015-08-31T15:37:34Z,"(Sittin' On) The Dock of the Bay - Live at the Variety Playhouse, Atlanta, GA - May 2013",Sara Bareilles,Brave Enough: Live at the Variety Playhouse,Sara Bareilles,2013-10-22,album,1,4,304355,False,USSM11305381,False,30zvH4mMqm8DOITbCU4DBx,2Sqr0DXoaYABbjBo9HaMkM,2CpCGSLRuZvMvghpMYrmUG,https://open.spotify.com/track/30zvH4mMqm8DOITbCU4DBx
2015-08-31T15:25:16Z,We Don't Have To Take Our Clothes Off,Ella Eyre,Ella Eyre,Ella Eyre,2015-01-12,single,1,5,230711,False,GBUM71306060,False,48wSJ6NhMFYYB6LjdnPNjM,66TrUkUZ3RM29dqeDQRgyA,4zI5xpR9M6VLJsdb3zgzT5,https://open.spotify.com/track/48wSJ6NhMFYYB6LjdnPNjM
2015-08-31T15:21:16Z,I Feel A Sin Comin' On,Pistol Annies; Miranda Lambert; Ashley Monroe; Angaleena Presley,Annie Up,Pistol Annies; Miranda Lambert,2013-05-07,album,1,1,197813,False,USRN11300008,False,2UJCeZzKOzrH6utaz7NoFr,2wSgVsgLUZeDJwoLcPO7ny; 66lH4jAE7pqPlOlzUKbwA0; 37BiX28I6pF104F92U1hDP; 7hmwyQifkGl8GgOMVJZvW0,2npDnxNIX1mnm332JezYVG,https://open.spotify.com/track/2UJCeZzKOzrH6utaz7NoFr
2015-08-25T16:04:28Z,Smokin' Love,Stick Figure; Collie Buddz,Smokin' Love,Stick Figure,2014-06-03,single,1,1,217244,False,USQY51480578,False,3vZOFm8dqHgYaLFGV0aLkI,5SXEylV07TC57eanSxxg4R; 5Ayl2bJtN5mdCsxZoxs9n1,02bmyguALyMF6lo1tHO8Wo,https://open.spotify.com/track/3vZOFm8dqHgYaLFGV0aLkI
2015-08-25T15:48:46Z,Riot (feat. Damian Marley),Sean Paul; Damian Marley,Strictly The Best Vol. 49,Strictly The Best,2013-12-13,compilation,1,1,198426,False,USAT21303379,False,6Md0kfUo2FipIY9eldMebk,3Isy6kedDrgPYoTS1dazA9; 3QJzdZJYIAcoET1GcfpNGi,334WsRIJgJaYZ1617EcCeR,https://open.spotify.com/track/6Md0kfUo2FipIY9eldMebk
2015-08-25T15:08:09Z,Really Like You,Sara Lugo; Protoje,Hit Me with Music,Sara Lugo,2014-10-17,album,1,2,226040,False,DEH901400331,False,3BwnpT7nzl064kmSu9MQAz,3DQQA7JVJvdcdcKArfwitT; 7BGR8y1VZAWK2oR4zD9COr,00ACvNhdJbEAnymLLFmymM,https://open.spotify.com/track/3BwnpT7nzl064kmSu9MQAz
2015-08-24T17:12:59Z,So. Good.,Johnny Stimson,So. Good.,Johnny Stimson,2015-04-13,single,1,1,227069,False,TCACF1521173,False,1GJNXjCzhaqivYTKVvm5lh,00OF0nwYaoBSO3AnPVq3vE,43zBgYIu8JoTnfwxM3RUYh,https://open.spotify.com/track/1GJNXjCzhaqivYTKVvm5lh
2015-08-24T16:07:55Z,Trouble,Iggy Azalea; Jennifer Hudson,Reclassified,Iggy Azalea,2014-10-01,album,1,6,166317,True,GBUM71405575,False,6iAQHemp1D2VSSPk74Dor3,5yG7ZAZafVaAlMTeBybKAL; 35GL8Cu2GKTcHzKGi75xl5,4z4Pgh0fNUQkmGP4K1XxDb,https://open.spotify.com/track/6iAQHemp1D2VSSPk74Dor3
2015-08-24T15:52:37Z,S.O.B.,Nathaniel Rateliff & The Night Sweats,S.O.B.,Nathaniel Rateliff & The Night Sweats,2015-01-01,single,1,1,247426,True,USC4R1503363,False,45Z9SQmHi1nCIevliOVtaz,02seUFsFQP7TH4hLrTj77o,1IJTTZwMPAgXApak2v9tWI,https://open.spotify.com/track/45Z9SQmHi1nCIevliOVtaz
2015-08-24T14:58:28Z,Worry,Jack Garratt,Remnants,Jack Garratt,2014-10-24,single,1,3,241320,False,QMFMG1471602,False,5MMHFFOpRRvdcXBrrSsnth,1Zp054Jc86WVKCxKEqZGOA,65WvR35R3zQrgFf27Ux9UU,https://open.spotify.com/track/5MMHFFOpRRvdcXBrrSsnth
2015-08-24T14:56:29Z,Pusher Love Girl,Justin Timberlake,The 20/20 Experience,Justin Timberlake,2013-03-15,album,1,1,482360,False,USRC11300060,False,4tVEJTR4VgBvvb2R6phA2v,31TPClRtHm23RisEBtV3X7,41br7lBSZOr9RjJAjk0om6,https://open.spotify.com/track/4tVEJTR4VgBvvb2R6phA2v
2015-08-20T19:26:37Z,Banshee,Kendra Morris,Banshee,Kendra Morris,2012-08-28,album,1,12,226973,False,QMP4K1200012,False,5A245vJYcNlMxp8V7hr3nq,7rtM2wPKQlFpsm0C4qJlDk,3LGCVa8VfjZoFFzFBjtvlu,https://open.spotify.com/track/5A245vJYcNlMxp8V7hr3nq
2015-08-20T19:20:32Z,Grizzly Bear,Angus & Julia Stone,Angus & Julia Stone (Deluxe),Angus & Julia Stone,2014-08-01,album,1,3,248520,False,AUAP11400004,False,0IJ1ijo3uoJzy6ZE5wxJio,4tvKz56Tr39bkhcQUTO0Xr,4DnMkBr1AH6IMP5wORp7Ag,https://open.spotify.com/track/0IJ1ijo3uoJzy6ZE5wxJio
2015-08-20T19:10:05Z,You Can Bring Me Flowers,Ray LaMontagne,Till The Sun Turns Black,Ray LaMontagne,2006-08-29,album,1,6,252280,False,USRC10600340,False,2rmbBDPbLjvK2Qxx4RoNFk,6DoH7ywD5BcQvjloe9OcIj,6teArUjXEHY8nEbWiOf1Hq,https://open.spotify.com/track/2rmbBDPbLjvK2Qxx4RoNFk
2015-08-20T18:53:14Z,Love Letter,Clairy Browne & The Bangin' Rackettes,Baby Caught The Bus,Clairy Browne & The Bangin' Rackettes,2013-01-01,album,1,1,184640,False,AU3C21100006,False,5bwDasxZyc1Ehn8Y5Th323,4wD2i7Mq4ue63myHCX8OPf,4puiUhKkRr1YmL3pTrNSN5,https://open.spotify.com/track/5bwDasxZyc1Ehn8Y5Th323
2015-08-20T18:49:31Z,Hard On Me,Gorgon City; Maverick Sabre,Sirens,Gorgon City,2014-01-01,album,1,13,277293,False,GBUM71404090,False,0QhFYIdy09ea7hHfYglHgr,4VNQWV2y1E97Eqo2D5UTjx; 0ukgrNYk51TkMQr0f2Br4Q,7MQaCAAj19jwc9WKNZTcJG,https://open.spotify.com/track/0QhFYIdy09ea7hHfYglHgr
2015-08-20T18:39:38Z,Bad Intentions,Niykee Heaton,Bad Intentions,Niykee Heaton,2014-01-01,single,1,1,198167,False,USUM71406584,False,5uikGLo0VR0LfqxMQAYxnx,63bCkf4n15jiKjHhLV7kSZ,2o4GTJUeIAvL7gfQ4VHIIM,https://open.spotify.com/track/5uikGLo0VR0LfqxMQAYxnx
2015-08-04T21:00:21Z,Speedom (Wwc2),Tech N9ne; Eminem; Krizz Kaliko,Special Effects,Tech N9ne,2015-05-04,album,1,15,295306,True,USZHR1500016,False,33MpATo5CCG2ennj6LAlYq,6UBA15slIuadJ8h2lPRPos; 7dGJo4pcD2V6oG8kP0tJRR; 3SEJQy90Vgg1aSnZ9b4AU9,63uxYglJtSneGlHf5MKWfl,https://open.spotify.com/track/33MpATo5CCG2ennj6LAlYq
2015-08-04T21:00:03Z,Worldwide Choppers,Tech N9ne,All 6's And 7's,Tech N9ne,2011-06-07,album,1,6,326426,True,USZXT1109711,False,2Lo2BWhhlZSJds2yBhxoet,6UBA15slIuadJ8h2lPRPos,0ytQrBinlg9hb4uoaEmk37,https://open.spotify.com/track/2Lo2BWhhlZSJds2yBhxoet
2015-08-04T20:05:44Z,Here We Go,Lower Than Atlantis,Here We Go,Lower Than Atlantis,2014-06-03,single,1,1,222613,False,GBARL1400744,False,0UNh0YUvEmh3RKQbdsjNd8,1kF0gYnHLUJvFuPdoowO02,7kxXpjF8tyZVx9fq2fvveQ,https://open.spotify.com/track/0UNh0YUvEmh3RKQbdsjNd8
2015-08-04T19:36:31Z,Lydia,Highly Suspect,Lydia,Highly Suspect,2015-03-17,single,1,1,242560,True,QMCE31500196,False,6sj9rODkg2fpS30JlWbb2t,2pqd3HsfsvcBGtHvPOg6eg,1n6UO4Rtwog7rnxr3DGXdb,https://open.spotify.com/track/6sj9rODkg2fpS30JlWbb2t
2015-05-26T15:48:42Z,Room 302,Future Brown; Tink,Future Brown,Future Brown,2015-02-23,album,1,1,179393,False,GBBPW1400336,False,72cNXi5bEBmc5ywrnrIldV,5WqNY6156QUWkqhrrie1Bp; 4v6XOdonnfpdTKTRJArG7v,122tOxM4tdKNXLwuImfnSz,https://open.spotify.com/track/72cNXi5bEBmc5ywrnrIldV
2015-05-01T20:32:32Z,Wonder Woman,LION BABE,Wonder Woman,LION BABE,2015-03-23,single,1,1,198110,False,GBUM71501079,False,3xPKDnxAoq7QGBbxWrwWZZ,4VA3EAvncrTucjTmrvd4GE,4dtFAZKWHVEFkLr3Hphg5Y,https://open.spotify.com/track/3xPKDnxAoq7QGBbxWrwWZZ
2015-04-20T20:40:26Z,Better Man,Leon Bridges,Coming Home,Leon Bridges,2015-02-03,single,1,2,141480,False,USQX91500056,False,58vvWxNX1uQVs0ZRBAOfOi,3qnGvpP8Yth1AqSBMqON5x,3BTQHNtVLjqVHKIRb3CZwj,https://open.spotify.com/track/58vvWxNX1uQVs0ZRBAOfOi
2015-04-20T20:34:57Z,Never Had Nobody Like You,M. Ward,Hold Time,M. Ward,2009-02-17,album,1,2,146200,False,USMRG0932302,False,7LT6dkoxfUavcBDe7RYgog,6nXSnNEdLuKTzAQozRtqiI,4C8AUW89DL5LE5ikBBm4sp,https://open.spotify.com/track/7LT6dkoxfUavcBDe7RYgog
2015-04-19T14:16:56Z,Pedestrian at Best,Courtney Barnett,Pedestrian at Best,Courtney Barnett,2015-01-30,single,1,1,230560,False,GBX721400144,False,7kGXaFUi09CYndPllORUXb,4OOlG5eBXSkSAAEeKjJb5Y,3fQ3BtKOXpLCPT41s9Pvd3,https://open.spotify.com/track/7kGXaFUi09CYndPllORUXb
2015-04-03T13:57:43Z,Secret Garden,Sway Clarke; Tink,Secret Garden,Sway Clarke,2014-09-02,single,1,1,236831,False,USUM71412649,False,5NLsXRREseHoILErdf4RGs,1chXzMmrrsZU1vnIMMepTr; 4v6XOdonnfpdTKTRJArG7v,2zjJkqgxdgQLcrTuvMzRKb,https://open.spotify.com/track/5NLsXRREseHoILErdf4RGs
2015-02-17T23:27:59Z,I'm an Albatraoz,AronChupa; Little Sis Nora,I'm an Albatraoz,AronChupa; Little Sis Nora,2014-08-08,single,1,1,166848,True,SEYOK1406001,False,5MhsZlmKJG6X5kTHkdwC4B,5vCOdeiQt9LyzdI87kt5Sh; 1KYt3TMGpa1LtVi0m2A0F9,1qHVYbxQ6IS8YRviorKDJI,https://open.spotify.com/track/5MhsZlmKJG6X5kTHkdwC4B
2015-02-17T22:31:04Z,Only,Nicki Minaj; Drake; Lil Wayne; Chris Brown,The Pinkprint (Deluxe),Nicki Minaj,2014-12-15,album,1,6,312026,True,USCM51400340,False,4MRT0dDbhqFKl67WzhUbSw,0hCNtLu0JehylgoiP8L4Gh; 3TVXtAsR1Inumwj472S9r4; 55Aa2cqylxrFIXC767Z865; 7bXgB6jMjp9ATFy66eO08Z,5ooCuPIk58IwSo6DRr1JCu,https://open.spotify.com/track/4MRT0dDbhqFKl67WzhUbSw
2015-02-17T22:30:36Z,Stuck On a Feeling (feat. Snoop Dogg),Prince Royce; Snoop Dogg,Stuck On a Feeling (feat. Snoop Dogg),Prince Royce,2014-11-24,single,1,1,210343,False,USSD11400306,False,467EtYDw801TKMxMtGCsFO,3MHaV05u0io8fQbZ2XPtlC; 7hJcb9fa4alzcOq3EaNPoG,0C5qIv6pSKM49WMeWzcaMU,https://open.spotify.com/track/467EtYDw801TKMxMtGCsFO
2015-02-01T18:45:06Z,Super Rich Kids,Frank Ocean; Earl Sweatshirt,channel ORANGE,Frank Ocean,2012-07-10,album,1,7,304760,True,USUM71207196,False,0725YWm6Z0TpZ6wrNk64Eb,2h93pZq0e7k5yf4dywlkpM; 3A5tHz1SfngyOZM2gItYKu,392p3shh2jkxUxY2VHvlH8,https://open.spotify.com/track/0725YWm6Z0TpZ6wrNk64Eb
2015-01-26T18:02:33Z,Oh What A World,Rufus Wainwright,Want One,Rufus Wainwright,2003-01-01,album,1,1,263133,False,USDW10300496,False,7m4EQHDDp1kZJMgWtIlOe9,2PfBzriIMRsCXPDtSy9vg8,2Qm5ktUSJeRSP7nNVKfnPO,https://open.spotify.com/track/7m4EQHDDp1kZJMgWtIlOe9
2015-01-26T18:01:30Z,Vibrate,Rufus Wainwright,Want One,Rufus Wainwright,2003-01-01,album,1,7,163600,False,USDW10300502,False,09aDwFtTyjUfjYGFlpDQse,2PfBzriIMRsCXPDtSy9vg8,2Qm5ktUSJeRSP7nNVKfnPO,https://open.spotify.com/track/09aDwFtTyjUfjYGFlpDQse
2015-01-15T18:25:57Z,Budapest,George Ezra,Did You Hear the Rain?,George Ezra,2013-11-03,single,1,1,202120,False,GBARL1301120,False,48gsLPdOUEDjr7P8Wvykne,2ysnwxxNtSgbb9t1m2Ur4j,17a7gzqcZt6SjXRQVoXN6M,https://open.spotify.com/track/48gsLPdOUEDjr7P8Wvykne
2015-01-15T15:24:45Z,Electric Love,BØRNS,Candy,BØRNS,2014-11-10,single,1,1,218160,False,USUM71416307,False,0zulYs8vHhhN0hl8wvYgdv,1KP6TWI40m7p3QBTU6u2xo,3QykM79uWpxMEc3e29D711,https://open.spotify.com/track/0zulYs8vHhhN0hl8wvYgdv
2015-01-14T20:54:57Z,"Earned It (Fifty Shades Of Grey) - From The ""Fifty Shades Of Grey"" Soundtrack",The Weeknd,"Earned It (Fifty Shades Of Grey) [From The ""Fifty Shades Of Grey"" Soundtrack]",The Weeknd,2014-12-23,single,1,1,252226,False,USUG11401951,False,2PIvq1pGrUjY007X5y1UpM,1Xyo4u8uXC1ZmMpatF05PJ,61Ba3txRZWfiX6ZTEZlFCV,https://open.spotify.com/track/2PIvq1pGrUjY007X5y1UpM
2015-01-13T17:07:56Z,Rumble,Kelis,Rumble,Kelis,2014-02-12,single,1,1,193546,False,GBCFB1306800,False,7iX0HyQ120nNwTtCAwyw06,0IF46mUS8NXjgHabxk2MCM,759SdyExciW43xFspGjbzL,https://open.spotify.com/track/7iX0HyQ120nNwTtCAwyw06
