Date Key,Day of Week Name,Day of Week Number,Day of Month,Day of Year,Week Start Date,Is Weekend,Calendar Year,Calendar Month,Calendar Month Name,Calendar Quarter,Fiscal Year,Fiscal Quarter,Fiscal Period,Fiscal Period Name,Fiscal Week of Year,Fiscal Week of Period,Fiscal Year Day Number,Is 53rd Week,Fiscal Season,Fiscal Year Start Date,Fiscal Year End Date,Fiscal Quarter Start Date,Fiscal Quarter End Date,Fiscal Period Start Date,Fiscal Period End Date,Fiscal Season Start Date,Fiscal Season End Date,Fiscal Quarter Day Number,Fiscal Period Day Number,Fiscal Season Day Number,Prior Year Date
2021-01-03,Sunday,1,3,3,2021-01-03,Y,2021,1,January,1,2021,1,1,P01,1,1,1,N,H1,2021-01-03,2022-01-01,2021-01-03,2021-04-03,2021-01-03,2021-01-30,2021-01-03,2021-07-03,1,1,1,
2021-01-04,Monday,2,4,4,2021-01-03,N,2021,1,January,1,2021,1,1,P01,1,1,2,N,H1,2021-01-03,2022-01-01,2021-01-03,2021-04-03,2021-01-03,2021-01-30,2021-01-03,2021-07-03,2,2,2,
2021-01-05,Tuesday,3,5,5,2021-01-03,N,2021,1,January,1,2021,1,1,P01,1,1,3,N,H1,2021-01-03,2022-01-01,2021-01-03,2021-04-03,2021-01-03,2021-01-30,2021-01-03,2021-07-03,3,3,3,
2021-01-06,Wednesday,4,6,6,2021-01-03,N,2021,1,January,1,2021,1,1,P01,1,1,4,N,H1,2021-01-03,2022-01-01,2021-01-03,2021-04-03,2021-01-03,2021-01-30,2021-01-03,2021-07-03,4,4,4,
2021-01-07,Thursday,5,7,7,2021-01-03,N,2021,1,January,1,2021,1,1,P01,1,1,5,N,H1,2021-01-03,2022-01-01,2021-01-03,2021-04-03,2021-01-03,2021-01-30,2021-01-03,2021-07-03,5,5,5,
2021-01-08,Friday,6,8,8,2021-01-03,N,2021,1,January,1,2021,1,1,P01,1,1,6,N,H1,2021-01-03,2022-01-01,2021-01-03,2021-04-03,2021-01-03,2021-01-30,2021-01-03,2021-07-03,6,6,6,
2021-01-09,Saturday,7,9,9,2021-01-03,Y,2021,1,January,1,2021,1,1,P01,1,1,7,N,H1,2021-01-03,2022-01-01,2021-01-03,2021-04-03,2021-01-03,2021-01-30,2021-01-03,2021-07-03,7,7,7,
2021-01-10,Sunday,1,10,10,2021-01-10,Y,2021,1,January,1,2021,1,1,P01,2,2,8,N,H1,2021-01-03,2022-01-01,2021-01-03,2021-04-03,2021-01-03,2021-01-30,2021-01-03,2021-07-03,8,8,8,
2021-01-11,Monday,2,11,11,2021-01-10,N,2021,1,January,1,2021,1,1,P01,2,2,9,N,H1,2021-01-03,2022-01-01,2021-01-03,2021-04-03,2021-01-03,2021-01-30,2021-01-03,2021-07-03,9,9,9,
2021-01-12,Tuesday,3,12,12,2021-01-10,N,2021,1,January,1,2021,1,1,P01,2,2,10,N,H1,2021-01-03,2022-01-01,2021-01-03,2021-04-03,2021-01-03,2021-01-30,2021-01-03,2021-07-03,10,10,10,
2021-01-13,Wednesday,4,13,13,2021-01-10,N,2021,1,January,1,2021,1,1,P01,2,2,11,N,H1,2021-01-03,2022-01-01,2021-01-03,2021-04-03,2021-01-03,2021-01-30,2021-01-03,2021-07-03,11,11,11,
2021-01-14,Thursday,5,14,14,2021-01-10,N,2021,1,January,1,2021,1,1,P01,2,2,12,N,H1,2021-01-03,2022-01-01,2021-01-03,2021-04-03,2021-01-03,2021-01-30,2021-01-03,2021-07-03,12,12,12,
2021-01-15,Friday,6,15,15,2021-01-10,N,2021,1,January,1,2021,1,1,P01,2,2,13,N,H1,2021-01-03,2022-01-01,2021-01-03,2021-04-03,2021-01-03,2021-01-30,2021-01-03,2021-07-03,13,13,13,
2021-01-16,Saturday,7,16,16,2021-01-10,Y,2021,1,January,1,2021,1,1,P01,2,2,14,N,H1,2021-01-03,2022-01-01,2021-01-03,2021-04-03,2021-01-03,2021-01-30,2021-01-03,2021-07-03,14,14,14,
2021-01-17,Sunday,1,17,17,2021-01-17,Y,2021,1,January,1,2021,1,1,P01,3,3,15,N,H1,2021-01-03,2022-01-01,2021-01-03,2021-04-03,2021-01-03,2021-01-30,2021-01-03,2021-07-03,15,15,15,
2021-01-18,Monday,2,18,18,2021-01-17,N,2021,1,January,1,2021,1,1,P01,3,3,16,N,H1,2021-01-03,2022-01-01,2021-01-03,2021-04-03,2021-01-03,2021-01-30,2021-01-03,2021-07-03,16,16,16,
2021-01-19,Tuesday,3,19,19,2021-01-17,N,2021,1,January,1,2021,1,1,P01,3,3,17,N,H1,2021-01-03,2022-01-01,2021-01-03,2021-04-03,2021-01-03,2021-01-30,2021-01-03,2021-07-03,17,17,17,
2021-01-20,Wednesday,4,20,20,2021-01-17,N,2021,1,January,1,2021,1,1,P01,3,3,18,N,H1,2021-01-03,2022-01-01,2021-01-03,2021-04-03,2021-01-03,2021-01-30,2021-01-03,2021-07-03,18,18,18,
2021-01-21,Thursday,5,21,21,2021-01-17,N,2021,1,January,1,2021,1,1,P01,3,3,19,N,H1,2021-01-03,2022-01-01,2021-01-03,2021-04-03,2021-01-03,2021-01-30,2021-01-03,2021-07-03,19,19,19,
2021-01-22,Friday,6,22,22,2021-01-17,N,2021,1,January,1,2021,1,1,P01,3,3,20,N,H1,2021-01-03,2022-01-01,2021-01-03,2021-04-03,2021-01-03,2021-01-30,2021-01-03,2021-07-03,20,20,20,
2021-01-23,Saturday,7,23,23,2021-01-17,Y,2021,1,January,1,2021,1,1,P01,3,3,21,N,H1,2021-01-03,2022-01-01,2021-01-03,2021-04-03,2021-01-03,2021-01-30,2021-01-03,2021-07-03,21,21,21,
2021-01-24,Sunday,1,24,24,2021-01-24,Y,2021,1,January,1,2021,1,1,P01,4,4,22,N,H1,2021-01-03,2022-01-01,2021-01-03,2021-04-03,2021-01-03,2021-01-30,2021-01-03,2021-07-03,22,22,22,
2021-01-25,Monday,2,25,25,2021-01-24,N,2021,1,January,1,2021,1,1,P01,4,4,23,N,H1,2021-01-03,2022-01-01,2021-01-03,2021-04-03,2021-01-03,2021-01-30,2021-01-03,2021-07-03,23,23,23,
2021-01-26,Tuesday,3,26,26,2021-01-24,N,2021,1,January,1,2021,1,1,P01,4,4,24,N,H1,2021-01-03,2022-01-01,2021-01-03,2021-04-03,2021-01-03,2021-01-30,2021-01-03,2021-07-03,24,24,24,
2021-01-27,Wednesday,4,27,27,2021-01-24,N,2021,1,January,1,2021,1,1,P01,4,4,25,N,H1,2021-01-03,2022-01-01,2021-01-03,2021-04-03,2021-01-03,2021-01-30,2021-01-03,2021-07-03,25,25,25,
2021-01-28,Thursday,5,28,28,2021-01-24,N,2021,1,January,1,2021,1,1,P01,4,4,26,N,H1,2021-01-03,2022-01-01,2021-01-03,2021-04-03,2021-01-03,2021-01-30,2021-01-03,2021-07-03,26,26,26,
2021-01-29,Friday,6,29,29,2021-01-24,N,2021,1,January,1,2021,1,1,P01,4,4,27,N,H1,2021-01-03,2022-01-01,2021-01-03,2021-04-03,2021-01-03,2021-01-30,2021-01-03,2021-07-03,27,27,27,
2021-01-30,Saturday,7,30,30,2021-01-24,Y,2021,1,January,1,2021,1,1,P01,4,4,28,N,H1,2021-01-03,2022-01-01,2021-01-03,2021-04-03,2021-01-03,2021-01-30,2021-01-03,2021-07-03,28,28,28,
2021-01-31,Sunday,1,31,31,2021-01-31,Y,2021,1,January,1,2021,1,2,P02,5,1,29,N,H1,2021-01-03,2022-01-01,2021-01-03,2021-04-03,2021-01-31,2021-03-06,2021-01-03,2021-07-03,29,1,29,
2021-02-01,Monday,2,1,32,2021-01-31,N,2021,2,February,1,2021,1,2,P02,5,1,30,N,H1,2021-01-03,2022-01-01,2021-01-03,2021-04-03,2021-01-31,2021-03-06,2021-01-03,2021-07-03,30,2,30,
2021-02-02,Tuesday,3,2,33,2021-01-31,N,2021,2,February,1,2021,1,2,P02,5,1,31,N,H1,2021-01-03,2022-01-01,2021-01-03,2021-04-03,2021-01-31,2021-03-06,2021-01-03,2021-07-03,31,3,31,
2021-02-03,Wednesday,4,3,34,2021-01-31,N,2021,2,February,1,2021,1,2,P02,5,1,32,N,H1,2021-01-03,2022-01-01,2021-01-03,2021-04-03,2021-01-31,2021-03-06,2021-01-03,2021-07-03,32,4,32,
2021-02-04,Thursday,5,4,35,2021-01-31,N,2021,2,February,1,2021,1,2,P02,5,1,33,N,H1,2021-01-03,2022-01-01,2021-01-03,2021-04-03,2021-01-31,2021-03-06,2021-01-03,2021-07-03,33,5,33,
2021-02-05,Friday,6,5,36,2021-01-31,N,2021,2,February,1,2021,1,2,P02,5,1,34,N,H1,2021-01-03,2022-01-01,2021-01-03,2021-04-03,2021-01-31,2021-03-06,2021-01-03,2021-07-03,34,6,34,
2021-02-06,Saturday,7,6,37,2021-01-31,Y,2021,2,February,1,2021,1,2,P02,5,1,35,N,H1,2021-01-03,2022-01-01,2021-01-03,2021-04-03,2021-01-31,2021-03-06,2021-01-03,2021-07-03,35,7,35,
2021-02-07,Sunday,1,7,38,2021-02-07,Y,2021,2,February,1,2021,1,2,P02,6,2,36,N,H1,2021-01-03,2022-01-01,2021-01-03,2021-04-03,2021-01-31,2021-03-06,2021-01-03,2021-07-03,36,8,36,
2021-02-08,Monday,2,8,39,2021-02-07,N,2021,2,February,1,2021,1,2,P02,6,2,37,N,H1,2021-01-03,2022-01-01,2021-01-03,2021-04-03,2021-01-31,2021-03-06,2021-01-03,2021-07-03,37,9,37,
2021-02-09,Tuesday,3,9,40,2021-02-07,N,2021,2,February,1,2021,1,2,P02,6,2,38,N,H1,2021-01-03,2022-01-01,2021-01-03,2021-04-03,2021-01-31,2021-03-06,2021-01-03,2021-07-03,38,10,38,
2021-02-10,Wednesday,4,10,41,2021-02-07,N,2021,2,February,1,2021,1,2,P02,6,2,39,N,H1,2021-01-03,2022-01-01,2021-01-03,2021-04-03,2021-01-31,2021-03-06,2021-01-03,2021-07-03,39,11,39,
2021-02-11,Thursday,5,11,42,2021-02-07,N,2021,2,February,1,2021,1,2,P02,6,2,40,N,H1,2021-01-03,2022-01-01,2021-01-03,2021-04-03,2021-01-31,2021-03-06,2021-01-03,2021-07-03,40,12,40,
2021-02-12,Friday,6,12,43,2021-02-07,N,2021,2,February,1,2021,1,2,P02,6,2,41,N,H1,2021-01-03,2022-01-01,2021-01-03,2021-04-03,2021-01-31,2021-03-06,2021-01-03,2021-07-03,41,13,41,
2021-02-13,Saturday,7,13,44,2021-02-07,Y,2021,2,February,1,2021,1,2,P02,6,2,42,N,H1,2021-01-03,2022-01-01,2021-01-03,2021-04-03,2021-01-31,2021-03-06,2021-01-03,2021-07-03,42,14,42,
2021-02-14,Sunday,1,14,45,2021-02-14,Y,2021,2,February,1,2021,1,2,P02,7,3,43,N,H1,2021-01-03,2022-01-01,2021-01-03,2021-04-03,2021-01-31,2021-03-06,2021-01-03,2021-07-03,43,15,43,
2021-02-15,Monday,2,15,46,2021-02-14,N,2021,2,February,1,2021,1,2,P02,7,3,44,N,H1,2021-01-03,2022-01-01,2021-01-03,2021-04-03,2021-01-31,2021-03-06,2021-01-03,2021-07-03,44,16,44,
2021-02-16,Tuesday,3,16,47,2021-02-14,N,2021,2,February,1,2021,1,2,P02,7,3,45,N,H1,2021-01-03,2022-01-01,2021-01-03,2021-04-03,2021-01-31,2021-03-06,2021-01-03,2021-07-03,45,17,45,
2021-02-17,Wednesday,4,17,48,2021-02-14,N,2021,2,February,1,2021,1,2,P02,7,3,46,N,H1,2021-01-03,2022-01-01,2021-01-03,2021-04-03,2021-01-31,2021-03-06,2021-01-03,2021-07-03,46,18,46,
2021-02-18,Thursday,5,18,49,2021-02-14,N,2021,2,February,1,2021,1,2,P02,7,3,47,N,H1,2021-01-03,2022-01-01,2021-01-03,2021-04-03,2021-01-31,2021-03-06,2021-01-03,2021-07-03,47,19,47,
2021-02-19,Friday,6,19,50,2021-02-14,N,2021,2,February,1,2021,1,2,P02,7,3,48,N,H1,2021-01-03,2022-01-01,2021-01-03,2021-04-03,2021-01-31,2021-03-06,2021-01-03,2021-07-03,48,20,48,
2021-02-20,Saturday,7,20,51,2021-02-14,Y,2021,2,February,1,2021,1,2,P02,7,3,49,N,H1,2021-01-03,2022-01-01,2021-01-03,2021-04-03,2021-01-31,2021-03-06,2021-01-03,2021-07-03,49,21,49,
2021-02-21,Sunday,1,21,52,2021-02-21,Y,2021,2,February,1,2021,1,2,P02,8,4,50,N,H1,2021-01-03,2022-01-01,2021-01-03,2021-04-03,2021-01-31,2021-03-06,2021-01-03,2021-07-03,50,22,50,
2021-02-22,Monday,2,22,53,2021-02-21,N,2021,2,February,1,2021,1,2,P02,8,4,51,N,H1,2021-01-03,2022-01-01,2021-01-03,2021-04-03,2021-01-31,2021-03-06,2021-01-03,2021-07-03,51,23,51,
2021-02-23,Tuesday,3,23,54,2021-02-21,N,2021,2,February,1,2021,1,2,P02,8,4,52,N,H1,2021-01-03,2022-01-01,2021-01-03,2021-04-03,2021-01-31,2021-03-06,2021-01-03,2021-07-03,52,24,52,
2021-02-24,Wednesday,4,24,55,2021-02-21,N,2021,2,February,1,2021,1,2,P02,8,4,53,N,H1,2021-01-03,2022-01-01,2021-01-03,2021-04-03,2021-01-31,2021-03-06,2021-01-03,2021-07-03,53,25,53,
2021-02-25,Thursday,5,25,56,2021-02-21,N,2021,2,February,1,2021,1,2,P02,8,4,54,N,H1,2021-01-03,2022-01-01,2021-01-03,2021-04-03,2021-01-31,2021-03-06,2021-01-03,2021-07-03,54,26,54,
2021-02-26,Friday,6,26,57,2021-02-21,N,2021,2,February,1,2021,1,2,P02,8,4,55,N,H1,2021-01-03,2022-01-01,2021-01-03,2021-04-03,2021-01-31,2021-03-06,2021-01-03,2021-07-03,55,27,55,
2021-02-27,Saturday,7,27,58,2021-02-21,Y,2021,2,February,1,2021,1,2,P02,8,4,56,N,H1,2021-01-03,2022-01-01,2021-01-03,2021-04-03,2021-01-31,2021-03-06,2021-01-03,2021-07-03,56,28,56,
2021-02-28,Sunday,1,28,59,2021-02-28,Y,2021,2,February,1,2021,1,2,P02,9,5,57,N,H1,2021-01-03,2022-01-01,2021-01-03,2021-04-03,2021-01-31,2021-03-06,2021-01-03,2021-07-03,57,29,57,
2021-03-01,Monday,2,1,60,2021-02-28,N,2021,3,March,1,2021,1,2,P02,9,5,58,N,H1,2021-01-03,2022-01-01,2021-01-03,2021-04-03,2021-01-31,2021-03-06,2021-01-03,2021-07-03,58,30,58,
2021-03-02,Tuesday,3,2,61,2021-02-28,N,2021,3,March,1,2021,1,2,P02,9,5,59,N,H1,2021-01-03,2022-01-01,2021-01-03,2021-04-03,2021-01-31,2021-03-06,2021-01-03,2021-07-03,59,31,59,
2021-03-03,Wednesday,4,3,62,2021-02-28,N,2021,3,March,1,2021,1,2,P02,9,5,60,N,H1,2021-01-03,2022-01-01,2021-01-03,2021-04-03,2021-01-31,2021-03-06,2021-01-03,2021-07-03,60,32,60,
2021-03-04,Thursday,5,4,63,2021-02-28,N,2021,3,March,1,2021,1,2,P02,9,5,61,N,H1,2021-01-03,2022-01-01,2021-01-03,2021-04-03,2021-01-31,2021-03-06,2021-01-03,2021-07-03,61,33,61,
2021-03-05,Friday,6,5,64,2021-02-28,N,2021,3,March,1,2021,1,2,P02,9,5,62,N,H1,2021-01-03,2022-01-01,2021-01-03,2021-04-03,2021-01-31,2021-03-06,2021-01-03,2021-07-03,62,34,62,
2021-03-06,Saturday,7,6,65,2021-02-28,Y,2021,3,March,1,2021,1,2,P02,9,5,63,N,H1,2021-01-03,2022-01-01,2021-01-03,2021-04-03,2021-01-31,2021-03-06,2021-01-03,2021-07-03,63,35,63,
2021-03-07,Sunday,1,7,66,2021-03-07,Y,2021,3,March,1,2021,1,3,P03,10,1,64,N,H1,2021-01-03,2022-01-01,2021-01-03,2021-04-03,2021-03-07,2021-04-03,2021-01-03,2021-07-03,64,1,64,
2021-03-08,Monday,2,8,67,2021-03-07,N,2021,3,March,1,2021,1,3,P03,10,1,65,N,H1,2021-01-03,2022-01-01,2021-01-03,2021-04-03,2021-03-07,2021-04-03,2021-01-03,2021-07-03,65,2,65,
2021-03-09,Tuesday,3,9,68,2021-03-07,N,2021,3,March,1,2021,1,3,P03,10,1,66,N,H1,2021-01-03,2022-01-01,2021-01-03,2021-04-03,2021-03-07,2021-04-03,2021-01-03,2021-07-03,66,3,66,
2021-03-10,Wednesday,4,10,69,2021-03-07,N,2021,3,March,1,2021,1,3,P03,10,1,67,N,H1,2021-01-03,2022-01-01,2021-01-03,2021-04-03,2021-03-07,2021-04-03,2021-01-03,2021-07-03,67,4,67,
2021-03-11,Thursday,5,11,70,2021-03-07,N,2021,3,March,1,2021,1,3,P03,10,1,68,N,H1,2021-01-03,2022-01-01,2021-01-03,2021-04-03,2021-03-07,2021-04-03,2021-01-03,2021-07-03,68,5,68,
2021-03-12,Friday,6,12,71,2021-03-07,N,2021,3,March,1,2021,1,3,P03,10,1,69,N,H1,2021-01-03,2022-01-01,2021-01-03,2021-04-03,2021-03-07,2021-04-03,2021-01-03,2021-07-03,69,6,69,
2021-03-13,Saturday,7,13,72,2021-03-07,Y,2021,3,March,1,2021,1,3,P03,10,1,70,N,H1,2021-01-03,2022-01-01,2021-01-03,2021-04-03,2021-03-07,2021-04-03,2021-01-03,2021-07-03,70,7,70,
2021-03-14,Sunday,1,14,73,2021-03-14,Y,2021,3,March,1,2021,1,3,P03,11,2,71,N,H1,2021-01-03,2022-01-01,2021-01-03,2021-04-03,2021-03-07,2021-04-03,2021-01-03,2021-07-03,71,8,71,
2021-03-15,Monday,2,15,74,2021-03-14,N,2021,3,March,1,2021,1,3,P03,11,2,72,N,H1,2021-01-03,2022-01-01,2021-01-03,2021-04-03,2021-03-07,2021-04-03,2021-01-03,2021-07-03,72,9,72,
2021-03-16,Tuesday,3,16,75,2021-03-14,N,2021,3,March,1,2021,1,3,P03,11,2,73,N,H1,2021-01-03,2022-01-01,2021-01-03,2021-04-03,2021-03-07,2021-04-03,2021-01-03,2021-07-03,73,10,73,
2021-03-17,Wednesday,4,17,76,2021-03-14,N,2021,3,March,1,2021,1,3,P03,11,2,74,N,H1,2021-01-03,2022-01-01,2021-01-03,2021-04-03,2021-03-07,2021-04-03,2021-01-03,2021-07-03,74,11,74,
2021-03-18,Thursday,5,18,77,2021-03-14,N,2021,3,March,1,2021,1,3,P03,11,2,75,N,H1,2021-01-03,2022-01-01,2021-01-03,2021-04-03,2021-03-07,2021-04-03,2021-01-03,2021-07-03,75,12,75,
2021-03-19,Friday,6,19,78,2021-03-14,N,2021,3,March,1,2021,1,3,P03,11,2,76,N,H1,2021-01-03,2022-01-01,2021-01-03,2021-04-03,2021-03-07,2021-04-03,2021-01-03,2021-07-03,76,13,76,
2021-03-20,Saturday,7,20,79,2021-03-14,Y,2021,3,March,1,2021,1,3,P03,11,2,77,N,H1,2021-01-03,2022-01-01,2021-01-03,2021-04-03,2021-03-07,2021-04-03,2021-01-03,2021-07-03,77,14,77,
2021-03-21,Sunday,1,21,80,2021-03-21,Y,2021,3,March,1,2021,1,3,P03,12,3,78,N,H1,2021-01-03,2022-01-01,2021-01-03,2021-04-03,2021-03-07,2021-04-03,2021-01-03,2021-07-03,78,15,78,
2021-03-22,Monday,2,22,81,2021-03-21,N,2021,3,March,1,2021,1,3,P03,12,3,79,N,H1,2021-01-03,2022-01-01,2021-01-03,2021-04-03,2021-03-07,2021-04-03,2021-01-03,2021-07-03,79,16,79,
2021-03-23,Tuesday,3,23,82,2021-03-21,N,2021,3,March,1,2021,1,3,P03,12,3,80,N,H1,2021-01-03,2022-01-01,2021-01-03,2021-04-03,2021-03-07,2021-04-03,2021-01-03,2021-07-03,80,17,80,
2021-03-24,Wednesday,4,24,83,2021-03-21,N,2021,3,March,1,2021,1,3,P03,12,3,81,N,H1,2021-01-03,2022-01-01,2021-01-03,2021-04-03,2021-03-07,2021-04-03,2021-01-03,2021-07-03,81,18,81,
2021-03-25,Thursday,5,25,84,2021-03-21,N,2021,3,March,1,2021,1,3,P03,12,3,82,N,H1,2021-01-03,2022-01-01,2021-01-03,2021-04-03,2021-03-07,2021-04-03,2021-01-03,2021-07-03,82,19,82,
2021-03-26,Friday,6,26,85,2021-03-21,N,2021,3,March,1,2021,1,3,P03,12,3,83,N,H1,2021-01-03,2022-01-01,2021-01-03,2021-04-03,2021-03-07,2021-04-03,2021-01-03,2021-07-03,83,20,83,
2021-03-27,Saturday,7,27,86,2021-03-21,Y,2021,3,March,1,2021,1,3,P03,12,3,84,N,H1,2021-01-03,2022-01-01,2021-01-03,2021-04-03,2021-03-07,2021-04-03,2021-01-03,2021-07-03,84,21,84,
2021-03-28,Sunday,1,28,87,2021-03-28,Y,2021,3,March,1,2021,1,3,P03,13,4,85,N,H1,2021-01-03,2022-01-01,2021-01-03,2021-04-03,2021-03-07,2021-04-03,2021-01-03,2021-07-03,85,22,85,
2021-03-29,Monday,2,29,88,2021-03-28,N,2021,3,March,1,2021,1,3,P03,13,4,86,N,H1,2021-01-03,2022-01-01,2021-01-03,2021-04-03,2021-03-07,2021-04-03,2021-01-03,2021-07-03,86,23,86,
2021-03-30,Tuesday,3,30,89,2021-03-28,N,2021,3,March,1,2021,1,3,P03,13,4,87,N,H1,2021-01-03,2022-01-01,2021-01-03,2021-04-03,2021-03-07,2021-04-03,2021-01-03,2021-07-03,87,24,87,
2021-03-31,Wednesday,4,31,90,2021-03-28,N,2021,3,March,1,2021,1,3,P03,13,4,88,N,H1,2021-01-03,2022-01-01,2021-01-03,2021-04-03,2021-03-07,2021-04-03,2021-01-03,2021-07-03,88,25,88,
2021-04-01,Thursday,5,1,91,2021-03-28,N,2021,4,April,2,2021,1,3,P03,13,4,89,N,H1,2021-01-03,2022-01-01,2021-01-03,2021-04-03,2021-03-07,2021-04-03,2021-01-03,2021-07-03,89,26,89,
2021-04-02,Friday,6,2,92,2021-03-28,N,2021,4,April,2,2021,1,3,P03,13,4,90,N,H1,2021-01-03,2022-01-01,2021-01-03,2021-04-03,2021-03-07,2021-04-03,2021-01-03,2021-07-03,90,27,90,
2021-04-03,Saturday,7,3,93,2021-03-28,Y,2021,4,April,2,2021,1,3,P03,13,4,91,N,H1,2021-01-03,2022-01-01,2021-01-03,2021-04-03,2021-03-07,2021-04-03,2021-01-03,2021-07-03,91,28,91,
2021-04-04,Sunday,1,4,94,2021-04-04,Y,2021,4,April,2,2021,2,4,P04,14,1,92,N,H1,2021-01-03,2022-01-01,2021-04-04,2021-07-03,2021-04-04,2021-05-01,2021-01-03,2021-07-03,1,1,92,
2021-04-05,Monday,2,5,95,2021-04-04,N,2021,4,April,2,2021,2,4,P04,14,1,93,N,H1,2021-01-03,2022-01-01,2021-04-04,2021-07-03,2021-04-04,2021-05-01,2021-01-03,2021-07-03,2,2,93,
2021-04-06,Tuesday,3,6,96,2021-04-04,N,2021,4,April,2,2021,2,4,P04,14,1,94,N,H1,2021-01-03,2022-01-01,2021-04-04,2021-07-03,2021-04-04,2021-05-01,2021-01-03,2021-07-03,3,3,94,
2021-04-07,Wednesday,4,7,97,2021-04-04,N,2021,4,April,2,2021,2,4,P04,14,1,95,N,H1,2021-01-03,2022-01-01,2021-04-04,2021-07-03,2021-04-04,2021-05-01,2021-01-03,2021-07-03,4,4,95,
2021-04-08,Thursday,5,8,98,2021-04-04,N,2021,4,April,2,2021,2,4,P04,14,1,96,N,H1,2021-01-03,2022-01-01,2021-04-04,2021-07-03,2021-04-04,2021-05-01,2021-01-03,2021-07-03,5,5,96,
2021-04-09,Friday,6,9,99,2021-04-04,N,2021,4,April,2,2021,2,4,P04,14,1,97,N,H1,2021-01-03,2022-01-01,2021-04-04,2021-07-03,2021-04-04,2021-05-01,2021-01-03,2021-07-03,6,6,97,
2021-04-10,Saturday,7,10,100,2021-04-04,Y,2021,4,April,2,2021,2,4,P04,14,1,98,N,H1,2021-01-03,2022-01-01,2021-04-04,2021-07-03,2021-04-04,2021-05-01,2021-01-03,2021-07-03,7,7,98,
2021-04-11,Sunday,1,11,101,2021-04-11,Y,2021,4,April,2,2021,2,4,P04,15,2,99,N,H1,2021-01-03,2022-01-01,2021-04-04,2021-07-03,2021-04-04,2021-05-01,2021-01-03,2021-07-03,8,8,99,
2021-04-12,Monday,2,12,102,2021-04-11,N,2021,4,April,2,2021,2,4,P04,15,2,100,N,H1,2021-01-03,2022-01-01,2021-04-04,2021-07-03,2021-04-04,2021-05-01,2021-01-03,2021-07-03,9,9,100,
2021-04-13,Tuesday,3,13,103,2021-04-11,N,2021,4,April,2,2021,2,4,P04,15,2,101,N,H1,2021-01-03,2022-01-01,2021-04-04,2021-07-03,2021-04-04,2021-05-01,2021-01-03,2021-07-03,10,10,101,
2021-04-14,Wednesday,4,14,104,2021-04-11,N,2021,4,April,2,2021,2,4,P04,15,2,102,N,H1,2021-01-03,2022-01-01,2021-04-04,2021-07-03,2021-04-04,2021-05-01,2021-01-03,2021-07-03,11,11,102,
2021-04-15,Thursday,5,15,105,2021-04-11,N,2021,4,April,2,2021,2,4,P04,15,2,103,N,H1,2021-01-03,2022-01-01,2021-04-04,2021-07-03,2021-04-04,2021-05-01,2021-01-03,2021-07-03,12,12,103,
2021-04-16,Friday,6,16,106,2021-04-11,N,2021,4,April,2,2021,2,4,P04,15,2,104,N,H1,2021-01-03,2022-01-01,2021-04-04,2021-07-03,2021-04-04,2021-05-01,2021-01-03,2021-07-03,13,13,104,
2021-04-17,Saturday,7,17,107,2021-04-11,Y,2021,4,April,2,2021,2,4,P04,15,2,105,N,H1,2021-01-03,2022-01-01,2021-04-04,2021-07-03,2021-04-04,2021-05-01,2021-01-03,2021-07-03,14,14,105,
2021-04-18,Sunday,1,18,108,2021-04-18,Y,2021,4,April,2,2021,2,4,P04,16,3,106,N,H1,2021-01-03,2022-01-01,2021-04-04,2021-07-03,2021-04-04,2021-05-01,2021-01-03,2021-07-03,15,15,106,
2021-04-19,Monday,2,19,109,2021-04-18,N,2021,4,April,2,2021,2,4,P04,16,3,107,N,H1,2021-01-03,2022-01-01,2021-04-04,2021-07-03,2021-04-04,2021-05-01,2021-01-03,2021-07-03,16,16,107,
2021-04-20,Tuesday,3,20,110,2021-04-18,N,2021,4,April,2,2021,2,4,P04,16,3,108,N,H1,2021-01-03,2022-01-01,2021-04-04,2021-07-03,2021-04-04,2021-05-01,2021-01-03,2021-07-03,17,17,108,
2021-04-21,Wednesday,4,21,111,2021-04-18,N,2021,4,April,2,2021,2,4,P04,16,3,109,N,H1,2021-01-03,2022-01-01,2021-04-04,2021-07-03,2021-04-04,2021-05-01,2021-01-03,2021-07-03,18,18,109,
2021-04-22,Thursday,5,22,112,2021-04-18,N,2021,4,April,2,2021,2,4,P04,16,3,110,N,H1,2021-01-03,2022-01-01,2021-04-04,2021-07-03,2021-04-04,2021-05-01,2021-01-03,2021-07-03,19,19,110,
2021-04-23,Friday,6,23,113,2021-04-18,N,2021,4,April,2,2021,2,4,P04,16,3,111,N,H1,2021-01-03,2022-01-01,2021-04-04,2021-07-03,2021-04-04,2021-05-01,2021-01-03,2021-07-03,20,20,111,
2021-04-24,Saturday,7,24,114,2021-04-18,Y,2021,4,April,2,2021,2,4,P04,16,3,112,N,H1,2021-01-03,2022-01-01,2021-04-04,2021-07-03,2021-04-04,2021-05-01,2021-01-03,2021-07-03,21,21,112,
2021-04-25,Sunday,1,25,115,2021-04-25,Y,2021,4,April,2,2021,2,4,P04,17,4,113,N,H1,2021-01-03,2022-01-01,2021-04-04,2021-07-03,2021-04-04,2021-05-01,2021-01-03,2021-07-03,22,22,113,
2021-04-26,Monday,2,26,116,2021-04-25,N,2021,4,April,2,2021,2,4,P04,17,4,114,N,H1,2021-01-03,2022-01-01,2021-04-04,2021-07-03,2021-04-04,2021-05-01,2021-01-03,2021-07-03,23,23,114,
2021-04-27,Tuesday,3,27,117,2021-04-25,N,2021,4,April,2,2021,2,4,P04,17,4,115,N,H1,2021-01-03,2022-01-01,2021-04-04,2021-07-03,2021-04-04,2021-05-01,2021-01-03,2021-07-03,24,24,115,
2021-04-28,Wednesday,4,28,118,2021-04-25,N,2021,4,April,2,2021,2,4,P04,17,4,116,N,H1,2021-01-03,2022-01-01,2021-04-04,2021-07-03,2021-04-04,2021-05-01,2021-01-03,2021-07-03,25,25,116,
2021-04-29,Thursday,5,29,119,2021-04-25,N,2021,4,April,2,2021,2,4,P04,17,4,117,N,H1,2021-01-03,2022-01-01,2021-04-04,2021-07-03,2021-04-04,2021-05-01,2021-01-03,2021-07-03,26,26,117,
2021-04-30,Friday,6,30,120,2021-04-25,N,2021,4,April,2,2021,2,4,P04,17,4,118,N,H1,2021-01-03,2022-01-01,2021-04-04,2021-07-03,2021-04-04,2021-05-01,2021-01-03,2021-07-03,27,27,118,
2021-05-01,Saturday,7,1,121,2021-04-25,Y,2021,5,May,2,2021,2,4,P04,17,4,119,N,H1,2021-01-03,2022-01-01,2021-04-04,2021-07-03,2021-04-04,2021-05-01,2021-01-03,2021-07-03,28,28,119,
2021-05-02,Sunday,1,2,122,2021-05-02,Y,2021,5,May,2,2021,2,5,P05,18,1,120,N,H1,2021-01-03,2022-01-01,2021-04-04,2021-07-03,2021-05-02,2021-06-05,2021-01-03,2021-07-03,29,1,120,
2021-05-03,Monday,2,3,123,2021-05-02,N,2021,5,May,2,2021,2,5,P05,18,1,121,N,H1,2021-01-03,2022-01-01,2021-04-04,2021-07-03,2021-05-02,2021-06-05,2021-01-03,2021-07-03,30,2,121,
2021-05-04,Tuesday,3,4,124,2021-05-02,N,2021,5,May,2,2021,2,5,P05,18,1,122,N,H1,2021-01-03,2022-01-01,2021-04-04,2021-07-03,2021-05-02,2021-06-05,2021-01-03,2021-07-03,31,3,122,
2021-05-05,Wednesday,4,5,125,2021-05-02,N,2021,5,May,2,2021,2,5,P05,18,1,123,N,H1,2021-01-03,2022-01-01,2021-04-04,2021-07-03,2021-05-02,2021-06-05,2021-01-03,2021-07-03,32,4,123,
2021-05-06,Thursday,5,6,126,2021-05-02,N,2021,5,May,2,2021,2,5,P05,18,1,124,N,H1,2021-01-03,2022-01-01,2021-04-04,2021-07-03,2021-05-02,2021-06-05,2021-01-03,2021-07-03,33,5,124,
2021-05-07,Friday,6,7,127,2021-05-02,N,2021,5,May,2,2021,2,5,P05,18,1,125,N,H1,2021-01-03,2022-01-01,2021-04-04,2021-07-03,2021-05-02,2021-06-05,2021-01-03,2021-07-03,34,6,125,
2021-05-08,Saturday,7,8,128,2021-05-02,Y,2021,5,May,2,2021,2,5,P05,18,1,126,N,H1,2021-01-03,2022-01-01,2021-04-04,2021-07-03,2021-05-02,2021-06-05,2021-01-03,2021-07-03,35,7,126,
2021-05-09,Sunday,1,9,129,2021-05-09,Y,2021,5,May,2,2021,2,5,P05,19,2,127,N,H1,2021-01-03,2022-01-01,2021-04-04,2021-07-03,2021-05-02,2021-06-05,2021-01-03,2021-07-03,36,8,127,
2021-05-10,Monday,2,10,130,2021-05-09,N,2021,5,May,2,2021,2,5,P05,19,2,128,N,H1,2021-01-03,2022-01-01,2021-04-04,2021-07-03,2021-05-02,2021-06-05,2021-01-03,2021-07-03,37,9,128,
2021-05-11,Tuesday,3,11,131,2021-05-09,N,2021,5,May,2,2021,2,5,P05,19,2,129,N,H1,2021-01-03,2022-01-01,2021-04-04,2021-07-03,2021-05-02,2021-06-05,2021-01-03,2021-07-03,38,10,129,
2021-05-12,Wednesday,4,12,132,2021-05-09,N,2021,5,May,2,2021,2,5,P05,19,2,130,N,H1,2021-01-03,2022-01-01,2021-04-04,2021-07-03,2021-05-02,2021-06-05,2021-01-03,2021-07-03,39,11,130,
2021-05-13,Thursday,5,13,133,2021-05-09,N,2021,5,May,2,2021,2,5,P05,19,2,131,N,H1,2021-01-03,2022-01-01,2021-04-04,2021-07-03,2021-05-02,2021-06-05,2021-01-03,2021-07-03,40,12,131,
2021-05-14,Friday,6,14,134,2021-05-09,N,2021,5,May,2,2021,2,5,P05,19,2,132,N,H1,2021-01-03,2022-01-01,2021-04-04,2021-07-03,2021-05-02,2021-06-05,2021-01-03,2021-07-03,41,13,132,
2021-05-15,Saturday,7,15,135,2021-05-09,Y,2021,5,May,2,2021,2,5,P05,19,2,133,N,H1,2021-01-03,2022-01-01,2021-04-04,2021-07-03,2021-05-02,2021-06-05,2021-01-03,2021-07-03,42,14,133,
2021-05-16,Sunday,1,16,136,2021-05-16,Y,2021,5,May,2,2021,2,5,P05,20,3,134,N,H1,2021-01-03,2022-01-01,2021-04-04,2021-07-03,2021-05-02,2021-06-05,2021-01-03,2021-07-03,43,15,134,
2021-05-17,Monday,2,17,137,2021-05-16,N,2021,5,May,2,2021,2,5,P05,20,3,135,N,H1,2021-01-03,2022-01-01,2021-04-04,2021-07-03,2021-05-02,2021-06-05,2021-01-03,2021-07-03,44,16,135,
2021-05-18,Tuesday,3,18,138,2021-05-16,N,2021,5,May,2,2021,2,5,P05,20,3,136,N,H1,2021-01-03,2022-01-01,2021-04-04,2021-07-03,2021-05-02,2021-06-05,2021-01-03,2021-07-03,45,17,136,
2021-05-19,Wednesday,4,19,139,2021-05-16,N,2021,5,May,2,2021,2,5,P05,20,3,137,N,H1,2021-01-03,2022-01-01,2021-04-04,2021-07-03,2021-05-02,2021-06-05,2021-01-03,2021-07-03,46,18,137,
2021-05-20,Thursday,5,20,140,2021-05-16,N,2021,5,May,2,2021,2,5,P05,20,3,138,N,H1,2021-01-03,2022-01-01,2021-04-04,2021-07-03,2021-05-02,2021-06-05,2021-01-03,2021-07-03,47,19,138,
2021-05-21,Friday,6,21,141,2021-05-16,N,2021,5,May,2,2021,2,5,P05,20,3,139,N,H1,2021-01-03,2022-01-01,2021-04-04,2021-07-03,2021-05-02,2021-06-05,2021-01-03,2021-07-03,48,20,139,
2021-05-22,Saturday,7,22,142,2021-05-16,Y,2021,5,May,2,2021,2,5,P05,20,3,140,N,H1,2021-01-03,2022-01-01,2021-04-04,2021-07-03,2021-05-02,2021-06-05,2021-01-03,2021-07-03,49,21,140,
2021-05-23,Sunday,1,23,143,2021-05-23,Y,2021,5,May,2,2021,2,5,P05,21,4,141,N,H1,2021-01-03,2022-01-01,2021-04-04,2021-07-03,2021-05-02,2021-06-05,2021-01-03,2021-07-03,50,22,141,
2021-05-24,Monday,2,24,144,2021-05-23,N,2021,5,May,2,2021,2,5,P05,21,4,142,N,H1,2021-01-03,2022-01-01,2021-04-04,2021-07-03,2021-05-02,2021-06-05,2021-01-03,2021-07-03,51,23,142,
2021-05-25,Tuesday,3,25,145,2021-05-23,N,2021,5,May,2,2021,2,5,P05,21,4,143,N,H1,2021-01-03,2022-01-01,2021-04-04,2021-07-03,2021-05-02,2021-06-05,2021-01-03,2021-07-03,52,24,143,
2021-05-26,Wednesday,4,26,146,2021-05-23,N,2021,5,May,2,2021,2,5,P05,21,4,144,N,H1,2021-01-03,2022-01-01,2021-04-04,2021-07-03,2021-05-02,2021-06-05,2021-01-03,2021-07-03,53,25,144,
2021-05-27,Thursday,5,27,147,2021-05-23,N,2021,5,May,2,2021,2,5,P05,21,4,145,N,H1,2021-01-03,2022-01-01,2021-04-04,2021-07-03,2021-05-02,2021-06-05,2021-01-03,2021-07-03,54,26,145,
2021-05-28,Friday,6,28,148,2021-05-23,N,2021,5,May,2,2021,2,5,P05,21,4,146,N,H1,2021-01-03,2022-01-01,2021-04-04,2021-07-03,2021-05-02,2021-06-05,2021-01-03,2021-07-03,55,27,146,
2021-05-29,Saturday,7,29,149,2021-05-23,Y,2021,5,May,2,2021,2,5,P05,21,4,147,N,H1,2021-01-03,2022-01-01,2021-04-04,2021-07-03,2021-05-02,2021-06-05,2021-01-03,2021-07-03,56,28,147,
2021-05-30,Sunday,1,30,150,2021-05-30,Y,2021,5,May,2,2021,2,5,P05,22,5,148,N,H1,2021-01-03,2022-01-01,2021-04-04,2021-07-03,2021-05-02,2021-06-05,2021-01-03,2021-07-03,57,29,148,
2021-05-31,Monday,2,31,151,2021-05-30,N,2021,5,May,2,2021,2,5,P05,22,5,149,N,H1,2021-01-03,2022-01-01,2021-04-04,2021-07-03,2021-05-02,2021-06-05,2021-01-03,2021-07-03,58,30,149,
2021-06-01,Tuesday,3,1,152,2021-05-30,N,2021,6,June,2,2021,2,5,P05,22,5,150,N,H1,2021-01-03,2022-01-01,2021-04-04,2021-07-03,2021-05-02,2021-06-05,2021-01-03,2021-07-03,59,31,150,
2021-06-02,Wednesday,4,2,153,2021-05-30,N,2021,6,June,2,2021,2,5,P05,22,5,151,N,H1,2021-01-03,2022-01-01,2021-04-04,2021-07-03,2021-05-02,2021-06-05,2021-01-03,2021-07-03,60,32,151,
2021-06-03,Thursday,5,3,154,2021-05-30,N,2021,6,June,2,2021,2,5,P05,22,5,152,N,H1,2021-01-03,2022-01-01,2021-04-04,2021-07-03,2021-05-02,2021-06-05,2021-01-03,2021-07-03,61,33,152,
2021-06-04,Friday,6,4,155,2021-05-30,N,2021,6,June,2,2021,2,5,P05,22,5,153,N,H1,2021-01-03,2022-01-01,2021-04-04,2021-07-03,2021-05-02,2021-06-05,2021-01-03,2021-07-03,62,34,153,
2021-06-05,Saturday,7,5,156,2021-05-30,Y,2021,6,June,2,2021,2,5,P05,22,5,154,N,H1,2021-01-03,2022-01-01,2021-04-04,2021-07-03,2021-05-02,2021-06-05,2021-01-03,2021-07-03,63,35,154,
2021-06-06,Sunday,1,6,157,2021-06-06,Y,2021,6,June,2,2021,2,6,P06,23,1,155,N,H1,2021-01-03,2022-01-01,2021-04-04,2021-07-03,2021-06-06,2021-07-03,2021-01-03,2021-07-03,64,1,155,
2021-06-07,Monday,2,7,158,2021-06-06,N,2021,6,June,2,2021,2,6,P06,23,1,156,N,H1,2021-01-03,2022-01-01,2021-04-04,2021-07-03,2021-06-06,2021-07-03,2021-01-03,2021-07-03,65,2,156,
2021-06-08,Tuesday,3,8,159,2021-06-06,N,2021,6,June,2,2021,2,6,P06,23,1,157,N,H1,2021-01-03,2022-01-01,2021-04-04,2021-07-03,2021-06-06,2021-07-03,2021-01-03,2021-07-03,66,3,157,
2021-06-09,Wednesday,4,9,160,2021-06-06,N,2021,6,June,2,2021,2,6,P06,23,1,158,N,H1,2021-01-03,2022-01-01,2021-04-04,2021-07-03,2021-06-06,2021-07-03,2021-01-03,2021-07-03,67,4,158,
2021-06-10,Thursday,5,10,161,2021-06-06,N,2021,6,June,2,2021,2,6,P06,23,1,159,N,H1,2021-01-03,2022-01-01,2021-04-04,2021-07-03,2021-06-06,2021-07-03,2021-01-03,2021-07-03,68,5,159,
2021-06-11,Friday,6,11,162,2021-06-06,N,2021,6,June,2,2021,2,6,P06,23,1,160,N,H1,2021-01-03,2022-01-01,2021-04-04,2021-07-03,2021-06-06,2021-07-03,2021-01-03,2021-07-03,69,6,160,
2021-06-12,Saturday,7,12,163,2021-06-06,Y,2021,6,June,2,2021,2,6,P06,23,1,161,N,H1,2021-01-03,2022-01-01,2021-04-04,2021-07-03,2021-06-06,2021-07-03,2021-01-03,2021-07-03,70,7,161,
2021-06-13,Sunday,1,13,164,2021-06-13,Y,2021,6,June,2,2021,2,6,P06,24,2,162,N,H1,2021-01-03,2022-01-01,2021-04-04,2021-07-03,2021-06-06,2021-07-03,2021-01-03,2021-07-03,71,8,162,
2021-06-14,Monday,2,14,165,2021-06-13,N,2021,6,June,2,2021,2,6,P06,24,2,163,N,H1,2021-01-03,2022-01-01,2021-04-04,2021-07-03,2021-06-06,2021-07-03,2021-01-03,2021-07-03,72,9,163,
2021-06-15,Tuesday,3,15,166,2021-06-13,N,2021,6,June,2,2021,2,6,P06,24,2,164,N,H1,2021-01-03,2022-01-01,2021-04-04,2021-07-03,2021-06-06,2021-07-03,2021-01-03,2021-07-03,73,10,164,
2021-06-16,Wednesday,4,16,167,2021-06-13,N,2021,6,June,2,2021,2,6,P06,24,2,165,N,H1,2021-01-03,2022-01-01,2021-04-04,2021-07-03,2021-06-06,2021-07-03,2021-01-03,2021-07-03,74,11,165,
2021-06-17,Thursday,5,17,168,2021-06-13,N,2021,6,June,2,2021,2,6,P06,24,2,166,N,H1,2021-01-03,2022-01-01,2021-04-04,2021-07-03,2021-06-06,2021-07-03,2021-01-03,2021-07-03,75,12,166,
2021-06-18,Friday,6,18,169,2021-06-13,N,2021,6,June,2,2021,2,6,P06,24,2,167,N,H1,2021-01-03,2022-01-01,2021-04-04,2021-07-03,2021-06-06,2021-07-03,2021-01-03,2021-07-03,76,13,167,
2021-06-19,Saturday,7,19,170,2021-06-13,Y,2021,6,June,2,2021,2,6,P06,24,2,168,N,H1,2021-01-03,2022-01-01,2021-04-04,2021-07-03,2021-06-06,2021-07-03,2021-01-03,2021-07-03,77,14,168,
2021-06-20,Sunday,1,20,171,2021-06-20,Y,2021,6,June,2,2021,2,6,P06,25,3,169,N,H1,2021-01-03,2022-01-01,2021-04-04,2021-07-03,2021-06-06,2021-07-03,2021-01-03,2021-07-03,78,15,169,
2021-06-21,Monday,2,21,172,2021-06-20,N,2021,6,June,2,2021,2,6,P06,25,3,170,N,H1,2021-01-03,2022-01-01,2021-04-04,2021-07-03,2021-06-06,2021-07-03,2021-01-03,2021-07-03,79,16,170,
2021-06-22,Tuesday,3,22,173,2021-06-20,N,2021,6,June,2,2021,2,6,P06,25,3,171,N,H1,2021-01-03,2022-01-01,2021-04-04,2021-07-03,2021-06-06,2021-07-03,2021-01-03,2021-07-03,80,17,171,
2021-06-23,Wednesday,4,23,174,2021-06-20,N,2021,6,June,2,2021,2,6,P06,25,3,172,N,H1,2021-01-03,2022-01-01,2021-04-04,2021-07-03,2021-06-06,2021-07-03,2021-01-03,2021-07-03,81,18,172,
2021-06-24,Thursday,5,24,175,2021-06-20,N,2021,6,June,2,2021,2,6,P06,25,3,173,N,H1,2021-01-03,2022-01-01,2021-04-04,2021-07-03,2021-06-06,2021-07-03,2021-01-03,2021-07-03,82,19,173,
2021-06-25,Friday,6,25,176,2021-06-20,N,2021,6,June,2,2021,2,6,P06,25,3,174,N,H1,2021-01-03,2022-01-01,2021-04-04,2021-07-03,2021-06-06,2021-07-03,2021-01-03,2021-07-03,83,20,174,
2021-06-26,Saturday,7,26,177,2021-06-20,Y,2021,6,June,2,2021,2,6,P06,25,3,175,N,H1,2021-01-03,2022-01-01,2021-04-04,2021-07-03,2021-06-06,2021-07-03,2021-01-03,2021-07-03,84,21,175,
2021-06-27,Sunday,1,27,178,2021-06-27,Y,2021,6,June,2,2021,2,6,P06,26,4,176,N,H1,2021-01-03,2022-01-01,2021-04-04,2021-07-03,2021-06-06,2021-07-03,2021-01-03,2021-07-03,85,22,176,
2021-06-28,Monday,2,28,179,2021-06-27,N,2021,6,June,2,2021,2,6,P06,26,4,177,N,H1,2021-01-03,2022-01-01,2021-04-04,2021-07-03,2021-06-06,2021-07-03,2021-01-03,2021-07-03,86,23,177,
2021-06-29,Tuesday,3,29,180,2021-06-27,N,2021,6,June,2,2021,2,6,P06,26,4,178,N,H1,2021-01-03,2022-01-01,2021-04-04,2021-07-03,2021-06-06,2021-07-03,2021-01-03,2021-07-03,87,24,178,
2021-06-30,Wednesday,4,30,181,2021-06-27,N,2021,6,June,2,2021,2,6,P06,26,4,179,N,H1,2021-01-03,2022-01-01,2021-04-04,2021-07-03,2021-06-06,2021-07-03,2021-01-03,2021-07-03,88,25,179,
2021-07-01,Thursday,5,1,182,2021-06-27,N,2021,7,July,3,2021,2,6,P06,26,4,180,N,H1,2021-01-03,2022-01-01,2021-04-04,2021-07-03,2021-06-06,2021-07-03,2021-01-03,2021-07-03,89,26,180,
2021-07-02,Friday,6,2,183,2021-06-27,N,2021,7,July,3,2021,2,6,P06,26,4,181,N,H1,2021-01-03,2022-01-01,2021-04-04,2021-07-03,2021-06-06,2021-07-03,2021-01-03,2021-07-03,90,27,181,
2021-07-03,Saturday,7,3,184,2021-06-27,Y,2021,7,July,3,2021,2,6,P06,26,4,182,N,H1,2021-01-03,2022-01-01,2021-04-04,2021-07-03,2021-06-06,2021-07-03,2021-01-03,2021-07-03,91,28,182,
2021-07-04,Sunday,1,4,185,2021-07-04,Y,2021,7,July,3,2021,3,7,P07,27,1,183,N,H2,2021-01-03,2022-01-01,2021-07-04,2021-10-02,2021-07-04,2021-07-31,2021-07-04,2022-01-01,1,1,1,
2021-07-05,Monday,2,5,186,2021-07-04,N,2021,7,July,3,2021,3,7,P07,27,1,184,N,H2,2021-01-03,2022-01-01,2021-07-04,2021-10-02,2021-07-04,2021-07-31,2021-07-04,2022-01-01,2,2,2,
2021-07-06,Tuesday,3,6,187,2021-07-04,N,2021,7,July,3,2021,3,7,P07,27,1,185,N,H2,2021-01-03,2022-01-01,2021-07-04,2021-10-02,2021-07-04,2021-07-31,2021-07-04,2022-01-01,3,3,3,
2021-07-07,Wednesday,4,7,188,2021-07-04,N,2021,7,July,3,2021,3,7,P07,27,1,186,N,H2,2021-01-03,2022-01-01,2021-07-04,2021-10-02,2021-07-04,2021-07-31,2021-07-04,2022-01-01,4,4,4,
2021-07-08,Thursday,5,8,189,2021-07-04,N,2021,7,July,3,2021,3,7,P07,27,1,187,N,H2,2021-01-03,2022-01-01,2021-07-04,2021-10-02,2021-07-04,2021-07-31,2021-07-04,2022-01-01,5,5,5,
2021-07-09,Friday,6,9,190,2021-07-04,N,2021,7,July,3,2021,3,7,P07,27,1,188,N,H2,2021-01-03,2022-01-01,2021-07-04,2021-10-02,2021-07-04,2021-07-31,2021-07-04,2022-01-01,6,6,6,
2021-07-10,Saturday,7,10,191,2021-07-04,Y,2021,7,July,3,2021,3,7,P07,27,1,189,N,H2,2021-01-03,2022-01-01,2021-07-04,2021-10-02,2021-07-04,2021-07-31,2021-07-04,2022-01-01,7,7,7,
2021-07-11,Sunday,1,11,192,2021-07-11,Y,2021,7,July,3,2021,3,7,P07,28,2,190,N,H2,2021-01-03,2022-01-01,2021-07-04,2021-10-02,2021-07-04,2021-07-31,2021-07-04,2022-01-01,8,8,8,
2021-07-12,Monday,2,12,193,2021-07-11,N,2021,7,July,3,2021,3,7,P07,28,2,191,N,H2,2021-01-03,2022-01-01,2021-07-04,2021-10-02,2021-07-04,2021-07-31,2021-07-04,2022-01-01,9,9,9,
2021-07-13,Tuesday,3,13,194,2021-07-11,N,2021,7,July,3,2021,3,7,P07,28,2,192,N,H2,2021-01-03,2022-01-01,2021-07-04,2021-10-02,2021-07-04,2021-07-31,2021-07-04,2022-01-01,10,10,10,
2021-07-14,Wednesday,4,14,195,2021-07-11,N,2021,7,July,3,2021,3,7,P07,28,2,193,N,H2,2021-01-03,2022-01-01,2021-07-04,2021-10-02,2021-07-04,2021-07-31,2021-07-04,2022-01-01,11,11,11,
2021-07-15,Thursday,5,15,196,2021-07-11,N,2021,7,July,3,2021,3,7,P07,28,2,194,N,H2,2021-01-03,2022-01-01,2021-07-04,2021-10-02,2021-07-04,2021-07-31,2021-07-04,2022-01-01,12,12,12,
2021-07-16,Friday,6,16,197,2021-07-11,N,2021,7,July,3,2021,3,7,P07,28,2,195,N,H2,2021-01-03,2022-01-01,2021-07-04,2021-10-02,2021-07-04,2021-07-31,2021-07-04,2022-01-01,13,13,13,
2021-07-17,Saturday,7,17,198,2021-07-11,Y,2021,7,July,3,2021,3,7,P07,28,2,196,N,H2,2021-01-03,2022-01-01,2021-07-04,2021-10-02,2021-07-04,2021-07-31,2021-07-04,2022-01-01,14,14,14,
2021-07-18,Sunday,1,18,199,2021-07-18,Y,2021,7,July,3,2021,3,7,P07,29,3,197,N,H2,2021-01-03,2022-01-01,2021-07-04,2021-10-02,2021-07-04,2021-07-31,2021-07-04,2022-01-01,15,15,15,
2021-07-19,Monday,2,19,200,2021-07-18,N,2021,7,July,3,2021,3,7,P07,29,3,198,N,H2,2021-01-03,2022-01-01,2021-07-04,2021-10-02,2021-07-04,2021-07-31,2021-07-04,2022-01-01,16,16,16,
2021-07-20,Tuesday,3,20,201,2021-07-18,N,2021,7,July,3,2021,3,7,P07,29,3,199,N,H2,2021-01-03,2022-01-01,2021-07-04,2021-10-02,2021-07-04,2021-07-31,2021-07-04,2022-01-01,17,17,17,
2021-07-21,Wednesday,4,21,202,2021-07-18,N,2021,7,July,3,2021,3,7,P07,29,3,200,N,H2,2021-01-03,2022-01-01,2021-07-04,2021-10-02,2021-07-04,2021-07-31,2021-07-04,2022-01-01,18,18,18,
2021-07-22,Thursday,5,22,203,2021-07-18,N,2021,7,July,3,2021,3,7,P07,29,3,201,N,H2,2021-01-03,2022-01-01,2021-07-04,2021-10-02,2021-07-04,2021-07-31,2021-07-04,2022-01-01,19,19,19,
2021-07-23,Friday,6,23,204,2021-07-18,N,2021,7,July,3,2021,3,7,P07,29,3,202,N,H2,2021-01-03,2022-01-01,2021-07-04,2021-10-02,2021-07-04,2021-07-31,2021-07-04,2022-01-01,20,20,20,
2021-07-24,Saturday,7,24,205,2021-07-18,Y,2021,7,July,3,2021,3,7,P07,29,3,203,N,H2,2021-01-03,2022-01-01,2021-07-04,2021-10-02,2021-07-04,2021-07-31,2021-07-04,2022-01-01,21,21,21,
2021-07-25,Sunday,1,25,206,2021-07-25,Y,2021,7,July,3,2021,3,7,P07,30,4,204,N,H2,2021-01-03,2022-01-01,2021-07-04,2021-10-02,2021-07-04,2021-07-31,2021-07-04,2022-01-01,22,22,22,
2021-07-26,Monday,2,26,207,2021-07-25,N,2021,7,July,3,2021,3,7,P07,30,4,205,N,H2,2021-01-03,2022-01-01,2021-07-04,2021-10-02,2021-07-04,2021-07-31,2021-07-04,2022-01-01,23,23,23,
2021-07-27,Tuesday,3,27,208,2021-07-25,N,2021,7,July,3,2021,3,7,P07,30,4,206,N,H2,2021-01-03,2022-01-01,2021-07-04,2021-10-02,2021-07-04,2021-07-31,2021-07-04,2022-01-01,24,24,24,
2021-07-28,Wednesday,4,28,209,2021-07-25,N,2021,7,July,3,2021,3,7,P07,30,4,207,N,H2,2021-01-03,2022-01-01,2021-07-04,2021-10-02,2021-07-04,2021-07-31,2021-07-04,2022-01-01,25,25,25,
2021-07-29,Thursday,5,29,210,2021-07-25,N,2021,7,July,3,2021,3,7,P07,30,4,208,N,H2,2021-01-03,2022-01-01,2021-07-04,2021-10-02,2021-07-04,2021-07-31,2021-07-04,2022-01-01,26,26,26,
2021-07-30,Friday,6,30,211,2021-07-25,N,2021,7,July,3,2021,3,7,P07,30,4,209,N,H2,2021-01-03,2022-01-01,2021-07-04,2021-10-02,2021-07-04,2021-07-31,2021-07-04,2022-01-01,27,27,27,
2021-07-31,Saturday,7,31,212,2021-07-25,Y,2021,7,July,3,2021,3,7,P07,30,4,210,N,H2,2021-01-03,2022-01-01,2021-07-04,2021-10-02,2021-07-04,2021-07-31,2021-07-04,2022-01-01,28,28,28,
2021-08-01,Sunday,1,1,213,2021-08-01,Y,2021,8,August,3,2021,3,8,P08,31,1,211,N,H2,2021-01-03,2022-01-01,2021-07-04,2021-10-02,2021-08-01,2021-09-04,2021-07-04,2022-01-01,29,1,29,
2021-08-02,Monday,2,2,214,2021-08-01,N,2021,8,August,3,2021,3,8,P08,31,1,212,N,H2,2021-01-03,2022-01-01,2021-07-04,2021-10-02,2021-08-01,2021-09-04,2021-07-04,2022-01-01,30,2,30,
2021-08-03,Tuesday,3,3,215,2021-08-01,N,2021,8,August,3,2021,3,8,P08,31,1,213,N,H2,2021-01-03,2022-01-01,2021-07-04,2021-10-02,2021-08-01,2021-09-04,2021-07-04,2022-01-01,31,3,31,
2021-08-04,Wednesday,4,4,216,2021-08-01,N,2021,8,August,3,2021,3,8,P08,31,1,214,N,H2,2021-01-03,2022-01-01,2021-07-04,2021-10-02,2021-08-01,2021-09-04,2021-07-04,2022-01-01,32,4,32,
2021-08-05,Thursday,5,5,217,2021-08-01,N,2021,8,August,3,2021,3,8,P08,31,1,215,N,H2,2021-01-03,2022-01-01,2021-07-04,2021-10-02,2021-08-01,2021-09-04,2021-07-04,2022-01-01,33,5,33,
2021-08-06,Friday,6,6,218,2021-08-01,N,2021,8,August,3,2021,3,8,P08,31,1,216,N,H2,2021-01-03,2022-01-01,2021-07-04,2021-10-02,2021-08-01,2021-09-04,2021-07-04,2022-01-01,34,6,34,
2021-08-07,Saturday,7,7,219,2021-08-01,Y,2021,8,August,3,2021,3,8,P08,31,1,217,N,H2,2021-01-03,2022-01-01,2021-07-04,2021-10-02,2021-08-01,2021-09-04,2021-07-04,2022-01-01,35,7,35,
2021-08-08,Sunday,1,8,220,2021-08-08,Y,2021,8,August,3,2021,3,8,P08,32,2,218,N,H2,2021-01-03,2022-01-01,2021-07-04,2021-10-02,2021-08-01,2021-09-04,2021-07-04,2022-01-01,36,8,36,
2021-08-09,Monday,2,9,221,2021-08-08,N,2021,8,August,3,2021,3,8,P08,32,2,219,N,H2,2021-01-03,2022-01-01,2021-07-04,2021-10-02,2021-08-01,2021-09-04,2021-07-04,2022-01-01,37,9,37,
2021-08-10,Tuesday,3,10,222,2021-08-08,N,2021,8,August,3,2021,3,8,P08,32,2,220,N,H2,2021-01-03,2022-01-01,2021-07-04,2021-10-02,2021-08-01,2021-09-04,2021-07-04,2022-01-01,38,10,38,
2021-08-11,Wednesday,4,11,223,2021-08-08,N,2021,8,August,3,2021,3,8,P08,32,2,221,N,H2,2021-01-03,2022-01-01,2021-07-04,2021-10-02,2021-08-01,2021-09-04,2021-07-04,2022-01-01,39,11,39,
2021-08-12,Thursday,5,12,224,2021-08-08,N,2021,8,August,3,2021,3,8,P08,32,2,222,N,H2,2021-01-03,2022-01-01,2021-07-04,2021-10-02,2021-08-01,2021-09-04,2021-07-04,2022-01-01,40,12,40,
2021-08-13,Friday,6,13,225,2021-08-08,N,2021,8,August,3,2021,3,8,P08,32,2,223,N,H2,2021-01-03,2022-01-01,2021-07-04,2021-10-02,2021-08-01,2021-09-04,2021-07-04,2022-01-01,41,13,41,
2021-08-14,Saturday,7,14,226,2021-08-08,Y,2021,8,August,3,2021,3,8,P08,32,2,224,N,H2,2021-01-03,2022-01-01,2021-07-04,2021-10-02,2021-08-01,2021-09-04,2021-07-04,2022-01-01,42,14,42,
2021-08-15,Sunday,1,15,227,2021-08-15,Y,2021,8,August,3,2021,3,8,P08,33,3,225,N,H2,2021-01-03,2022-01-01,2021-07-04,2021-10-02,2021-08-01,2021-09-04,2021-07-04,2022-01-01,43,15,43,
2021-08-16,Monday,2,16,228,2021-08-15,N,2021,8,August,3,2021,3,8,P08,33,3,226,N,H2,2021-01-03,2022-01-01,2021-07-04,2021-10-02,2021-08-01,2021-09-04,2021-07-04,2022-01-01,44,16,44,
2021-08-17,Tuesday,3,17,229,2021-08-15,N,2021,8,August,3,2021,3,8,P08,33,3,227,N,H2,2021-01-03,2022-01-01,2021-07-04,2021-10-02,2021-08-01,2021-09-04,2021-07-04,2022-01-01,45,17,45,
2021-08-18,Wednesday,4,18,230,2021-08-15,N,2021,8,August,3,2021,3,8,P08,33,3,228,N,H2,2021-01-03,2022-01-01,2021-07-04,2021-10-02,2021-08-01,2021-09-04,2021-07-04,2022-01-01,46,18,46,
2021-08-19,Thursday,5,19,231,2021-08-15,N,2021,8,August,3,2021,3,8,P08,33,3,229,N,H2,2021-01-03,2022-01-01,2021-07-04,2021-10-02,2021-08-01,2021-09-04,2021-07-04,2022-01-01,47,19,47,
2021-08-20,Friday,6,20,232,2021-08-15,N,2021,8,August,3,2021,3,8,P08,33,3,230,N,H2,2021-01-03,2022-01-01,2021-07-04,2021-10-02,2021-08-01,2021-09-04,2021-07-04,2022-01-01,48,20,48,
2021-08-21,Saturday,7,21,233,2021-08-15,Y,2021,8,August,3,2021,3,8,P08,33,3,231,N,H2,2021-01-03,2022-01-01,2021-07-04,2021-10-02,2021-08-01,2021-09-04,2021-07-04,2022-01-01,49,21,49,
2021-08-22,Sunday,1,22,234,2021-08-22,Y,2021,8,August,3,2021,3,8,P08,34,4,232,N,H2,2021-01-03,2022-01-01,2021-07-04,2021-10-02,2021-08-01,2021-09-04,2021-07-04,2022-01-01,50,22,50,
2021-08-23,Monday,2,23,235,2021-08-22,N,2021,8,August,3,2021,3,8,P08,34,4,233,N,H2,2021-01-03,2022-01-01,2021-07-04,2021-10-02,2021-08-01,2021-09-04,2021-07-04,2022-01-01,51,23,51,
2021-08-24,Tuesday,3,24,236,2021-08-22,N,2021,8,August,3,2021,3,8,P08,34,4,234,N,H2,2021-01-03,2022-01-01,2021-07-04,2021-10-02,2021-08-01,2021-09-04,2021-07-04,2022-01-01,52,24,52,
2021-08-25,Wednesday,4,25,237,2021-08-22,N,2021,8,August,3,2021,3,8,P08,34,4,235,N,H2,2021-01-03,2022-01-01,2021-07-04,2021-10-02,2021-08-01,2021-09-04,2021-07-04,2022-01-01,53,25,53,
2021-08-26,Thursday,5,26,238,2021-08-22,N,2021,8,August,3,2021,3,8,P08,34,4,236,N,H2,2021-01-03,2022-01-01,2021-07-04,2021-10-02,2021-08-01,2021-09-04,2021-07-04,2022-01-01,54,26,54,
2021-08-27,Friday,6,27,239,2021-08-22,N,2021,8,August,3,2021,3,8,P08,34,4,237,N,H2,2021-01-03,2022-01-01,2021-07-04,2021-10-02,2021-08-01,2021-09-04,2021-07-04,2022-01-01,55,27,55,
2021-08-28,Saturday,7,28,240,2021-08-22,Y,2021,8,August,3,2021,3,8,P08,34,4,238,N,H2,2021-01-03,2022-01-01,2021-07-04,2021-10-02,2021-08-01,2021-09-04,2021-07-04,2022-01-01,56,28,56,
2021-08-29,Sunday,1,29,241,2021-08-29,Y,2021,8,August,3,2021,3,8,P08,35,5,239,N,H2,2021-01-03,2022-01-01,2021-07-04,2021-10-02,2021-08-01,2021-09-04,2021-07-04,2022-01-01,57,29,57,
2021-08-30,Monday,2,30,242,2021-08-29,N,2021,8,August,3,2021,3,8,P08,35,5,240,N,H2,2021-01-03,2022-01-01,2021-07-04,2021-10-02,2021-08-01,2021-09-04,2021-07-04,2022-01-01,58,30,58,
2021-08-31,Tuesday,3,31,243,2021-08-29,N,2021,8,August,3,2021,3,8,P08,35,5,241,N,H2,2021-01-03,2022-01-01,2021-07-04,2021-10-02,2021-08-01,2021-09-04,2021-07-04,2022-01-01,59,31,59,
2021-09-01,Wednesday,4,1,244,2021-08-29,N,2021,9,September,3,2021,3,8,P08,35,5,242,N,H2,2021-01-03,2022-01-01,2021-07-04,2021-10-02,2021-08-01,2021-09-04,2021-07-04,2022-01-01,60,32,60,
2021-09-02,Thursday,5,2,245,2021-08-29,N,2021,9,September,3,2021,3,8,P08,35,5,243,N,H2,2021-01-03,2022-01-01,2021-07-04,2021-10-02,2021-08-01,2021-09-04,2021-07-04,2022-01-01,61,33,61,
2021-09-03,Friday,6,3,246,2021-08-29,N,2021,9,September,3,2021,3,8,P08,35,5,244,N,H2,2021-01-03,2022-01-01,2021-07-04,2021-10-02,2021-08-01,2021-09-04,2021-07-04,2022-01-01,62,34,62,
2021-09-04,Saturday,7,4,247,2021-08-29,Y,2021,9,September,3,2021,3,8,P08,35,5,245,N,H2,2021-01-03,2022-01-01,2021-07-04,2021-10-02,2021-08-01,2021-09-04,2021-07-04,2022-01-01,63,35,63,
2021-09-05,Sunday,1,5,248,2021-09-05,Y,2021,9,September,3,2021,3,9,P09,36,1,246,N,H2,2021-01-03,2022-01-01,2021-07-04,2021-10-02,2021-09-05,2021-10-02,2021-07-04,2022-01-01,64,1,64,
2021-09-06,Monday,2,6,249,2021-09-05,N,2021,9,September,3,2021,3,9,P09,36,1,247,N,H2,2021-01-03,2022-01-01,2021-07-04,2021-10-02,2021-09-05,2021-10-02,2021-07-04,2022-01-01,65,2,65,
2021-09-07,Tuesday,3,7,250,2021-09-05,N,2021,9,September,3,2021,3,9,P09,36,1,248,N,H2,2021-01-03,2022-01-01,2021-07-04,2021-10-02,2021-09-05,2021-10-02,2021-07-04,2022-01-01,66,3,66,
2021-09-08,Wednesday,4,8,251,2021-09-05,N,2021,9,September,3,2021,3,9,P09,36,1,249,N,H2,2021-01-03,2022-01-01,2021-07-04,2021-10-02,2021-09-05,2021-10-02,2021-07-04,2022-01-01,67,4,67,
2021-09-09,Thursday,5,9,252,2021-09-05,N,2021,9,September,3,2021,3,9,P09,36,1,250,N,H2,2021-01-03,2022-01-01,2021-07-04,2021-10-02,2021-09-05,2021-10-02,2021-07-04,2022-01-01,68,5,68,
2021-09-10,Friday,6,10,253,2021-09-05,N,2021,9,September,3,2021,3,9,P09,36,1,251,N,H2,2021-01-03,2022-01-01,2021-07-04,2021-10-02,2021-09-05,2021-10-02,2021-07-04,2022-01-01,69,6,69,
2021-09-11,Saturday,7,11,254,2021-09-05,Y,2021,9,September,3,2021,3,9,P09,36,1,252,N,H2,2021-01-03,2022-01-01,2021-07-04,2021-10-02,2021-09-05,2021-10-02,2021-07-04,2022-01-01,70,7,70,
2021-09-12,Sunday,1,12,255,2021-09-12,Y,2021,9,September,3,2021,3,9,P09,37,2,253,N,H2,2021-01-03,2022-01-01,2021-07-04,2021-10-02,2021-09-05,2021-10-02,2021-07-04,2022-01-01,71,8,71,
2021-09-13,Monday,2,13,256,2021-09-12,N,2021,9,September,3,2021,3,9,P09,37,2,254,N,H2,2021-01-03,2022-01-01,2021-07-04,2021-10-02,2021-09-05,2021-10-02,2021-07-04,2022-01-01,72,9,72,
2021-09-14,Tuesday,3,14,257,2021-09-12,N,2021,9,September,3,2021,3,9,P09,37,2,255,N,H2,2021-01-03,2022-01-01,2021-07-04,2021-10-02,2021-09-05,2021-10-02,2021-07-04,2022-01-01,73,10,73,
2021-09-15,Wednesday,4,15,258,2021-09-12,N,2021,9,September,3,2021,3,9,P09,37,2,256,N,H2,2021-01-03,2022-01-01,2021-07-04,2021-10-02,2021-09-05,2021-10-02,2021-07-04,2022-01-01,74,11,74,
2021-09-16,Thursday,5,16,259,2021-09-12,N,2021,9,September,3,2021,3,9,P09,37,2,257,N,H2,2021-01-03,2022-01-01,2021-07-04,2021-10-02,2021-09-05,2021-10-02,2021-07-04,2022-01-01,75,12,75,
2021-09-17,Friday,6,17,260,2021-09-12,N,2021,9,September,3,2021,3,9,P09,37,2,258,N,H2,2021-01-03,2022-01-01,2021-07-04,2021-10-02,2021-09-05,2021-10-02,2021-07-04,2022-01-01,76,13,76,
2021-09-18,Saturday,7,18,261,2021-09-12,Y,2021,9,September,3,2021,3,9,P09,37,2,259,N,H2,2021-01-03,2022-01-01,2021-07-04,2021-10-02,2021-09-05,2021-10-02,2021-07-04,2022-01-01,77,14,77,
2021-09-19,Sunday,1,19,262,2021-09-19,Y,2021,9,September,3,2021,3,9,P09,38,3,260,N,H2,2021-01-03,2022-01-01,2021-07-04,2021-10-02,2021-09-05,2021-10-02,2021-07-04,2022-01-01,78,15,78,
2021-09-20,Monday,2,20,263,2021-09-19,N,2021,9,September,3,2021,3,9,P09,38,3,261,N,H2,2021-01-03,2022-01-01,2021-07-04,2021-10-02,2021-09-05,2021-10-02,2021-07-04,2022-01-01,79,16,79,
2021-09-21,Tuesday,3,21,264,2021-09-19,N,2021,9,September,3,2021,3,9,P09,38,3,262,N,H2,2021-01-03,2022-01-01,2021-07-04,2021-10-02,2021-09-05,2021-10-02,2021-07-04,2022-01-01,80,17,80,
2021-09-22,Wednesday,4,22,265,2021-09-19,N,2021,9,September,3,2021,3,9,P09,38,3,263,N,H2,2021-01-03,2022-01-01,2021-07-04,2021-10-02,2021-09-05,2021-10-02,2021-07-04,2022-01-01,81,18,81,
2021-09-23,Thursday,5,23,266,2021-09-19,N,2021,9,September,3,2021,3,9,P09,38,3,264,N,H2,2021-01-03,2022-01-01,2021-07-04,2021-10-02,2021-09-05,2021-10-02,2021-07-04,2022-01-01,82,19,82,
2021-09-24,Friday,6,24,267,2021-09-19,N,2021,9,September,3,2021,3,9,P09,38,3,265,N,H2,2021-01-03,2022-01-01,2021-07-04,2021-10-02,2021-09-05,2021-10-02,2021-07-04,2022-01-01,83,20,83,
2021-09-25,Saturday,7,25,268,2021-09-19,Y,2021,9,September,3,2021,3,9,P09,38,3,266,N,H2,2021-01-03,2022-01-01,2021-07-04,2021-10-02,2021-09-05,2021-10-02,2021-07-04,2022-01-01,84,21,84,
2021-09-26,Sunday,1,26,269,2021-09-26,Y,2021,9,September,3,2021,3,9,P09,39,4,267,N,H2,2021-01-03,2022-01-01,2021-07-04,2021-10-02,2021-09-05,2021-10-02,2021-07-04,2022-01-01,85,22,85,
2021-09-27,Monday,2,27,270,2021-09-26,N,2021,9,September,3,2021,3,9,P09,39,4,268,N,H2,2021-01-03,2022-01-01,2021-07-04,2021-10-02,2021-09-05,2021-10-02,2021-07-04,2022-01-01,86,23,86,
2021-09-28,Tuesday,3,28,271,2021-09-26,N,2021,9,September,3,2021,3,9,P09,39,4,269,N,H2,2021-01-03,2022-01-01,2021-07-04,2021-10-02,2021-09-05,2021-10-02,2021-07-04,2022-01-01,87,24,87,
2021-09-29,Wednesday,4,29,272,2021-09-26,N,2021,9,September,3,2021,3,9,P09,39,4,270,N,H2,2021-01-03,2022-01-01,2021-07-04,2021-10-02,2021-09-05,2021-10-02,2021-07-04,2022-01-01,88,25,88,
2021-09-30,Thursday,5,30,273,2021-09-26,N,2021,9,September,3,2021,3,9,P09,39,4,271,N,H2,2021-01-03,2022-01-01,2021-07-04,2021-10-02,2021-09-05,2021-10-02,2021-07-04,2022-01-01,89,26,89,
2021-10-01,Friday,6,1,274,2021-09-26,N,2021,10,October,4,2021,3,9,P09,39,4,272,N,H2,2021-01-03,2022-01-01,2021-07-04,2021-10-02,2021-09-05,2021-10-02,2021-07-04,2022-01-01,90,27,90,
2021-10-02,Saturday,7,2,275,2021-09-26,Y,2021,10,October,4,2021,3,9,P09,39,4,273,N,H2,2021-01-03,2022-01-01,2021-07-04,2021-10-02,2021-09-05,2021-10-02,2021-07-04,2022-01-01,91,28,91,
2021-10-03,Sunday,1,3,276,2021-10-03,Y,2021,10,October,4,2021,4,10,P10,40,1,274,N,H2,2021-01-03,2022-01-01,2021-10-03,2022-01-01,2021-10-03,2021-10-30,2021-07-04,2022-01-01,1,1,92,
2021-10-04,Monday,2,4,277,2021-10-03,N,2021,10,October,4,2021,4,10,P10,40,1,275,N,H2,2021-01-03,2022-01-01,2021-10-03,2022-01-01,2021-10-03,2021-10-30,2021-07-04,2022-01-01,2,2,93,
2021-10-05,Tuesday,3,5,278,2021-10-03,N,2021,10,October,4,2021,4,10,P10,40,1,276,N,H2,2021-01-03,2022-01-01,2021-10-03,2022-01-01,2021-10-03,2021-10-30,2021-07-04,2022-01-01,3,3,94,
2021-10-06,Wednesday,4,6,279,2021-10-03,N,2021,10,October,4,2021,4,10,P10,40,1,277,N,H2,2021-01-03,2022-01-01,2021-10-03,2022-01-01,2021-10-03,2021-10-30,2021-07-04,2022-01-01,4,4,95,
2021-10-07,Thursday,5,7,280,2021-10-03,N,2021,10,October,4,2021,4,10,P10,40,1,278,N,H2,2021-01-03,2022-01-01,2021-10-03,2022-01-01,2021-10-03,2021-10-30,2021-07-04,2022-01-01,5,5,96,
2021-10-08,Friday,6,8,281,2021-10-03,N,2021,10,October,4,2021,4,10,P10,40,1,279,N,H2,2021-01-03,2022-01-01,2021-10-03,2022-01-01,2021-10-03,2021-10-30,2021-07-04,2022-01-01,6,6,97,
2021-10-09,Saturday,7,9,282,2021-10-03,Y,2021,10,October,4,2021,4,10,P10,40,1,280,N,H2,2021-01-03,2022-01-01,2021-10-03,2022-01-01,2021-10-03,2021-10-30,2021-07-04,2022-01-01,7,7,98,
2021-10-10,Sunday,1,10,283,2021-10-10,Y,2021,10,October,4,2021,4,10,P10,41,2,281,N,H2,2021-01-03,2022-01-01,2021-10-03,2022-01-01,2021-10-03,2021-10-30,2021-07-04,2022-01-01,8,8,99,
2021-10-11,Monday,2,11,284,2021-10-10,N,2021,10,October,4,2021,4,10,P10,41,2,282,N,H2,2021-01-03,2022-01-01,2021-10-03,2022-01-01,2021-10-03,2021-10-30,2021-07-04,2022-01-01,9,9,100,
2021-10-12,Tuesday,3,12,285,2021-10-10,N,2021,10,October,4,2021,4,10,P10,41,2,283,N,H2,2021-01-03,2022-01-01,2021-10-03,2022-01-01,2021-10-03,2021-10-30,2021-07-04,2022-01-01,10,10,101,
2021-10-13,Wednesday,4,13,286,2021-10-10,N,2021,10,October,4,2021,4,10,P10,41,2,284,N,H2,2021-01-03,2022-01-01,2021-10-03,2022-01-01,2021-10-03,2021-10-30,2021-07-04,2022-01-01,11,11,102,
2021-10-14,Thursday,5,14,287,2021-10-10,N,2021,10,October,4,2021,4,10,P10,41,2,285,N,H2,2021-01-03,2022-01-01,2021-10-03,2022-01-01,2021-10-03,2021-10-30,2021-07-04,2022-01-01,12,12,103,
2021-10-15,Friday,6,15,288,2021-10-10,N,2021,10,October,4,2021,4,10,P10,41,2,286,N,H2,2021-01-03,2022-01-01,2021-10-03,2022-01-01,2021-10-03,2021-10-30,2021-07-04,2022-01-01,13,13,104,
2021-10-16,Saturday,7,16,289,2021-10-10,Y,2021,10,October,4,2021,4,10,P10,41,2,287,N,H2,2021-01-03,2022-01-01,2021-10-03,2022-01-01,2021-10-03,2021-10-30,2021-07-04,2022-01-01,14,14,105,
2021-10-17,Sunday,1,17,290,2021-10-17,Y,2021,10,October,4,2021,4,10,P10,42,3,288,N,H2,2021-01-03,2022-01-01,2021-10-03,2022-01-01,2021-10-03,2021-10-30,2021-07-04,2022-01-01,15,15,106,
2021-10-18,Monday,2,18,291,2021-10-17,N,2021,10,October,4,2021,4,10,P10,42,3,289,N,H2,2021-01-03,2022-01-01,2021-10-03,2022-01-01,2021-10-03,2021-10-30,2021-07-04,2022-01-01,16,16,107,
2021-10-19,Tuesday,3,19,292,2021-10-17,N,2021,10,October,4,2021,4,10,P10,42,3,290,N,H2,2021-01-03,2022-01-01,2021-10-03,2022-01-01,2021-10-03,2021-10-30,2021-07-04,2022-01-01,17,17,108,
2021-10-20,Wednesday,4,20,293,2021-10-17,N,2021,10,October,4,2021,4,10,P10,42,3,291,N,H2,2021-01-03,2022-01-01,2021-10-03,2022-01-01,2021-10-03,2021-10-30,2021-07-04,2022-01-01,18,18,109,
2021-10-21,Thursday,5,21,294,2021-10-17,N,2021,10,October,4,2021,4,10,P10,42,3,292,N,H2,2021-01-03,2022-01-01,2021-10-03,2022-01-01,2021-10-03,2021-10-30,2021-07-04,2022-01-01,19,19,110,
2021-10-22,Friday,6,22,295,2021-10-17,N,2021,10,October,4,2021,4,10,P10,42,3,293,N,H2,2021-01-03,2022-01-01,2021-10-03,2022-01-01,2021-10-03,2021-10-30,2021-07-04,2022-01-01,20,20,111,
2021-10-23,Saturday,7,23,296,2021-10-17,Y,2021,10,October,4,2021,4,10,P10,42,3,294,N,H2,2021-01-03,2022-01-01,2021-10-03,2022-01-01,2021-10-03,2021-10-30,2021-07-04,2022-01-01,21,21,112,
2021-10-24,Sunday,1,24,297,2021-10-24,Y,2021,10,October,4,2021,4,10,P10,43,4,295,N,H2,2021-01-03,2022-01-01,2021-10-03,2022-01-01,2021-10-03,2021-10-30,2021-07-04,2022-01-01,22,22,113,
2021-10-25,Monday,2,25,298,2021-10-24,N,2021,10,October,4,2021,4,10,P10,43,4,296,N,H2,2021-01-03,2022-01-01,2021-10-03,2022-01-01,2021-10-03,2021-10-30,2021-07-04,2022-01-01,23,23,114,
2021-10-26,Tuesday,3,26,299,2021-10-24,N,2021,10,October,4,2021,4,10,P10,43,4,297,N,H2,2021-01-03,2022-01-01,2021-10-03,2022-01-01,2021-10-03,2021-10-30,2021-07-04,2022-01-01,24,24,115,
2021-10-27,Wednesday,4,27,300,2021-10-24,N,2021,10,October,4,2021,4,10,P10,43,4,298,N,H2,2021-01-03,2022-01-01,2021-10-03,2022-01-01,2021-10-03,2021-10-30,2021-07-04,2022-01-01,25,25,116,
2021-10-28,Thursday,5,28,301,2021-10-24,N,2021,10,October,4,2021,4,10,P10,43,4,299,N,H2,2021-01-03,2022-01-01,2021-10-03,2022-01-01,2021-10-03,2021-10-30,2021-07-04,2022-01-01,26,26,117,
2021-10-29,Friday,6,29,302,2021-10-24,N,2021,10,October,4,2021,4,10,P10,43,4,300,N,H2,2021-01-03,2022-01-01,2021-10-03,2022-01-01,2021-10-03,2021-10-30,2021-07-04,2022-01-01,27,27,118,
2021-10-30,Saturday,7,30,303,2021-10-24,Y,2021,10,October,4,2021,4,10,P10,43,4,301,N,H2,2021-01-03,2022-01-01,2021-10-03,2022-01-01,2021-10-03,2021-10-30,2021-07-04,2022-01-01,28,28,119,
2021-10-31,Sunday,1,31,304,2021-10-31,Y,2021,10,October,4,2021,4,11,P11,44,1,302,N,H2,2021-01-03,2022-01-01,2021-10-03,2022-01-01,2021-10-31,2021-12-04,2021-07-04,2022-01-01,29,1,120,
2021-11-01,Monday,2,1,305,2021-10-31,N,2021,11,November,4,2021,4,11,P11,44,1,303,N,H2,2021-01-03,2022-01-01,2021-10-03,2022-01-01,2021-10-31,2021-12-04,2021-07-04,2022-01-01,30,2,121,
2021-11-02,Tuesday,3,2,306,2021-10-31,N,2021,11,November,4,2021,4,11,P11,44,1,304,N,H2,2021-01-03,2022-01-01,2021-10-03,2022-01-01,2021-10-31,2021-12-04,2021-07-04,2022-01-01,31,3,122,
2021-11-03,Wednesday,4,3,307,2021-10-31,N,2021,11,November,4,2021,4,11,P11,44,1,305,N,H2,2021-01-03,2022-01-01,2021-10-03,2022-01-01,2021-10-31,2021-12-04,2021-07-04,2022-01-01,32,4,123,
2021-11-04,Thursday,5,4,308,2021-10-31,N,2021,11,November,4,2021,4,11,P11,44,1,306,N,H2,2021-01-03,2022-01-01,2021-10-03,2022-01-01,2021-10-31,2021-12-04,2021-07-04,2022-01-01,33,5,124,
2021-11-05,Friday,6,5,309,2021-10-31,N,2021,11,November,4,2021,4,11,P11,44,1,307,N,H2,2021-01-03,2022-01-01,2021-10-03,2022-01-01,2021-10-31,2021-12-04,2021-07-04,2022-01-01,34,6,125,
2021-11-06,Saturday,7,6,310,2021-10-31,Y,2021,11,November,4,2021,4,11,P11,44,1,308,N,H2,2021-01-03,2022-01-01,2021-10-03,2022-01-01,2021-10-31,2021-12-04,2021-07-04,2022-01-01,35,7,126,
2021-11-07,Sunday,1,7,311,2021-11-07,Y,2021,11,November,4,2021,4,11,P11,45,2,309,N,H2,2021-01-03,2022-01-01,2021-10-03,2022-01-01,2021-10-31,2021-12-04,2021-07-04,2022-01-01,36,8,127,
2021-11-08,Monday,2,8,312,2021-11-07,N,2021,11,November,4,2021,4,11,P11,45,2,310,N,H2,2021-01-03,2022-01-01,2021-10-03,2022-01-01,2021-10-31,2021-12-04,2021-07-04,2022-01-01,37,9,128,
2021-11-09,Tuesday,3,9,313,2021-11-07,N,2021,11,November,4,2021,4,11,P11,45,2,311,N,H2,2021-01-03,2022-01-01,2021-10-03,2022-01-01,2021-10-31,2021-12-04,2021-07-04,2022-01-01,38,10,129,
2021-11-10,Wednesday,4,10,314,2021-11-07,N,2021,11,November,4,2021,4,11,P11,45,2,312,N,H2,2021-01-03,2022-01-01,2021-10-03,2022-01-01,2021-10-31,2021-12-04,2021-07-04,2022-01-01,39,11,130,
2021-11-11,Thursday,5,11,315,2021-11-07,N,2021,11,November,4,2021,4,11,P11,45,2,313,N,H2,2021-01-03,2022-01-01,2021-10-03,2022-01-01,2021-10-31,2021-12-04,2021-07-04,2022-01-01,40,12,131,
2021-11-12,Friday,6,12,316,2021-11-07,N,2021,11,November,4,2021,4,11,P11,45,2,314,N,H2,2021-01-03,2022-01-01,2021-10-03,2022-01-01,2021-10-31,2021-12-04,2021-07-04,2022-01-01,41,13,132,
2021-11-13,Saturday,7,13,317,2021-11-07,Y,2021,11,November,4,2021,4,11,P11,45,2,315,N,H2,2021-01-03,2022-01-01,2021-10-03,2022-01-01,2021-10-31,2021-12-04,2021-07-04,2022-01-01,42,14,133,
2021-11-14,Sunday,1,14,318,2021-11-14,Y,2021,11,November,4,2021,4,11,P11,46,3,316,N,H2,2021-01-03,2022-01-01,2021-10-03,2022-01-01,2021-10-31,2021-12-04,2021-07-04,2022-01-01,43,15,134,
2021-11-15,Monday,2,15,319,2021-11-14,N,2021,11,November,4,2021,4,11,P11,46,3,317,N,H2,2021-01-03,2022-01-01,2021-10-03,2022-01-01,2021-10-31,2021-12-04,2021-07-04,2022-01-01,44,16,135,
2021-11-16,Tuesday,3,16,320,2021-11-14,N,2021,11,November,4,2021,4,11,P11,46,3,318,N,H2,2021-01-03,2022-01-01,2021-10-03,2022-01-01,2021-10-31,2021-12-04,2021-07-04,2022-01-01,45,17,136,
2021-11-17,Wednesday,4,17,321,2021-11-14,N,2021,11,November,4,2021,4,11,P11,46,3,319,N,H2,2021-01-03,2022-01-01,2021-10-03,2022-01-01,2021-10-31,2021-12-04,2021-07-04,2022-01-01,46,18,137,
2021-11-18,Thursday,5,18,322,2021-11-14,N,2021,11,November,4,2021,4,11,P11,46,3,320,N,H2,2021-01-03,2022-01-01,2021-10-03,2022-01-01,2021-10-31,2021-12-04,2021-07-04,2022-01-01,47,19,138,
2021-11-19,Friday,6,19,323,2021-11-14,N,2021,11,November,4,2021,4,11,P11,46,3,321,N,H2,2021-01-03,2022-01-01,2021-10-03,2022-01-01,2021-10-31,2021-12-04,2021-07-04,2022-01-01,48,20,139,
2021-11-20,Saturday,7,20,324,2021-11-14,Y,2021,11,November,4,2021,4,11,P11,46,3,322,N,H2,2021-01-03,2022-01-01,2021-10-03,2022-01-01,2021-10-31,2021-12-04,2021-07-04,2022-01-01,49,21,140,
2021-11-21,Sunday,1,21,325,2021-11-21,Y,2021,11,November,4,2021,4,11,P11,47,4,323,N,H2,2021-01-03,2022-01-01,2021-10-03,2022-01-01,2021-10-31,2021-12-04,2021-07-04,2022-01-01,50,22,141,
2021-11-22,Monday,2,22,326,2021-11-21,N,2021,11,November,4,2021,4,11,P11,47,4,324,N,H2,2021-01-03,2022-01-01,2021-10-03,2022-01-01,2021-10-31,2021-12-04,2021-07-04,2022-01-01,51,23,142,
2021-11-23,Tuesday,3,23,327,2021-11-21,N,2021,11,November,4,2021,4,11,P11,47,4,325,N,H2,2021-01-03,2022-01-01,2021-10-03,2022-01-01,2021-10-31,2021-12-04,2021-07-04,2022-01-01,52,24,143,
2021-11-24,Wednesday,4,24,328,2021-11-21,N,2021,11,November,4,2021,4,11,P11,47,4,326,N,H2,2021-01-03,2022-01-01,2021-10-03,2022-01-01,2021-10-31,2021-12-04,2021-07-04,2022-01-01,53,25,144,
2021-11-25,Thursday,5,25,329,2021-11-21,N,2021,11,November,4,2021,4,11,P11,47,4,327,N,H2,2021-01-03,2022-01-01,2021-10-03,2022-01-01,2021-10-31,2021-12-04,2021-07-04,2022-01-01,54,26,145,
2021-11-26,Friday,6,26,330,2021-11-21,N,2021,11,November,4,2021,4,11,P11,47,4,328,N,H2,2021-01-03,2022-01-01,2021-10-03,2022-01-01,2021-10-31,2021-12-04,2021-07-04,2022-01-01,55,27,146,
2021-11-27,Saturday,7,27,331,2021-11-21,Y,2021,11,November,4,2021,4,11,P11,47,4,329,N,H2,2021-01-03,2022-01-01,2021-10-03,2022-01-01,2021-10-31,2021-12-04,2021-07-04,2022-01-01,56,28,147,
2021-11-28,Sunday,1,28,332,2021-11-28,Y,2021,11,November,4,2021,4,11,P11,48,5,330,N,H2,2021-01-03,2022-01-01,2021-10-03,2022-01-01,2021-10-31,2021-12-04,2021-07-04,2022-01-01,57,29,148,
2021-11-29,Monday,2,29,333,2021-11-28,N,2021,11,November,4,2021,4,11,P11,48,5,331,N,H2,2021-01-03,2022-01-01,2021-10-03,2022-01-01,2021-10-31,2021-12-04,2021-07-04,2022-01-01,58,30,149,
2021-11-30,Tuesday,3,30,334,2021-11-28,N,2021,11,November,4,2021,4,11,P11,48,5,332,N,H2,2021-01-03,2022-01-01,2021-10-03,2022-01-01,2021-10-31,2021-12-04,2021-07-04,2022-01-01,59,31,150,
2021-12-01,Wednesday,4,1,335,2021-11-28,N,2021,12,December,4,2021,4,11,P11,48,5,333,N,H2,2021-01-03,2022-01-01,2021-10-03,2022-01-01,2021-10-31,2021-12-04,2021-07-04,2022-01-01,60,32,151,
2021-12-02,Thursday,5,2,336,2021-11-28,N,2021,12,December,4,2021,4,11,P11,48,5,334,N,H2,2021-01-03,2022-01-01,2021-10-03,2022-01-01,2021-10-31,2021-12-04,2021-07-04,2022-01-01,61,33,152,
2021-12-03,Friday,6,3,337,2021-11-28,N,2021,12,December,4,2021,4,11,P11,48,5,335,N,H2,2021-01-03,2022-01-01,2021-10-03,2022-01-01,2021-10-31,2021-12-04,2021-07-04,2022-01-01,62,34,153,
2021-12-04,Saturday,7,4,338,2021-11-28,Y,2021,12,December,4,2021,4,11,P11,48,5,336,N,H2,2021-01-03,2022-01-01,2021-10-03,2022-01-01,2021-10-31,2021-12-04,2021-07-04,2022-01-01,63,35,154,
2021-12-05,Sunday,1,5,339,2021-12-05,Y,2021,12,December,4,2021,4,12,P12,49,1,337,N,H2,2021-01-03,2022-01-01,2021-10-03,2022-01-01,2021-12-05,2022-01-01,2021-07-04,2022-01-01,64,1,155,
2021-12-06,Monday,2,6,340,2021-12-05,N,2021,12,December,4,2021,4,12,P12,49,1,338,N,H2,2021-01-03,2022-01-01,2021-10-03,2022-01-01,2021-12-05,2022-01-01,2021-07-04,2022-01-01,65,2,156,
2021-12-07,Tuesday,3,7,341,2021-12-05,N,2021,12,December,4,2021,4,12,P12,49,1,339,N,H2,2021-01-03,2022-01-01,2021-10-03,2022-01-01,2021-12-05,2022-01-01,2021-07-04,2022-01-01,66,3,157,
2021-12-08,Wednesday,4,8,342,2021-12-05,N,2021,12,December,4,2021,4,12,P12,49,1,340,N,H2,2021-01-03,2022-01-01,2021-10-03,2022-01-01,2021-12-05,2022-01-01,2021-07-04,2022-01-01,67,4,158,
2021-12-09,Thursday,5,9,343,2021-12-05,N,2021,12,December,4,2021,4,12,P12,49,1,341,N,H2,2021-01-03,2022-01-01,2021-10-03,2022-01-01,2021-12-05,2022-01-01,2021-07-04,2022-01-01,68,5,159,
2021-12-10,Friday,6,10,344,2021-12-05,N,2021,12,December,4,2021,4,12,P12,49,1,342,N,H2,2021-01-03,2022-01-01,2021-10-03,2022-01-01,2021-12-05,2022-01-01,2021-07-04,2022-01-01,69,6,160,
2021-12-11,Saturday,7,11,345,2021-12-05,Y,2021,12,December,4,2021,4,12,P12,49,1,343,N,H2,2021-01-03,2022-01-01,2021-10-03,2022-01-01,2021-12-05,2022-01-01,2021-07-04,2022-01-01,70,7,161,
2021-12-12,Sunday,1,12,346,2021-12-12,Y,2021,12,December,4,2021,4,12,P12,50,2,344,N,H2,2021-01-03,2022-01-01,2021-10-03,2022-01-01,2021-12-05,2022-01-01,2021-07-04,2022-01-01,71,8,162,
2021-12-13,Monday,2,13,347,2021-12-12,N,2021,12,December,4,2021,4,12,P12,50,2,345,N,H2,2021-01-03,2022-01-01,2021-10-03,2022-01-01,2021-12-05,2022-01-01,2021-07-04,2022-01-01,72,9,163,
2021-12-14,Tuesday,3,14,348,2021-12-12,N,2021,12,December,4,2021,4,12,P12,50,2,346,N,H2,2021-01-03,2022-01-01,2021-10-03,2022-01-01,2021-12-05,2022-01-01,2021-07-04,2022-01-01,73,10,164,
2021-12-15,Wednesday,4,15,349,2021-12-12,N,2021,12,December,4,2021,4,12,P12,50,2,347,N,H2,2021-01-03,2022-01-01,2021-10-03,2022-01-01,2021-12-05,2022-01-01,2021-07-04,2022-01-01,74,11,165,
2021-12-16,Thursday,5,16,350,2021-12-12,N,2021,12,December,4,2021,4,12,P12,50,2,348,N,H2,2021-01-03,2022-01-01,2021-10-03,2022-01-01,2021-12-05,2022-01-01,2021-07-04,2022-01-01,75,12,166,
2021-12-17,Friday,6,17,351,2021-12-12,N,2021,12,December,4,2021,4,12,P12,50,2,349,N,H2,2021-01-03,2022-01-01,2021-10-03,2022-01-01,2021-12-05,2022-01-01,2021-07-04,2022-01-01,76,13,167,
2021-12-18,Saturday,7,18,352,2021-12-12,Y,2021,12,December,4,2021,4,12,P12,50,2,350,N,H2,2021-01-03,2022-01-01,2021-10-03,2022-01-01,2021-12-05,2022-01-01,2021-07-04,2022-01-01,77,14,168,
2021-12-19,Sunday,1,19,353,2021-12-19,Y,2021,12,December,4,2021,4,12,P12,51,3,351,N,H2,2021-01-03,2022-01-01,2021-10-03,2022-01-01,2021-12-05,2022-01-01,2021-07-04,2022-01-01,78,15,169,
2021-12-20,Monday,2,20,354,2021-12-19,N,2021,12,December,4,2021,4,12,P12,51,3,352,N,H2,2021-01-03,2022-01-01,2021-10-03,2022-01-01,2021-12-05,2022-01-01,2021-07-04,2022-01-01,79,16,170,
2021-12-21,Tuesday,3,21,355,2021-12-19,N,2021,12,December,4,2021,4,12,P12,51,3,353,N,H2,2021-01-03,2022-01-01,2021-10-03,2022-01-01,2021-12-05,2022-01-01,2021-07-04,2022-01-01,80,17,171,
2021-12-22,Wednesday,4,22,356,2021-12-19,N,2021,12,December,4,2021,4,12,P12,51,3,354,N,H2,2021-01-03,2022-01-01,2021-10-03,2022-01-01,2021-12-05,2022-01-01,2021-07-04,2022-01-01,81,18,172,
2021-12-23,Thursday,5,23,357,2021-12-19,N,2021,12,December,4,2021,4,12,P12,51,3,355,N,H2,2021-01-03,2022-01-01,2021-10-03,2022-01-01,2021-12-05,2022-01-01,2021-07-04,2022-01-01,82,19,173,
2021-12-24,Friday,6,24,358,2021-12-19,N,2021,12,December,4,2021,4,12,P12,51,3,356,N,H2,2021-01-03,2022-01-01,2021-10-03,2022-01-01,2021-12-05,2022-01-01,2021-07-04,2022-01-01,83,20,174,
2021-12-25,Saturday,7,25,359,2021-12-19,Y,2021,12,December,4,2021,4,12,P12,51,3,357,N,H2,2021-01-03,2022-01-01,2021-10-03,2022-01-01,2021-12-05,2022-01-01,2021-07-04,2022-01-01,84,21,175,
2021-12-26,Sunday,1,26,360,2021-12-26,Y,2021,12,December,4,2021,4,12,P12,52,4,358,N,H2,2021-01-03,2022-01-01,2021-10-03,2022-01-01,2021-12-05,2022-01-01,2021-07-04,2022-01-01,85,22,176,
2021-12-27,Monday,2,27,361,2021-12-26,N,2021,12,December,4,2021,4,12,P12,52,4,359,N,H2,2021-01-03,2022-01-01,2021-10-03,2022-01-01,2021-12-05,2022-01-01,2021-07-04,2022-01-01,86,23,177,
2021-12-28,Tuesday,3,28,362,2021-12-26,N,2021,12,December,4,2021,4,12,P12,52,4,360,N,H2,2021-01-03,2022-01-01,2021-10-03,2022-01-01,2021-12-05,2022-01-01,2021-07-04,2022-01-01,87,24,178,
2021-12-29,Wednesday,4,29,363,2021-12-26,N,2021,12,December,4,2021,4,12,P12,52,4,361,N,H2,2021-01-03,2022-01-01,2021-10-03,2022-01-01,2021-12-05,2022-01-01,2021-07-04,2022-01-01,88,25,179,
2021-12-30,Thursday,5,30,364,2021-12-26,N,2021,12,December,4,2021,4,12,P12,52,4,362,N,H2,2021-01-03,2022-01-01,2021-10-03,2022-01-01,2021-12-05,2022-01-01,2021-07-04,2022-01-01,89,26,180,
2021-12-31,Friday,6,31,365,2021-12-26,N,2021,12,December,4,2021,4,12,P12,52,4,363,N,H2,2021-01-03,2022-01-01,2021-10-03,2022-01-01,2021-12-05,2022-01-01,2021-07-04,2022-01-01,90,27,181,
2022-01-01,Saturday,7,1,1,2021-12-26,Y,2022,1,January,1,2021,4,12,P12,52,4,364,N,H2,2021-01-03,2022-01-01,2021-10-03,2022-01-01,2021-12-05,2022-01-01,2021-07-04,2022-01-01,91,28,182,
2022-01-02,Sunday,1,2,2,2022-01-02,Y,2022,1,January,1,2022,1,1,P01,1,1,1,N,H1,2022-01-02,2022-12-31,2022-01-02,2022-04-02,2022-01-02,2022-01-29,2022-01-02,2022-07-02,1,1,1,2021-01-03
2022-01-03,Monday,2,3,3,2022-01-02,N,2022,1,January,1,2022,1,1,P01,1,1,2,N,H1,2022-01-02,2022-12-31,2022-01-02,2022-04-02,2022-01-02,2022-01-29,2022-01-02,2022-07-02,2,2,2,2021-01-04
2022-01-04,Tuesday,3,4,4,2022-01-02,N,2022,1,January,1,2022,1,1,P01,1,1,3,N,H1,2022-01-02,2022-12-31,2022-01-02,2022-04-02,2022-01-02,2022-01-29,2022-01-02,2022-07-02,3,3,3,2021-01-05
2022-01-05,Wednesday,4,5,5,2022-01-02,N,2022,1,January,1,2022,1,1,P01,1,1,4,N,H1,2022-01-02,2022-12-31,2022-01-02,2022-04-02,2022-01-02,2022-01-29,2022-01-02,2022-07-02,4,4,4,2021-01-06
2022-01-06,Thursday,5,6,6,2022-01-02,N,2022,1,January,1,2022,1,1,P01,1,1,5,N,H1,2022-01-02,2022-12-31,2022-01-02,2022-04-02,2022-01-02,2022-01-29,2022-01-02,2022-07-02,5,5,5,2021-01-07
2022-01-07,Friday,6,7,7,2022-01-02,N,2022,1,January,1,2022,1,1,P01,1,1,6,N,H1,2022-01-02,2022-12-31,2022-01-02,2022-04-02,2022-01-02,2022-01-29,2022-01-02,2022-07-02,6,6,6,2021-01-08
2022-01-08,Saturday,7,8,8,2022-01-02,Y,2022,1,January,1,2022,1,1,P01,1,1,7,N,H1,2022-01-02,2022-12-31,2022-01-02,2022-04-02,2022-01-02,2022-01-29,2022-01-02,2022-07-02,7,7,7,2021-01-09
2022-01-09,Sunday,1,9,9,2022-01-09,Y,2022,1,January,1,2022,1,1,P01,2,2,8,N,H1,2022-01-02,2022-12-31,2022-01-02,2022-04-02,2022-01-02,2022-01-29,2022-01-02,2022-07-02,8,8,8,2021-01-10
2022-01-10,Monday,2,10,10,2022-01-09,N,2022,1,January,1,2022,1,1,P01,2,2,9,N,H1,2022-01-02,2022-12-31,2022-01-02,2022-04-02,2022-01-02,2022-01-29,2022-01-02,2022-07-02,9,9,9,2021-01-11
2022-01-11,Tuesday,3,11,11,2022-01-09,N,2022,1,January,1,2022,1,1,P01,2,2,10,N,H1,2022-01-02,2022-12-31,2022-01-02,2022-04-02,2022-01-02,2022-01-29,2022-01-02,2022-07-02,10,10,10,2021-01-12
2022-01-12,Wednesday,4,12,12,2022-01-09,N,2022,1,January,1,2022,1,1,P01,2,2,11,N,H1,2022-01-02,2022-12-31,2022-01-02,2022-04-02,2022-01-02,2022-01-29,2022-01-02,2022-07-02,11,11,11,2021-01-13
2022-01-13,Thursday,5,13,13,2022-01-09,N,2022,1,January,1,2022,1,1,P01,2,2,12,N,H1,2022-01-02,2022-12-31,2022-01-02,2022-04-02,2022-01-02,2022-01-29,2022-01-02,2022-07-02,12,12,12,2021-01-14
2022-01-14,Friday,6,14,14,2022-01-09,N,2022,1,January,1,2022,1,1,P01,2,2,13,N,H1,2022-01-02,2022-12-31,2022-01-02,2022-04-02,2022-01-02,2022-01-29,2022-01-02,2022-07-02,13,13,13,2021-01-15
2022-01-15,Saturday,7,15,15,2022-01-09,Y,2022,1,January,1,2022,1,1,P01,2,2,14,N,H1,2022-01-02,2022-12-31,2022-01-02,2022-04-02,2022-01-02,2022-01-29,2022-01-02,2022-07-02,14,14,14,2021-01-16
2022-01-16,Sunday,1,16,16,2022-01-16,Y,2022,1,January,1,2022,1,1,P01,3,3,15,N,H1,2022-01-02,2022-12-31,2022-01-02,2022-04-02,2022-01-02,2022-01-29,2022-01-02,2022-07-02,15,15,15,2021-01-17
2022-01-17,Monday,2,17,17,2022-01-16,N,2022,1,January,1,2022,1,1,P01,3,3,16,N,H1,2022-01-02,2022-12-31,2022-01-02,2022-04-02,2022-01-02,2022-01-29,2022-01-02,2022-07-02,16,16,16,2021-01-18
2022-01-18,Tuesday,3,18,18,2022-01-16,N,2022,1,January,1,2022,1,1,P01,3,3,17,N,H1,2022-01-02,2022-12-31,2022-01-02,2022-04-02,2022-01-02,2022-01-29,2022-01-02,2022-07-02,17,17,17,2021-01-19
2022-01-19,Wednesday,4,19,19,2022-01-16,N,2022,1,January,1,2022,1,1,P01,3,3,18,N,H1,2022-01-02,2022-12-31,2022-01-02,2022-04-02,2022-01-02,2022-01-29,2022-01-02,2022-07-02,18,18,18,2021-01-20
2022-01-20,Thursday,5,20,20,2022-01-16,N,2022,1,January,1,2022,1,1,P01,3,3,19,N,H1,2022-01-02,2022-12-31,2022-01-02,2022-04-02,2022-01-02,2022-01-29,2022-01-02,2022-07-02,19,19,19,2021-01-21
2022-01-21,Friday,6,21,21,2022-01-16,N,2022,1,January,1,2022,1,1,P01,3,3,20,N,H1,2022-01-02,2022-12-31,2022-01-02,2022-04-02,2022-01-02,2022-01-29,2022-01-02,2022-07-02,20,20,20,2021-01-22
2022-01-22,Saturday,7,22,22,2022-01-16,Y,2022,1,January,1,2022,1,1,P01,3,3,21,N,H1,2022-01-02,2022-12-31,2022-01-02,2022-04-02,2022-01-02,2022-01-29,2022-01-02,2022-07-02,21,21,21,2021-01-23
2022-01-23,Sunday,1,23,23,2022-01-23,Y,2022,1,January,1,2022,1,1,P01,4,4,22,N,H1,2022-01-02,2022-12-31,2022-01-02,2022-04-02,2022-01-02,2022-01-29,2022-01-02,2022-07-02,22,22,22,2021-01-24
2022-01-24,Monday,2,24,24,2022-01-23,N,2022,1,January,1,2022,1,1,P01,4,4,23,N,H1,2022-01-02,2022-12-31,2022-01-02,2022-04-02,2022-01-02,2022-01-29,2022-01-02,2022-07-02,23,23,23,2021-01-25
2022-01-25,Tuesday,3,25,25,2022-01-23,N,2022,1,January,1,2022,1,1,P01,4,4,24,N,H1,2022-01-02,2022-12-31,2022-01-02,2022-04-02,2022-01-02,2022-01-29,2022-01-02,2022-07-02,24,24,24,2021-01-26
2022-01-26,Wednesday,4,26,26,2022-01-23,N,2022,1,January,1,2022,1,1,P01,4,4,25,N,H1,2022-01-02,2022-12-31,2022-01-02,2022-04-02,2022-01-02,2022-01-29,2022-01-02,2022-07-02,25,25,25,2021-01-27
2022-01-27,Thursday,5,27,27,2022-01-23,N,2022,1,January,1,2022,1,1,P01,4,4,26,N,H1,2022-01-02,2022-12-31,2022-01-02,2022-04-02,2022-01-02,2022-01-29,2022-01-02,2022-07-02,26,26,26,2021-01-28
2022-01-28,Friday,6,28,28,2022-01-23,N,2022,1,January,1,2022,1,1,P01,4,4,27,N,H1,2022-01-02,2022-12-31,2022-01-02,2022-04-02,2022-01-02,2022-01-29,2022-01-02,2022-07-02,27,27,27,2021-01-29
2022-01-29,Saturday,7,29,29,2022-01-23,Y,2022,1,January,1,2022,1,1,P01,4,4,28,N,H1,2022-01-02,2022-12-31,2022-01-02,2022-04-02,2022-01-02,2022-01-29,2022-01-02,2022-07-02,28,28,28,2021-01-30
2022-01-30,Sunday,1,30,30,2022-01-30,Y,2022,1,January,1,2022,1,2,P02,5,1,29,N,H1,2022-01-02,2022-12-31,2022-01-02,2022-04-02,2022-01-30,2022-03-05,2022-01-02,2022-07-02,29,1,29,2021-01-31
2022-01-31,Monday,2,31,31,2022-01-30,N,2022,1,January,1,2022,1,2,P02,5,1,30,N,H1,2022-01-02,2022-12-31,2022-01-02,2022-04-02,2022-01-30,2022-03-05,2022-01-02,2022-07-02,30,2,30,2021-02-01
2022-02-01,Tuesday,3,1,32,2022-01-30,N,2022,2,February,1,2022,1,2,P02,5,1,31,N,H1,2022-01-02,2022-12-31,2022-01-02,2022-04-02,2022-01-30,2022-03-05,2022-01-02,2022-07-02,31,3,31,2021-02-02
2022-02-02,Wednesday,4,2,33,2022-01-30,N,2022,2,February,1,2022,1,2,P02,5,1,32,N,H1,2022-01-02,2022-12-31,2022-01-02,2022-04-02,2022-01-30,2022-03-05,2022-01-02,2022-07-02,32,4,32,2021-02-03
2022-02-03,Thursday,5,3,34,2022-01-30,N,2022,2,February,1,2022,1,2,P02,5,1,33,N,H1,2022-01-02,2022-12-31,2022-01-02,2022-04-02,2022-01-30,2022-03-05,2022-01-02,2022-07-02,33,5,33,2021-02-04
2022-02-04,Friday,6,4,35,2022-01-30,N,2022,2,February,1,2022,1,2,P02,5,1,34,N,H1,2022-01-02,2022-12-31,2022-01-02,2022-04-02,2022-01-30,2022-03-05,2022-01-02,2022-07-02,34,6,34,2021-02-05
2022-02-05,Saturday,7,5,36,2022-01-30,Y,2022,2,February,1,2022,1,2,P02,5,1,35,N,H1,2022-01-02,2022-12-31,2022-01-02,2022-04-02,2022-01-30,2022-03-05,2022-01-02,2022-07-02,35,7,35,2021-02-06
2022-02-06,Sunday,1,6,37,2022-02-06,Y,2022,2,February,1,2022,1,2,P02,6,2,36,N,H1,2022-01-02,2022-12-31,2022-01-02,2022-04-02,2022-01-30,2022-03-05,2022-01-02,2022-07-02,36,8,36,2021-02-07
2022-02-07,Monday,2,7,38,2022-02-06,N,2022,2,February,1,2022,1,2,P02,6,2,37,N,H1,2022-01-02,2022-12-31,2022-01-02,2022-04-02,2022-01-30,2022-03-05,2022-01-02,2022-07-02,37,9,37,2021-02-08
2022-02-08,Tuesday,3,8,39,2022-02-06,N,2022,2,February,1,2022,1,2,P02,6,2,38,N,H1,2022-01-02,2022-12-31,2022-01-02,2022-04-02,2022-01-30,2022-03-05,2022-01-02,2022-07-02,38,10,38,2021-02-09
2022-02-09,Wednesday,4,9,40,2022-02-06,N,2022,2,February,1,2022,1,2,P02,6,2,39,N,H1,2022-01-02,2022-12-31,2022-01-02,2022-04-02,2022-01-30,2022-03-05,2022-01-02,2022-07-02,39,11,39,2021-02-10
2022-02-10,Thursday,5,10,41,2022-02-06,N,2022,2,February,1,2022,1,2,P02,6,2,40,N,H1,2022-01-02,2022-12-31,2022-01-02,2022-04-02,2022-01-30,2022-03-05,2022-01-02,2022-07-02,40,12,40,2021-02-11
2022-02-11,Friday,6,11,42,2022-02-06,N,2022,2,February,1,2022,1,2,P02,6,2,41,N,H1,2022-01-02,2022-12-31,2022-01-02,2022-04-02,2022-01-30,2022-03-05,2022-01-02,2022-07-02,41,13,41,2021-02-12
2022-02-12,Saturday,7,12,43,2022-02-06,Y,2022,2,February,1,2022,1,2,P02,6,2,42,N,H1,2022-01-02,2022-12-31,2022-01-02,2022-04-02,2022-01-30,2022-03-05,2022-01-02,2022-07-02,42,14,42,2021-02-13
2022-02-13,Sunday,1,13,44,2022-02-13,Y,2022,2,February,1,2022,1,2,P02,7,3,43,N,H1,2022-01-02,2022-12-31,2022-01-02,2022-04-02,2022-01-30,2022-03-05,2022-01-02,2022-07-02,43,15,43,2021-02-14
2022-02-14,Monday,2,14,45,2022-02-13,N,2022,2,February,1,2022,1,2,P02,7,3,44,N,H1,2022-01-02,2022-12-31,2022-01-02,2022-04-02,2022-01-30,2022-03-05,2022-01-02,2022-07-02,44,16,44,2021-02-15
2022-02-15,Tuesday,3,15,46,2022-02-13,N,2022,2,February,1,2022,1,2,P02,7,3,45,N,H1,2022-01-02,2022-12-31,2022-01-02,2022-04-02,2022-01-30,2022-03-05,2022-01-02,2022-07-02,45,17,45,2021-02-16
2022-02-16,Wednesday,4,16,47,2022-02-13,N,2022,2,February,1,2022,1,2,P02,7,3,46,N,H1,2022-01-02,2022-12-31,2022-01-02,2022-04-02,2022-01-30,2022-03-05,2022-01-02,2022-07-02,46,18,46,2021-02-17
2022-02-17,Thursday,5,17,48,2022-02-13,N,2022,2,February,1,2022,1,2,P02,7,3,47,N,H1,2022-01-02,2022-12-31,2022-01-02,2022-04-02,2022-01-30,2022-03-05,2022-01-02,2022-07-02,47,19,47,2021-02-18
2022-02-18,Friday,6,18,49,2022-02-13,N,2022,2,February,1,2022,1,2,P02,7,3,48,N,H1,2022-01-02,2022-12-31,2022-01-02,2022-04-02,2022-01-30,2022-03-05,2022-01-02,2022-07-02,48,20,48,2021-02-19
2022-02-19,Saturday,7,19,50,2022-02-13,Y,2022,2,February,1,2022,1,2,P02,7,3,49,N,H1,2022-01-02,2022-12-31,2022-01-02,2022-04-02,2022-01-30,2022-03-05,2022-01-02,2022-07-02,49,21,49,2021-02-20
2022-02-20,Sunday,1,20,51,2022-02-20,Y,2022,2,February,1,2022,1,2,P02,8,4,50,N,H1,2022-01-02,2022-12-31,2022-01-02,2022-04-02,2022-01-30,2022-03-05,2022-01-02,2022-07-02,50,22,50,2021-02-21
2022-02-21,Monday,2,21,52,2022-02-20,N,2022,2,February,1,2022,1,2,P02,8,4,51,N,H1,2022-01-02,2022-12-31,2022-01-02,2022-04-02,2022-01-30,2022-03-05,2022-01-02,2022-07-02,51,23,51,2021-02-22
2022-02-22,Tuesday,3,22,53,2022-02-20,N,2022,2,February,1,2022,1,2,P02,8,4,52,N,H1,2022-01-02,2022-12-31,2022-01-02,2022-04-02,2022-01-30,2022-03-05,2022-01-02,2022-07-02,52,24,52,2021-02-23
2022-02-23,Wednesday,4,23,54,2022-02-20,N,2022,2,February,1,2022,1,2,P02,8,4,53,N,H1,2022-01-02,2022-12-31,2022-01-02,2022-04-02,2022-01-30,2022-03-05,2022-01-02,2022-07-02,53,25,53,2021-02-24
2022-02-24,Thursday,5,24,55,2022-02-20,N,2022,2,February,1,2022,1,2,P02,8,4,54,N,H1,2022-01-02,2022-12-31,2022-01-02,2022-04-02,2022-01-30,2022-03-05,2022-01-02,2022-07-02,54,26,54,2021-02-25
2022-02-25,Friday,6,25,56,2022-02-20,N,2022,2,February,1,2022,1,2,P02,8,4,55,N,H1,2022-01-02,2022-12-31,2022-01-02,2022-04-02,2022-01-30,2022-03-05,2022-01-02,2022-07-02,55,27,55,2021-02-26
2022-02-26,Saturday,7,26,57,2022-02-20,Y,2022,2,February,1,2022,1,2,P02,8,4,56,N,H1,2022-01-02,2022-12-31,2022-01-02,2022-04-02,2022-01-30,2022-03-05,2022-01-02,2022-07-02,56,28,56,2021-02-27
2022-02-27,Sunday,1,27,58,2022-02-27,Y,2022,2,February,1,2022,1,2,P02,9,5,57,N,H1,2022-01-02,2022-12-31,2022-01-02,2022-04-02,2022-01-30,2022-03-05,2022-01-02,2022-07-02,57,29,57,2021-02-28
2022-02-28,Monday,2,28,59,2022-02-27,N,2022,2,February,1,2022,1,2,P02,9,5,58,N,H1,2022-01-02,2022-12-31,2022-01-02,2022-04-02,2022-01-30,2022-03-05,2022-01-02,2022-07-02,58,30,58,2021-03-01
2022-03-01,Tuesday,3,1,60,2022-02-27,N,2022,3,March,1,2022,1,2,P02,9,5,59,N,H1,2022-01-02,2022-12-31,2022-01-02,2022-04-02,2022-01-30,2022-03-05,2022-01-02,2022-07-02,59,31,59,2021-03-02
2022-03-02,Wednesday,4,2,61,2022-02-27,N,2022,3,March,1,2022,1,2,P02,9,5,60,N,H1,2022-01-02,2022-12-31,2022-01-02,2022-04-02,2022-01-30,2022-03-05,2022-01-02,2022-07-02,60,32,60,2021-03-03
2022-03-03,Thursday,5,3,62,2022-02-27,N,2022,3,March,1,2022,1,2,P02,9,5,61,N,H1,2022-01-02,2022-12-31,2022-01-02,2022-04-02,2022-01-30,2022-03-05,2022-01-02,2022-07-02,61,33,61,2021-03-04
2022-03-04,Friday,6,4,63,2022-02-27,N,2022,3,March,1,2022,1,2,P02,9,5,62,N,H1,2022-01-02,2022-12-31,2022-01-02,2022-04-02,2022-01-30,2022-03-05,2022-01-02,2022-07-02,62,34,62,2021-03-05
2022-03-05,Saturday,7,5,64,2022-02-27,Y,2022,3,March,1,2022,1,2,P02,9,5,63,N,H1,2022-01-02,2022-12-31,2022-01-02,2022-04-02,2022-01-30,2022-03-05,2022-01-02,2022-07-02,63,35,63,2021-03-06
2022-03-06,Sunday,1,6,65,2022-03-06,Y,2022,3,March,1,2022,1,3,P03,10,1,64,N,H1,2022-01-02,2022-12-31,2022-01-02,2022-04-02,2022-03-06,2022-04-02,2022-01-02,2022-07-02,64,1,64,2021-03-07
2022-03-07,Monday,2,7,66,2022-03-06,N,2022,3,March,1,2022,1,3,P03,10,1,65,N,H1,2022-01-02,2022-12-31,2022-01-02,2022-04-02,2022-03-06,2022-04-02,2022-01-02,2022-07-02,65,2,65,2021-03-08
2022-03-08,Tuesday,3,8,67,2022-03-06,N,2022,3,March,1,2022,1,3,P03,10,1,66,N,H1,2022-01-02,2022-12-31,2022-01-02,2022-04-02,2022-03-06,2022-04-02,2022-01-02,2022-07-02,66,3,66,2021-03-09
2022-03-09,Wednesday,4,9,68,2022-03-06,N,2022,3,March,1,2022,1,3,P03,10,1,67,N,H1,2022-01-02,2022-12-31,2022-01-02,2022-04-02,2022-03-06,2022-04-02,2022-01-02,2022-07-02,67,4,67,2021-03-10
2022-03-10,Thursday,5,10,69,2022-03-06,N,2022,3,March,1,2022,1,3,P03,10,1,68,N,H1,2022-01-02,2022-12-31,2022-01-02,2022-04-02,2022-03-06,2022-04-02,2022-01-02,2022-07-02,68,5,68,2021-03-11
2022-03-11,Friday,6,11,70,2022-03-06,N,2022,3,March,1,2022,1,3,P03,10,1,69,N,H1,2022-01-02,2022-12-31,2022-01-02,2022-04-02,2022-03-06,2022-04-02,2022-01-02,2022-07-02,69,6,69,2021-03-12
2022-03-12,Saturday,7,12,71,2022-03-06,Y,2022,3,March,1,2022,1,3,P03,10,1,70,N,H1,2022-01-02,2022-12-31,2022-01-02,2022-04-02,2022-03-06,2022-04-02,2022-01-02,2022-07-02,70,7,70,2021-03-13
2022-03-13,Sunday,1,13,72,2022-03-13,Y,2022,3,March,1,2022,1,3,P03,11,2,71,N,H1,2022-01-02,2022-12-31,2022-01-02,2022-04-02,2022-03-06,2022-04-02,2022-01-02,2022-07-02,71,8,71,2021-03-14
2022-03-14,Monday,2,14,73,2022-03-13,N,2022,3,March,1,2022,1,3,P03,11,2,72,N,H1,2022-01-02,2022-12-31,2022-01-02,2022-04-02,2022-03-06,2022-04-02,2022-01-02,2022-07-02,72,9,72,2021-03-15
2022-03-15,Tuesday,3,15,74,2022-03-13,N,2022,3,March,1,2022,1,3,P03,11,2,73,N,H1,2022-01-02,2022-12-31,2022-01-02,2022-04-02,2022-03-06,2022-04-02,2022-01-02,2022-07-02,73,10,73,2021-03-16
2022-03-16,Wednesday,4,16,75,2022-03-13,N,2022,3,March,1,2022,1,3,P03,11,2,74,N,H1,2022-01-02,2022-12-31,2022-01-02,2022-04-02,2022-03-06,2022-04-02,2022-01-02,2022-07-02,74,11,74,2021-03-17
2022-03-17,Thursday,5,17,76,2022-03-13,N,2022,3,March,1,2022,1,3,P03,11,2,75,N,H1,2022-01-02,2022-12-31,2022-01-02,2022-04-02,2022-03-06,2022-04-02,2022-01-02,2022-07-02,75,12,75,2021-03-18
2022-03-18,Friday,6,18,77,2022-03-13,N,2022,3,March,1,2022,1,3,P03,11,2,76,N,H1,2022-01-02,2022-12-31,2022-01-02,2022-04-02,2022-03-06,2022-04-02,2022-01-02,2022-07-02,76,13,76,2021-03-19
2022-03-19,Saturday,7,19,78,2022-03-13,Y,2022,3,March,1,2022,1,3,P03,11,2,77,N,H1,2022-01-02,2022-12-31,2022-01-02,2022-04-02,2022-03-06,2022-04-02,2022-01-02,2022-07-02,77,14,77,2021-03-20
2022-03-20,Sunday,1,20,79,2022-03-20,Y,2022,3,March,1,2022,1,3,P03,12,3,78,N,H1,2022-01-02,2022-12-31,2022-01-02,2022-04-02,2022-03-06,2022-04-02,2022-01-02,2022-07-02,78,15,78,2021-03-21
2022-03-21,Monday,2,21,80,2022-03-20,N,2022,3,March,1,2022,1,3,P03,12,3,79,N,H1,2022-01-02,2022-12-31,2022-01-02,2022-04-02,2022-03-06,2022-04-02,2022-01-02,2022-07-02,79,16,79,2021-03-22
2022-03-22,Tuesday,3,22,81,2022-03-20,N,2022,3,March,1,2022,1,3,P03,12,3,80,N,H1,2022-01-02,2022-12-31,2022-01-02,2022-04-02,2022-03-06,2022-04-02,2022-01-02,2022-07-02,80,17,80,2021-03-23
2022-03-23,Wednesday,4,23,82,2022-03-20,N,2022,3,March,1,2022,1,3,P03,12,3,81,N,H1,2022-01-02,2022-12-31,2022-01-02,2022-04-02,2022-03-06,2022-04-02,2022-01-02,2022-07-02,81,18,81,2021-03-24
2022-03-24,Thursday,5,24,83,2022-03-20,N,2022,3,March,1,2022,1,3,P03,12,3,82,N,H1,2022-01-02,2022-12-31,2022-01-02,2022-04-02,2022-03-06,2022-04-02,2022-01-02,2022-07-02,82,19,82,2021-03-25
2022-03-25,Friday,6,25,84,2022-03-20,N,2022,3,March,1,2022,1,3,P03,12,3,83,N,H1,2022-01-02,2022-12-31,2022-01-02,2022-04-02,2022-03-06,2022-04-02,2022-01-02,2022-07-02,83,20,83,2021-03-26
2022-03-26,Saturday,7,26,85,2022-03-20,Y,2022,3,March,1,2022,1,3,P03,12,3,84,N,H1,2022-01-02,2022-12-31,2022-01-02,2022-04-02,2022-03-06,2022-04-02,2022-01-02,2022-07-02,84,21,84,2021-03-27
2022-03-27,Sunday,1,27,86,2022-03-27,Y,2022,3,March,1,2022,1,3,P03,13,4,85,N,H1,2022-01-02,2022-12-31,2022-01-02,2022-04-02,2022-03-06,2022-04-02,2022-01-02,2022-07-02,85,22,85,2021-03-28
2022-03-28,Monday,2,28,87,2022-03-27,N,2022,3,March,1,2022,1,3,P03,13,4,86,N,H1,2022-01-02,2022-12-31,2022-01-02,2022-04-02,2022-03-06,2022-04-02,2022-01-02,2022-07-02,86,23,86,2021-03-29
2022-03-29,Tuesday,3,29,88,2022-03-27,N,2022,3,March,1,2022,1,3,P03,13,4,87,N,H1,2022-01-02,2022-12-31,2022-01-02,2022-04-02,2022-03-06,2022-04-02,2022-01-02,2022-07-02,87,24,87,2021-03-30
2022-03-30,Wednesday,4,30,89,2022-03-27,N,2022,3,March,1,2022,1,3,P03,13,4,88,N,H1,2022-01-02,2022-12-31,2022-01-02,2022-04-02,2022-03-06,2022-04-02,2022-01-02,2022-07-02,88,25,88,2021-03-31
2022-03-31,Thursday,5,31,90,2022-03-27,N,2022,3,March,1,2022,1,3,P03,13,4,89,N,H1,2022-01-02,2022-12-31,2022-01-02,2022-04-02,2022-03-06,2022-04-02,2022-01-02,2022-07-02,89,26,89,2021-04-01
2022-04-01,Friday,6,1,91,2022-03-27,N,2022,4,April,2,2022,1,3,P03,13,4,90,N,H1,2022-01-02,2022-12-31,2022-01-02,2022-04-02,2022-03-06,2022-04-02,2022-01-02,2022-07-02,90,27,90,2021-04-02
2022-04-02,Saturday,7,2,92,2022-03-27,Y,2022,4,April,2,2022,1,3,P03,13,4,91,N,H1,2022-01-02,2022-12-31,2022-01-02,2022-04-02,2022-03-06,2022-04-02,2022-01-02,2022-07-02,91,28,91,2021-04-03
2022-04-03,Sunday,1,3,93,2022-04-03,Y,2022,4,April,2,2022,2,4,P04,14,1,92,N,H1,2022-01-02,2022-12-31,2022-04-03,2022-07-02,2022-04-03,2022-04-30,2022-01-02,2022-07-02,1,1,92,2021-04-04
2022-04-04,Monday,2,4,94,2022-04-03,N,2022,4,April,2,2022,2,4,P04,14,1,93,N,H1,2022-01-02,2022-12-31,2022-04-03,2022-07-02,2022-04-03,2022-04-30,2022-01-02,2022-07-02,2,2,93,2021-04-05
2022-04-05,Tuesday,3,5,95,2022-04-03,N,2022,4,April,2,2022,2,4,P04,14,1,94,N,H1,2022-01-02,2022-12-31,2022-04-03,2022-07-02,2022-04-03,2022-04-30,2022-01-02,2022-07-02,3,3,94,2021-04-06
2022-04-06,Wednesday,4,6,96,2022-04-03,N,2022,4,April,2,2022,2,4,P04,14,1,95,N,H1,2022-01-02,2022-12-31,2022-04-03,2022-07-02,2022-04-03,2022-04-30,2022-01-02,2022-07-02,4,4,95,2021-04-07
2022-04-07,Thursday,5,7,97,2022-04-03,N,2022,4,April,2,2022,2,4,P04,14,1,96,N,H1,2022-01-02,2022-12-31,2022-04-03,2022-07-02,2022-04-03,2022-04-30,2022-01-02,2022-07-02,5,5,96,2021-04-08
2022-04-08,Friday,6,8,98,2022-04-03,N,2022,4,April,2,2022,2,4,P04,14,1,97,N,H1,2022-01-02,2022-12-31,2022-04-03,2022-07-02,2022-04-03,2022-04-30,2022-01-02,2022-07-02,6,6,97,2021-04-09
2022-04-09,Saturday,7,9,99,2022-04-03,Y,2022,4,April,2,2022,2,4,P04,14,1,98,N,H1,2022-01-02,2022-12-31,2022-04-03,2022-07-02,2022-04-03,2022-04-30,2022-01-02,2022-07-02,7,7,98,2021-04-10
2022-04-10,Sunday,1,10,100,2022-04-10,Y,2022,4,April,2,2022,2,4,P04,15,2,99,N,H1,2022-01-02,2022-12-31,2022-04-03,2022-07-02,2022-04-03,2022-04-30,2022-01-02,2022-07-02,8,8,99,2021-04-11
2022-04-11,Monday,2,11,101,2022-04-10,N,2022,4,April,2,2022,2,4,P04,15,2,100,N,H1,2022-01-02,2022-12-31,2022-04-03,2022-07-02,2022-04-03,2022-04-30,2022-01-02,2022-07-02,9,9,100,2021-04-12
2022-04-12,Tuesday,3,12,102,2022-04-10,N,2022,4,April,2,2022,2,4,P04,15,2,101,N,H1,2022-01-02,2022-12-31,2022-04-03,2022-07-02,2022-04-03,2022-04-30,2022-01-02,2022-07-02,10,10,101,2021-04-13
2022-04-13,Wednesday,4,13,103,2022-04-10,N,2022,4,April,2,2022,2,4,P04,15,2,102,N,H1,2022-01-02,2022-12-31,2022-04-03,2022-07-02,2022-04-03,2022-04-30,2022-01-02,2022-07-02,11,11,102,2021-04-14
2022-04-14,Thursday,5,14,104,2022-04-10,N,2022,4,April,2,2022,2,4,P04,15,2,103,N,H1,2022-01-02,2022-12-31,2022-04-03,2022-07-02,2022-04-03,2022-04-30,2022-01-02,2022-07-02,12,12,103,2021-04-15
2022-04-15,Friday,6,15,105,2022-04-10,N,2022,4,April,2,2022,2,4,P04,15,2,104,N,H1,2022-01-02,2022-12-31,2022-04-03,2022-07-02,2022-04-03,2022-04-30,2022-01-02,2022-07-02,13,13,104,2021-04-16
2022-04-16,Saturday,7,16,106,2022-04-10,Y,2022,4,April,2,2022,2,4,P04,15,2,105,N,H1,2022-01-02,2022-12-31,2022-04-03,2022-07-02,2022-04-03,2022-04-30,2022-01-02,2022-07-02,14,14,105,2021-04-17
2022-04-17,Sunday,1,17,107,2022-04-17,Y,2022,4,April,2,2022,2,4,P04,16,3,106,N,H1,2022-01-02,2022-12-31,2022-04-03,2022-07-02,2022-04-03,2022-04-30,2022-01-02,2022-07-02,15,15,106,2021-04-18
2022-04-18,Monday,2,18,108,2022-04-17,N,2022,4,April,2,2022,2,4,P04,16,3,107,N,H1,2022-01-02,2022-12-31,2022-04-03,2022-07-02,2022-04-03,2022-04-30,2022-01-02,2022-07-02,16,16,107,2021-04-19
2022-04-19,Tuesday,3,19,109,2022-04-17,N,2022,4,April,2,2022,2,4,P04,16,3,108,N,H1,2022-01-02,2022-12-31,2022-04-03,2022-07-02,2022-04-03,2022-04-30,2022-01-02,2022-07-02,17,17,108,2021-04-20
2022-04-20,Wednesday,4,20,110,2022-04-17,N,2022,4,April,2,2022,2,4,P04,16,3,109,N,H1,2022-01-02,2022-12-31,2022-04-03,2022-07-02,2022-04-03,2022-04-30,2022-01-02,2022-07-02,18,18,109,2021-04-21
2022-04-21,Thursday,5,21,111,2022-04-17,N,2022,4,April,2,2022,2,4,P04,16,3,110,N,H1,2022-01-02,2022-12-31,2022-04-03,2022-07-02,2022-04-03,2022-04-30,2022-01-02,2022-07-02,19,19,110,2021-04-22
2022-04-22,Friday,6,22,112,2022-04-17,N,2022,4,April,2,2022,2,4,P04,16,3,111,N,H1,2022-01-02,2022-12-31,2022-04-03,2022-07-02,2022-04-03,2022-04-30,2022-01-02,2022-07-02,20,20,111,2021-04-23
2022-04-23,Saturday,7,23,113,2022-04-17,Y,2022,4,April,2,2022,2,4,P04,16,3,112,N,H1,2022-01-02,2022-12-31,2022-04-03,2022-07-02,2022-04-03,2022-04-30,2022-01-02,2022-07-02,21,21,112,2021-04-24
2022-04-24,Sunday,1,24,114,2022-04-24,Y,2022,4,April,2,2022,2,4,P04,17,4,113,N,H1,2022-01-02,2022-12-31,2022-04-03,2022-07-02,2022-04-03,2022-04-30,2022-01-02,2022-07-02,22,22,113,2021-04-25
2022-04-25,Monday,2,25,115,2022-04-24,N,2022,4,April,2,2022,2,4,P04,17,4,114,N,H1,2022-01-02,2022-12-31,2022-04-03,2022-07-02,2022-04-03,2022-04-30,2022-01-02,2022-07-02,23,23,114,2021-04-26
2022-04-26,Tuesday,3,26,116,2022-04-24,N,2022,4,April,2,2022,2,4,P04,17,4,115,N,H1,2022-01-02,2022-12-31,2022-04-03,2022-07-02,2022-04-03,2022-04-30,2022-01-02,2022-07-02,24,24,115,2021-04-27
2022-04-27,Wednesday,4,27,117,2022-04-24,N,2022,4,April,2,2022,2,4,P04,17,4,116,N,H1,2022-01-02,2022-12-31,2022-04-03,2022-07-02,2022-04-03,2022-04-30,2022-01-02,2022-07-02,25,25,116,2021-04-28
2022-04-28,Thursday,5,28,118,2022-04-24,N,2022,4,April,2,2022,2,4,P04,17,4,117,N,H1,2022-01-02,2022-12-31,2022-04-03,2022-07-02,2022-04-03,2022-04-30,2022-01-02,2022-07-02,26,26,117,2021-04-29
2022-04-29,Friday,6,29,119,2022-04-24,N,2022,4,April,2,2022,2,4,P04,17,4,118,N,H1,2022-01-02,2022-12-31,2022-04-03,2022-07-02,2022-04-03,2022-04-30,2022-01-02,2022-07-02,27,27,118,2021-04-30
2022-04-30,Saturday,7,30,120,2022-04-24,Y,2022,4,April,2,2022,2,4,P04,17,4,119,N,H1,2022-01-02,2022-12-31,2022-04-03,2022-07-02,2022-04-03,2022-04-30,2022-01-02,2022-07-02,28,28,119,2021-05-01
2022-05-01,Sunday,1,1,121,2022-05-01,Y,2022,5,May,2,2022,2,5,P05,18,1,120,N,H1,2022-01-02,2022-12-31,2022-04-03,2022-07-02,2022-05-01,2022-06-04,2022-01-02,2022-07-02,29,1,120,2021-05-02
2022-05-02,Monday,2,2,122,2022-05-01,N,2022,5,May,2,2022,2,5,P05,18,1,121,N,H1,2022-01-02,2022-12-31,2022-04-03,2022-07-02,2022-05-01,2022-06-04,2022-01-02,2022-07-02,30,2,121,2021-05-03
2022-05-03,Tuesday,3,3,123,2022-05-01,N,2022,5,May,2,2022,2,5,P05,18,1,122,N,H1,2022-01-02,2022-12-31,2022-04-03,2022-07-02,2022-05-01,2022-06-04,2022-01-02,2022-07-02,31,3,122,2021-05-04
2022-05-04,Wednesday,4,4,124,2022-05-01,N,2022,5,May,2,2022,2,5,P05,18,1,123,N,H1,2022-01-02,2022-12-31,2022-04-03,2022-07-02,2022-05-01,2022-06-04,2022-01-02,2022-07-02,32,4,123,2021-05-05
2022-05-05,Thursday,5,5,125,2022-05-01,N,2022,5,May,2,2022,2,5,P05,18,1,124,N,H1,2022-01-02,2022-12-31,2022-04-03,2022-07-02,2022-05-01,2022-06-04,2022-01-02,2022-07-02,33,5,124,2021-05-06
2022-05-06,Friday,6,6,126,2022-05-01,N,2022,5,May,2,2022,2,5,P05,18,1,125,N,H1,2022-01-02,2022-12-31,2022-04-03,2022-07-02,2022-05-01,2022-06-04,2022-01-02,2022-07-02,34,6,125,2021-05-07
2022-05-07,Saturday,7,7,127,2022-05-01,Y,2022,5,May,2,2022,2,5,P05,18,1,126,N,H1,2022-01-02,2022-12-31,2022-04-03,2022-07-02,2022-05-01,2022-06-04,2022-01-02,2022-07-02,35,7,126,2021-05-08
2022-05-08,Sunday,1,8,128,2022-05-08,Y,2022,5,May,2,2022,2,5,P05,19,2,127,N,H1,2022-01-02,2022-12-31,2022-04-03,2022-07-02,2022-05-01,2022-06-04,2022-01-02,2022-07-02,36,8,127,2021-05-09
2022-05-09,Monday,2,9,129,2022-05-08,N,2022,5,May,2,2022,2,5,P05,19,2,128,N,H1,2022-01-02,2022-12-31,2022-04-03,2022-07-02,2022-05-01,2022-06-04,2022-01-02,2022-07-02,37,9,128,2021-05-10
2022-05-10,Tuesday,3,10,130,2022-05-08,N,2022,5,May,2,2022,2,5,P05,19,2,129,N,H1,2022-01-02,2022-12-31,2022-04-03,2022-07-02,2022-05-01,2022-06-04,2022-01-02,2022-07-02,38,10,129,2021-05-11
2022-05-11,Wednesday,4,11,131,2022-05-08,N,2022,5,May,2,2022,2,5,P05,19,2,130,N,H1,2022-01-02,2022-12-31,2022-04-03,2022-07-02,2022-05-01,2022-06-04,2022-01-02,2022-07-02,39,11,130,2021-05-12
2022-05-12,Thursday,5,12,132,2022-05-08,N,2022,5,May,2,2022,2,5,P05,19,2,131,N,H1,2022-01-02,2022-12-31,2022-04-03,2022-07-02,2022-05-01,2022-06-04,2022-01-02,2022-07-02,40,12,131,2021-05-13
2022-05-13,Friday,6,13,133,2022-05-08,N,2022,5,May,2,2022,2,5,P05,19,2,132,N,H1,2022-01-02,2022-12-31,2022-04-03,2022-07-02,2022-05-01,2022-06-04,2022-01-02,2022-07-02,41,13,132,2021-05-14
2022-05-14,Saturday,7,14,134,2022-05-08,Y,2022,5,May,2,2022,2,5,P05,19,2,133,N,H1,2022-01-02,2022-12-31,2022-04-03,2022-07-02,2022-05-01,2022-06-04,2022-01-02,2022-07-02,42,14,133,2021-05-15
2022-05-15,Sunday,1,15,135,2022-05-15,Y,2022,5,May,2,2022,2,5,P05,20,3,134,N,H1,2022-01-02,2022-12-31,2022-04-03,2022-07-02,2022-05-01,2022-06-04,2022-01-02,2022-07-02,43,15,134,2021-05-16
2022-05-16,Monday,2,16,136,2022-05-15,N,2022,5,May,2,2022,2,5,P05,20,3,135,N,H1,2022-01-02,2022-12-31,2022-04-03,2022-07-02,2022-05-01,2022-06-04,2022-01-02,2022-07-02,44,16,135,2021-05-17
2022-05-17,Tuesday,3,17,137,2022-05-15,N,2022,5,May,2,2022,2,5,P05,20,3,136,N,H1,2022-01-02,2022-12-31,2022-04-03,2022-07-02,2022-05-01,2022-06-04,2022-01-02,2022-07-02,45,17,136,2021-05-18
2022-05-18,Wednesday,4,18,138,2022-05-15,N,2022,5,May,2,2022,2,5,P05,20,3,137,N,H1,2022-01-02,2022-12-31,2022-04-03,2022-07-02,2022-05-01,2022-06-04,2022-01-02,2022-07-02,46,18,137,2021-05-19
2022-05-19,Thursday,5,19,139,2022-05-15,N,2022,5,May,2,2022,2,5,P05,20,3,138,N,H1,2022-01-02,2022-12-31,2022-04-03,2022-07-02,2022-05-01,2022-06-04,2022-01-02,2022-07-02,47,19,138,2021-05-20
2022-05-20,Friday,6,20,140,2022-05-15,N,2022,5,May,2,2022,2,5,P05,20,3,139,N,H1,2022-01-02,2022-12-31,2022-04-03,2022-07-02,2022-05-01,2022-06-04,2022-01-02,2022-07-02,48,20,139,2021-05-21
2022-05-21,Saturday,7,21,141,2022-05-15,Y,2022,5,May,2,2022,2,5,P05,20,3,140,N,H1,2022-01-02,2022-12-31,2022-04-03,2022-07-02,2022-05-01,2022-06-04,2022-01-02,2022-07-02,49,21,140,2021-05-22
2022-05-22,Sunday,1,22,142,2022-05-22,Y,2022,5,May,2,2022,2,5,P05,21,4,141,N,H1,2022-01-02,2022-12-31,2022-04-03,2022-07-02,2022-05-01,2022-06-04,2022-01-02,2022-07-02,50,22,141,2021-05-23
2022-05-23,Monday,2,23,143,2022-05-22,N,2022,5,May,2,2022,2,5,P05,21,4,142,N,H1,2022-01-02,2022-12-31,2022-04-03,2022-07-02,2022-05-01,2022-06-04,2022-01-02,2022-07-02,51,23,142,2021-05-24
2022-05-24,Tuesday,3,24,144,2022-05-22,N,2022,5,May,2,2022,2,5,P05,21,4,143,N,H1,2022-01-02,2022-12-31,2022-04-03,2022-07-02,2022-05-01,2022-06-04,2022-01-02,2022-07-02,52,24,143,2021-05-25
2022-05-25,Wednesday,4,25,145,2022-05-22,N,2022,5,May,2,2022,2,5,P05,21,4,144,N,H1,2022-01-02,2022-12-31,2022-04-03,2022-07-02,2022-05-01,2022-06-04,2022-01-02,2022-07-02,53,25,144,2021-05-26
2022-05-26,Thursday,5,26,146,2022-05-22,N,2022,5,May,2,2022,2,5,P05,21,4,145,N,H1,2022-01-02,2022-12-31,2022-04-03,2022-07-02,2022-05-01,2022-06-04,2022-01-02,2022-07-02,54,26,145,2021-05-27
2022-05-27,Friday,6,27,147,2022-05-22,N,2022,5,May,2,2022,2,5,P05,21,4,146,N,H1,2022-01-02,2022-12-31,2022-04-03,2022-07-02,2022-05-01,2022-06-04,2022-01-02,2022-07-02,55,27,146,2021-05-28
2022-05-28,Saturday,7,28,148,2022-05-22,Y,2022,5,May,2,2022,2,5,P05,21,4,147,N,H1,2022-01-02,2022-12-31,2022-04-03,2022-07-02,2022-05-01,2022-06-04,2022-01-02,2022-07-02,56,28,147,2021-05-29
2022-05-29,Sunday,1,29,149,2022-05-29,Y,2022,5,May,2,2022,2,5,P05,22,5,148,N,H1,2022-01-02,2022-12-31,2022-04-03,2022-07-02,2022-05-01,2022-06-04,2022-01-02,2022-07-02,57,29,148,2021-05-30
2022-05-30,Monday,2,30,150,2022-05-29,N,2022,5,May,2,2022,2,5,P05,22,5,149,N,H1,2022-01-02,2022-12-31,2022-04-03,2022-07-02,2022-05-01,2022-06-04,2022-01-02,2022-07-02,58,30,149,2021-05-31
2022-05-31,Tuesday,3,31,151,2022-05-29,N,2022,5,May,2,2022,2,5,P05,22,5,150,N,H1,2022-01-02,2022-12-31,2022-04-03,2022-07-02,2022-05-01,2022-06-04,2022-01-02,2022-07-02,59,31,150,2021-06-01
2022-06-01,Wednesday,4,1,152,2022-05-29,N,2022,6,June,2,2022,2,5,P05,22,5,151,N,H1,2022-01-02,2022-12-31,2022-04-03,2022-07-02,2022-05-01,2022-06-04,2022-01-02,2022-07-02,60,32,151,2021-06-02
2022-06-02,Thursday,5,2,153,2022-05-29,N,2022,6,June,2,2022,2,5,P05,22,5,152,N,H1,2022-01-02,2022-12-31,2022-04-03,2022-07-02,2022-05-01,2022-06-04,2022-01-02,2022-07-02,61,33,152,2021-06-03
2022-06-03,Friday,6,3,154,2022-05-29,N,2022,6,June,2,2022,2,5,P05,22,5,153,N,H1,2022-01-02,2022-12-31,2022-04-03,2022-07-02,2022-05-01,2022-06-04,2022-01-02,2022-07-02,62,34,153,2021-06-04
2022-06-04,Saturday,7,4,155,2022-05-29,Y,2022,6,June,2,2022,2,5,P05,22,5,154,N,H1,2022-01-02,2022-12-31,2022-04-03,2022-07-02,2022-05-01,2022-06-04,2022-01-02,2022-07-02,63,35,154,2021-06-05
2022-06-05,Sunday,1,5,156,2022-06-05,Y,2022,6,June,2,2022,2,6,P06,23,1,155,N,H1,2022-01-02,2022-12-31,2022-04-03,2022-07-02,2022-06-05,2022-07-02,2022-01-02,2022-07-02,64,1,155,2021-06-06
2022-06-06,Monday,2,6,157,2022-06-05,N,2022,6,June,2,2022,2,6,P06,23,1,156,N,H1,2022-01-02,2022-12-31,2022-04-03,2022-07-02,2022-06-05,2022-07-02,2022-01-02,2022-07-02,65,2,156,2021-06-07
2022-06-07,Tuesday,3,7,158,2022-06-05,N,2022,6,June,2,2022,2,6,P06,23,1,157,N,H1,2022-01-02,2022-12-31,2022-04-03,2022-07-02,2022-06-05,2022-07-02,2022-01-02,2022-07-02,66,3,157,2021-06-08
2022-06-08,Wednesday,4,8,159,2022-06-05,N,2022,6,June,2,2022,2,6,P06,23,1,158,N,H1,2022-01-02,2022-12-31,2022-04-03,2022-07-02,2022-06-05,2022-07-02,2022-01-02,2022-07-02,67,4,158,2021-06-09
2022-06-09,Thursday,5,9,160,2022-06-05,N,2022,6,June,2,2022,2,6,P06,23,1,159,N,H1,2022-01-02,2022-12-31,2022-04-03,2022-07-02,2022-06-05,2022-07-02,2022-01-02,2022-07-02,68,5,159,2021-06-10
2022-06-10,Friday,6,10,161,2022-06-05,N,2022,6,June,2,2022,2,6,P06,23,1,160,N,H1,2022-01-02,2022-12-31,2022-04-03,2022-07-02,2022-06-05,2022-07-02,2022-01-02,2022-07-02,69,6,160,2021-06-11
2022-06-11,Saturday,7,11,162,2022-06-05,Y,2022,6,June,2,2022,2,6,P06,23,1,161,N,H1,2022-01-02,2022-12-31,2022-04-03,2022-07-02,2022-06-05,2022-07-02,2022-01-02,2022-07-02,70,7,161,2021-06-12
2022-06-12,Sunday,1,12,163,2022-06-12,Y,2022,6,June,2,2022,2,6,P06,24,2,162,N,H1,2022-01-02,2022-12-31,2022-04-03,2022-07-02,2022-06-05,2022-07-02,2022-01-02,2022-07-02,71,8,162,2021-06-13
2022-06-13,Monday,2,13,164,2022-06-12,N,2022,6,June,2,2022,2,6,P06,24,2,163,N,H1,2022-01-02,2022-12-31,2022-04-03,2022-07-02,2022-06-05,2022-07-02,2022-01-02,2022-07-02,72,9,163,2021-06-14
2022-06-14,Tuesday,3,14,165,2022-06-12,N,2022,6,June,2,2022,2,6,P06,24,2,164,N,H1,2022-01-02,2022-12-31,2022-04-03,2022-07-02,2022-06-05,2022-07-02,2022-01-02,2022-07-02,73,10,164,2021-06-15
2022-06-15,Wednesday,4,15,166,2022-06-12,N,2022,6,June,2,2022,2,6,P06,24,2,165,N,H1,2022-01-02,2022-12-31,2022-04-03,2022-07-02,2022-06-05,2022-07-02,2022-01-02,2022-07-02,74,11,165,2021-06-16
2022-06-16,Thursday,5,16,167,2022-06-12,N,2022,6,June,2,2022,2,6,P06,24,2,166,N,H1,2022-01-02,2022-12-31,2022-04-03,2022-07-02,2022-06-05,2022-07-02,2022-01-02,2022-07-02,75,12,166,2021-06-17
2022-06-17,Friday,6,17,168,2022-06-12,N,2022,6,June,2,2022,2,6,P06,24,2,167,N,H1,2022-01-02,2022-12-31,2022-04-03,2022-07-02,2022-06-05,2022-07-02,2022-01-02,2022-07-02,76,13,167,2021-06-18
2022-06-18,Saturday,7,18,169,2022-06-12,Y,2022,6,June,2,2022,2,6,P06,24,2,168,N,H1,2022-01-02,2022-12-31,2022-04-03,2022-07-02,2022-06-05,2022-07-02,2022-01-02,2022-07-02,77,14,168,2021-06-19
2022-06-19,Sunday,1,19,170,2022-06-19,Y,2022,6,June,2,2022,2,6,P06,25,3,169,N,H1,2022-01-02,2022-12-31,2022-04-03,2022-07-02,2022-06-05,2022-07-02,2022-01-02,2022-07-02,78,15,169,2021-06-20
2022-06-20,Monday,2,20,171,2022-06-19,N,2022,6,June,2,2022,2,6,P06,25,3,170,N,H1,2022-01-02,2022-12-31,2022-04-03,2022-07-02,2022-06-05,2022-07-02,2022-01-02,2022-07-02,79,16,170,2021-06-21
2022-06-21,Tuesday,3,21,172,2022-06-19,N,2022,6,June,2,2022,2,6,P06,25,3,171,N,H1,2022-01-02,2022-12-31,2022-04-03,2022-07-02,2022-06-05,2022-07-02,2022-01-02,2022-07-02,80,17,171,2021-06-22
2022-06-22,Wednesday,4,22,173,2022-06-19,N,2022,6,June,2,2022,2,6,P06,25,3,172,N,H1,2022-01-02,2022-12-31,2022-04-03,2022-07-02,2022-06-05,2022-07-02,2022-01-02,2022-07-02,81,18,172,2021-06-23
2022-06-23,Thursday,5,23,174,2022-06-19,N,2022,6,June,2,2022,2,6,P06,25,3,173,N,H1,2022-01-02,2022-12-31,2022-04-03,2022-07-02,2022-06-05,2022-07-02,2022-01-02,2022-07-02,82,19,173,2021-06-24
2022-06-24,Friday,6,24,175,2022-06-19,N,2022,6,June,2,2022,2,6,P06,25,3,174,N,H1,2022-01-02,2022-12-31,2022-04-03,2022-07-02,2022-06-05,2022-07-02,2022-01-02,2022-07-02,83,20,174,2021-06-25
2022-06-25,Saturday,7,25,176,2022-06-19,Y,2022,6,June,2,2022,2,6,P06,25,3,175,N,H1,2022-01-02,2022-12-31,2022-04-03,2022-07-02,2022-06-05,2022-07-02,2022-01-02,2022-07-02,84,21,175,2021-06-26
2022-06-26,Sunday,1,26,177,2022-06-26,Y,2022,6,June,2,2022,2,6,P06,26,4,176,N,H1,2022-01-02,2022-12-31,2022-04-03,2022-07-02,2022-06-05,2022-07-02,2022-01-02,2022-07-02,85,22,176,2021-06-27
2022-06-27,Monday,2,27,178,2022-06-26,N,2022,6,June,2,2022,2,6,P06,26,4,177,N,H1,2022-01-02,2022-12-31,2022-04-03,2022-07-02,2022-06-05,2022-07-02,2022-01-02,2022-07-02,86,23,177,2021-06-28
2022-06-28,Tuesday,3,28,179,2022-06-26,N,2022,6,June,2,2022,2,6,P06,26,4,178,N,H1,2022-01-02,2022-12-31,2022-04-03,2022-07-02,2022-06-05,2022-07-02,2022-01-02,2022-07-02,87,24,178,2021-06-29
2022-06-29,Wednesday,4,29,180,2022-06-26,N,2022,6,June,2,2022,2,6,P06,26,4,179,N,H1,2022-01-02,2022-12-31,2022-04-03,2022-07-02,2022-06-05,2022-07-02,2022-01-02,2022-07-02,88,25,179,2021-06-30
2022-06-30,Thursday,5,30,181,2022-06-26,N,2022,6,June,2,2022,2,6,P06,26,4,180,N,H1,2022-01-02,2022-12-31,2022-04-03,2022-07-02,2022-06-05,2022-07-02,2022-01-02,2022-07-02,89,26,180,2021-07-01
2022-07-01,Friday,6,1,182,2022-06-26,N,2022,7,July,3,2022,2,6,P06,26,4,181,N,H1,2022-01-02,2022-12-31,2022-04-03,2022-07-02,2022-06-05,2022-07-02,2022-01-02,2022-07-02,90,27,181,2021-07-02
2022-07-02,Saturday,7,2,183,2022-06-26,Y,2022,7,July,3,2022,2,6,P06,26,4,182,N,H1,2022-01-02,2022-12-31,2022-04-03,2022-07-02,2022-06-05,2022-07-02,2022-01-02,2022-07-02,91,28,182,2021-07-03
2022-07-03,Sunday,1,3,184,2022-07-03,Y,2022,7,July,3,2022,3,7,P07,27,1,183,N,H2,2022-01-02,2022-12-31,2022-07-03,2022-10-01,2022-07-03,2022-07-30,2022-07-03,2022-12-31,1,1,1,2021-07-04
2022-07-04,Monday,2,4,185,2022-07-03,N,2022,7,July,3,2022,3,7,P07,27,1,184,N,H2,2022-01-02,2022-12-31,2022-07-03,2022-10-01,2022-07-03,2022-07-30,2022-07-03,2022-12-31,2,2,2,2021-07-05
2022-07-05,Tuesday,3,5,186,2022-07-03,N,2022,7,July,3,2022,3,7,P07,27,1,185,N,H2,2022-01-02,2022-12-31,2022-07-03,2022-10-01,2022-07-03,2022-07-30,2022-07-03,2022-12-31,3,3,3,2021-07-06
2022-07-06,Wednesday,4,6,187,2022-07-03,N,2022,7,July,3,2022,3,7,P07,27,1,186,N,H2,2022-01-02,2022-12-31,2022-07-03,2022-10-01,2022-07-03,2022-07-30,2022-07-03,2022-12-31,4,4,4,2021-07-07
2022-07-07,Thursday,5,7,188,2022-07-03,N,2022,7,July,3,2022,3,7,P07,27,1,187,N,H2,2022-01-02,2022-12-31,2022-07-03,2022-10-01,2022-07-03,2022-07-30,2022-07-03,2022-12-31,5,5,5,2021-07-08
2022-07-08,Friday,6,8,189,2022-07-03,N,2022,7,July,3,2022,3,7,P07,27,1,188,N,H2,2022-01-02,2022-12-31,2022-07-03,2022-10-01,2022-07-03,2022-07-30,2022-07-03,2022-12-31,6,6,6,2021-07-09
2022-07-09,Saturday,7,9,190,2022-07-03,Y,2022,7,July,3,2022,3,7,P07,27,1,189,N,H2,2022-01-02,2022-12-31,2022-07-03,2022-10-01,2022-07-03,2022-07-30,2022-07-03,2022-12-31,7,7,7,2021-07-10
2022-07-10,Sunday,1,10,191,2022-07-10,Y,2022,7,July,3,2022,3,7,P07,28,2,190,N,H2,2022-01-02,2022-12-31,2022-07-03,2022-10-01,2022-07-03,2022-07-30,2022-07-03,2022-12-31,8,8,8,2021-07-11
2022-07-11,Monday,2,11,192,2022-07-10,N,2022,7,July,3,2022,3,7,P07,28,2,191,N,H2,2022-01-02,2022-12-31,2022-07-03,2022-10-01,2022-07-03,2022-07-30,2022-07-03,2022-12-31,9,9,9,2021-07-12
2022-07-12,Tuesday,3,12,193,2022-07-10,N,2022,7,July,3,2022,3,7,P07,28,2,192,N,H2,2022-01-02,2022-12-31,2022-07-03,2022-10-01,2022-07-03,2022-07-30,2022-07-03,2022-12-31,10,10,10,2021-07-13
2022-07-13,Wednesday,4,13,194,2022-07-10,N,2022,7,July,3,2022,3,7,P07,28,2,193,N,H2,2022-01-02,2022-12-31,2022-07-03,2022-10-01,2022-07-03,2022-07-30,2022-07-03,2022-12-31,11,11,11,2021-07-14
2022-07-14,Thursday,5,14,195,2022-07-10,N,2022,7,July,3,2022,3,7,P07,28,2,194,N,H2,2022-01-02,2022-12-31,2022-07-03,2022-10-01,2022-07-03,2022-07-30,2022-07-03,2022-12-31,12,12,12,2021-07-15
2022-07-15,Friday,6,15,196,2022-07-10,N,2022,7,July,3,2022,3,7,P07,28,2,195,N,H2,2022-01-02,2022-12-31,2022-07-03,2022-10-01,2022-07-03,2022-07-30,2022-07-03,2022-12-31,13,13,13,2021-07-16
2022-07-16,Saturday,7,16,197,2022-07-10,Y,2022,7,July,3,2022,3,7,P07,28,2,196,N,H2,2022-01-02,2022-12-31,2022-07-03,2022-10-01,2022-07-03,2022-07-30,2022-07-03,2022-12-31,14,14,14,2021-07-17
2022-07-17,Sunday,1,17,198,2022-07-17,Y,2022,7,July,3,2022,3,7,P07,29,3,197,N,H2,2022-01-02,2022-12-31,2022-07-03,2022-10-01,2022-07-03,2022-07-30,2022-07-03,2022-12-31,15,15,15,2021-07-18
2022-07-18,Monday,2,18,199,2022-07-17,N,2022,7,July,3,2022,3,7,P07,29,3,198,N,H2,2022-01-02,2022-12-31,2022-07-03,2022-10-01,2022-07-03,2022-07-30,2022-07-03,2022-12-31,16,16,16,2021-07-19
2022-07-19,Tuesday,3,19,200,2022-07-17,N,2022,7,July,3,2022,3,7,P07,29,3,199,N,H2,2022-01-02,2022-12-31,2022-07-03,2022-10-01,2022-07-03,2022-07-30,2022-07-03,2022-12-31,17,17,17,2021-07-20
2022-07-20,Wednesday,4,20,201,2022-07-17,N,2022,7,July,3,2022,3,7,P07,29,3,200,N,H2,2022-01-02,2022-12-31,2022-07-03,2022-10-01,2022-07-03,2022-07-30,2022-07-03,2022-12-31,18,18,18,2021-07-21
2022-07-21,Thursday,5,21,202,2022-07-17,N,2022,7,July,3,2022,3,7,P07,29,3,201,N,H2,2022-01-02,2022-12-31,2022-07-03,2022-10-01,2022-07-03,2022-07-30,2022-07-03,2022-12-31,19,19,19,2021-07-22
2022-07-22,Friday,6,22,203,2022-07-17,N,2022,7,July,3,2022,3,7,P07,29,3,202,N,H2,2022-01-02,2022-12-31,2022-07-03,2022-10-01,2022-07-03,2022-07-30,2022-07-03,2022-12-31,20,20,20,2021-07-23
2022-07-23,Saturday,7,23,204,2022-07-17,Y,2022,7,July,3,2022,3,7,P07,29,3,203,N,H2,2022-01-02,2022-12-31,2022-07-03,2022-10-01,2022-07-03,2022-07-30,2022-07-03,2022-12-31,21,21,21,2021-07-24
2022-07-24,Sunday,1,24,205,2022-07-24,Y,2022,7,July,3,2022,3,7,P07,30,4,204,N,H2,2022-01-02,2022-12-31,2022-07-03,2022-10-01,2022-07-03,2022-07-30,2022-07-03,2022-12-31,22,22,22,2021-07-25
2022-07-25,Monday,2,25,206,2022-07-24,N,2022,7,July,3,2022,3,7,P07,30,4,205,N,H2,2022-01-02,2022-12-31,2022-07-03,2022-10-01,2022-07-03,2022-07-30,2022-07-03,2022-12-31,23,23,23,2021-07-26
2022-07-26,Tuesday,3,26,207,2022-07-24,N,2022,7,July,3,2022,3,7,P07,30,4,206,N,H2,2022-01-02,2022-12-31,2022-07-03,2022-10-01,2022-07-03,2022-07-30,2022-07-03,2022-12-31,24,24,24,2021-07-27
2022-07-27,Wednesday,4,27,208,2022-07-24,N,2022,7,July,3,2022,3,7,P07,30,4,207,N,H2,2022-01-02,2022-12-31,2022-07-03,2022-10-01,2022-07-03,2022-07-30,2022-07-03,2022-12-31,25,25,25,2021-07-28
2022-07-28,Thursday,5,28,209,2022-07-24,N,2022,7,July,3,2022,3,7,P07,30,4,208,N,H2,2022-01-02,2022-12-31,2022-07-03,2022-10-01,2022-07-03,2022-07-30,2022-07-03,2022-12-31,26,26,26,2021-07-29
2022-07-29,Friday,6,29,210,2022-07-24,N,2022,7,July,3,2022,3,7,P07,30,4,209,N,H2,2022-01-02,2022-12-31,2022-07-03,2022-10-01,2022-07-03,2022-07-30,2022-07-03,2022-12-31,27,27,27,2021-07-30
2022-07-30,Saturday,7,30,211,2022-07-24,Y,2022,7,July,3,2022,3,7,P07,30,4,210,N,H2,2022-01-02,2022-12-31,2022-07-03,2022-10-01,2022-07-03,2022-07-30,2022-07-03,2022-12-31,28,28,28,2021-07-31
2022-07-31,Sunday,1,31,212,2022-07-31,Y,2022,7,July,3,2022,3,8,P08,31,1,211,N,H2,2022-01-02,2022-12-31,2022-07-03,2022-10-01,2022-07-31,2022-09-03,2022-07-03,2022-12-31,29,1,29,2021-08-01
2022-08-01,Monday,2,1,213,2022-07-31,N,2022,8,August,3,2022,3,8,P08,31,1,212,N,H2,2022-01-02,2022-12-31,2022-07-03,2022-10-01,2022-07-31,2022-09-03,2022-07-03,2022-12-31,30,2,30,2021-08-02
2022-08-02,Tuesday,3,2,214,2022-07-31,N,2022,8,August,3,2022,3,8,P08,31,1,213,N,H2,2022-01-02,2022-12-31,2022-07-03,2022-10-01,2022-07-31,2022-09-03,2022-07-03,2022-12-31,31,3,31,2021-08-03
2022-08-03,Wednesday,4,3,215,2022-07-31,N,2022,8,August,3,2022,3,8,P08,31,1,214,N,H2,2022-01-02,2022-12-31,2022-07-03,2022-10-01,2022-07-31,2022-09-03,2022-07-03,2022-12-31,32,4,32,2021-08-04
2022-08-04,Thursday,5,4,216,2022-07-31,N,2022,8,August,3,2022,3,8,P08,31,1,215,N,H2,2022-01-02,2022-12-31,2022-07-03,2022-10-01,2022-07-31,2022-09-03,2022-07-03,2022-12-31,33,5,33,2021-08-05
2022-08-05,Friday,6,5,217,2022-07-31,N,2022,8,August,3,2022,3,8,P08,31,1,216,N,H2,2022-01-02,2022-12-31,2022-07-03,2022-10-01,2022-07-31,2022-09-03,2022-07-03,2022-12-31,34,6,34,2021-08-06
2022-08-06,Saturday,7,6,218,2022-07-31,Y,2022,8,August,3,2022,3,8,P08,31,1,217,N,H2,2022-01-02,2022-12-31,2022-07-03,2022-10-01,2022-07-31,2022-09-03,2022-07-03,2022-12-31,35,7,35,2021-08-07
2022-08-07,Sunday,1,7,219,2022-08-07,Y,2022,8,August,3,2022,3,8,P08,32,2,218,N,H2,2022-01-02,2022-12-31,2022-07-03,2022-10-01,2022-07-31,2022-09-03,2022-07-03,2022-12-31,36,8,36,2021-08-08
2022-08-08,Monday,2,8,220,2022-08-07,N,2022,8,August,3,2022,3,8,P08,32,2,219,N,H2,2022-01-02,2022-12-31,2022-07-03,2022-10-01,2022-07-31,2022-09-03,2022-07-03,2022-12-31,37,9,37,2021-08-09
2022-08-09,Tuesday,3,9,221,2022-08-07,N,2022,8,August,3,2022,3,8,P08,32,2,220,N,H2,2022-01-02,2022-12-31,2022-07-03,2022-10-01,2022-07-31,2022-09-03,2022-07-03,2022-12-31,38,10,38,2021-08-10
2022-08-10,Wednesday,4,10,222,2022-08-07,N,2022,8,August,3,2022,3,8,P08,32,2,221,N,H2,2022-01-02,2022-12-31,2022-07-03,2022-10-01,2022-07-31,2022-09-03,2022-07-03,2022-12-31,39,11,39,2021-08-11
2022-08-11,Thursday,5,11,223,2022-08-07,N,2022,8,August,3,2022,3,8,P08,32,2,222,N,H2,2022-01-02,2022-12-31,2022-07-03,2022-10-01,2022-07-31,2022-09-03,2022-07-03,2022-12-31,40,12,40,2021-08-12
2022-08-12,Friday,6,12,224,2022-08-07,N,2022,8,August,3,2022,3,8,P08,32,2,223,N,H2,2022-01-02,2022-12-31,2022-07-03,2022-10-01,2022-07-31,2022-09-03,2022-07-03,2022-12-31,41,13,41,2021-08-13
2022-08-13,Saturday,7,13,225,2022-08-07,Y,2022,8,August,3,2022,3,8,P08,32,2,224,N,H2,2022-01-02,2022-12-31,2022-07-03,2022-10-01,2022-07-31,2022-09-03,2022-07-03,2022-12-31,42,14,42,2021-08-14
2022-08-14,Sunday,1,14,226,2022-08-14,Y,2022,8,August,3,2022,3,8,P08,33,3,225,N,H2,2022-01-02,2022-12-31,2022-07-03,2022-10-01,2022-07-31,2022-09-03,2022-07-03,2022-12-31,43,15,43,2021-08-15
2022-08-15,Monday,2,15,227,2022-08-14,N,2022,8,August,3,2022,3,8,P08,33,3,226,N,H2,2022-01-02,2022-12-31,2022-07-03,2022-10-01,2022-07-31,2022-09-03,2022-07-03,2022-12-31,44,16,44,2021-08-16
2022-08-16,Tuesday,3,16,228,2022-08-14,N,2022,8,August,3,2022,3,8,P08,33,3,227,N,H2,2022-01-02,2022-12-31,2022-07-03,2022-10-01,2022-07-31,2022-09-03,2022-07-03,2022-12-31,45,17,45,2021-08-17
2022-08-17,Wednesday,4,17,229,2022-08-14,N,2022,8,August,3,2022,3,8,P08,33,3,228,N,H2,2022-01-02,2022-12-31,2022-07-03,2022-10-01,2022-07-31,2022-09-03,2022-07-03,2022-12-31,46,18,46,2021-08-18
2022-08-18,Thursday,5,18,230,2022-08-14,N,2022,8,August,3,2022,3,8,P08,33,3,229,N,H2,2022-01-02,2022-12-31,2022-07-03,2022-10-01,2022-07-31,2022-09-03,2022-07-03,2022-12-31,47,19,47,2021-08-19
2022-08-19,Friday,6,19,231,2022-08-14,N,2022,8,August,3,2022,3,8,P08,33,3,230,N,H2,2022-01-02,2022-12-31,2022-07-03,2022-10-01,2022-07-31,2022-09-03,2022-07-03,2022-12-31,48,20,48,2021-08-20
2022-08-20,Saturday,7,20,232,2022-08-14,Y,2022,8,August,3,2022,3,8,P08,33,3,231,N,H2,2022-01-02,2022-12-31,2022-07-03,2022-10-01,2022-07-31,2022-09-03,2022-07-03,2022-12-31,49,21,49,2021-08-21
2022-08-21,Sunday,1,21,233,2022-08-21,Y,2022,8,August,3,2022,3,8,P08,34,4,232,N,H2,2022-01-02,2022-12-31,2022-07-03,2022-10-01,2022-07-31,2022-09-03,2022-07-03,2022-12-31,50,22,50,2021-08-22
2022-08-22,Monday,2,22,234,2022-08-21,N,2022,8,August,3,2022,3,8,P08,34,4,233,N,H2,2022-01-02,2022-12-31,2022-07-03,2022-10-01,2022-07-31,2022-09-03,2022-07-03,2022-12-31,51,23,51,2021-08-23
2022-08-23,Tuesday,3,23,235,2022-08-21,N,2022,8,August,3,2022,3,8,P08,34,4,234,N,H2,2022-01-02,2022-12-31,2022-07-03,2022-10-01,2022-07-31,2022-09-03,2022-07-03,2022-12-31,52,24,52,2021-08-24
2022-08-24,Wednesday,4,24,236,2022-08-21,N,2022,8,August,3,2022,3,8,P08,34,4,235,N,H2,2022-01-02,2022-12-31,2022-07-03,2022-10-01,2022-07-31,2022-09-03,2022-07-03,2022-12-31,53,25,53,2021-08-25
2022-08-25,Thursday,5,25,237,2022-08-21,N,2022,8,August,3,2022,3,8,P08,34,4,236,N,H2,2022-01-02,2022-12-31,2022-07-03,2022-10-01,2022-07-31,2022-09-03,2022-07-03,2022-12-31,54,26,54,2021-08-26
2022-08-26,Friday,6,26,238,2022-08-21,N,2022,8,August,3,2022,3,8,P08,34,4,237,N,H2,2022-01-02,2022-12-31,2022-07-03,2022-10-01,2022-07-31,2022-09-03,2022-07-03,2022-12-31,55,27,55,2021-08-27
2022-08-27,Saturday,7,27,239,2022-08-21,Y,2022,8,August,3,2022,3,8,P08,34,4,238,N,H2,2022-01-02,2022-12-31,2022-07-03,2022-10-01,2022-07-31,2022-09-03,2022-07-03,2022-12-31,56,28,56,2021-08-28
2022-08-28,Sunday,1,28,240,2022-08-28,Y,2022,8,August,3,2022,3,8,P08,35,5,239,N,H2,2022-01-02,2022-12-31,2022-07-03,2022-10-01,2022-07-31,2022-09-03,2022-07-03,2022-12-31,57,29,57,2021-08-29
2022-08-29,Monday,2,29,241,2022-08-28,N,2022,8,August,3,2022,3,8,P08,35,5,240,N,H2,2022-01-02,2022-12-31,2022-07-03,2022-10-01,2022-07-31,2022-09-03,2022-07-03,2022-12-31,58,30,58,2021-08-30
2022-08-30,Tuesday,3,30,242,2022-08-28,N,2022,8,August,3,2022,3,8,P08,35,5,241,N,H2,2022-01-02,2022-12-31,2022-07-03,2022-10-01,2022-07-31,2022-09-03,2022-07-03,2022-12-31,59,31,59,2021-08-31
2022-08-31,Wednesday,4,31,243,2022-08-28,N,2022,8,August,3,2022,3,8,P08,35,5,242,N,H2,2022-01-02,2022-12-31,2022-07-03,2022-10-01,2022-07-31,2022-09-03,2022-07-03,2022-12-31,60,32,60,2021-09-01
2022-09-01,Thursday,5,1,244,2022-08-28,N,2022,9,September,3,2022,3,8,P08,35,5,243,N,H2,2022-01-02,2022-12-31,2022-07-03,2022-10-01,2022-07-31,2022-09-03,2022-07-03,2022-12-31,61,33,61,2021-09-02
2022-09-02,Friday,6,2,245,2022-08-28,N,2022,9,September,3,2022,3,8,P08,35,5,244,N,H2,2022-01-02,2022-12-31,2022-07-03,2022-10-01,2022-07-31,2022-09-03,2022-07-03,2022-12-31,62,34,62,2021-09-03
2022-09-03,Saturday,7,3,246,2022-08-28,Y,2022,9,September,3,2022,3,8,P08,35,5,245,N,H2,2022-01-02,2022-12-31,2022-07-03,2022-10-01,2022-07-31,2022-09-03,2022-07-03,2022-12-31,63,35,63,2021-09-04
2022-09-04,Sunday,1,4,247,2022-09-04,Y,2022,9,September,3,2022,3,9,P09,36,1,246,N,H2,2022-01-02,2022-12-31,2022-07-03,2022-10-01,2022-09-04,2022-10-01,2022-07-03,2022-12-31,64,1,64,2021-09-05
2022-09-05,Monday,2,5,248,2022-09-04,N,2022,9,September,3,2022,3,9,P09,36,1,247,N,H2,2022-01-02,2022-12-31,2022-07-03,2022-10-01,2022-09-04,2022-10-01,2022-07-03,2022-12-31,65,2,65,2021-09-06
2022-09-06,Tuesday,3,6,249,2022-09-04,N,2022,9,September,3,2022,3,9,P09,36,1,248,N,H2,2022-01-02,2022-12-31,2022-07-03,2022-10-01,2022-09-04,2022-10-01,2022-07-03,2022-12-31,66,3,66,2021-09-07
2022-09-07,Wednesday,4,7,250,2022-09-04,N,2022,9,September,3,2022,3,9,P09,36,1,249,N,H2,2022-01-02,2022-12-31,2022-07-03,2022-10-01,2022-09-04,2022-10-01,2022-07-03,2022-12-31,67,4,67,2021-09-08
2022-09-08,Thursday,5,8,251,2022-09-04,N,2022,9,September,3,2022,3,9,P09,36,1,250,N,H2,2022-01-02,2022-12-31,2022-07-03,2022-10-01,2022-09-04,2022-10-01,2022-07-03,2022-12-31,68,5,68,2021-09-09
2022-09-09,Friday,6,9,252,2022-09-04,N,2022,9,September,3,2022,3,9,P09,36,1,251,N,H2,2022-01-02,2022-12-31,2022-07-03,2022-10-01,2022-09-04,2022-10-01,2022-07-03,2022-12-31,69,6,69,2021-09-10
2022-09-10,Saturday,7,10,253,2022-09-04,Y,2022,9,September,3,2022,3,9,P09,36,1,252,N,H2,2022-01-02,2022-12-31,2022-07-03,2022-10-01,2022-09-04,2022-10-01,2022-07-03,2022-12-31,70,7,70,2021-09-11
2022-09-11,Sunday,1,11,254,2022-09-11,Y,2022,9,September,3,2022,3,9,P09,37,2,253,N,H2,2022-01-02,2022-12-31,2022-07-03,2022-10-01,2022-09-04,2022-10-01,2022-07-03,2022-12-31,71,8,71,2021-09-12
2022-09-12,Monday,2,12,255,2022-09-11,N,2022,9,September,3,2022,3,9,P09,37,2,254,N,H2,2022-01-02,2022-12-31,2022-07-03,2022-10-01,2022-09-04,2022-10-01,2022-07-03,2022-12-31,72,9,72,2021-09-13
2022-09-13,Tuesday,3,13,256,2022-09-11,N,2022,9,September,3,2022,3,9,P09,37,2,255,N,H2,2022-01-02,2022-12-31,2022-07-03,2022-10-01,2022-09-04,2022-10-01,2022-07-03,2022-12-31,73,10,73,2021-09-14
2022-09-14,Wednesday,4,14,257,2022-09-11,N,2022,9,September,3,2022,3,9,P09,37,2,256,N,H2,2022-01-02,2022-12-31,2022-07-03,2022-10-01,2022-09-04,2022-10-01,2022-07-03,2022-12-31,74,11,74,2021-09-15
2022-09-15,Thursday,5,15,258,2022-09-11,N,2022,9,September,3,2022,3,9,P09,37,2,257,N,H2,2022-01-02,2022-12-31,2022-07-03,2022-10-01,2022-09-04,2022-10-01,2022-07-03,2022-12-31,75,12,75,2021-09-16
2022-09-16,Friday,6,16,259,2022-09-11,N,2022,9,September,3,2022,3,9,P09,37,2,258,N,H2,2022-01-02,2022-12-31,2022-07-03,2022-10-01,2022-09-04,2022-10-01,2022-07-03,2022-12-31,76,13,76,2021-09-17
2022-09-17,Saturday,7,17,260,2022-09-11,Y,2022,9,September,3,2022,3,9,P09,37,2,259,N,H2,2022-01-02,2022-12-31,2022-07-03,2022-10-01,2022-09-04,2022-10-01,2022-07-03,2022-12-31,77,14,77,2021-09-18
2022-09-18,Sunday,1,18,261,2022-09-18,Y,2022,9,September,3,2022,3,9,P09,38,3,260,N,H2,2022-01-02,2022-12-31,2022-07-03,2022-10-01,2022-09-04,2022-10-01,2022-07-03,2022-12-31,78,15,78,2021-09-19
2022-09-19,Monday,2,19,262,2022-09-18,N,2022,9,September,3,2022,3,9,P09,38,3,261,N,H2,2022-01-02,2022-12-31,2022-07-03,2022-10-01,2022-09-04,2022-10-01,2022-07-03,2022-12-31,79,16,79,2021-09-20
2022-09-20,Tuesday,3,20,263,2022-09-18,N,2022,9,September,3,2022,3,9,P09,38,3,262,N,H2,2022-01-02,2022-12-31,2022-07-03,2022-10-01,2022-09-04,2022-10-01,2022-07-03,2022-12-31,80,17,80,2021-09-21
2022-09-21,Wednesday,4,21,264,2022-09-18,N,2022,9,September,3,2022,3,9,P09,38,3,263,N,H2,2022-01-02,2022-12-31,2022-07-03,2022-10-01,2022-09-04,2022-10-01,2022-07-03,2022-12-31,81,18,81,2021-09-22
2022-09-22,Thursday,5,22,265,2022-09-18,N,2022,9,September,3,2022,3,9,P09,38,3,264,N,H2,2022-01-02,2022-12-31,2022-07-03,2022-10-01,2022-09-04,2022-10-01,2022-07-03,2022-12-31,82,19,82,2021-09-23
2022-09-23,Friday,6,23,266,2022-09-18,N,2022,9,September,3,2022,3,9,P09,38,3,265,N,H2,2022-01-02,2022-12-31,2022-07-03,2022-10-01,2022-09-04,2022-10-01,2022-07-03,2022-12-31,83,20,83,2021-09-24
2022-09-24,Saturday,7,24,267,2022-09-18,Y,2022,9,September,3,2022,3,9,P09,38,3,266,N,H2,2022-01-02,2022-12-31,2022-07-03,2022-10-01,2022-09-04,2022-10-01,2022-07-03,2022-12-31,84,21,84,2021-09-25
2022-09-25,Sunday,1,25,268,2022-09-25,Y,2022,9,September,3,2022,3,9,P09,39,4,267,N,H2,2022-01-02,2022-12-31,2022-07-03,2022-10-01,2022-09-04,2022-10-01,2022-07-03,2022-12-31,85,22,85,2021-09-26
2022-09-26,Monday,2,26,269,2022-09-25,N,2022,9,September,3,2022,3,9,P09,39,4,268,N,H2,2022-01-02,2022-12-31,2022-07-03,2022-10-01,2022-09-04,2022-10-01,2022-07-03,2022-12-31,86,23,86,2021-09-27
2022-09-27,Tuesday,3,27,270,2022-09-25,N,2022,9,September,3,2022,3,9,P09,39,4,269,N,H2,2022-01-02,2022-12-31,2022-07-03,2022-10-01,2022-09-04,2022-10-01,2022-07-03,2022-12-31,87,24,87,2021-09-28
2022-09-28,Wednesday,4,28,271,2022-09-25,N,2022,9,September,3,2022,3,9,P09,39,4,270,N,H2,2022-01-02,2022-12-31,2022-07-03,2022-10-01,2022-09-04,2022-10-01,2022-07-03,2022-12-31,88,25,88,2021-09-29
2022-09-29,Thursday,5,29,272,2022-09-25,N,2022,9,September,3,2022,3,9,P09,39,4,271,N,H2,2022-01-02,2022-12-31,2022-07-03,2022-10-01,2022-09-04,2022-10-01,2022-07-03,2022-12-31,89,26,89,2021-09-30
2022-09-30,Friday,6,30,273,2022-09-25,N,2022,9,September,3,2022,3,9,P09,39,4,272,N,H2,2022-01-02,2022-12-31,2022-07-03,2022-10-01,2022-09-04,2022-10-01,2022-07-03,2022-12-31,90,27,90,2021-10-01
2022-10-01,Saturday,7,1,274,2022-09-25,Y,2022,10,October,4,2022,3,9,P09,39,4,273,N,H2,2022-01-02,2022-12-31,2022-07-03,2022-10-01,2022-09-04,2022-10-01,2022-07-03,2022-12-31,91,28,91,2021-10-02
2022-10-02,Sunday,1,2,275,2022-10-02,Y,2022,10,October,4,2022,4,10,P10,40,1,274,N,H2,2022-01-02,2022-12-31,2022-10-02,2022-12-31,2022-10-02,2022-10-29,2022-07-03,2022-12-31,1,1,92,2021-10-03
2022-10-03,Monday,2,3,276,2022-10-02,N,2022,10,October,4,2022,4,10,P10,40,1,275,N,H2,2022-01-02,2022-12-31,2022-10-02,2022-12-31,2022-10-02,2022-10-29,2022-07-03,2022-12-31,2,2,93,2021-10-04
2022-10-04,Tuesday,3,4,277,2022-10-02,N,2022,10,October,4,2022,4,10,P10,40,1,276,N,H2,2022-01-02,2022-12-31,2022-10-02,2022-12-31,2022-10-02,2022-10-29,2022-07-03,2022-12-31,3,3,94,2021-10-05
2022-10-05,Wednesday,4,5,278,2022-10-02,N,2022,10,October,4,2022,4,10,P10,40,1,277,N,H2,2022-01-02,2022-12-31,2022-10-02,2022-12-31,2022-10-02,2022-10-29,2022-07-03,2022-12-31,4,4,95,2021-10-06
2022-10-06,Thursday,5,6,279,2022-10-02,N,2022,10,October,4,2022,4,10,P10,40,1,278,N,H2,2022-01-02,2022-12-31,2022-10-02,2022-12-31,2022-10-02,2022-10-29,2022-07-03,2022-12-31,5,5,96,2021-10-07
2022-10-07,Friday,6,7,280,2022-10-02,N,2022,10,October,4,2022,4,10,P10,40,1,279,N,H2,2022-01-02,2022-12-31,2022-10-02,2022-12-31,2022-10-02,2022-10-29,2022-07-03,2022-12-31,6,6,97,2021-10-08
2022-10-08,Saturday,7,8,281,2022-10-02,Y,2022,10,October,4,2022,4,10,P10,40,1,280,N,H2,2022-01-02,2022-12-31,2022-10-02,2022-12-31,2022-10-02,2022-10-29,2022-07-03,2022-12-31,7,7,98,2021-10-09
2022-10-09,Sunday,1,9,282,2022-10-09,Y,2022,10,October,4,2022,4,10,P10,41,2,281,N,H2,2022-01-02,2022-12-31,2022-10-02,2022-12-31,2022-10-02,2022-10-29,2022-07-03,2022-12-31,8,8,99,2021-10-10
2022-10-10,Monday,2,10,283,2022-10-09,N,2022,10,October,4,2022,4,10,P10,41,2,282,N,H2,2022-01-02,2022-12-31,2022-10-02,2022-12-31,2022-10-02,2022-10-29,2022-07-03,2022-12-31,9,9,100,2021-10-11
2022-10-11,Tuesday,3,11,284,2022-10-09,N,2022,10,October,4,2022,4,10,P10,41,2,283,N,H2,2022-01-02,2022-12-31,2022-10-02,2022-12-31,2022-10-02,2022-10-29,2022-07-03,2022-12-31,10,10,101,2021-10-12
2022-10-12,Wednesday,4,12,285,2022-10-09,N,2022,10,October,4,2022,4,10,P10,41,2,284,N,H2,2022-01-02,2022-12-31,2022-10-02,2022-12-31,2022-10-02,2022-10-29,2022-07-03,2022-12-31,11,11,102,2021-10-13
2022-10-13,Thursday,5,13,286,2022-10-09,N,2022,10,October,4,2022,4,10,P10,41,2,285,N,H2,2022-01-02,2022-12-31,2022-10-02,2022-12-31,2022-10-02,2022-10-29,2022-07-03,2022-12-31,12,12,103,2021-10-14
2022-10-14,Friday,6,14,287,2022-10-09,N,2022,10,October,4,2022,4,10,P10,41,2,286,N,H2,2022-01-02,2022-12-31,2022-10-02,2022-12-31,2022-10-02,2022-10-29,2022-07-03,2022-12-31,13,13,104,2021-10-15
2022-10-15,Saturday,7,15,288,2022-10-09,Y,2022,10,October,4,2022,4,10,P10,41,2,287,N,H2,2022-01-02,2022-12-31,2022-10-02,2022-12-31,2022-10-02,2022-10-29,2022-07-03,2022-12-31,14,14,105,2021-10-16
2022-10-16,Sunday,1,16,289,2022-10-16,Y,2022,10,October,4,2022,4,10,P10,42,3,288,N,H2,2022-01-02,2022-12-31,2022-10-02,2022-12-31,2022-10-02,2022-10-29,2022-07-03,2022-12-31,15,15,106,2021-10-17
2022-10-17,Monday,2,17,290,2022-10-16,N,2022,10,October,4,2022,4,10,P10,42,3,289,N,H2,2022-01-02,2022-12-31,2022-10-02,2022-12-31,2022-10-02,2022-10-29,2022-07-03,2022-12-31,16,16,107,2021-10-18
2022-10-18,Tuesday,3,18,291,2022-10-16,N,2022,10,October,4,2022,4,10,P10,42,3,290,N,H2,2022-01-02,2022-12-31,2022-10-02,2022-12-31,2022-10-02,2022-10-29,2022-07-03,2022-12-31,17,17,108,2021-10-19
2022-10-19,Wednesday,4,19,292,2022-10-16,N,2022,10,October,4,2022,4,10,P10,42,3,291,N,H2,2022-01-02,2022-12-31,2022-10-02,2022-12-31,2022-10-02,2022-10-29,2022-07-03,2022-12-31,18,18,109,2021-10-20
2022-10-20,Thursday,5,20,293,2022-10-16,N,2022,10,October,4,2022,4,10,P10,42,3,292,N,H2,2022-01-02,2022-12-31,2022-10-02,2022-12-31,2022-10-02,2022-10-29,2022-07-03,2022-12-31,19,19,110,2021-10-21
2022-10-21,Friday,6,21,294,2022-10-16,N,2022,10,October,4,2022,4,10,P10,42,3,293,N,H2,2022-01-02,2022-12-31,2022-10-02,2022-12-31,2022-10-02,2022-10-29,2022-07-03,2022-12-31,20,20,111,2021-10-22
2022-10-22,Saturday,7,22,295,2022-10-16,Y,2022,10,October,4,2022,4,10,P10,42,3,294,N,H2,2022-01-02,2022-12-31,2022-10-02,2022-12-31,2022-10-02,2022-10-29,2022-07-03,2022-12-31,21,21,112,2021-10-23
2022-10-23,Sunday,1,23,296,2022-10-23,Y,2022,10,October,4,2022,4,10,P10,43,4,295,N,H2,2022-01-02,2022-12-31,2022-10-02,2022-12-31,2022-10-02,2022-10-29,2022-07-03,2022-12-31,22,22,113,2021-10-24
2022-10-24,Monday,2,24,297,2022-10-23,N,2022,10,October,4,2022,4,10,P10,43,4,296,N,H2,2022-01-02,2022-12-31,2022-10-02,2022-12-31,2022-10-02,2022-10-29,2022-07-03,2022-12-31,23,23,114,2021-10-25
2022-10-25,Tuesday,3,25,298,2022-10-23,N,2022,10,October,4,2022,4,10,P10,43,4,297,N,H2,2022-01-02,2022-12-31,2022-10-02,2022-12-31,2022-10-02,2022-10-29,2022-07-03,2022-12-31,24,24,115,2021-10-26
2022-10-26,Wednesday,4,26,299,2022-10-23,N,2022,10,October,4,2022,4,10,P10,43,4,298,N,H2,2022-01-02,2022-12-31,2022-10-02,2022-12-31,2022-10-02,2022-10-29,2022-07-03,2022-12-31,25,25,116,2021-10-27
2022-10-27,Thursday,5,27,300,2022-10-23,N,2022,10,October,4,2022,4,10,P10,43,4,299,N,H2,2022-01-02,2022-12-31,2022-10-02,2022-12-31,2022-10-02,2022-10-29,2022-07-03,2022-12-31,26,26,117,2021-10-28
2022-10-28,Friday,6,28,301,2022-10-23,N,2022,10,October,4,2022,4,10,P10,43,4,300,N,H2,2022-01-02,2022-12-31,2022-10-02,2022-12-31,2022-10-02,2022-10-29,2022-07-03,2022-12-31,27,27,118,2021-10-29
2022-10-29,Saturday,7,29,302,2022-10-23,Y,2022,10,October,4,2022,4,10,P10,43,4,301,N,H2,2022-01-02,2022-12-31,2022-10-02,2022-12-31,2022-10-02,2022-10-29,2022-07-03,2022-12-31,28,28,119,2021-10-30
2022-10-30,Sunday,1,30,303,2022-10-30,Y,2022,10,October,4,2022,4,11,P11,44,1,302,N,H2,2022-01-02,2022-12-31,2022-10-02,2022-12-31,2022-10-30,2022-12-03,2022-07-03,2022-12-31,29,1,120,2021-10-31
2022-10-31,Monday,2,31,304,2022-10-30,N,2022,10,October,4,2022,4,11,P11,44,1,303,N,H2,2022-01-02,2022-12-31,2022-10-02,2022-12-31,2022-10-30,2022-12-03,2022-07-03,2022-12-31,30,2,121,2021-11-01
2022-11-01,Tuesday,3,1,305,2022-10-30,N,2022,11,November,4,2022,4,11,P11,44,1,304,N,H2,2022-01-02,2022-12-31,2022-10-02,2022-12-31,2022-10-30,2022-12-03,2022-07-03,2022-12-31,31,3,122,2021-11-02
2022-11-02,Wednesday,4,2,306,2022-10-30,N,2022,11,November,4,2022,4,11,P11,44,1,305,N,H2,2022-01-02,2022-12-31,2022-10-02,2022-12-31,2022-10-30,2022-12-03,2022-07-03,2022-12-31,32,4,123,2021-11-03
2022-11-03,Thursday,5,3,307,2022-10-30,N,2022,11,November,4,2022,4,11,P11,44,1,306,N,H2,2022-01-02,2022-12-31,2022-10-02,2022-12-31,2022-10-30,2022-12-03,2022-07-03,2022-12-31,33,5,124,2021-11-04
2022-11-04,Friday,6,4,308,2022-10-30,N,2022,11,November,4,2022,4,11,P11,44,1,307,N,H2,2022-01-02,2022-12-31,2022-10-02,2022-12-31,2022-10-30,2022-12-03,2022-07-03,2022-12-31,34,6,125,2021-11-05
2022-11-05,Saturday,7,5,309,2022-10-30,Y,2022,11,November,4,2022,4,11,P11,44,1,308,N,H2,2022-01-02,2022-12-31,2022-10-02,2022-12-31,2022-10-30,2022-12-03,2022-07-03,2022-12-31,35,7,126,2021-11-06
2022-11-06,Sunday,1,6,310,2022-11-06,Y,2022,11,November,4,2022,4,11,P11,45,2,309,N,H2,2022-01-02,2022-12-31,2022-10-02,2022-12-31,2022-10-30,2022-12-03,2022-07-03,2022-12-31,36,8,127,2021-11-07
2022-11-07,Monday,2,7,311,2022-11-06,N,2022,11,November,4,2022,4,11,P11,45,2,310,N,H2,2022-01-02,2022-12-31,2022-10-02,2022-12-31,2022-10-30,2022-12-03,2022-07-03,2022-12-31,37,9,128,2021-11-08
2022-11-08,Tuesday,3,8,312,2022-11-06,N,2022,11,November,4,2022,4,11,P11,45,2,311,N,H2,2022-01-02,2022-12-31,2022-10-02,2022-12-31,2022-10-30,2022-12-03,2022-07-03,2022-12-31,38,10,129,2021-11-09
2022-11-09,Wednesday,4,9,313,2022-11-06,N,2022,11,November,4,2022,4,11,P11,45,2,312,N,H2,2022-01-02,2022-12-31,2022-10-02,2022-12-31,2022-10-30,2022-12-03,2022-07-03,2022-12-31,39,11,130,2021-11-10
2022-11-10,Thursday,5,10,314,2022-11-06,N,2022,11,November,4,2022,4,11,P11,45,2,313,N,H2,2022-01-02,2022-12-31,2022-10-02,2022-12-31,2022-10-30,2022-12-03,2022-07-03,2022-12-31,40,12,131,2021-11-11
2022-11-11,Friday,6,11,315,2022-11-06,N,2022,11,November,4,2022,4,11,P11,45,2,314,N,H2,2022-01-02,2022-12-31,2022-10-02,2022-12-31,2022-10-30,2022-12-03,2022-07-03,2022-12-31,41,13,132,2021-11-12
2022-11-12,Saturday,7,12,316,2022-11-06,Y,2022,11,November,4,2022,4,11,P11,45,2,315,N,H2,2022-01-02,2022-12-31,2022-10-02,2022-12-31,2022-10-30,2022-12-03,2022-07-03,2022-12-31,42,14,133,2021-11-13
2022-11-13,Sunday,1,13,317,2022-11-13,Y,2022,11,November,4,2022,4,11,P11,46,3,316,N,H2,2022-01-02,2022-12-31,2022-10-02,2022-12-31,2022-10-30,2022-12-03,2022-07-03,2022-12-31,43,15,134,2021-11-14
2022-11-14,Monday,2,14,318,2022-11-13,N,2022,11,November,4,2022,4,11,P11,46,3,317,N,H2,2022-01-02,2022-12-31,2022-10-02,2022-12-31,2022-10-30,2022-12-03,2022-07-03,2022-12-31,44,16,135,2021-11-15
2022-11-15,Tuesday,3,15,319,2022-11-13,N,2022,11,November,4,2022,4,11,P11,46,3,318,N,H2,2022-01-02,2022-12-31,2022-10-02,2022-12-31,2022-10-30,2022-12-03,2022-07-03,2022-12-31,45,17,136,2021-11-16
2022-11-16,Wednesday,4,16,320,2022-11-13,N,2022,11,November,4,2022,4,11,P11,46,3,319,N,H2,2022-01-02,2022-12-31,2022-10-02,2022-12-31,2022-10-30,2022-12-03,2022-07-03,2022-12-31,46,18,137,2021-11-17
2022-11-17,Thursday,5,17,321,2022-11-13,N,2022,11,November,4,2022,4,11,P11,46,3,320,N,H2,2022-01-02,2022-12-31,2022-10-02,2022-12-31,2022-10-30,2022-12-03,2022-07-03,2022-12-31,47,19,138,2021-11-18
2022-11-18,Friday,6,18,322,2022-11-13,N,2022,11,November,4,2022,4,11,P11,46,3,321,N,H2,2022-01-02,2022-12-31,2022-10-02,2022-12-31,2022-10-30,2022-12-03,2022-07-03,2022-12-31,48,20,139,2021-11-19
2022-11-19,Saturday,7,19,323,2022-11-13,Y,2022,11,November,4,2022,4,11,P11,46,3,322,N,H2,2022-01-02,2022-12-31,2022-10-02,2022-12-31,2022-10-30,2022-12-03,2022-07-03,2022-12-31,49,21,140,2021-11-20
2022-11-20,Sunday,1,20,324,2022-11-20,Y,2022,11,November,4,2022,4,11,P11,47,4,323,N,H2,2022-01-02,2022-12-31,2022-10-02,2022-12-31,2022-10-30,2022-12-03,2022-07-03,2022-12-31,50,22,141,2021-11-21
2022-11-21,Monday,2,21,325,2022-11-20,N,2022,11,November,4,2022,4,11,P11,47,4,324,N,H2,2022-01-02,2022-12-31,2022-10-02,2022-12-31,2022-10-30,2022-12-03,2022-07-03,2022-12-31,51,23,142,2021-11-22
2022-11-22,Tuesday,3,22,326,2022-11-20,N,2022,11,November,4,2022,4,11,P11,47,4,325,N,H2,2022-01-02,2022-12-31,2022-10-02,2022-12-31,2022-10-30,2022-12-03,2022-07-03,2022-12-31,52,24,143,2021-11-23
2022-11-23,Wednesday,4,23,327,2022-11-20,N,2022,11,November,4,2022,4,11,P11,47,4,326,N,H2,2022-01-02,2022-12-31,2022-10-02,2022-12-31,2022-10-30,2022-12-03,2022-07-03,2022-12-31,53,25,144,2021-11-24
2022-11-24,Thursday,5,24,328,2022-11-20,N,2022,11,November,4,2022,4,11,P11,47,4,327,N,H2,2022-01-02,2022-12-31,2022-10-02,2022-12-31,2022-10-30,2022-12-03,2022-07-03,2022-12-31,54,26,145,2021-11-25
2022-11-25,Friday,6,25,329,2022-11-20,N,2022,11,November,4,2022,4,11,P11,47,4,328,N,H2,2022-01-02,2022-12-31,2022-10-02,2022-12-31,2022-10-30,2022-12-03,2022-07-03,2022-12-31,55,27,146,2021-11-26
2022-11-26,Saturday,7,26,330,2022-11-20,Y,2022,11,November,4,2022,4,11,P11,47,4,329,N,H2,2022-01-02,2022-12-31,2022-10-02,2022-12-31,2022-10-30,2022-12-03,2022-07-03,2022-12-31,56,28,147,2021-11-27
2022-11-27,Sunday,1,27,331,2022-11-27,Y,2022,11,November,4,2022,4,11,P11,48,5,330,N,H2,2022-01-02,2022-12-31,2022-10-02,2022-12-31,2022-10-30,2022-12-03,2022-07-03,2022-12-31,57,29,148,2021-11-28
2022-11-28,Monday,2,28,332,2022-11-27,N,2022,11,November,4,2022,4,11,P11,48,5,331,N,H2,2022-01-02,2022-12-31,2022-10-02,2022-12-31,2022-10-30,2022-12-03,2022-07-03,2022-12-31,58,30,149,2021-11-29
2022-11-29,Tuesday,3,29,333,2022-11-27,N,2022,11,November,4,2022,4,11,P11,48,5,332,N,H2,2022-01-02,2022-12-31,2022-10-02,2022-12-31,2022-10-30,2022-12-03,2022-07-03,2022-12-31,59,31,150,2021-11-30
2022-11-30,Wednesday,4,30,334,2022-11-27,N,2022,11,November,4,2022,4,11,P11,48,5,333,N,H2,2022-01-02,2022-12-31,2022-10-02,2022-12-31,2022-10-30,2022-12-03,2022-07-03,2022-12-31,60,32,151,2021-12-01
2022-12-01,Thursday,5,1,335,2022-11-27,N,2022,12,December,4,2022,4,11,P11,48,5,334,N,H2,2022-01-02,2022-12-31,2022-10-02,2022-12-31,2022-10-30,2022-12-03,2022-07-03,2022-12-31,61,33,152,2021-12-02
2022-12-02,Friday,6,2,336,2022-11-27,N,2022,12,December,4,2022,4,11,P11,48,5,335,N,H2,2022-01-02,2022-12-31,2022-10-02,2022-12-31,2022-10-30,2022-12-03,2022-07-03,2022-12-31,62,34,153,2021-12-03
2022-12-03,Saturday,7,3,337,2022-11-27,Y,2022,12,December,4,2022,4,11,P11,48,5,336,N,H2,2022-01-02,2022-12-31,2022-10-02,2022-12-31,2022-10-30,2022-12-03,2022-07-03,2022-12-31,63,35,154,2021-12-04
2022-12-04,Sunday,1,4,338,2022-12-04,Y,2022,12,December,4,2022,4,12,P12,49,1,337,N,H2,2022-01-02,2022-12-31,2022-10-02,2022-12-31,2022-12-04,2022-12-31,2022-07-03,2022-12-31,64,1,155,2021-12-05
2022-12-05,Monday,2,5,339,2022-12-04,N,2022,12,December,4,2022,4,12,P12,49,1,338,N,H2,2022-01-02,2022-12-31,2022-10-02,2022-12-31,2022-12-04,2022-12-31,2022-07-03,2022-12-31,65,2,156,2021-12-06
2022-12-06,Tuesday,3,6,340,2022-12-04,N,2022,12,December,4,2022,4,12,P12,49,1,339,N,H2,2022-01-02,2022-12-31,2022-10-02,2022-12-31,2022-12-04,2022-12-31,2022-07-03,2022-12-31,66,3,157,2021-12-07
2022-12-07,Wednesday,4,7,341,2022-12-04,N,2022,12,December,4,2022,4,12,P12,49,1,340,N,H2,2022-01-02,2022-12-31,2022-10-02,2022-12-31,2022-12-04,2022-12-31,2022-07-03,2022-12-31,67,4,158,2021-12-08
2022-12-08,Thursday,5,8,342,2022-12-04,N,2022,12,December,4,2022,4,12,P12,49,1,341,N,H2,2022-01-02,2022-12-31,2022-10-02,2022-12-31,2022-12-04,2022-12-31,2022-07-03,2022-12-31,68,5,159,2021-12-09
2022-12-09,Friday,6,9,343,2022-12-04,N,2022,12,December,4,2022,4,12,P12,49,1,342,N,H2,2022-01-02,2022-12-31,2022-10-02,2022-12-31,2022-12-04,2022-12-31,2022-07-03,2022-12-31,69,6,160,2021-12-10
2022-12-10,Saturday,7,10,344,2022-12-04,Y,2022,12,December,4,2022,4,12,P12,49,1,343,N,H2,2022-01-02,2022-12-31,2022-10-02,2022-12-31,2022-12-04,2022-12-31,2022-07-03,2022-12-31,70,7,161,2021-12-11
2022-12-11,Sunday,1,11,345,2022-12-11,Y,2022,12,December,4,2022,4,12,P12,50,2,344,N,H2,2022-01-02,2022-12-31,2022-10-02,2022-12-31,2022-12-04,2022-12-31,2022-07-03,2022-12-31,71,8,162,2021-12-12
2022-12-12,Monday,2,12,346,2022-12-11,N,2022,12,December,4,2022,4,12,P12,50,2,345,N,H2,2022-01-02,2022-12-31,2022-10-02,2022-12-31,2022-12-04,2022-12-31,2022-07-03,2022-12-31,72,9,163,2021-12-13
2022-12-13,Tuesday,3,13,347,2022-12-11,N,2022,12,December,4,2022,4,12,P12,50,2,346,N,H2,2022-01-02,2022-12-31,2022-10-02,2022-12-31,2022-12-04,2022-12-31,2022-07-03,2022-12-31,73,10,164,2021-12-14
2022-12-14,Wednesday,4,14,348,2022-12-11,N,2022,12,December,4,2022,4,12,P12,50,2,347,N,H2,2022-01-02,2022-12-31,2022-10-02,2022-12-31,2022-12-04,2022-12-31,2022-07-03,2022-12-31,74,11,165,2021-12-15
2022-12-15,Thursday,5,15,349,2022-12-11,N,2022,12,December,4,2022,4,12,P12,50,2,348,N,H2,2022-01-02,2022-12-31,2022-10-02,2022-12-31,2022-12-04,2022-12-31,2022-07-03,2022-12-31,75,12,166,2021-12-16
2022-12-16,Friday,6,16,350,2022-12-11,N,2022,12,December,4,2022,4,12,P12,50,2,349,N,H2,2022-01-02,2022-12-31,2022-10-02,2022-12-31,2022-12-04,2022-12-31,2022-07-03,2022-12-31,76,13,167,2021-12-17
2022-12-17,Saturday,7,17,351,2022-12-11,Y,2022,12,December,4,2022,4,12,P12,50,2,350,N,H2,2022-01-02,2022-12-31,2022-10-02,2022-12-31,2022-12-04,2022-12-31,2022-07-03,2022-12-31,77,14,168,2021-12-18
2022-12-18,Sunday,1,18,352,2022-12-18,Y,2022,12,December,4,2022,4,12,P12,51,3,351,N,H2,2022-01-02,2022-12-31,2022-10-02,2022-12-31,2022-12-04,2022-12-31,2022-07-03,2022-12-31,78,15,169,2021-12-19
2022-12-19,Monday,2,19,353,2022-12-18,N,2022,12,December,4,2022,4,12,P12,51,3,352,N,H2,2022-01-02,2022-12-31,2022-10-02,2022-12-31,2022-12-04,2022-12-31,2022-07-03,2022-12-31,79,16,170,2021-12-20
2022-12-20,Tuesday,3,20,354,2022-12-18,N,2022,12,December,4,2022,4,12,P12,51,3,353,N,H2,2022-01-02,2022-12-31,2022-10-02,2022-12-31,2022-12-04,2022-12-31,2022-07-03,2022-12-31,80,17,171,2021-12-21
2022-12-21,Wednesday,4,21,355,2022-12-18,N,2022,12,December,4,2022,4,12,P12,51,3,354,N,H2,2022-01-02,2022-12-31,2022-10-02,2022-12-31,2022-12-04,2022-12-31,2022-07-03,2022-12-31,81,18,172,2021-12-22
2022-12-22,Thursday,5,22,356,2022-12-18,N,2022,12,December,4,2022,4,12,P12,51,3,355,N,H2,2022-01-02,2022-12-31,2022-10-02,2022-12-31,2022-12-04,2022-12-31,2022-07-03,2022-12-31,82,19,173,2021-12-23
2022-12-23,Friday,6,23,357,2022-12-18,N,2022,12,December,4,2022,4,12,P12,51,3,356,N,H2,2022-01-02,2022-12-31,2022-10-02,2022-12-31,2022-12-04,2022-12-31,2022-07-03,2022-12-31,83,20,174,2021-12-24
2022-12-24,Saturday,7,24,358,2022-12-18,Y,2022,12,December,4,2022,4,12,P12,51,3,357,N,H2,2022-01-02,2022-12-31,2022-10-02,2022-12-31,2022-12-04,2022-12-31,2022-07-03,2022-12-31,84,21,175,2021-12-25
2022-12-25,Sunday,1,25,359,2022-12-25,Y,2022,12,December,4,2022,4,12,P12,52,4,358,N,H2,2022-01-02,2022-12-31,2022-10-02,2022-12-31,2022-12-04,2022-12-31,2022-07-03,2022-12-31,85,22,176,2021-12-26
2022-12-26,Monday,2,26,360,2022-12-25,N,2022,12,December,4,2022,4,12,P12,52,4,359,N,H2,2022-01-02,2022-12-31,2022-10-02,2022-12-31,2022-12-04,2022-12-31,2022-07-03,2022-12-31,86,23,177,2021-12-27
2022-12-27,Tuesday,3,27,361,2022-12-25,N,2022,12,December,4,2022,4,12,P12,52,4,360,N,H2,2022-01-02,2022-12-31,2022-10-02,2022-12-31,2022-12-04,2022-12-31,2022-07-03,2022-12-31,87,24,178,2021-12-28
2022-12-28,Wednesday,4,28,362,2022-12-25,N,2022,12,December,4,2022,4,12,P12,52,4,361,N,H2,2022-01-02,2022-12-31,2022-10-02,2022-12-31,2022-12-04,2022-12-31,2022-07-03,2022-12-31,88,25,179,2021-12-29
2022-12-29,Thursday,5,29,363,2022-12-25,N,2022,12,December,4,2022,4,12,P12,52,4,362,N,H2,2022-01-02,2022-12-31,2022-10-02,2022-12-31,2022-12-04,2022-12-31,2022-07-03,2022-12-31,89,26,180,2021-12-30
2022-12-30,Friday,6,30,364,2022-12-25,N,2022,12,December,4,2022,4,12,P12,52,4,363,N,H2,2022-01-02,2022-12-31,2022-10-02,2022-12-31,2022-12-04,2022-12-31,2022-07-03,2022-12-31,90,27,181,2021-12-31
2022-12-31,Saturday,7,31,365,2022-12-25,Y,2022,12,December,4,2022,4,12,P12,52,4,364,N,H2,2022-01-02,2022-12-31,2022-10-02,2022-12-31,2022-12-04,2022-12-31,2022-07-03,2022-12-31,91,28,182,2022-01-01
2023-01-01,Sunday,1,1,1,2023-01-01,Y,2023,1,January,1,2023,1,1,P01,1,1,1,N,H1,2023-01-01,2024-01-06,2023-01-01,2023-04-01,2023-01-01,2023-01-28,2023-01-01,2023-07-01,1,1,1,2022-01-02
2023-01-02,Monday,2,2,2,2023-01-01,N,2023,1,January,1,2023,1,1,P01,1,1,2,N,H1,2023-01-01,2024-01-06,2023-01-01,2023-04-01,2023-01-01,2023-01-28,2023-01-01,2023-07-01,2,2,2,2022-01-03
2023-01-03,Tuesday,3,3,3,2023-01-01,N,2023,1,January,1,2023,1,1,P01,1,1,3,N,H1,2023-01-01,2024-01-06,2023-01-01,2023-04-01,2023-01-01,2023-01-28,2023-01-01,2023-07-01,3,3,3,2022-01-04
2023-01-04,Wednesday,4,4,4,2023-01-01,N,2023,1,January,1,2023,1,1,P01,1,1,4,N,H1,2023-01-01,2024-01-06,2023-01-01,2023-04-01,2023-01-01,2023-01-28,2023-01-01,2023-07-01,4,4,4,2022-01-05
2023-01-05,Thursday,5,5,5,2023-01-01,N,2023,1,January,1,2023,1,1,P01,1,1,5,N,H1,2023-01-01,2024-01-06,2023-01-01,2023-04-01,2023-01-01,2023-01-28,2023-01-01,2023-07-01,5,5,5,2022-01-06
2023-01-06,Friday,6,6,6,2023-01-01,N,2023,1,January,1,2023,1,1,P01,1,1,6,N,H1,2023-01-01,2024-01-06,2023-01-01,2023-04-01,2023-01-01,2023-01-28,2023-01-01,2023-07-01,6,6,6,2022-01-07
2023-01-07,Saturday,7,7,7,2023-01-01,Y,2023,1,January,1,2023,1,1,P01,1,1,7,N,H1,2023-01-01,2024-01-06,2023-01-01,2023-04-01,2023-01-01,2023-01-28,2023-01-01,2023-07-01,7,7,7,2022-01-08
2023-01-08,Sunday,1,8,8,2023-01-08,Y,2023,1,January,1,2023,1,1,P01,2,2,8,N,H1,2023-01-01,2024-01-06,2023-01-01,2023-04-01,2023-01-01,2023-01-28,2023-01-01,2023-07-01,8,8,8,2022-01-09
2023-01-09,Monday,2,9,9,2023-01-08,N,2023,1,January,1,2023,1,1,P01,2,2,9,N,H1,2023-01-01,2024-01-06,2023-01-01,2023-04-01,2023-01-01,2023-01-28,2023-01-01,2023-07-01,9,9,9,2022-01-10
2023-01-10,Tuesday,3,10,10,2023-01-08,N,2023,1,January,1,2023,1,1,P01,2,2,10,N,H1,2023-01-01,2024-01-06,2023-01-01,2023-04-01,2023-01-01,2023-01-28,2023-01-01,2023-07-01,10,10,10,2022-01-11
2023-01-11,Wednesday,4,11,11,2023-01-08,N,2023,1,January,1,2023,1,1,P01,2,2,11,N,H1,2023-01-01,2024-01-06,2023-01-01,2023-04-01,2023-01-01,2023-01-28,2023-01-01,2023-07-01,11,11,11,2022-01-12
2023-01-12,Thursday,5,12,12,2023-01-08,N,2023,1,January,1,2023,1,1,P01,2,2,12,N,H1,2023-01-01,2024-01-06,2023-01-01,2023-04-01,2023-01-01,2023-01-28,2023-01-01,2023-07-01,12,12,12,2022-01-13
2023-01-13,Friday,6,13,13,2023-01-08,N,2023,1,January,1,2023,1,1,P01,2,2,13,N,H1,2023-01-01,2024-01-06,2023-01-01,2023-04-01,2023-01-01,2023-01-28,2023-01-01,2023-07-01,13,13,13,2022-01-14
2023-01-14,Saturday,7,14,14,2023-01-08,Y,2023,1,January,1,2023,1,1,P01,2,2,14,N,H1,2023-01-01,2024-01-06,2023-01-01,2023-04-01,2023-01-01,2023-01-28,2023-01-01,2023-07-01,14,14,14,2022-01-15
2023-01-15,Sunday,1,15,15,2023-01-15,Y,2023,1,January,1,2023,1,1,P01,3,3,15,N,H1,2023-01-01,2024-01-06,2023-01-01,2023-04-01,2023-01-01,2023-01-28,2023-01-01,2023-07-01,15,15,15,2022-01-16
2023-01-16,Monday,2,16,16,2023-01-15,N,2023,1,January,1,2023,1,1,P01,3,3,16,N,H1,2023-01-01,2024-01-06,2023-01-01,2023-04-01,2023-01-01,2023-01-28,2023-01-01,2023-07-01,16,16,16,2022-01-17
2023-01-17,Tuesday,3,17,17,2023-01-15,N,2023,1,January,1,2023,1,1,P01,3,3,17,N,H1,2023-01-01,2024-01-06,2023-01-01,2023-04-01,2023-01-01,2023-01-28,2023-01-01,2023-07-01,17,17,17,2022-01-18
2023-01-18,Wednesday,4,18,18,2023-01-15,N,2023,1,January,1,2023,1,1,P01,3,3,18,N,H1,2023-01-01,2024-01-06,2023-01-01,2023-04-01,2023-01-01,2023-01-28,2023-01-01,2023-07-01,18,18,18,2022-01-19
2023-01-19,Thursday,5,19,19,2023-01-15,N,2023,1,January,1,2023,1,1,P01,3,3,19,N,H1,2023-01-01,2024-01-06,2023-01-01,2023-04-01,2023-01-01,2023-01-28,2023-01-01,2023-07-01,19,19,19,2022-01-20
2023-01-20,Friday,6,20,20,2023-01-15,N,2023,1,January,1,2023,1,1,P01,3,3,20,N,H1,2023-01-01,2024-01-06,2023-01-01,2023-04-01,2023-01-01,2023-01-28,2023-01-01,2023-07-01,20,20,20,2022-01-21
2023-01-21,Saturday,7,21,21,2023-01-15,Y,2023,1,January,1,2023,1,1,P01,3,3,21,N,H1,2023-01-01,2024-01-06,2023-01-01,2023-04-01,2023-01-01,2023-01-28,2023-01-01,2023-07-01,21,21,21,2022-01-22
2023-01-22,Sunday,1,22,22,2023-01-22,Y,2023,1,January,1,2023,1,1,P01,4,4,22,N,H1,2023-01-01,2024-01-06,2023-01-01,2023-04-01,2023-01-01,2023-01-28,2023-01-01,2023-07-01,22,22,22,2022-01-23
2023-01-23,Monday,2,23,23,2023-01-22,N,2023,1,January,1,2023,1,1,P01,4,4,23,N,H1,2023-01-01,2024-01-06,2023-01-01,2023-04-01,2023-01-01,2023-01-28,2023-01-01,2023-07-01,23,23,23,2022-01-24
2023-01-24,Tuesday,3,24,24,2023-01-22,N,2023,1,January,1,2023,1,1,P01,4,4,24,N,H1,2023-01-01,2024-01-06,2023-01-01,2023-04-01,2023-01-01,2023-01-28,2023-01-01,2023-07-01,24,24,24,2022-01-25
2023-01-25,Wednesday,4,25,25,2023-01-22,N,2023,1,January,1,2023,1,1,P01,4,4,25,N,H1,2023-01-01,2024-01-06,2023-01-01,2023-04-01,2023-01-01,2023-01-28,2023-01-01,2023-07-01,25,25,25,2022-01-26
2023-01-26,Thursday,5,26,26,2023-01-22,N,2023,1,January,1,2023,1,1,P01,4,4,26,N,H1,2023-01-01,2024-01-06,2023-01-01,2023-04-01,2023-01-01,2023-01-28,2023-01-01,2023-07-01,26,26,26,2022-01-27
2023-01-27,Friday,6,27,27,2023-01-22,N,2023,1,January,1,2023,1,1,P01,4,4,27,N,H1,2023-01-01,2024-01-06,2023-01-01,2023-04-01,2023-01-01,2023-01-28,2023-01-01,2023-07-01,27,27,27,2022-01-28
2023-01-28,Saturday,7,28,28,2023-01-22,Y,2023,1,January,1,2023,1,1,P01,4,4,28,N,H1,2023-01-01,2024-01-06,2023-01-01,2023-04-01,2023-01-01,2023-01-28,2023-01-01,2023-07-01,28,28,28,2022-01-29
2023-01-29,Sunday,1,29,29,2023-01-29,Y,2023,1,January,1,2023,1,2,P02,5,1,29,N,H1,2023-01-01,2024-01-06,2023-01-01,2023-04-01,2023-01-29,2023-03-04,2023-01-01,2023-07-01,29,1,29,2022-01-30
2023-01-30,Monday,2,30,30,2023-01-29,N,2023,1,January,1,2023,1,2,P02,5,1,30,N,H1,2023-01-01,2024-01-06,2023-01-01,2023-04-01,2023-01-29,2023-03-04,2023-01-01,2023-07-01,30,2,30,2022-01-31
2023-01-31,Tuesday,3,31,31,2023-01-29,N,2023,1,January,1,2023,1,2,P02,5,1,31,N,H1,2023-01-01,2024-01-06,2023-01-01,2023-04-01,2023-01-29,2023-03-04,2023-01-01,2023-07-01,31,3,31,2022-02-01
2023-02-01,Wednesday,4,1,32,2023-01-29,N,2023,2,February,1,2023,1,2,P02,5,1,32,N,H1,2023-01-01,2024-01-06,2023-01-01,2023-04-01,2023-01-29,2023-03-04,2023-01-01,2023-07-01,32,4,32,2022-02-02
2023-02-02,Thursday,5,2,33,2023-01-29,N,2023,2,February,1,2023,1,2,P02,5,1,33,N,H1,2023-01-01,2024-01-06,2023-01-01,2023-04-01,2023-01-29,2023-03-04,2023-01-01,2023-07-01,33,5,33,2022-02-03
2023-02-03,Friday,6,3,34,2023-01-29,N,2023,2,February,1,2023,1,2,P02,5,1,34,N,H1,2023-01-01,2024-01-06,2023-01-01,2023-04-01,2023-01-29,2023-03-04,2023-01-01,2023-07-01,34,6,34,2022-02-04
2023-02-04,Saturday,7,4,35,2023-01-29,Y,2023,2,February,1,2023,1,2,P02,5,1,35,N,H1,2023-01-01,2024-01-06,2023-01-01,2023-04-01,2023-01-29,2023-03-04,2023-01-01,2023-07-01,35,7,35,2022-02-05
2023-02-05,Sunday,1,5,36,2023-02-05,Y,2023,2,February,1,2023,1,2,P02,6,2,36,N,H1,2023-01-01,2024-01-06,2023-01-01,2023-04-01,2023-01-29,2023-03-04,2023-01-01,2023-07-01,36,8,36,2022-02-06
2023-02-06,Monday,2,6,37,2023-02-05,N,2023,2,February,1,2023,1,2,P02,6,2,37,N,H1,2023-01-01,2024-01-06,2023-01-01,2023-04-01,2023-01-29,2023-03-04,2023-01-01,2023-07-01,37,9,37,2022-02-07
2023-02-07,Tuesday,3,7,38,2023-02-05,N,2023,2,February,1,2023,1,2,P02,6,2,38,N,H1,2023-01-01,2024-01-06,2023-01-01,2023-04-01,2023-01-29,2023-03-04,2023-01-01,2023-07-01,38,10,38,2022-02-08
2023-02-08,Wednesday,4,8,39,2023-02-05,N,2023,2,February,1,2023,1,2,P02,6,2,39,N,H1,2023-01-01,2024-01-06,2023-01-01,2023-04-01,2023-01-29,2023-03-04,2023-01-01,2023-07-01,39,11,39,2022-02-09
2023-02-09,Thursday,5,9,40,2023-02-05,N,2023,2,February,1,2023,1,2,P02,6,2,40,N,H1,2023-01-01,2024-01-06,2023-01-01,2023-04-01,2023-01-29,2023-03-04,2023-01-01,2023-07-01,40,12,40,2022-02-10
2023-02-10,Friday,6,10,41,2023-02-05,N,2023,2,February,1,2023,1,2,P02,6,2,41,N,H1,2023-01-01,2024-01-06,2023-01-01,2023-04-01,2023-01-29,2023-03-04,2023-01-01,2023-07-01,41,13,41,2022-02-11
2023-02-11,Saturday,7,11,42,2023-02-05,Y,2023,2,February,1,2023,1,2,P02,6,2,42,N,H1,2023-01-01,2024-01-06,2023-01-01,2023-04-01,2023-01-29,2023-03-04,2023-01-01,2023-07-01,42,14,42,2022-02-12
2023-02-12,Sunday,1,12,43,2023-02-12,Y,2023,2,February,1,2023,1,2,P02,7,3,43,N,H1,2023-01-01,2024-01-06,2023-01-01,2023-04-01,2023-01-29,2023-03-04,2023-01-01,2023-07-01,43,15,43,2022-02-13
2023-02-13,Monday,2,13,44,2023-02-12,N,2023,2,February,1,2023,1,2,P02,7,3,44,N,H1,2023-01-01,2024-01-06,2023-01-01,2023-04-01,2023-01-29,2023-03-04,2023-01-01,2023-07-01,44,16,44,2022-02-14
2023-02-14,Tuesday,3,14,45,2023-02-12,N,2023,2,February,1,2023,1,2,P02,7,3,45,N,H1,2023-01-01,2024-01-06,2023-01-01,2023-04-01,2023-01-29,2023-03-04,2023-01-01,2023-07-01,45,17,45,2022-02-15
2023-02-15,Wednesday,4,15,46,2023-02-12,N,2023,2,February,1,2023,1,2,P02,7,3,46,N,H1,2023-01-01,2024-01-06,2023-01-01,2023-04-01,2023-01-29,2023-03-04,2023-01-01,2023-07-01,46,18,46,2022-02-16
2023-02-16,Thursday,5,16,47,2023-02-12,N,2023,2,February,1,2023,1,2,P02,7,3,47,N,H1,2023-01-01,2024-01-06,2023-01-01,2023-04-01,2023-01-29,2023-03-04,2023-01-01,2023-07-01,47,19,47,2022-02-17
2023-02-17,Friday,6,17,48,2023-02-12,N,2023,2,February,1,2023,1,2,P02,7,3,48,N,H1,2023-01-01,2024-01-06,2023-01-01,2023-04-01,2023-01-29,2023-03-04,2023-01-01,2023-07-01,48,20,48,2022-02-18
2023-02-18,Saturday,7,18,49,2023-02-12,Y,2023,2,February,1,2023,1,2,P02,7,3,49,N,H1,2023-01-01,2024-01-06,2023-01-01,2023-04-01,2023-01-29,2023-03-04,2023-01-01,2023-07-01,49,21,49,2022-02-19
2023-02-19,Sunday,1,19,50,2023-02-19,Y,2023,2,February,1,2023,1,2,P02,8,4,50,N,H1,2023-01-01,2024-01-06,2023-01-01,2023-04-01,2023-01-29,2023-03-04,2023-01-01,2023-07-01,50,22,50,2022-02-20
2023-02-20,Monday,2,20,51,2023-02-19,N,2023,2,February,1,2023,1,2,P02,8,4,51,N,H1,2023-01-01,2024-01-06,2023-01-01,2023-04-01,2023-01-29,2023-03-04,2023-01-01,2023-07-01,51,23,51,2022-02-21
2023-02-21,Tuesday,3,21,52,2023-02-19,N,2023,2,February,1,2023,1,2,P02,8,4,52,N,H1,2023-01-01,2024-01-06,2023-01-01,2023-04-01,2023-01-29,2023-03-04,2023-01-01,2023-07-01,52,24,52,2022-02-22
2023-02-22,Wednesday,4,22,53,2023-02-19,N,2023,2,February,1,2023,1,2,P02,8,4,53,N,H1,2023-01-01,2024-01-06,2023-01-01,2023-04-01,2023-01-29,2023-03-04,2023-01-01,2023-07-01,53,25,53,2022-02-23
2023-02-23,Thursday,5,23,54,2023-02-19,N,2023,2,February,1,2023,1,2,P02,8,4,54,N,H1,2023-01-01,2024-01-06,2023-01-01,2023-04-01,2023-01-29,2023-03-04,2023-01-01,2023-07-01,54,26,54,2022-02-24
2023-02-24,Friday,6,24,55,2023-02-19,N,2023,2,February,1,2023,1,2,P02,8,4,55,N,H1,2023-01-01,2024-01-06,2023-01-01,2023-04-01,2023-01-29,2023-03-04,2023-01-01,2023-07-01,55,27,55,2022-02-25
2023-02-25,Saturday,7,25,56,2023-02-19,Y,2023,2,February,1,2023,1,2,P02,8,4,56,N,H1,2023-01-01,2024-01-06,2023-01-01,2023-04-01,2023-01-29,2023-03-04,2023-01-01,2023-07-01,56,28,56,2022-02-26
2023-02-26,Sunday,1,26,57,2023-02-26,Y,2023,2,February,1,2023,1,2,P02,9,5,57,N,H1,2023-01-01,2024-01-06,2023-01-01,2023-04-01,2023-01-29,2023-03-04,2023-01-01,2023-07-01,57,29,57,2022-02-27
2023-02-27,Monday,2,27,58,2023-02-26,N,2023,2,February,1,2023,1,2,P02,9,5,58,N,H1,2023-01-01,2024-01-06,2023-01-01,2023-04-01,2023-01-29,2023-03-04,2023-01-01,2023-07-01,58,30,58,2022-02-28
2023-02-28,Tuesday,3,28,59,2023-02-26,N,2023,2,February,1,2023,1,2,P02,9,5,59,N,H1,2023-01-01,2024-01-06,2023-01-01,2023-04-01,2023-01-29,2023-03-04,2023-01-01,2023-07-01,59,31,59,2022-03-01
2023-03-01,Wednesday,4,1,60,2023-02-26,N,2023,3,March,1,2023,1,2,P02,9,5,60,N,H1,2023-01-01,2024-01-06,2023-01-01,2023-04-01,2023-01-29,2023-03-04,2023-01-01,2023-07-01,60,32,60,2022-03-02
2023-03-02,Thursday,5,2,61,2023-02-26,N,2023,3,March,1,2023,1,2,P02,9,5,61,N,H1,2023-01-01,2024-01-06,2023-01-01,2023-04-01,2023-01-29,2023-03-04,2023-01-01,2023-07-01,61,33,61,2022-03-03
2023-03-03,Friday,6,3,62,2023-02-26,N,2023,3,March,1,2023,1,2,P02,9,5,62,N,H1,2023-01-01,2024-01-06,2023-01-01,2023-04-01,2023-01-29,2023-03-04,2023-01-01,2023-07-01,62,34,62,2022-03-04
2023-03-04,Saturday,7,4,63,2023-02-26,Y,2023,3,March,1,2023,1,2,P02,9,5,63,N,H1,2023-01-01,2024-01-06,2023-01-01,2023-04-01,2023-01-29,2023-03-04,2023-01-01,2023-07-01,63,35,63,2022-03-05
2023-03-05,Sunday,1,5,64,2023-03-05,Y,2023,3,March,1,2023,1,3,P03,10,1,64,N,H1,2023-01-01,2024-01-06,2023-01-01,2023-04-01,2023-03-05,2023-04-01,2023-01-01,2023-07-01,64,1,64,2022-03-06
2023-03-06,Monday,2,6,65,2023-03-05,N,2023,3,March,1,2023,1,3,P03,10,1,65,N,H1,2023-01-01,2024-01-06,2023-01-01,2023-04-01,2023-03-05,2023-04-01,2023-01-01,2023-07-01,65,2,65,2022-03-07
2023-03-07,Tuesday,3,7,66,2023-03-05,N,2023,3,March,1,2023,1,3,P03,10,1,66,N,H1,2023-01-01,2024-01-06,2023-01-01,2023-04-01,2023-03-05,2023-04-01,2023-01-01,2023-07-01,66,3,66,2022-03-08
2023-03-08,Wednesday,4,8,67,2023-03-05,N,2023,3,March,1,2023,1,3,P03,10,1,67,N,H1,2023-01-01,2024-01-06,2023-01-01,2023-04-01,2023-03-05,2023-04-01,2023-01-01,2023-07-01,67,4,67,2022-03-09
2023-03-09,Thursday,5,9,68,2023-03-05,N,2023,3,March,1,2023,1,3,P03,10,1,68,N,H1,2023-01-01,2024-01-06,2023-01-01,2023-04-01,2023-03-05,2023-04-01,2023-01-01,2023-07-01,68,5,68,2022-03-10
2023-03-10,Friday,6,10,69,2023-03-05,N,2023,3,March,1,2023,1,3,P03,10,1,69,N,H1,2023-01-01,2024-01-06,2023-01-01,2023-04-01,2023-03-05,2023-04-01,2023-01-01,2023-07-01,69,6,69,2022-03-11
2023-03-11,Saturday,7,11,70,2023-03-05,Y,2023,3,March,1,2023,1,3,P03,10,1,70,N,H1,2023-01-01,2024-01-06,2023-01-01,2023-04-01,2023-03-05,2023-04-01,2023-01-01,2023-07-01,70,7,70,2022-03-12
2023-03-12,Sunday,1,12,71,2023-03-12,Y,2023,3,March,1,2023,1,3,P03,11,2,71,N,H1,2023-01-01,2024-01-06,2023-01-01,2023-04-01,2023-03-05,2023-04-01,2023-01-01,2023-07-01,71,8,71,2022-03-13
2023-03-13,Monday,2,13,72,2023-03-12,N,2023,3,March,1,2023,1,3,P03,11,2,72,N,H1,2023-01-01,2024-01-06,2023-01-01,2023-04-01,2023-03-05,2023-04-01,2023-01-01,2023-07-01,72,9,72,2022-03-14
2023-03-14,Tuesday,3,14,73,2023-03-12,N,2023,3,March,1,2023,1,3,P03,11,2,73,N,H1,2023-01-01,2024-01-06,2023-01-01,2023-04-01,2023-03-05,2023-04-01,2023-01-01,2023-07-01,73,10,73,2022-03-15
2023-03-15,Wednesday,4,15,74,2023-03-12,N,2023,3,March,1,2023,1,3,P03,11,2,74,N,H1,2023-01-01,2024-01-06,2023-01-01,2023-04-01,2023-03-05,2023-04-01,2023-01-01,2023-07-01,74,11,74,2022-03-16
2023-03-16,Thursday,5,16,75,2023-03-12,N,2023,3,March,1,2023,1,3,P03,11,2,75,N,H1,2023-01-01,2024-01-06,2023-01-01,2023-04-01,2023-03-05,2023-04-01,2023-01-01,2023-07-01,75,12,75,2022-03-17
2023-03-17,Friday,6,17,76,2023-03-12,N,2023,3,March,1,2023,1,3,P03,11,2,76,N,H1,2023-01-01,2024-01-06,2023-01-01,2023-04-01,2023-03-05,2023-04-01,2023-01-01,2023-07-01,76,13,76,2022-03-18
2023-03-18,Saturday,7,18,77,2023-03-12,Y,2023,3,March,1,2023,1,3,P03,11,2,77,N,H1,2023-01-01,2024-01-06,2023-01-01,2023-04-01,2023-03-05,2023-04-01,2023-01-01,2023-07-01,77,14,77,2022-03-19
2023-03-19,Sunday,1,19,78,2023-03-19,Y,2023,3,March,1,2023,1,3,P03,12,3,78,N,H1,2023-01-01,2024-01-06,2023-01-01,2023-04-01,2023-03-05,2023-04-01,2023-01-01,2023-07-01,78,15,78,2022-03-20
2023-03-20,Monday,2,20,79,2023-03-19,N,2023,3,March,1,2023,1,3,P03,12,3,79,N,H1,2023-01-01,2024-01-06,2023-01-01,2023-04-01,2023-03-05,2023-04-01,2023-01-01,2023-07-01,79,16,79,2022-03-21
2023-03-21,Tuesday,3,21,80,2023-03-19,N,2023,3,March,1,2023,1,3,P03,12,3,80,N,H1,2023-01-01,2024-01-06,2023-01-01,2023-04-01,2023-03-05,2023-04-01,2023-01-01,2023-07-01,80,17,80,2022-03-22
2023-03-22,Wednesday,4,22,81,2023-03-19,N,2023,3,March,1,2023,1,3,P03,12,3,81,N,H1,2023-01-01,2024-01-06,2023-01-01,2023-04-01,2023-03-05,2023-04-01,2023-01-01,2023-07-01,81,18,81,2022-03-23
2023-03-23,Thursday,5,23,82,2023-03-19,N,2023,3,March,1,2023,1,3,P03,12,3,82,N,H1,2023-01-01,2024-01-06,2023-01-01,2023-04-01,2023-03-05,2023-04-01,2023-01-01,2023-07-01,82,19,82,2022-03-24
2023-03-24,Friday,6,24,83,2023-03-19,N,2023,3,March,1,2023,1,3,P03,12,3,83,N,H1,2023-01-01,2024-01-06,2023-01-01,2023-04-01,2023-03-05,2023-04-01,2023-01-01,2023-07-01,83,20,83,2022-03-25
2023-03-25,Saturday,7,25,84,2023-03-19,Y,2023,3,March,1,2023,1,3,P03,12,3,84,N,H1,2023-01-01,2024-01-06,2023-01-01,2023-04-01,2023-03-05,2023-04-01,2023-01-01,2023-07-01,84,21,84,2022-03-26
2023-03-26,Sunday,1,26,85,2023-03-26,Y,2023,3,March,1,2023,1,3,P03,13,4,85,N,H1,2023-01-01,2024-01-06,2023-01-01,2023-04-01,2023-03-05,2023-04-01,2023-01-01,2023-07-01,85,22,85,2022-03-27
2023-03-27,Monday,2,27,86,2023-03-26,N,2023,3,March,1,2023,1,3,P03,13,4,86,N,H1,2023-01-01,2024-01-06,2023-01-01,2023-04-01,2023-03-05,2023-04-01,2023-01-01,2023-07-01,86,23,86,2022-03-28
2023-03-28,Tuesday,3,28,87,2023-03-26,N,2023,3,March,1,2023,1,3,P03,13,4,87,N,H1,2023-01-01,2024-01-06,2023-01-01,2023-04-01,2023-03-05,2023-04-01,2023-01-01,2023-07-01,87,24,87,2022-03-29
2023-03-29,Wednesday,4,29,88,2023-03-26,N,2023,3,March,1,2023,1,3,P03,13,4,88,N,H1,2023-01-01,2024-01-06,2023-01-01,2023-04-01,2023-03-05,2023-04-01,2023-01-01,2023-07-01,88,25,88,2022-03-30
2023-03-30,Thursday,5,30,89,2023-03-26,N,2023,3,March,1,2023,1,3,P03,13,4,89,N,H1,2023-01-01,2024-01-06,2023-01-01,2023-04-01,2023-03-05,2023-04-01,2023-01-01,2023-07-01,89,26,89,2022-03-31
2023-03-31,Friday,6,31,90,2023-03-26,N,2023,3,March,1,2023,1,3,P03,13,4,90,N,H1,2023-01-01,2024-01-06,2023-01-01,2023-04-01,2023-03-05,2023-04-01,2023-01-01,2023-07-01,90,27,90,2022-04-01
2023-04-01,Saturday,7,1,91,2023-03-26,Y,2023,4,April,2,2023,1,3,P03,13,4,91,N,H1,2023-01-01,2024-01-06,2023-01-01,2023-04-01,2023-03-05,2023-04-01,2023-01-01,2023-07-01,91,28,91,2022-04-02
2023-04-02,Sunday,1,2,92,2023-04-02,Y,2023,4,April,2,2023,2,4,P04,14,1,92,N,H1,2023-01-01,2024-01-06,2023-04-02,2023-07-01,2023-04-02,2023-04-29,2023-01-01,2023-07-01,1,1,92,2022-04-03
2023-04-03,Monday,2,3,93,2023-04-02,N,2023,4,April,2,2023,2,4,P04,14,1,93,N,H1,2023-01-01,2024-01-06,2023-04-02,2023-07-01,2023-04-02,2023-04-29,2023-01-01,2023-07-01,2,2,93,2022-04-04
2023-04-04,Tuesday,3,4,94,2023-04-02,N,2023,4,April,2,2023,2,4,P04,14,1,94,N,H1,2023-01-01,2024-01-06,2023-04-02,2023-07-01,2023-04-02,2023-04-29,2023-01-01,2023-07-01,3,3,94,2022-04-05
2023-04-05,Wednesday,4,5,95,2023-04-02,N,2023,4,April,2,2023,2,4,P04,14,1,95,N,H1,2023-01-01,2024-01-06,2023-04-02,2023-07-01,2023-04-02,2023-04-29,2023-01-01,2023-07-01,4,4,95,2022-04-06
2023-04-06,Thursday,5,6,96,2023-04-02,N,2023,4,April,2,2023,2,4,P04,14,1,96,N,H1,2023-01-01,2024-01-06,2023-04-02,2023-07-01,2023-04-02,2023-04-29,2023-01-01,2023-07-01,5,5,96,2022-04-07
2023-04-07,Friday,6,7,97,2023-04-02,N,2023,4,April,2,2023,2,4,P04,14,1,97,N,H1,2023-01-01,2024-01-06,2023-04-02,2023-07-01,2023-04-02,2023-04-29,2023-01-01,2023-07-01,6,6,97,2022-04-08
2023-04-08,Saturday,7,8,98,2023-04-02,Y,2023,4,April,2,2023,2,4,P04,14,1,98,N,H1,2023-01-01,2024-01-06,2023-04-02,2023-07-01,2023-04-02,2023-04-29,2023-01-01,2023-07-01,7,7,98,2022-04-09
2023-04-09,Sunday,1,9,99,2023-04-09,Y,2023,4,April,2,2023,2,4,P04,15,2,99,N,H1,2023-01-01,2024-01-06,2023-04-02,2023-07-01,2023-04-02,2023-04-29,2023-01-01,2023-07-01,8,8,99,2022-04-10
2023-04-10,Monday,2,10,100,2023-04-09,N,2023,4,April,2,2023,2,4,P04,15,2,100,N,H1,2023-01-01,2024-01-06,2023-04-02,2023-07-01,2023-04-02,2023-04-29,2023-01-01,2023-07-01,9,9,100,2022-04-11
2023-04-11,Tuesday,3,11,101,2023-04-09,N,2023,4,April,2,2023,2,4,P04,15,2,101,N,H1,2023-01-01,2024-01-06,2023-04-02,2023-07-01,2023-04-02,2023-04-29,2023-01-01,2023-07-01,10,10,101,2022-04-12
2023-04-12,Wednesday,4,12,102,2023-04-09,N,2023,4,April,2,2023,2,4,P04,15,2,102,N,H1,2023-01-01,2024-01-06,2023-04-02,2023-07-01,2023-04-02,2023-04-29,2023-01-01,2023-07-01,11,11,102,2022-04-13
2023-04-13,Thursday,5,13,103,2023-04-09,N,2023,4,April,2,2023,2,4,P04,15,2,103,N,H1,2023-01-01,2024-01-06,2023-04-02,2023-07-01,2023-04-02,2023-04-29,2023-01-01,2023-07-01,12,12,103,2022-04-14
2023-04-14,Friday,6,14,104,2023-04-09,N,2023,4,April,2,2023,2,4,P04,15,2,104,N,H1,2023-01-01,2024-01-06,2023-04-02,2023-07-01,2023-04-02,2023-04-29,2023-01-01,2023-07-01,13,13,104,2022-04-15
2023-04-15,Saturday,7,15,105,2023-04-09,Y,2023,4,April,2,2023,2,4,P04,15,2,105,N,H1,2023-01-01,2024-01-06,2023-04-02,2023-07-01,2023-04-02,2023-04-29,2023-01-01,2023-07-01,14,14,105,2022-04-16
2023-04-16,Sunday,1,16,106,2023-04-16,Y,2023,4,April,2,2023,2,4,P04,16,3,106,N,H1,2023-01-01,2024-01-06,2023-04-02,2023-07-01,2023-04-02,2023-04-29,2023-01-01,2023-07-01,15,15,106,2022-04-17
2023-04-17,Monday,2,17,107,2023-04-16,N,2023,4,April,2,2023,2,4,P04,16,3,107,N,H1,2023-01-01,2024-01-06,2023-04-02,2023-07-01,2023-04-02,2023-04-29,2023-01-01,2023-07-01,16,16,107,2022-04-18
2023-04-18,Tuesday,3,18,108,2023-04-16,N,2023,4,April,2,2023,2,4,P04,16,3,108,N,H1,2023-01-01,2024-01-06,2023-04-02,2023-07-01,2023-04-02,2023-04-29,2023-01-01,2023-07-01,17,17,108,2022-04-19
2023-04-19,Wednesday,4,19,109,2023-04-16,N,2023,4,April,2,2023,2,4,P04,16,3,109,N,H1,2023-01-01,2024-01-06,2023-04-02,2023-07-01,2023-04-02,2023-04-29,2023-01-01,2023-07-01,18,18,109,2022-04-20
2023-04-20,Thursday,5,20,110,2023-04-16,N,2023,4,April,2,2023,2,4,P04,16,3,110,N,H1,2023-01-01,2024-01-06,2023-04-02,2023-07-01,2023-04-02,2023-04-29,2023-01-01,2023-07-01,19,19,110,2022-04-21
2023-04-21,Friday,6,21,111,2023-04-16,N,2023,4,April,2,2023,2,4,P04,16,3,111,N,H1,2023-01-01,2024-01-06,2023-04-02,2023-07-01,2023-04-02,2023-04-29,2023-01-01,2023-07-01,20,20,111,2022-04-22
2023-04-22,Saturday,7,22,112,2023-04-16,Y,2023,4,April,2,2023,2,4,P04,16,3,112,N,H1,2023-01-01,2024-01-06,2023-04-02,2023-07-01,2023-04-02,2023-04-29,2023-01-01,2023-07-01,21,21,112,2022-04-23
2023-04-23,Sunday,1,23,113,2023-04-23,Y,2023,4,April,2,2023,2,4,P04,17,4,113,N,H1,2023-01-01,2024-01-06,2023-04-02,2023-07-01,2023-04-02,2023-04-29,2023-01-01,2023-07-01,22,22,113,2022-04-24
2023-04-24,Monday,2,24,114,2023-04-23,N,2023,4,April,2,2023,2,4,P04,17,4,114,N,H1,2023-01-01,2024-01-06,2023-04-02,2023-07-01,2023-04-02,2023-04-29,2023-01-01,2023-07-01,23,23,114,2022-04-25
2023-04-25,Tuesday,3,25,115,2023-04-23,N,2023,4,April,2,2023,2,4,P04,17,4,115,N,H1,2023-01-01,2024-01-06,2023-04-02,2023-07-01,2023-04-02,2023-04-29,2023-01-01,2023-07-01,24,24,115,2022-04-26
2023-04-26,Wednesday,4,26,116,2023-04-23,N,2023,4,April,2,2023,2,4,P04,17,4,116,N,H1,2023-01-01,2024-01-06,2023-04-02,2023-07-01,2023-04-02,2023-04-29,2023-01-01,2023-07-01,25,25,116,2022-04-27
2023-04-27,Thursday,5,27,117,2023-04-23,N,2023,4,April,2,2023,2,4,P04,17,4,117,N,H1,2023-01-01,2024-01-06,2023-04-02,2023-07-01,2023-04-02,2023-04-29,2023-01-01,2023-07-01,26,26,117,2022-04-28
2023-04-28,Friday,6,28,118,2023-04-23,N,2023,4,April,2,2023,2,4,P04,17,4,118,N,H1,2023-01-01,2024-01-06,2023-04-02,2023-07-01,2023-04-02,2023-04-29,2023-01-01,2023-07-01,27,27,118,2022-04-29
2023-04-29,Saturday,7,29,119,2023-04-23,Y,2023,4,April,2,2023,2,4,P04,17,4,119,N,H1,2023-01-01,2024-01-06,2023-04-02,2023-07-01,2023-04-02,2023-04-29,2023-01-01,2023-07-01,28,28,119,2022-04-30
2023-04-30,Sunday,1,30,120,2023-04-30,Y,2023,4,April,2,2023,2,5,P05,18,1,120,N,H1,2023-01-01,2024-01-06,2023-04-02,2023-07-01,2023-04-30,2023-06-03,2023-01-01,2023-07-01,29,1,120,2022-05-01
2023-05-01,Monday,2,1,121,2023-04-30,N,2023,5,May,2,2023,2,5,P05,18,1,121,N,H1,2023-01-01,2024-01-06,2023-04-02,2023-07-01,2023-04-30,2023-06-03,2023-01-01,2023-07-01,30,2,121,2022-05-02
2023-05-02,Tuesday,3,2,122,2023-04-30,N,2023,5,May,2,2023,2,5,P05,18,1,122,N,H1,2023-01-01,2024-01-06,2023-04-02,2023-07-01,2023-04-30,2023-06-03,2023-01-01,2023-07-01,31,3,122,2022-05-03
2023-05-03,Wednesday,4,3,123,2023-04-30,N,2023,5,May,2,2023,2,5,P05,18,1,123,N,H1,2023-01-01,2024-01-06,2023-04-02,2023-07-01,2023-04-30,2023-06-03,2023-01-01,2023-07-01,32,4,123,2022-05-04
2023-05-04,Thursday,5,4,124,2023-04-30,N,2023,5,May,2,2023,2,5,P05,18,1,124,N,H1,2023-01-01,2024-01-06,2023-04-02,2023-07-01,2023-04-30,2023-06-03,2023-01-01,2023-07-01,33,5,124,2022-05-05
2023-05-05,Friday,6,5,125,2023-04-30,N,2023,5,May,2,2023,2,5,P05,18,1,125,N,H1,2023-01-01,2024-01-06,2023-04-02,2023-07-01,2023-04-30,2023-06-03,2023-01-01,2023-07-01,34,6,125,2022-05-06
2023-05-06,Saturday,7,6,126,2023-04-30,Y,2023,5,May,2,2023,2,5,P05,18,1,126,N,H1,2023-01-01,2024-01-06,2023-04-02,2023-07-01,2023-04-30,2023-06-03,2023-01-01,2023-07-01,35,7,126,2022-05-07
2023-05-07,Sunday,1,7,127,2023-05-07,Y,2023,5,May,2,2023,2,5,P05,19,2,127,N,H1,2023-01-01,2024-01-06,2023-04-02,2023-07-01,2023-04-30,2023-06-03,2023-01-01,2023-07-01,36,8,127,2022-05-08
2023-05-08,Monday,2,8,128,2023-05-07,N,2023,5,May,2,2023,2,5,P05,19,2,128,N,H1,2023-01-01,2024-01-06,2023-04-02,2023-07-01,2023-04-30,2023-06-03,2023-01-01,2023-07-01,37,9,128,2022-05-09
2023-05-09,Tuesday,3,9,129,2023-05-07,N,2023,5,May,2,2023,2,5,P05,19,2,129,N,H1,2023-01-01,2024-01-06,2023-04-02,2023-07-01,2023-04-30,2023-06-03,2023-01-01,2023-07-01,38,10,129,2022-05-10
2023-05-10,Wednesday,4,10,130,2023-05-07,N,2023,5,May,2,2023,2,5,P05,19,2,130,N,H1,2023-01-01,2024-01-06,2023-04-02,2023-07-01,2023-04-30,2023-06-03,2023-01-01,2023-07-01,39,11,130,2022-05-11
2023-05-11,Thursday,5,11,131,2023-05-07,N,2023,5,May,2,2023,2,5,P05,19,2,131,N,H1,2023-01-01,2024-01-06,2023-04-02,2023-07-01,2023-04-30,2023-06-03,2023-01-01,2023-07-01,40,12,131,2022-05-12
2023-05-12,Friday,6,12,132,2023-05-07,N,2023,5,May,2,2023,2,5,P05,19,2,132,N,H1,2023-01-01,2024-01-06,2023-04-02,2023-07-01,2023-04-30,2023-06-03,2023-01-01,2023-07-01,41,13,132,2022-05-13
2023-05-13,Saturday,7,13,133,2023-05-07,Y,2023,5,May,2,2023,2,5,P05,19,2,133,N,H1,2023-01-01,2024-01-06,2023-04-02,2023-07-01,2023-04-30,2023-06-03,2023-01-01,2023-07-01,42,14,133,2022-05-14
2023-05-14,Sunday,1,14,134,2023-05-14,Y,2023,5,May,2,2023,2,5,P05,20,3,134,N,H1,2023-01-01,2024-01-06,2023-04-02,2023-07-01,2023-04-30,2023-06-03,2023-01-01,2023-07-01,43,15,134,2022-05-15
2023-05-15,Monday,2,15,135,2023-05-14,N,2023,5,May,2,2023,2,5,P05,20,3,135,N,H1,2023-01-01,2024-01-06,2023-04-02,2023-07-01,2023-04-30,2023-06-03,2023-01-01,2023-07-01,44,16,135,2022-05-16
2023-05-16,Tuesday,3,16,136,2023-05-14,N,2023,5,May,2,2023,2,5,P05,20,3,136,N,H1,2023-01-01,2024-01-06,2023-04-02,2023-07-01,2023-04-30,2023-06-03,2023-01-01,2023-07-01,45,17,136,2022-05-17
2023-05-17,Wednesday,4,17,137,2023-05-14,N,2023,5,May,2,2023,2,5,P05,20,3,137,N,H1,2023-01-01,2024-01-06,2023-04-02,2023-07-01,2023-04-30,2023-06-03,2023-01-01,2023-07-01,46,18,137,2022-05-18
2023-05-18,Thursday,5,18,138,2023-05-14,N,2023,5,May,2,2023,2,5,P05,20,3,138,N,H1,2023-01-01,2024-01-06,2023-04-02,2023-07-01,2023-04-30,2023-06-03,2023-01-01,2023-07-01,47,19,138,2022-05-19
2023-05-19,Friday,6,19,139,2023-05-14,N,2023,5,May,2,2023,2,5,P05,20,3,139,N,H1,2023-01-01,2024-01-06,2023-04-02,2023-07-01,2023-04-30,2023-06-03,2023-01-01,2023-07-01,48,20,139,2022-05-20
2023-05-20,Saturday,7,20,140,2023-05-14,Y,2023,5,May,2,2023,2,5,P05,20,3,140,N,H1,2023-01-01,2024-01-06,2023-04-02,2023-07-01,2023-04-30,2023-06-03,2023-01-01,2023-07-01,49,21,140,2022-05-21
2023-05-21,Sunday,1,21,141,2023-05-21,Y,2023,5,May,2,2023,2,5,P05,21,4,141,N,H1,2023-01-01,2024-01-06,2023-04-02,2023-07-01,2023-04-30,2023-06-03,2023-01-01,2023-07-01,50,22,141,2022-05-22
2023-05-22,Monday,2,22,142,2023-05-21,N,2023,5,May,2,2023,2,5,P05,21,4,142,N,H1,2023-01-01,2024-01-06,2023-04-02,2023-07-01,2023-04-30,2023-06-03,2023-01-01,2023-07-01,51,23,142,2022-05-23
2023-05-23,Tuesday,3,23,143,2023-05-21,N,2023,5,May,2,2023,2,5,P05,21,4,143,N,H1,2023-01-01,2024-01-06,2023-04-02,2023-07-01,2023-04-30,2023-06-03,2023-01-01,2023-07-01,52,24,143,2022-05-24
2023-05-24,Wednesday,4,24,144,2023-05-21,N,2023,5,May,2,2023,2,5,P05,21,4,144,N,H1,2023-01-01,2024-01-06,2023-04-02,2023-07-01,2023-04-30,2023-06-03,2023-01-01,2023-07-01,53,25,144,2022-05-25
2023-05-25,Thursday,5,25,145,2023-05-21,N,2023,5,May,2,2023,2,5,P05,21,4,145,N,H1,2023-01-01,2024-01-06,2023-04-02,2023-07-01,2023-04-30,2023-06-03,2023-01-01,2023-07-01,54,26,145,2022-05-26
2023-05-26,Friday,6,26,146,2023-05-21,N,2023,5,May,2,2023,2,5,P05,21,4,146,N,H1,2023-01-01,2024-01-06,2023-04-02,2023-07-01,2023-04-30,2023-06-03,2023-01-01,2023-07-01,55,27,146,2022-05-27
2023-05-27,Saturday,7,27,147,2023-05-21,Y,2023,5,May,2,2023,2,5,P05,21,4,147,N,H1,2023-01-01,2024-01-06,2023-04-02,2023-07-01,2023-04-30,2023-06-03,2023-01-01,2023-07-01,56,28,147,2022-05-28
2023-05-28,Sunday,1,28,148,2023-05-28,Y,2023,5,May,2,2023,2,5,P05,22,5,148,N,H1,2023-01-01,2024-01-06,2023-04-02,2023-07-01,2023-04-30,2023-06-03,2023-01-01,2023-07-01,57,29,148,2022-05-29
2023-05-29,Monday,2,29,149,2023-05-28,N,2023,5,May,2,2023,2,5,P05,22,5,149,N,H1,2023-01-01,2024-01-06,2023-04-02,2023-07-01,2023-04-30,2023-06-03,2023-01-01,2023-07-01,58,30,149,2022-05-30
2023-05-30,Tuesday,3,30,150,2023-05-28,N,2023,5,May,2,2023,2,5,P05,22,5,150,N,H1,2023-01-01,2024-01-06,2023-04-02,2023-07-01,2023-04-30,2023-06-03,2023-01-01,2023-07-01,59,31,150,2022-05-31
2023-05-31,Wednesday,4,31,151,2023-05-28,N,2023,5,May,2,2023,2,5,P05,22,5,151,N,H1,2023-01-01,2024-01-06,2023-04-02,2023-07-01,2023-04-30,2023-06-03,2023-01-01,2023-07-01,60,32,151,2022-06-01
2023-06-01,Thursday,5,1,152,2023-05-28,N,2023,6,June,2,2023,2,5,P05,22,5,152,N,H1,2023-01-01,2024-01-06,2023-04-02,2023-07-01,2023-04-30,2023-06-03,2023-01-01,2023-07-01,61,33,152,2022-06-02
2023-06-02,Friday,6,2,153,2023-05-28,N,2023,6,June,2,2023,2,5,P05,22,5,153,N,H1,2023-01-01,2024-01-06,2023-04-02,2023-07-01,2023-04-30,2023-06-03,2023-01-01,2023-07-01,62,34,153,2022-06-03
2023-06-03,Saturday,7,3,154,2023-05-28,Y,2023,6,June,2,2023,2,5,P05,22,5,154,N,H1,2023-01-01,2024-01-06,2023-04-02,2023-07-01,2023-04-30,2023-06-03,2023-01-01,2023-07-01,63,35,154,2022-06-04
2023-06-04,Sunday,1,4,155,2023-06-04,Y,2023,6,June,2,2023,2,6,P06,23,1,155,N,H1,2023-01-01,2024-01-06,2023-04-02,2023-07-01,2023-06-04,2023-07-01,2023-01-01,2023-07-01,64,1,155,2022-06-05
2023-06-05,Monday,2,5,156,2023-06-04,N,2023,6,June,2,2023,2,6,P06,23,1,156,N,H1,2023-01-01,2024-01-06,2023-04-02,2023-07-01,2023-06-04,2023-07-01,2023-01-01,2023-07-01,65,2,156,2022-06-06
2023-06-06,Tuesday,3,6,157,2023-06-04,N,2023,6,June,2,2023,2,6,P06,23,1,157,N,H1,2023-01-01,2024-01-06,2023-04-02,2023-07-01,2023-06-04,2023-07-01,2023-01-01,2023-07-01,66,3,157,2022-06-07
2023-06-07,Wednesday,4,7,158,2023-06-04,N,2023,6,June,2,2023,2,6,P06,23,1,158,N,H1,2023-01-01,2024-01-06,2023-04-02,2023-07-01,2023-06-04,2023-07-01,2023-01-01,2023-07-01,67,4,158,2022-06-08
2023-06-08,Thursday,5,8,159,2023-06-04,N,2023,6,June,2,2023,2,6,P06,23,1,159,N,H1,2023-01-01,2024-01-06,2023-04-02,2023-07-01,2023-06-04,2023-07-01,2023-01-01,2023-07-01,68,5,159,2022-06-09
2023-06-09,Friday,6,9,160,2023-06-04,N,2023,6,June,2,2023,2,6,P06,23,1,160,N,H1,2023-01-01,2024-01-06,2023-04-02,2023-07-01,2023-06-04,2023-07-01,2023-01-01,2023-07-01,69,6,160,2022-06-10
2023-06-10,Saturday,7,10,161,2023-06-04,Y,2023,6,June,2,2023,2,6,P06,23,1,161,N,H1,2023-01-01,2024-01-06,2023-04-02,2023-07-01,2023-06-04,2023-07-01,2023-01-01,2023-07-01,70,7,161,2022-06-11
2023-06-11,Sunday,1,11,162,2023-06-11,Y,2023,6,June,2,2023,2,6,P06,24,2,162,N,H1,2023-01-01,2024-01-06,2023-04-02,2023-07-01,2023-06-04,2023-07-01,2023-01-01,2023-07-01,71,8,162,2022-06-12
2023-06-12,Monday,2,12,163,2023-06-11,N,2023,6,June,2,2023,2,6,P06,24,2,163,N,H1,2023-01-01,2024-01-06,2023-04-02,2023-07-01,2023-06-04,2023-07-01,2023-01-01,2023-07-01,72,9,163,2022-06-13
2023-06-13,Tuesday,3,13,164,2023-06-11,N,2023,6,June,2,2023,2,6,P06,24,2,164,N,H1,2023-01-01,2024-01-06,2023-04-02,2023-07-01,2023-06-04,2023-07-01,2023-01-01,2023-07-01,73,10,164,2022-06-14
2023-06-14,Wednesday,4,14,165,2023-06-11,N,2023,6,June,2,2023,2,6,P06,24,2,165,N,H1,2023-01-01,2024-01-06,2023-04-02,2023-07-01,2023-06-04,2023-07-01,2023-01-01,2023-07-01,74,11,165,2022-06-15
2023-06-15,Thursday,5,15,166,2023-06-11,N,2023,6,June,2,2023,2,6,P06,24,2,166,N,H1,2023-01-01,2024-01-06,2023-04-02,2023-07-01,2023-06-04,2023-07-01,2023-01-01,2023-07-01,75,12,166,2022-06-16
2023-06-16,Friday,6,16,167,2023-06-11,N,2023,6,June,2,2023,2,6,P06,24,2,167,N,H1,2023-01-01,2024-01-06,2023-04-02,2023-07-01,2023-06-04,2023-07-01,2023-01-01,2023-07-01,76,13,167,2022-06-17
2023-06-17,Saturday,7,17,168,2023-06-11,Y,2023,6,June,2,2023,2,6,P06,24,2,168,N,H1,2023-01-01,2024-01-06,2023-04-02,2023-07-01,2023-06-04,2023-07-01,2023-01-01,2023-07-01,77,14,168,2022-06-18
2023-06-18,Sunday,1,18,169,2023-06-18,Y,2023,6,June,2,2023,2,6,P06,25,3,169,N,H1,2023-01-01,2024-01-06,2023-04-02,2023-07-01,2023-06-04,2023-07-01,2023-01-01,2023-07-01,78,15,169,2022-06-19
2023-06-19,Monday,2,19,170,2023-06-18,N,2023,6,June,2,2023,2,6,P06,25,3,170,N,H1,2023-01-01,2024-01-06,2023-04-02,2023-07-01,2023-06-04,2023-07-01,2023-01-01,2023-07-01,79,16,170,2022-06-20
2023-06-20,Tuesday,3,20,171,2023-06-18,N,2023,6,June,2,2023,2,6,P06,25,3,171,N,H1,2023-01-01,2024-01-06,2023-04-02,2023-07-01,2023-06-04,2023-07-01,2023-01-01,2023-07-01,80,17,171,2022-06-21
2023-06-21,Wednesday,4,21,172,2023-06-18,N,2023,6,June,2,2023,2,6,P06,25,3,172,N,H1,2023-01-01,2024-01-06,2023-04-02,2023-07-01,2023-06-04,2023-07-01,2023-01-01,2023-07-01,81,18,172,2022-06-22
2023-06-22,Thursday,5,22,173,2023-06-18,N,2023,6,June,2,2023,2,6,P06,25,3,173,N,H1,2023-01-01,2024-01-06,2023-04-02,2023-07-01,2023-06-04,2023-07-01,2023-01-01,2023-07-01,82,19,173,2022-06-23
2023-06-23,Friday,6,23,174,2023-06-18,N,2023,6,June,2,2023,2,6,P06,25,3,174,N,H1,2023-01-01,2024-01-06,2023-04-02,2023-07-01,2023-06-04,2023-07-01,2023-01-01,2023-07-01,83,20,174,2022-06-24
2023-06-24,Saturday,7,24,175,2023-06-18,Y,2023,6,June,2,2023,2,6,P06,25,3,175,N,H1,2023-01-01,2024-01-06,2023-04-02,2023-07-01,2023-06-04,2023-07-01,2023-01-01,2023-07-01,84,21,175,2022-06-25
2023-06-25,Sunday,1,25,176,2023-06-25,Y,2023,6,June,2,2023,2,6,P06,26,4,176,N,H1,2023-01-01,2024-01-06,2023-04-02,2023-07-01,2023-06-04,2023-07-01,2023-01-01,2023-07-01,85,22,176,2022-06-26
2023-06-26,Monday,2,26,177,2023-06-25,N,2023,6,June,2,2023,2,6,P06,26,4,177,N,H1,2023-01-01,2024-01-06,2023-04-02,2023-07-01,2023-06-04,2023-07-01,2023-01-01,2023-07-01,86,23,177,2022-06-27
2023-06-27,Tuesday,3,27,178,2023-06-25,N,2023,6,June,2,2023,2,6,P06,26,4,178,N,H1,2023-01-01,2024-01-06,2023-04-02,2023-07-01,2023-06-04,2023-07-01,2023-01-01,2023-07-01,87,24,178,2022-06-28
2023-06-28,Wednesday,4,28,179,2023-06-25,N,2023,6,June,2,2023,2,6,P06,26,4,179,N,H1,2023-01-01,2024-01-06,2023-04-02,2023-07-01,2023-06-04,2023-07-01,2023-01-01,2023-07-01,88,25,179,2022-06-29
2023-06-29,Thursday,5,29,180,2023-06-25,N,2023,6,June,2,2023,2,6,P06,26,4,180,N,H1,2023-01-01,2024-01-06,2023-04-02,2023-07-01,2023-06-04,2023-07-01,2023-01-01,2023-07-01,89,26,180,2022-06-30
2023-06-30,Friday,6,30,181,2023-06-25,N,2023,6,June,2,2023,2,6,P06,26,4,181,N,H1,2023-01-01,2024-01-06,2023-04-02,2023-07-01,2023-06-04,2023-07-01,2023-01-01,2023-07-01,90,27,181,2022-07-01
2023-07-01,Saturday,7,1,182,2023-06-25,Y,2023,7,July,3,2023,2,6,P06,26,4,182,N,H1,2023-01-01,2024-01-06,2023-04-02,2023-07-01,2023-06-04,2023-07-01,2023-01-01,2023-07-01,91,28,182,2022-07-02
2023-07-02,Sunday,1,2,183,2023-07-02,Y,2023,7,July,3,2023,3,7,P07,27,1,183,N,H2,2023-01-01,2024-01-06,2023-07-02,2023-09-30,2023-07-02,2023-07-29,2023-07-02,2024-01-06,1,1,1,2022-07-03
2023-07-03,Monday,2,3,184,2023-07-02,N,2023,7,July,3,2023,3,7,P07,27,1,184,N,H2,2023-01-01,2024-01-06,2023-07-02,2023-09-30,2023-07-02,2023-07-29,2023-07-02,2024-01-06,2,2,2,2022-07-04
2023-07-04,Tuesday,3,4,185,2023-07-02,N,2023,7,July,3,2023,3,7,P07,27,1,185,N,H2,2023-01-01,2024-01-06,2023-07-02,2023-09-30,2023-07-02,2023-07-29,2023-07-02,2024-01-06,3,3,3,2022-07-05
2023-07-05,Wednesday,4,5,186,2023-07-02,N,2023,7,July,3,2023,3,7,P07,27,1,186,N,H2,2023-01-01,2024-01-06,2023-07-02,2023-09-30,2023-07-02,2023-07-29,2023-07-02,2024-01-06,4,4,4,2022-07-06
2023-07-06,Thursday,5,6,187,2023-07-02,N,2023,7,July,3,2023,3,7,P07,27,1,187,N,H2,2023-01-01,2024-01-06,2023-07-02,2023-09-30,2023-07-02,2023-07-29,2023-07-02,2024-01-06,5,5,5,2022-07-07
2023-07-07,Friday,6,7,188,2023-07-02,N,2023,7,July,3,2023,3,7,P07,27,1,188,N,H2,2023-01-01,2024-01-06,2023-07-02,2023-09-30,2023-07-02,2023-07-29,2023-07-02,2024-01-06,6,6,6,2022-07-08
2023-07-08,Saturday,7,8,189,2023-07-02,Y,2023,7,July,3,2023,3,7,P07,27,1,189,N,H2,2023-01-01,2024-01-06,2023-07-02,2023-09-30,2023-07-02,2023-07-29,2023-07-02,2024-01-06,7,7,7,2022-07-09
2023-07-09,Sunday,1,9,190,2023-07-09,Y,2023,7,July,3,2023,3,7,P07,28,2,190,N,H2,2023-01-01,2024-01-06,2023-07-02,2023-09-30,2023-07-02,2023-07-29,2023-07-02,2024-01-06,8,8,8,2022-07-10
2023-07-10,Monday,2,10,191,2023-07-09,N,2023,7,July,3,2023,3,7,P07,28,2,191,N,H2,2023-01-01,2024-01-06,2023-07-02,2023-09-30,2023-07-02,2023-07-29,2023-07-02,2024-01-06,9,9,9,2022-07-11
2023-07-11,Tuesday,3,11,192,2023-07-09,N,2023,7,July,3,2023,3,7,P07,28,2,192,N,H2,2023-01-01,2024-01-06,2023-07-02,2023-09-30,2023-07-02,2023-07-29,2023-07-02,2024-01-06,10,10,10,2022-07-12
2023-07-12,Wednesday,4,12,193,2023-07-09,N,2023,7,July,3,2023,3,7,P07,28,2,193,N,H2,2023-01-01,2024-01-06,2023-07-02,2023-09-30,2023-07-02,2023-07-29,2023-07-02,2024-01-06,11,11,11,2022-07-13
2023-07-13,Thursday,5,13,194,2023-07-09,N,2023,7,July,3,2023,3,7,P07,28,2,194,N,H2,2023-01-01,2024-01-06,2023-07-02,2023-09-30,2023-07-02,2023-07-29,2023-07-02,2024-01-06,12,12,12,2022-07-14
2023-07-14,Friday,6,14,195,2023-07-09,N,2023,7,July,3,2023,3,7,P07,28,2,195,N,H2,2023-01-01,2024-01-06,2023-07-02,2023-09-30,2023-07-02,2023-07-29,2023-07-02,2024-01-06,13,13,13,2022-07-15
2023-07-15,Saturday,7,15,196,2023-07-09,Y,2023,7,July,3,2023,3,7,P07,28,2,196,N,H2,2023-01-01,2024-01-06,2023-07-02,2023-09-30,2023-07-02,2023-07-29,2023-07-02,2024-01-06,14,14,14,2022-07-16
2023-07-16,Sunday,1,16,197,2023-07-16,Y,2023,7,July,3,2023,3,7,P07,29,3,197,N,H2,2023-01-01,2024-01-06,2023-07-02,2023-09-30,2023-07-02,2023-07-29,2023-07-02,2024-01-06,15,15,15,2022-07-17
2023-07-17,Monday,2,17,198,2023-07-16,N,2023,7,July,3,2023,3,7,P07,29,3,198,N,H2,2023-01-01,2024-01-06,2023-07-02,2023-09-30,2023-07-02,2023-07-29,2023-07-02,2024-01-06,16,16,16,2022-07-18
2023-07-18,Tuesday,3,18,199,2023-07-16,N,2023,7,July,3,2023,3,7,P07,29,3,199,N,H2,2023-01-01,2024-01-06,2023-07-02,2023-09-30,2023-07-02,2023-07-29,2023-07-02,2024-01-06,17,17,17,2022-07-19
2023-07-19,Wednesday,4,19,200,2023-07-16,N,2023,7,July,3,2023,3,7,P07,29,3,200,N,H2,2023-01-01,2024-01-06,2023-07-02,2023-09-30,2023-07-02,2023-07-29,2023-07-02,2024-01-06,18,18,18,2022-07-20
2023-07-20,Thursday,5,20,201,2023-07-16,N,2023,7,July,3,2023,3,7,P07,29,3,201,N,H2,2023-01-01,2024-01-06,2023-07-02,2023-09-30,2023-07-02,2023-07-29,2023-07-02,2024-01-06,19,19,19,2022-07-21
2023-07-21,Friday,6,21,202,2023-07-16,N,2023,7,July,3,2023,3,7,P07,29,3,202,N,H2,2023-01-01,2024-01-06,2023-07-02,2023-09-30,2023-07-02,2023-07-29,2023-07-02,2024-01-06,20,20,20,2022-07-22
2023-07-22,Saturday,7,22,203,2023-07-16,Y,2023,7,July,3,2023,3,7,P07,29,3,203,N,H2,2023-01-01,2024-01-06,2023-07-02,2023-09-30,2023-07-02,2023-07-29,2023-07-02,2024-01-06,21,21,21,2022-07-23
2023-07-23,Sunday,1,23,204,2023-07-23,Y,2023,7,July,3,2023,3,7,P07,30,4,204,N,H2,2023-01-01,2024-01-06,2023-07-02,2023-09-30,2023-07-02,2023-07-29,2023-07-02,2024-01-06,22,22,22,2022-07-24
2023-07-24,Monday,2,24,205,2023-07-23,N,2023,7,July,3,2023,3,7,P07,30,4,205,N,H2,2023-01-01,2024-01-06,2023-07-02,2023-09-30,2023-07-02,2023-07-29,2023-07-02,2024-01-06,23,23,23,2022-07-25
2023-07-25,Tuesday,3,25,206,2023-07-23,N,2023,7,July,3,2023,3,7,P07,30,4,206,N,H2,2023-01-01,2024-01-06,2023-07-02,2023-09-30,2023-07-02,2023-07-29,2023-07-02,2024-01-06,24,24,24,2022-07-26
2023-07-26,Wednesday,4,26,207,2023-07-23,N,2023,7,July,3,2023,3,7,P07,30,4,207,N,H2,2023-01-01,2024-01-06,2023-07-02,2023-09-30,2023-07-02,2023-07-29,2023-07-02,2024-01-06,25,25,25,2022-07-27
2023-07-27,Thursday,5,27,208,2023-07-23,N,2023,7,July,3,2023,3,7,P07,30,4,208,N,H2,2023-01-01,2024-01-06,2023-07-02,2023-09-30,2023-07-02,2023-07-29,2023-07-02,2024-01-06,26,26,26,2022-07-28
2023-07-28,Friday,6,28,209,2023-07-23,N,2023,7,July,3,2023,3,7,P07,30,4,209,N,H2,2023-01-01,2024-01-06,2023-07-02,2023-09-30,2023-07-02,2023-07-29,2023-07-02,2024-01-06,27,27,27,2022-07-29
2023-07-29,Saturday,7,29,210,2023-07-23,Y,2023,7,July,3,2023,3,7,P07,30,4,210,N,H2,2023-01-01,2024-01-06,2023-07-02,2023-09-30,2023-07-02,2023-07-29,2023-07-02,2024-01-06,28,28,28,2022-07-30
2023-07-30,Sunday,1,30,211,2023-07-30,Y,2023,7,July,3,2023,3,8,P08,31,1,211,N,H2,2023-01-01,2024-01-06,2023-07-02,2023-09-30,2023-07-30,2023-09-02,2023-07-02,2024-01-06,29,1,29,2022-07-31
2023-07-31,Monday,2,31,212,2023-07-30,N,2023,7,July,3,2023,3,8,P08,31,1,212,N,H2,2023-01-01,2024-01-06,2023-07-02,2023-09-30,2023-07-30,2023-09-02,2023-07-02,2024-01-06,30,2,30,2022-08-01
2023-08-01,Tuesday,3,1,213,2023-07-30,N,2023,8,August,3,2023,3,8,P08,31,1,213,N,H2,2023-01-01,2024-01-06,2023-07-02,2023-09-30,2023-07-30,2023-09-02,2023-07-02,2024-01-06,31,3,31,2022-08-02
2023-08-02,Wednesday,4,2,214,2023-07-30,N,2023,8,August,3,2023,3,8,P08,31,1,214,N,H2,2023-01-01,2024-01-06,2023-07-02,2023-09-30,2023-07-30,2023-09-02,2023-07-02,2024-01-06,32,4,32,2022-08-03
2023-08-03,Thursday,5,3,215,2023-07-30,N,2023,8,August,3,2023,3,8,P08,31,1,215,N,H2,2023-01-01,2024-01-06,2023-07-02,2023-09-30,2023-07-30,2023-09-02,2023-07-02,2024-01-06,33,5,33,2022-08-04
2023-08-04,Friday,6,4,216,2023-07-30,N,2023,8,August,3,2023,3,8,P08,31,1,216,N,H2,2023-01-01,2024-01-06,2023-07-02,2023-09-30,2023-07-30,2023-09-02,2023-07-02,2024-01-06,34,6,34,2022-08-05
2023-08-05,Saturday,7,5,217,2023-07-30,Y,2023,8,August,3,2023,3,8,P08,31,1,217,N,H2,2023-01-01,2024-01-06,2023-07-02,2023-09-30,2023-07-30,2023-09-02,2023-07-02,2024-01-06,35,7,35,2022-08-06
2023-08-06,Sunday,1,6,218,2023-08-06,Y,2023,8,August,3,2023,3,8,P08,32,2,218,N,H2,2023-01-01,2024-01-06,2023-07-02,2023-09-30,2023-07-30,2023-09-02,2023-07-02,2024-01-06,36,8,36,2022-08-07
2023-08-07,Monday,2,7,219,2023-08-06,N,2023,8,August,3,2023,3,8,P08,32,2,219,N,H2,2023-01-01,2024-01-06,2023-07-02,2023-09-30,2023-07-30,2023-09-02,2023-07-02,2024-01-06,37,9,37,2022-08-08
2023-08-08,Tuesday,3,8,220,2023-08-06,N,2023,8,August,3,2023,3,8,P08,32,2,220,N,H2,2023-01-01,2024-01-06,2023-07-02,2023-09-30,2023-07-30,2023-09-02,2023-07-02,2024-01-06,38,10,38,2022-08-09
2023-08-09,Wednesday,4,9,221,2023-08-06,N,2023,8,August,3,2023,3,8,P08,32,2,221,N,H2,2023-01-01,2024-01-06,2023-07-02,2023-09-30,2023-07-30,2023-09-02,2023-07-02,2024-01-06,39,11,39,2022-08-10
2023-08-10,Thursday,5,10,222,2023-08-06,N,2023,8,August,3,2023,3,8,P08,32,2,222,N,H2,2023-01-01,2024-01-06,2023-07-02,2023-09-30,2023-07-30,2023-09-02,2023-07-02,2024-01-06,40,12,40,2022-08-11
2023-08-11,Friday,6,11,223,2023-08-06,N,2023,8,August,3,2023,3,8,P08,32,2,223,N,H2,2023-01-01,2024-01-06,2023-07-02,2023-09-30,2023-07-30,2023-09-02,2023-07-02,2024-01-06,41,13,41,2022-08-12
2023-08-12,Saturday,7,12,224,2023-08-06,Y,2023,8,August,3,2023,3,8,P08,32,2,224,N,H2,2023-01-01,2024-01-06,2023-07-02,2023-09-30,2023-07-30,2023-09-02,2023-07-02,2024-01-06,42,14,42,2022-08-13
2023-08-13,Sunday,1,13,225,2023-08-13,Y,2023,8,August,3,2023,3,8,P08,33,3,225,N,H2,2023-01-01,2024-01-06,2023-07-02,2023-09-30,2023-07-30,2023-09-02,2023-07-02,2024-01-06,43,15,43,2022-08-14
2023-08-14,Monday,2,14,226,2023-08-13,N,2023,8,August,3,2023,3,8,P08,33,3,226,N,H2,2023-01-01,2024-01-06,2023-07-02,2023-09-30,2023-07-30,2023-09-02,2023-07-02,2024-01-06,44,16,44,2022-08-15
2023-08-15,Tuesday,3,15,227,2023-08-13,N,2023,8,August,3,2023,3,8,P08,33,3,227,N,H2,2023-01-01,2024-01-06,2023-07-02,2023-09-30,2023-07-30,2023-09-02,2023-07-02,2024-01-06,45,17,45,2022-08-16
2023-08-16,Wednesday,4,16,228,2023-08-13,N,2023,8,August,3,2023,3,8,P08,33,3,228,N,H2,2023-01-01,2024-01-06,2023-07-02,2023-09-30,2023-07-30,2023-09-02,2023-07-02,2024-01-06,46,18,46,2022-08-17
2023-08-17,Thursday,5,17,229,2023-08-13,N,2023,8,August,3,2023,3,8,P08,33,3,229,N,H2,2023-01-01,2024-01-06,2023-07-02,2023-09-30,2023-07-30,2023-09-02,2023-07-02,2024-01-06,47,19,47,2022-08-18
2023-08-18,Friday,6,18,230,2023-08-13,N,2023,8,August,3,2023,3,8,P08,33,3,230,N,H2,2023-01-01,2024-01-06,2023-07-02,2023-09-30,2023-07-30,2023-09-02,2023-07-02,2024-01-06,48,20,48,2022-08-19
2023-08-19,Saturday,7,19,231,2023-08-13,Y,2023,8,August,3,2023,3,8,P08,33,3,231,N,H2,2023-01-01,2024-01-06,2023-07-02,2023-09-30,2023-07-30,2023-09-02,2023-07-02,2024-01-06,49,21,49,2022-08-20
2023-08-20,Sunday,1,20,232,2023-08-20,Y,2023,8,August,3,2023,3,8,P08,34,4,232,N,H2,2023-01-01,2024-01-06,2023-07-02,2023-09-30,2023-07-30,2023-09-02,2023-07-02,2024-01-06,50,22,50,2022-08-21
2023-08-21,Monday,2,21,233,2023-08-20,N,2023,8,August,3,2023,3,8,P08,34,4,233,N,H2,2023-01-01,2024-01-06,2023-07-02,2023-09-30,2023-07-30,2023-09-02,2023-07-02,2024-01-06,51,23,51,2022-08-22
2023-08-22,Tuesday,3,22,234,2023-08-20,N,2023,8,August,3,2023,3,8,P08,34,4,234,N,H2,2023-01-01,2024-01-06,2023-07-02,2023-09-30,2023-07-30,2023-09-02,2023-07-02,2024-01-06,52,24,52,2022-08-23
2023-08-23,Wednesday,4,23,235,2023-08-20,N,2023,8,August,3,2023,3,8,P08,34,4,235,N,H2,2023-01-01,2024-01-06,2023-07-02,2023-09-30,2023-07-30,2023-09-02,2023-07-02,2024-01-06,53,25,53,2022-08-24
2023-08-24,Thursday,5,24,236,2023-08-20,N,2023,8,August,3,2023,3,8,P08,34,4,236,N,H2,2023-01-01,2024-01-06,2023-07-02,2023-09-30,2023-07-30,2023-09-02,2023-07-02,2024-01-06,54,26,54,2022-08-25
2023-08-25,Friday,6,25,237,2023-08-20,N,2023,8,August,3,2023,3,8,P08,34,4,237,N,H2,2023-01-01,2024-01-06,2023-07-02,2023-09-30,2023-07-30,2023-09-02,2023-07-02,2024-01-06,55,27,55,2022-08-26
2023-08-26,Saturday,7,26,238,2023-08-20,Y,2023,8,August,3,2023,3,8,P08,34,4,238,N,H2,2023-01-01,2024-01-06,2023-07-02,2023-09-30,2023-07-30,2023-09-02,2023-07-02,2024-01-06,56,28,56,2022-08-27
2023-08-27,Sunday,1,27,239,2023-08-27,Y,2023,8,August,3,2023,3,8,P08,35,5,239,N,H2,2023-01-01,2024-01-06,2023-07-02,2023-09-30,2023-07-30,2023-09-02,2023-07-02,2024-01-06,57,29,57,2022-08-28
2023-08-28,Monday,2,28,240,2023-08-27,N,2023,8,August,3,2023,3,8,P08,35,5,240,N,H2,2023-01-01,2024-01-06,2023-07-02,2023-09-30,2023-07-30,2023-09-02,2023-07-02,2024-01-06,58,30,58,2022-08-29
2023-08-29,Tuesday,3,29,241,2023-08-27,N,2023,8,August,3,2023,3,8,P08,35,5,241,N,H2,2023-01-01,2024-01-06,2023-07-02,2023-09-30,2023-07-30,2023-09-02,2023-07-02,2024-01-06,59,31,59,2022-08-30
2023-08-30,Wednesday,4,30,242,2023-08-27,N,2023,8,August,3,2023,3,8,P08,35,5,242,N,H2,2023-01-01,2024-01-06,2023-07-02,2023-09-30,2023-07-30,2023-09-02,2023-07-02,2024-01-06,60,32,60,2022-08-31
2023-08-31,Thursday,5,31,243,2023-08-27,N,2023,8,August,3,2023,3,8,P08,35,5,243,N,H2,2023-01-01,2024-01-06,2023-07-02,2023-09-30,2023-07-30,2023-09-02,2023-07-02,2024-01-06,61,33,61,2022-09-01
2023-09-01,Friday,6,1,244,2023-08-27,N,2023,9,September,3,2023,3,8,P08,35,5,244,N,H2,2023-01-01,2024-01-06,2023-07-02,2023-09-30,2023-07-30,2023-09-02,2023-07-02,2024-01-06,62,34,62,2022-09-02
2023-09-02,Saturday,7,2,245,2023-08-27,Y,2023,9,September,3,2023,3,8,P08,35,5,245,N,H2,2023-01-01,2024-01-06,2023-07-02,2023-09-30,2023-07-30,2023-09-02,2023-07-02,2024-01-06,63,35,63,2022-09-03
2023-09-03,Sunday,1,3,246,2023-09-03,Y,2023,9,September,3,2023,3,9,P09,36,1,246,N,H2,2023-01-01,2024-01-06,2023-07-02,2023-09-30,2023-09-03,2023-09-30,2023-07-02,2024-01-06,64,1,64,2022-09-04
2023-09-04,Monday,2,4,247,2023-09-03,N,2023,9,September,3,2023,3,9,P09,36,1,247,N,H2,2023-01-01,2024-01-06,2023-07-02,2023-09-30,2023-09-03,2023-09-30,2023-07-02,2024-01-06,65,2,65,2022-09-05
2023-09-05,Tuesday,3,5,248,2023-09-03,N,2023,9,September,3,2023,3,9,P09,36,1,248,N,H2,2023-01-01,2024-01-06,2023-07-02,2023-09-30,2023-09-03,2023-09-30,2023-07-02,2024-01-06,66,3,66,2022-09-06
2023-09-06,Wednesday,4,6,249,2023-09-03,N,2023,9,September,3,2023,3,9,P09,36,1,249,N,H2,2023-01-01,2024-01-06,2023-07-02,2023-09-30,2023-09-03,2023-09-30,2023-07-02,2024-01-06,67,4,67,2022-09-07
2023-09-07,Thursday,5,7,250,2023-09-03,N,2023,9,September,3,2023,3,9,P09,36,1,250,N,H2,2023-01-01,2024-01-06,2023-07-02,2023-09-30,2023-09-03,2023-09-30,2023-07-02,2024-01-06,68,5,68,2022-09-08
2023-09-08,Friday,6,8,251,2023-09-03,N,2023,9,September,3,2023,3,9,P09,36,1,251,N,H2,2023-01-01,2024-01-06,2023-07-02,2023-09-30,2023-09-03,2023-09-30,2023-07-02,2024-01-06,69,6,69,2022-09-09
2023-09-09,Saturday,7,9,252,2023-09-03,Y,2023,9,September,3,2023,3,9,P09,36,1,252,N,H2,2023-01-01,2024-01-06,2023-07-02,2023-09-30,2023-09-03,2023-09-30,2023-07-02,2024-01-06,70,7,70,2022-09-10
2023-09-10,Sunday,1,10,253,2023-09-10,Y,2023,9,September,3,2023,3,9,P09,37,2,253,N,H2,2023-01-01,2024-01-06,2023-07-02,2023-09-30,2023-09-03,2023-09-30,2023-07-02,2024-01-06,71,8,71,2022-09-11
2023-09-11,Monday,2,11,254,2023-09-10,N,2023,9,September,3,2023,3,9,P09,37,2,254,N,H2,2023-01-01,2024-01-06,2023-07-02,2023-09-30,2023-09-03,2023-09-30,2023-07-02,2024-01-06,72,9,72,2022-09-12
2023-09-12,Tuesday,3,12,255,2023-09-10,N,2023,9,September,3,2023,3,9,P09,37,2,255,N,H2,2023-01-01,2024-01-06,2023-07-02,2023-09-30,2023-09-03,2023-09-30,2023-07-02,2024-01-06,73,10,73,2022-09-13
2023-09-13,Wednesday,4,13,256,2023-09-10,N,2023,9,September,3,2023,3,9,P09,37,2,256,N,H2,2023-01-01,2024-01-06,2023-07-02,2023-09-30,2023-09-03,2023-09-30,2023-07-02,2024-01-06,74,11,74,2022-09-14
2023-09-14,Thursday,5,14,257,2023-09-10,N,2023,9,September,3,2023,3,9,P09,37,2,257,N,H2,2023-01-01,2024-01-06,2023-07-02,2023-09-30,2023-09-03,2023-09-30,2023-07-02,2024-01-06,75,12,75,2022-09-15
2023-09-15,Friday,6,15,258,2023-09-10,N,2023,9,September,3,2023,3,9,P09,37,2,258,N,H2,2023-01-01,2024-01-06,2023-07-02,2023-09-30,2023-09-03,2023-09-30,2023-07-02,2024-01-06,76,13,76,2022-09-16
2023-09-16,Saturday,7,16,259,2023-09-10,Y,2023,9,September,3,2023,3,9,P09,37,2,259,N,H2,2023-01-01,2024-01-06,2023-07-02,2023-09-30,2023-09-03,2023-09-30,2023-07-02,2024-01-06,77,14,77,2022-09-17
2023-09-17,Sunday,1,17,260,2023-09-17,Y,2023,9,September,3,2023,3,9,P09,38,3,260,N,H2,2023-01-01,2024-01-06,2023-07-02,2023-09-30,2023-09-03,2023-09-30,2023-07-02,2024-01-06,78,15,78,2022-09-18
2023-09-18,Monday,2,18,261,2023-09-17,N,2023,9,September,3,2023,3,9,P09,38,3,261,N,H2,2023-01-01,2024-01-06,2023-07-02,2023-09-30,2023-09-03,2023-09-30,2023-07-02,2024-01-06,79,16,79,2022-09-19
2023-09-19,Tuesday,3,19,262,2023-09-17,N,2023,9,September,3,2023,3,9,P09,38,3,262,N,H2,2023-01-01,2024-01-06,2023-07-02,2023-09-30,2023-09-03,2023-09-30,2023-07-02,2024-01-06,80,17,80,2022-09-20
2023-09-20,Wednesday,4,20,263,2023-09-17,N,2023,9,September,3,2023,3,9,P09,38,3,263,N,H2,2023-01-01,2024-01-06,2023-07-02,2023-09-30,2023-09-03,2023-09-30,2023-07-02,2024-01-06,81,18,81,2022-09-21
2023-09-21,Thursday,5,21,264,2023-09-17,N,2023,9,September,3,2023,3,9,P09,38,3,264,N,H2,2023-01-01,2024-01-06,2023-07-02,2023-09-30,2023-09-03,2023-09-30,2023-07-02,2024-01-06,82,19,82,2022-09-22
2023-09-22,Friday,6,22,265,2023-09-17,N,2023,9,September,3,2023,3,9,P09,38,3,265,N,H2,2023-01-01,2024-01-06,2023-07-02,2023-09-30,2023-09-03,2023-09-30,2023-07-02,2024-01-06,83,20,83,2022-09-23
2023-09-23,Saturday,7,23,266,2023-09-17,Y,2023,9,September,3,2023,3,9,P09,38,3,266,N,H2,2023-01-01,2024-01-06,2023-07-02,2023-09-30,2023-09-03,2023-09-30,2023-07-02,2024-01-06,84,21,84,2022-09-24
2023-09-24,Sunday,1,24,267,2023-09-24,Y,2023,9,September,3,2023,3,9,P09,39,4,267,N,H2,2023-01-01,2024-01-06,2023-07-02,2023-09-30,2023-09-03,2023-09-30,2023-07-02,2024-01-06,85,22,85,2022-09-25
2023-09-25,Monday,2,25,268,2023-09-24,N,2023,9,September,3,2023,3,9,P09,39,4,268,N,H2,2023-01-01,2024-01-06,2023-07-02,2023-09-30,2023-09-03,2023-09-30,2023-07-02,2024-01-06,86,23,86,2022-09-26
2023-09-26,Tuesday,3,26,269,2023-09-24,N,2023,9,September,3,2023,3,9,P09,39,4,269,N,H2,2023-01-01,2024-01-06,2023-07-02,2023-09-30,2023-09-03,2023-09-30,2023-07-02,2024-01-06,87,24,87,2022-09-27
2023-09-27,Wednesday,4,27,270,2023-09-24,N,2023,9,September,3,2023,3,9,P09,39,4,270,N,H2,2023-01-01,2024-01-06,2023-07-02,2023-09-30,2023-09-03,2023-09-30,2023-07-02,2024-01-06,88,25,88,2022-09-28
2023-09-28,Thursday,5,28,271,2023-09-24,N,2023,9,September,3,2023,3,9,P09,39,4,271,N,H2,2023-01-01,2024-01-06,2023-07-02,2023-09-30,2023-09-03,2023-09-30,2023-07-02,2024-01-06,89,26,89,2022-09-29
2023-09-29,Friday,6,29,272,2023-09-24,N,2023,9,September,3,2023,3,9,P09,39,4,272,N,H2,2023-01-01,2024-01-06,2023-07-02,2023-09-30,2023-09-03,2023-09-30,2023-07-02,2024-01-06,90,27,90,2022-09-30
2023-09-30,Saturday,7,30,273,2023-09-24,Y,2023,9,September,3,2023,3,9,P09,39,4,273,N,H2,2023-01-01,2024-01-06,2023-07-02,2023-09-30,2023-09-03,2023-09-30,2023-07-02,2024-01-06,91,28,91,2022-10-01
2023-10-01,Sunday,1,1,274,2023-10-01,Y,2023,10,October,4,2023,4,10,P10,40,1,274,N,H2,2023-01-01,2024-01-06,2023-10-01,2024-01-06,2023-10-01,2023-10-28,2023-07-02,2024-01-06,1,1,92,2022-10-02
2023-10-02,Monday,2,2,275,2023-10-01,N,2023,10,October,4,2023,4,10,P10,40,1,275,N,H2,2023-01-01,2024-01-06,2023-10-01,2024-01-06,2023-10-01,2023-10-28,2023-07-02,2024-01-06,2,2,93,2022-10-03
2023-10-03,Tuesday,3,3,276,2023-10-01,N,2023,10,October,4,2023,4,10,P10,40,1,276,N,H2,2023-01-01,2024-01-06,2023-10-01,2024-01-06,2023-10-01,2023-10-28,2023-07-02,2024-01-06,3,3,94,2022-10-04
2023-10-04,Wednesday,4,4,277,2023-10-01,N,2023,10,October,4,2023,4,10,P10,40,1,277,N,H2,2023-01-01,2024-01-06,2023-10-01,2024-01-06,2023-10-01,2023-10-28,2023-07-02,2024-01-06,4,4,95,2022-10-05
2023-10-05,Thursday,5,5,278,2023-10-01,N,2023,10,October,4,2023,4,10,P10,40,1,278,N,H2,2023-01-01,2024-01-06,2023-10-01,2024-01-06,2023-10-01,2023-10-28,2023-07-02,2024-01-06,5,5,96,2022-10-06
2023-10-06,Friday,6,6,279,2023-10-01,N,2023,10,October,4,2023,4,10,P10,40,1,279,N,H2,2023-01-01,2024-01-06,2023-10-01,2024-01-06,2023-10-01,2023-10-28,2023-07-02,2024-01-06,6,6,97,2022-10-07
2023-10-07,Saturday,7,7,280,2023-10-01,Y,2023,10,October,4,2023,4,10,P10,40,1,280,N,H2,2023-01-01,2024-01-06,2023-10-01,2024-01-06,2023-10-01,2023-10-28,2023-07-02,2024-01-06,7,7,98,2022-10-08
2023-10-08,Sunday,1,8,281,2023-10-08,Y,2023,10,October,4,2023,4,10,P10,41,2,281,N,H2,2023-01-01,2024-01-06,2023-10-01,2024-01-06,2023-10-01,2023-10-28,2023-07-02,2024-01-06,8,8,99,2022-10-09
2023-10-09,Monday,2,9,282,2023-10-08,N,2023,10,October,4,2023,4,10,P10,41,2,282,N,H2,2023-01-01,2024-01-06,2023-10-01,2024-01-06,2023-10-01,2023-10-28,2023-07-02,2024-01-06,9,9,100,2022-10-10
2023-10-10,Tuesday,3,10,283,2023-10-08,N,2023,10,October,4,2023,4,10,P10,41,2,283,N,H2,2023-01-01,2024-01-06,2023-10-01,2024-01-06,2023-10-01,2023-10-28,2023-07-02,2024-01-06,10,10,101,2022-10-11
2023-10-11,Wednesday,4,11,284,2023-10-08,N,2023,10,October,4,2023,4,10,P10,41,2,284,N,H2,2023-01-01,2024-01-06,2023-10-01,2024-01-06,2023-10-01,2023-10-28,2023-07-02,2024-01-06,11,11,102,2022-10-12
2023-10-12,Thursday,5,12,285,2023-10-08,N,2023,10,October,4,2023,4,10,P10,41,2,285,N,H2,2023-01-01,2024-01-06,2023-10-01,2024-01-06,2023-10-01,2023-10-28,2023-07-02,2024-01-06,12,12,103,2022-10-13
2023-10-13,Friday,6,13,286,2023-10-08,N,2023,10,October,4,2023,4,10,P10,41,2,286,N,H2,2023-01-01,2024-01-06,2023-10-01,2024-01-06,2023-10-01,2023-10-28,2023-07-02,2024-01-06,13,13,104,2022-10-14
2023-10-14,Saturday,7,14,287,2023-10-08,Y,2023,10,October,4,2023,4,10,P10,41,2,287,N,H2,2023-01-01,2024-01-06,2023-10-01,2024-01-06,2023-10-01,2023-10-28,2023-07-02,2024-01-06,14,14,105,2022-10-15
2023-10-15,Sunday,1,15,288,2023-10-15,Y,2023,10,October,4,2023,4,10,P10,42,3,288,N,H2,2023-01-01,2024-01-06,2023-10-01,2024-01-06,2023-10-01,2023-10-28,2023-07-02,2024-01-06,15,15,106,2022-10-16
2023-10-16,Monday,2,16,289,2023-10-15,N,2023,10,October,4,2023,4,10,P10,42,3,289,N,H2,2023-01-01,2024-01-06,2023-10-01,2024-01-06,2023-10-01,2023-10-28,2023-07-02,2024-01-06,16,16,107,2022-10-17
2023-10-17,Tuesday,3,17,290,2023-10-15,N,2023,10,October,4,2023,4,10,P10,42,3,290,N,H2,2023-01-01,2024-01-06,2023-10-01,2024-01-06,2023-10-01,2023-10-28,2023-07-02,2024-01-06,17,17,108,2022-10-18
2023-10-18,Wednesday,4,18,291,2023-10-15,N,2023,10,October,4,2023,4,10,P10,42,3,291,N,H2,2023-01-01,2024-01-06,2023-10-01,2024-01-06,2023-10-01,2023-10-28,2023-07-02,2024-01-06,18,18,109,2022-10-19
2023-10-19,Thursday,5,19,292,2023-10-15,N,2023,10,October,4,2023,4,10,P10,42,3,292,N,H2,2023-01-01,2024-01-06,2023-10-01,2024-01-06,2023-10-01,2023-10-28,2023-07-02,2024-01-06,19,19,110,2022-10-20
2023-10-20,Friday,6,20,293,2023-10-15,N,2023,10,October,4,2023,4,10,P10,42,3,293,N,H2,2023-01-01,2024-01-06,2023-10-01,2024-01-06,2023-10-01,2023-10-28,2023-07-02,2024-01-06,20,20,111,2022-10-21
2023-10-21,Saturday,7,21,294,2023-10-15,Y,2023,10,October,4,2023,4,10,P10,42,3,294,N,H2,2023-01-01,2024-01-06,2023-10-01,2024-01-06,2023-10-01,2023-10-28,2023-07-02,2024-01-06,21,21,112,2022-10-22
2023-10-22,Sunday,1,22,295,2023-10-22,Y,2023,10,October,4,2023,4,10,P10,43,4,295,N,H2,2023-01-01,2024-01-06,2023-10-01,2024-01-06,2023-10-01,2023-10-28,2023-07-02,2024-01-06,22,22,113,2022-10-23
2023-10-23,Monday,2,23,296,2023-10-22,N,2023,10,October,4,2023,4,10,P10,43,4,296,N,H2,2023-01-01,2024-01-06,2023-10-01,2024-01-06,2023-10-01,2023-10-28,2023-07-02,2024-01-06,23,23,114,2022-10-24
2023-10-24,Tuesday,3,24,297,2023-10-22,N,2023,10,October,4,2023,4,10,P10,43,4,297,N,H2,2023-01-01,2024-01-06,2023-10-01,2024-01-06,2023-10-01,2023-10-28,2023-07-02,2024-01-06,24,24,115,2022-10-25
2023-10-25,Wednesday,4,25,298,2023-10-22,N,2023,10,October,4,2023,4,10,P10,43,4,298,N,H2,2023-01-01,2024-01-06,2023-10-01,2024-01-06,2023-10-01,2023-10-28,2023-07-02,2024-01-06,25,25,116,2022-10-26
2023-10-26,Thursday,5,26,299,2023-10-22,N,2023,10,October,4,2023,4,10,P10,43,4,299,N,H2,2023-01-01,2024-01-06,2023-10-01,2024-01-06,2023-10-01,2023-10-28,2023-07-02,2024-01-06,26,26,117,2022-10-27
2023-10-27,Friday,6,27,300,2023-10-22,N,2023,10,October,4,2023,4,10,P10,43,4,300,N,H2,2023-01-01,2024-01-06,2023-10-01,2024-01-06,2023-10-01,2023-10-28,2023-07-02,2024-01-06,27,27,118,2022-10-28
2023-10-28,Saturday,7,28,301,2023-10-22,Y,2023,10,October,4,2023,4,10,P10,43,4,301,N,H2,2023-01-01,2024-01-06,2023-10-01,2024-01-06,2023-10-01,2023-10-28,2023-07-02,2024-01-06,28,28,119,2022-10-29
2023-10-29,Sunday,1,29,302,2023-10-29,Y,2023,10,October,4,2023,4,11,P11,44,1,302,N,H2,2023-01-01,2024-01-06,2023-10-01,2024-01-06,2023-10-29,2023-12-02,2023-07-02,2024-01-06,29,1,120,2022-10-30
2023-10-30,Monday,2,30,303,2023-10-29,N,2023,10,October,4,2023,4,11,P11,44,1,303,N,H2,2023-01-01,2024-01-06,2023-10-01,2024-01-06,2023-10-29,2023-12-02,2023-07-02,2024-01-06,30,2,121,2022-10-31
2023-10-31,Tuesday,3,31,304,2023-10-29,N,2023,10,October,4,2023,4,11,P11,44,1,304,N,H2,2023-01-01,2024-01-06,2023-10-01,2024-01-06,2023-10-29,2023-12-02,2023-07-02,2024-01-06,31,3,122,2022-11-01
2023-11-01,Wednesday,4,1,305,2023-10-29,N,2023,11,November,4,2023,4,11,P11,44,1,305,N,H2,2023-01-01,2024-01-06,2023-10-01,2024-01-06,2023-10-29,2023-12-02,2023-07-02,2024-01-06,32,4,123,2022-11-02
2023-11-02,Thursday,5,2,306,2023-10-29,N,2023,11,November,4,2023,4,11,P11,44,1,306,N,H2,2023-01-01,2024-01-06,2023-10-01,2024-01-06,2023-10-29,2023-12-02,2023-07-02,2024-01-06,33,5,124,2022-11-03
2023-11-03,Friday,6,3,307,2023-10-29,N,2023,11,November,4,2023,4,11,P11,44,1,307,N,H2,2023-01-01,2024-01-06,2023-10-01,2024-01-06,2023-10-29,2023-12-02,2023-07-02,2024-01-06,34,6,125,2022-11-04
2023-11-04,Saturday,7,4,308,2023-10-29,Y,2023,11,November,4,2023,4,11,P11,44,1,308,N,H2,2023-01-01,2024-01-06,2023-10-01,2024-01-06,2023-10-29,2023-12-02,2023-07-02,2024-01-06,35,7,126,2022-11-05
2023-11-05,Sunday,1,5,309,2023-11-05,Y,2023,11,November,4,2023,4,11,P11,45,2,309,N,H2,2023-01-01,2024-01-06,2023-10-01,2024-01-06,2023-10-29,2023-12-02,2023-07-02,2024-01-06,36,8,127,2022-11-06
2023-11-06,Monday,2,6,310,2023-11-05,N,2023,11,November,4,2023,4,11,P11,45,2,310,N,H2,2023-01-01,2024-01-06,2023-10-01,2024-01-06,2023-10-29,2023-12-02,2023-07-02,2024-01-06,37,9,128,2022-11-07
2023-11-07,Tuesday,3,7,311,2023-11-05,N,2023,11,November,4,2023,4,11,P11,45,2,311,N,H2,2023-01-01,2024-01-06,2023-10-01,2024-01-06,2023-10-29,2023-12-02,2023-07-02,2024-01-06,38,10,129,2022-11-08
2023-11-08,Wednesday,4,8,312,2023-11-05,N,2023,11,November,4,2023,4,11,P11,45,2,312,N,H2,2023-01-01,2024-01-06,2023-10-01,2024-01-06,2023-10-29,2023-12-02,2023-07-02,2024-01-06,39,11,130,2022-11-09
2023-11-09,Thursday,5,9,313,2023-11-05,N,2023,11,November,4,2023,4,11,P11,45,2,313,N,H2,2023-01-01,2024-01-06,2023-10-01,2024-01-06,2023-10-29,2023-12-02,2023-07-02,2024-01-06,40,12,131,2022-11-10
2023-11-10,Friday,6,10,314,2023-11-05,N,2023,11,November,4,2023,4,11,P11,45,2,314,N,H2,2023-01-01,2024-01-06,2023-10-01,2024-01-06,2023-10-29,2023-12-02,2023-07-02,2024-01-06,41,13,132,2022-11-11
2023-11-11,Saturday,7,11,315,2023-11-05,Y,2023,11,November,4,2023,4,11,P11,45,2,315,N,H2,2023-01-01,2024-01-06,2023-10-01,2024-01-06,2023-10-29,2023-12-02,2023-07-02,2024-01-06,42,14,133,2022-11-12
2023-11-12,Sunday,1,12,316,2023-11-12,Y,2023,11,November,4,2023,4,11,P11,46,3,316,N,H2,2023-01-01,2024-01-06,2023-10-01,2024-01-06,2023-10-29,2023-12-02,2023-07-02,2024-01-06,43,15,134,2022-11-13
2023-11-13,Monday,2,13,317,2023-11-12,N,2023,11,November,4,2023,4,11,P11,46,3,317,N,H2,2023-01-01,2024-01-06,2023-10-01,2024-01-06,2023-10-29,2023-12-02,2023-07-02,2024-01-06,44,16,135,2022-11-14
2023-11-14,Tuesday,3,14,318,2023-11-12,N,2023,11,November,4,2023,4,11,P11,46,3,318,N,H2,2023-01-01,2024-01-06,2023-10-01,2024-01-06,2023-10-29,2023-12-02,2023-07-02,2024-01-06,45,17,136,2022-11-15
2023-11-15,Wednesday,4,15,319,2023-11-12,N,2023,11,November,4,2023,4,11,P11,46,3,319,N,H2,2023-01-01,2024-01-06,2023-10-01,2024-01-06,2023-10-29,2023-12-02,2023-07-02,2024-01-06,46,18,137,2022-11-16
2023-11-16,Thursday,5,16,320,2023-11-12,N,2023,11,November,4,2023,4,11,P11,46,3,320,N,H2,2023-01-01,2024-01-06,2023-10-01,2024-01-06,2023-10-29,2023-12-02,2023-07-02,2024-01-06,47,19,138,2022-11-17
2023-11-17,Friday,6,17,321,2023-11-12,N,2023,11,November,4,2023,4,11,P11,46,3,321,N,H2,2023-01-01,2024-01-06,2023-10-01,2024-01-06,2023-10-29,2023-12-02,2023-07-02,2024-01-06,48,20,139,2022-11-18
2023-11-18,Saturday,7,18,322,2023-11-12,Y,2023,11,November,4,2023,4,11,P11,46,3,322,N,H2,2023-01-01,2024-01-06,2023-10-01,2024-01-06,2023-10-29,2023-12-02,2023-07-02,2024-01-06,49,21,140,2022-11-19
2023-11-19,Sunday,1,19,323,2023-11-19,Y,2023,11,November,4,2023,4,11,P11,47,4,323,N,H2,2023-01-01,2024-01-06,2023-10-01,2024-01-06,2023-10-29,2023-12-02,2023-07-02,2024-01-06,50,22,141,2022-11-20
2023-11-20,Monday,2,20,324,2023-11-19,N,2023,11,November,4,2023,4,11,P11,47,4,324,N,H2,2023-01-01,2024-01-06,2023-10-01,2024-01-06,2023-10-29,2023-12-02,2023-07-02,2024-01-06,51,23,142,2022-11-21
2023-11-21,Tuesday,3,21,325,2023-11-19,N,2023,11,November,4,2023,4,11,P11,47,4,325,N,H2,2023-01-01,2024-01-06,2023-10-01,2024-01-06,2023-10-29,2023-12-02,2023-07-02,2024-01-06,52,24,143,2022-11-22
2023-11-22,Wednesday,4,22,326,2023-11-19,N,2023,11,November,4,2023,4,11,P11,47,4,326,N,H2,2023-01-01,2024-01-06,2023-10-01,2024-01-06,2023-10-29,2023-12-02,2023-07-02,2024-01-06,53,25,144,2022-11-23
2023-11-23,Thursday,5,23,327,2023-11-19,N,2023,11,November,4,2023,4,11,P11,47,4,327,N,H2,2023-01-01,2024-01-06,2023-10-01,2024-01-06,2023-10-29,2023-12-02,2023-07-02,2024-01-06,54,26,145,2022-11-24
2023-11-24,Friday,6,24,328,2023-11-19,N,2023,11,November,4,2023,4,11,P11,47,4,328,N,H2,2023-01-01,2024-01-06,2023-10-01,2024-01-06,2023-10-29,2023-12-02,2023-07-02,2024-01-06,55,27,146,2022-11-25
2023-11-25,Saturday,7,25,329,2023-11-19,Y,2023,11,November,4,2023,4,11,P11,47,4,329,N,H2,2023-01-01,2024-01-06,2023-10-01,2024-01-06,2023-10-29,2023-12-02,2023-07-02,2024-01-06,56,28,147,2022-11-26
2023-11-26,Sunday,1,26,330,2023-11-26,Y,2023,11,November,4,2023,4,11,P11,48,5,330,N,H2,2023-01-01,2024-01-06,2023-10-01,2024-01-06,2023-10-29,2023-12-02,2023-07-02,2024-01-06,57,29,148,2022-11-27
2023-11-27,Monday,2,27,331,2023-11-26,N,2023,11,November,4,2023,4,11,P11,48,5,331,N,H2,2023-01-01,2024-01-06,2023-10-01,2024-01-06,2023-10-29,2023-12-02,2023-07-02,2024-01-06,58,30,149,2022-11-28
2023-11-28,Tuesday,3,28,332,2023-11-26,N,2023,11,November,4,2023,4,11,P11,48,5,332,N,H2,2023-01-01,2024-01-06,2023-10-01,2024-01-06,2023-10-29,2023-12-02,2023-07-02,2024-01-06,59,31,150,2022-11-29
2023-11-29,Wednesday,4,29,333,2023-11-26,N,2023,11,November,4,2023,4,11,P11,48,5,333,N,H2,2023-01-01,2024-01-06,2023-10-01,2024-01-06,2023-10-29,2023-12-02,2023-07-02,2024-01-06,60,32,151,2022-11-30
2023-11-30,Thursday,5,30,334,2023-11-26,N,2023,11,November,4,2023,4,11,P11,48,5,334,N,H2,2023-01-01,2024-01-06,2023-10-01,2024-01-06,2023-10-29,2023-12-02,2023-07-02,2024-01-06,61,33,152,2022-12-01
2023-12-01,Friday,6,1,335,2023-11-26,N,2023,12,December,4,2023,4,11,P11,48,5,335,N,H2,2023-01-01,2024-01-06,2023-10-01,2024-01-06,2023-10-29,2023-12-02,2023-07-02,2024-01-06,62,34,153,2022-12-02
2023-12-02,Saturday,7,2,336,2023-11-26,Y,2023,12,December,4,2023,4,11,P11,48,5,336,N,H2,2023-01-01,2024-01-06,2023-10-01,2024-01-06,2023-10-29,2023-12-02,2023-07-02,2024-01-06,63,35,154,2022-12-03
2023-12-03,Sunday,1,3,337,2023-12-03,Y,2023,12,December,4,2023,4,12,P12,49,1,337,N,H2,2023-01-01,2024-01-06,2023-10-01,2024-01-06,2023-12-03,2024-01-06,2023-07-02,2024-01-06,64,1,155,2022-12-04
2023-12-04,Monday,2,4,338,2023-12-03,N,2023,12,December,4,2023,4,12,P12,49,1,338,N,H2,2023-01-01,2024-01-06,2023-10-01,2024-01-06,2023-12-03,2024-01-06,2023-07-02,2024-01-06,65,2,156,2022-12-05
2023-12-05,Tuesday,3,5,339,2023-12-03,N,2023,12,December,4,2023,4,12,P12,49,1,339,N,H2,2023-01-01,2024-01-06,2023-10-01,2024-01-06,2023-12-03,2024-01-06,2023-07-02,2024-01-06,66,3,157,2022-12-06
2023-12-06,Wednesday,4,6,340,2023-12-03,N,2023,12,December,4,2023,4,12,P12,49,1,340,N,H2,2023-01-01,2024-01-06,2023-10-01,2024-01-06,2023-12-03,2024-01-06,2023-07-02,2024-01-06,67,4,158,2022-12-07
2023-12-07,Thursday,5,7,341,2023-12-03,N,2023,12,December,4,2023,4,12,P12,49,1,341,N,H2,2023-01-01,2024-01-06,2023-10-01,2024-01-06,2023-12-03,2024-01-06,2023-07-02,2024-01-06,68,5,159,2022-12-08
2023-12-08,Friday,6,8,342,2023-12-03,N,2023,12,December,4,2023,4,12,P12,49,1,342,N,H2,2023-01-01,2024-01-06,2023-10-01,2024-01-06,2023-12-03,2024-01-06,2023-07-02,2024-01-06,69,6,160,2022-12-09
2023-12-09,Saturday,7,9,343,2023-12-03,Y,2023,12,December,4,2023,4,12,P12,49,1,343,N,H2,2023-01-01,2024-01-06,2023-10-01,2024-01-06,2023-12-03,2024-01-06,2023-07-02,2024-01-06,70,7,161,2022-12-10
2023-12-10,Sunday,1,10,344,2023-12-10,Y,2023,12,December,4,2023,4,12,P12,50,2,344,N,H2,2023-01-01,2024-01-06,2023-10-01,2024-01-06,2023-12-03,2024-01-06,2023-07-02,2024-01-06,71,8,162,2022-12-11
2023-12-11,Monday,2,11,345,2023-12-10,N,2023,12,December,4,2023,4,12,P12,50,2,345,N,H2,2023-01-01,2024-01-06,2023-10-01,2024-01-06,2023-12-03,2024-01-06,2023-07-02,2024-01-06,72,9,163,2022-12-12
2023-12-12,Tuesday,3,12,346,2023-12-10,N,2023,12,December,4,2023,4,12,P12,50,2,346,N,H2,2023-01-01,2024-01-06,2023-10-01,2024-01-06,2023-12-03,2024-01-06,2023-07-02,2024-01-06,73,10,164,2022-12-13
2023-12-13,Wednesday,4,13,347,2023-12-10,N,2023,12,December,4,2023,4,12,P12,50,2,347,N,H2,2023-01-01,2024-01-06,2023-10-01,2024-01-06,2023-12-03,2024-01-06,2023-07-02,2024-01-06,74,11,165,2022-12-14
2023-12-14,Thursday,5,14,348,2023-12-10,N,2023,12,December,4,2023,4,12,P12,50,2,348,N,H2,2023-01-01,2024-01-06,2023-10-01,2024-01-06,2023-12-03,2024-01-06,2023-07-02,2024-01-06,75,12,166,2022-12-15
2023-12-15,Friday,6,15,349,2023-12-10,N,2023,12,December,4,2023,4,12,P12,50,2,349,N,H2,2023-01-01,2024-01-06,2023-10-01,2024-01-06,2023-12-03,2024-01-06,2023-07-02,2024-01-06,76,13,167,2022-12-16
2023-12-16,Saturday,7,16,350,2023-12-10,Y,2023,12,December,4,2023,4,12,P12,50,2,350,N,H2,2023-01-01,2024-01-06,2023-10-01,2024-01-06,2023-12-03,2024-01-06,2023-07-02,2024-01-06,77,14,168,2022-12-17
2023-12-17,Sunday,1,17,351,2023-12-17,Y,2023,12,December,4,2023,4,12,P12,51,3,351,N,H2,2023-01-01,2024-01-06,2023-10-01,2024-01-06,2023-12-03,2024-01-06,2023-07-02,2024-01-06,78,15,169,2022-12-18
2023-12-18,Monday,2,18,352,2023-12-17,N,2023,12,December,4,2023,4,12,P12,51,3,352,N,H2,2023-01-01,2024-01-06,2023-10-01,2024-01-06,2023-12-03,2024-01-06,2023-07-02,2024-01-06,79,16,170,2022-12-19
2023-12-19,Tuesday,3,19,353,2023-12-17,N,2023,12,December,4,2023,4,12,P12,51,3,353,N,H2,2023-01-01,2024-01-06,2023-10-01,2024-01-06,2023-12-03,2024-01-06,2023-07-02,2024-01-06,80,17,171,2022-12-20
2023-12-20,Wednesday,4,20,354,2023-12-17,N,2023,12,December,4,2023,4,12,P12,51,3,354,N,H2,2023-01-01,2024-01-06,2023-10-01,2024-01-06,2023-12-03,2024-01-06,2023-07-02,2024-01-06,81,18,172,2022-12-21
2023-12-21,Thursday,5,21,355,2023-12-17,N,2023,12,December,4,2023,4,12,P12,51,3,355,N,H2,2023-01-01,2024-01-06,2023-10-01,2024-01-06,2023-12-03,2024-01-06,2023-07-02,2024-01-06,82,19,173,2022-12-22
2023-12-22,Friday,6,22,356,2023-12-17,N,2023,12,December,4,2023,4,12,P12,51,3,356,N,H2,2023-01-01,2024-01-06,2023-10-01,2024-01-06,2023-12-03,2024-01-06,2023-07-02,2024-01-06,83,20,174,2022-12-23
2023-12-23,Saturday,7,23,357,2023-12-17,Y,2023,12,December,4,2023,4,12,P12,51,3,357,N,H2,2023-01-01,2024-01-06,2023-10-01,2024-01-06,2023-12-03,2024-01-06,2023-07-02,2024-01-06,84,21,175,2022-12-24
2023-12-24,Sunday,1,24,358,2023-12-24,Y,2023,12,December,4,2023,4,12,P12,52,4,358,N,H2,2023-01-01,2024-01-06,2023-10-01,2024-01-06,2023-12-03,2024-01-06,2023-07-02,2024-01-06,85,22,176,2022-12-25
2023-12-25,Monday,2,25,359,2023-12-24,N,2023,12,December,4,2023,4,12,P12,52,4,359,N,H2,2023-01-01,2024-01-06,2023-10-01,2024-01-06,2023-12-03,2024-01-06,2023-07-02,2024-01-06,86,23,177,2022-12-26
2023-12-26,Tuesday,3,26,360,2023-12-24,N,2023,12,December,4,2023,4,12,P12,52,4,360,N,H2,2023-01-01,2024-01-06,2023-10-01,2024-01-06,2023-12-03,2024-01-06,2023-07-02,2024-01-06,87,24,178,2022-12-27
2023-12-27,Wednesday,4,27,361,2023-12-24,N,2023,12,December,4,2023,4,12,P12,52,4,361,N,H2,2023-01-01,2024-01-06,2023-10-01,2024-01-06,2023-12-03,2024-01-06,2023-07-02,2024-01-06,88,25,179,2022-12-28
2023-12-28,Thursday,5,28,362,2023-12-24,N,2023,12,December,4,2023,4,12,P12,52,4,362,N,H2,2023-01-01,2024-01-06,2023-10-01,2024-01-06,2023-12-03,2024-01-06,2023-07-02,2024-01-06,89,26,180,2022-12-29
2023-12-29,Friday,6,29,363,2023-12-24,N,2023,12,December,4,2023,4,12,P12,52,4,363,N,H2,2023-01-01,2024-01-06,2023-10-01,2024-01-06,2023-12-03,2024-01-06,2023-07-02,2024-01-06,90,27,181,2022-12-30
2023-12-30,Saturday,7,30,364,2023-12-24,Y,2023,12,December,4,2023,4,12,P12,52,4,364,N,H2,2023-01-01,2024-01-06,2023-10-01,2024-01-06,2023-12-03,2024-01-06,2023-07-02,2024-01-06,91,28,182,2022-12-31
2023-12-31,Sunday,1,31,365,2023-12-31,Y,2023,12,December,4,2023,4,12,P12,53,5,365,Y,H2,2023-01-01,2024-01-06,2023-10-01,2024-01-06,2023-12-03,2024-01-06,2023-07-02,2024-01-06,92,29,183,
2024-01-01,Monday,2,1,1,2023-12-31,N,2024,1,January,1,2023,4,12,P12,53,5,366,Y,H2,2023-01-01,2024-01-06,2023-10-01,2024-01-06,2023-12-03,2024-01-06,2023-07-02,2024-01-06,93,30,184,
2024-01-02,Tuesday,3,2,2,2023-12-31,N,2024,1,January,1,2023,4,12,P12,53,5,367,Y,H2,2023-01-01,2024-01-06,2023-10-01,2024-01-06,2023-12-03,2024-01-06,2023-07-02,2024-01-06,94,31,185,
2024-01-03,Wednesday,4,3,3,2023-12-31,N,2024,1,January,1,2023,4,12,P12,53,5,368,Y,H2,2023-01-01,2024-01-06,2023-10-01,2024-01-06,2023-12-03,2024-01-06,2023-07-02,2024-01-06,95,32,186,
2024-01-04,Thursday,5,4,4,2023-12-31,N,2024,1,January,1,2023,4,12,P12,53,5,369,Y,H2,2023-01-01,2024-01-06,2023-10-01,2024-01-06,2023-12-03,2024-01-06,2023-07-02,2024-01-06,96,33,187,
2024-01-05,Friday,6,5,5,2023-12-31,N,2024,1,January,1,2023,4,12,P12,53,5,370,Y,H2,2023-01-01,2024-01-06,2023-10-01,2024-01-06,2023-12-03,2024-01-06,2023-07-02,2024-01-06,97,34,188,
2024-01-06,Saturday,7,6,6,2023-12-31,Y,2024,1,January,1,2023,4,12,P12,53,5,371,Y,H2,2023-01-01,2024-01-06,2023-10-01,2024-01-06,2023-12-03,2024-01-06,2023-07-02,2024-01-06,98,35,189,
2024-01-07,Sunday,1,7,7,2024-01-07,Y,2024,1,January,1,2024,1,1,P01,1,1,1,N,H1,2024-01-07,2025-01-04,2024-01-07,2024-04-06,2024-01-07,2024-02-03,2024-01-07,2024-07-06,1,1,1,2023-01-01
2024-01-08,Monday,2,8,8,2024-01-07,N,2024,1,January,1,2024,1,1,P01,1,1,2,N,H1,2024-01-07,2025-01-04,2024-01-07,2024-04-06,2024-01-07,2024-02-03,2024-01-07,2024-07-06,2,2,2,2023-01-02
2024-01-09,Tuesday,3,9,9,2024-01-07,N,2024,1,January,1,2024,1,1,P01,1,1,3,N,H1,2024-01-07,2025-01-04,2024-01-07,2024-04-06,2024-01-07,2024-02-03,2024-01-07,2024-07-06,3,3,3,2023-01-03
2024-01-10,Wednesday,4,10,10,2024-01-07,N,2024,1,January,1,2024,1,1,P01,1,1,4,N,H1,2024-01-07,2025-01-04,2024-01-07,2024-04-06,2024-01-07,2024-02-03,2024-01-07,2024-07-06,4,4,4,2023-01-04
2024-01-11,Thursday,5,11,11,2024-01-07,N,2024,1,January,1,2024,1,1,P01,1,1,5,N,H1,2024-01-07,2025-01-04,2024-01-07,2024-04-06,2024-01-07,2024-02-03,2024-01-07,2024-07-06,5,5,5,2023-01-05
2024-01-12,Friday,6,12,12,2024-01-07,N,2024,1,January,1,2024,1,1,P01,1,1,6,N,H1,2024-01-07,2025-01-04,2024-01-07,2024-04-06,2024-01-07,2024-02-03,2024-01-07,2024-07-06,6,6,6,2023-01-06
2024-01-13,Saturday,7,13,13,2024-01-07,Y,2024,1,January,1,2024,1,1,P01,1,1,7,N,H1,2024-01-07,2025-01-04,2024-01-07,2024-04-06,2024-01-07,2024-02-03,2024-01-07,2024-07-06,7,7,7,2023-01-07
2024-01-14,Sunday,1,14,14,2024-01-14,Y,2024,1,January,1,2024,1,1,P01,2,2,8,N,H1,2024-01-07,2025-01-04,2024-01-07,2024-04-06,2024-01-07,2024-02-03,2024-01-07,2024-07-06,8,8,8,2023-01-08
2024-01-15,Monday,2,15,15,2024-01-14,N,2024,1,January,1,2024,1,1,P01,2,2,9,N,H1,2024-01-07,2025-01-04,2024-01-07,2024-04-06,2024-01-07,2024-02-03,2024-01-07,2024-07-06,9,9,9,2023-01-09
2024-01-16,Tuesday,3,16,16,2024-01-14,N,2024,1,January,1,2024,1,1,P01,2,2,10,N,H1,2024-01-07,2025-01-04,2024-01-07,2024-04-06,2024-01-07,2024-02-03,2024-01-07,2024-07-06,10,10,10,2023-01-10
2024-01-17,Wednesday,4,17,17,2024-01-14,N,2024,1,January,1,2024,1,1,P01,2,2,11,N,H1,2024-01-07,2025-01-04,2024-01-07,2024-04-06,2024-01-07,2024-02-03,2024-01-07,2024-07-06,11,11,11,2023-01-11
2024-01-18,Thursday,5,18,18,2024-01-14,N,2024,1,January,1,2024,1,1,P01,2,2,12,N,H1,2024-01-07,2025-01-04,2024-01-07,2024-04-06,2024-01-07,2024-02-03,2024-01-07,2024-07-06,12,12,12,2023-01-12
2024-01-19,Friday,6,19,19,2024-01-14,N,2024,1,January,1,2024,1,1,P01,2,2,13,N,H1,2024-01-07,2025-01-04,2024-01-07,2024-04-06,2024-01-07,2024-02-03,2024-01-07,2024-07-06,13,13,13,2023-01-13
2024-01-20,Saturday,7,20,20,2024-01-14,Y,2024,1,January,1,2024,1,1,P01,2,2,14,N,H1,2024-01-07,2025-01-04,2024-01-07,2024-04-06,2024-01-07,2024-02-03,2024-01-07,2024-07-06,14,14,14,2023-01-14
2024-01-21,Sunday,1,21,21,2024-01-21,Y,2024,1,January,1,2024,1,1,P01,3,3,15,N,H1,2024-01-07,2025-01-04,2024-01-07,2024-04-06,2024-01-07,2024-02-03,2024-01-07,2024-07-06,15,15,15,2023-01-15
2024-01-22,Monday,2,22,22,2024-01-21,N,2024,1,January,1,2024,1,1,P01,3,3,16,N,H1,2024-01-07,2025-01-04,2024-01-07,2024-04-06,2024-01-07,2024-02-03,2024-01-07,2024-07-06,16,16,16,2023-01-16
2024-01-23,Tuesday,3,23,23,2024-01-21,N,2024,1,January,1,2024,1,1,P01,3,3,17,N,H1,2024-01-07,2025-01-04,2024-01-07,2024-04-06,2024-01-07,2024-02-03,2024-01-07,2024-07-06,17,17,17,2023-01-17
2024-01-24,Wednesday,4,24,24,2024-01-21,N,2024,1,January,1,2024,1,1,P01,3,3,18,N,H1,2024-01-07,2025-01-04,2024-01-07,2024-04-06,2024-01-07,2024-02-03,2024-01-07,2024-07-06,18,18,18,2023-01-18
2024-01-25,Thursday,5,25,25,2024-01-21,N,2024,1,January,1,2024,1,1,P01,3,3,19,N,H1,2024-01-07,2025-01-04,2024-01-07,2024-04-06,2024-01-07,2024-02-03,2024-01-07,2024-07-06,19,19,19,2023-01-19
2024-01-26,Friday,6,26,26,2024-01-21,N,2024,1,January,1,2024,1,1,P01,3,3,20,N,H1,2024-01-07,2025-01-04,2024-01-07,2024-04-06,2024-01-07,2024-02-03,2024-01-07,2024-07-06,20,20,20,2023-01-20
2024-01-27,Saturday,7,27,27,2024-01-21,Y,2024,1,January,1,2024,1,1,P01,3,3,21,N,H1,2024-01-07,2025-01-04,2024-01-07,2024-04-06,2024-01-07,2024-02-03,2024-01-07,2024-07-06,21,21,21,2023-01-21
2024-01-28,Sunday,1,28,28,2024-01-28,Y,2024,1,January,1,2024,1,1,P01,4,4,22,N,H1,2024-01-07,2025-01-04,2024-01-07,2024-04-06,2024-01-07,2024-02-03,2024-01-07,2024-07-06,22,22,22,2023-01-22
2024-01-29,Monday,2,29,29,2024-01-28,N,2024,1,January,1,2024,1,1,P01,4,4,23,N,H1,2024-01-07,2025-01-04,2024-01-07,2024-04-06,2024-01-07,2024-02-03,2024-01-07,2024-07-06,23,23,23,2023-01-23
2024-01-30,Tuesday,3,30,30,2024-01-28,N,2024,1,January,1,2024,1,1,P01,4,4,24,N,H1,2024-01-07,2025-01-04,2024-01-07,2024-04-06,2024-01-07,2024-02-03,2024-01-07,2024-07-06,24,24,24,2023-01-24
2024-01-31,Wednesday,4,31,31,2024-01-28,N,2024,1,January,1,2024,1,1,P01,4,4,25,N,H1,2024-01-07,2025-01-04,2024-01-07,2024-04-06,2024-01-07,2024-02-03,2024-01-07,2024-07-06,25,25,25,2023-01-25
2024-02-01,Thursday,5,1,32,2024-01-28,N,2024,2,February,1,2024,1,1,P01,4,4,26,N,H1,2024-01-07,2025-01-04,2024-01-07,2024-04-06,2024-01-07,2024-02-03,2024-01-07,2024-07-06,26,26,26,2023-01-26
2024-02-02,Friday,6,2,33,2024-01-28,N,2024,2,February,1,2024,1,1,P01,4,4,27,N,H1,2024-01-07,2025-01-04,2024-01-07,2024-04-06,2024-01-07,2024-02-03,2024-01-07,2024-07-06,27,27,27,2023-01-27
2024-02-03,Saturday,7,3,34,2024-01-28,Y,2024,2,February,1,2024,1,1,P01,4,4,28,N,H1,2024-01-07,2025-01-04,2024-01-07,2024-04-06,2024-01-07,2024-02-03,2024-01-07,2024-07-06,28,28,28,2023-01-28
2024-02-04,Sunday,1,4,35,2024-02-04,Y,2024,2,February,1,2024,1,2,P02,5,1,29,N,H1,2024-01-07,2025-01-04,2024-01-07,2024-04-06,2024-02-04,2024-03-09,2024-01-07,2024-07-06,29,1,29,2023-01-29
2024-02-05,Monday,2,5,36,2024-02-04,N,2024,2,February,1,2024,1,2,P02,5,1,30,N,H1,2024-01-07,2025-01-04,2024-01-07,2024-04-06,2024-02-04,2024-03-09,2024-01-07,2024-07-06,30,2,30,2023-01-30
2024-02-06,Tuesday,3,6,37,2024-02-04,N,2024,2,February,1,2024,1,2,P02,5,1,31,N,H1,2024-01-07,2025-01-04,2024-01-07,2024-04-06,2024-02-04,2024-03-09,2024-01-07,2024-07-06,31,3,31,2023-01-31
2024-02-07,Wednesday,4,7,38,2024-02-04,N,2024,2,February,1,2024,1,2,P02,5,1,32,N,H1,2024-01-07,2025-01-04,2024-01-07,2024-04-06,2024-02-04,2024-03-09,2024-01-07,2024-07-06,32,4,32,2023-02-01
2024-02-08,Thursday,5,8,39,2024-02-04,N,2024,2,February,1,2024,1,2,P02,5,1,33,N,H1,2024-01-07,2025-01-04,2024-01-07,2024-04-06,2024-02-04,2024-03-09,2024-01-07,2024-07-06,33,5,33,2023-02-02
2024-02-09,Friday,6,9,40,2024-02-04,N,2024,2,February,1,2024,1,2,P02,5,1,34,N,H1,2024-01-07,2025-01-04,2024-01-07,2024-04-06,2024-02-04,2024-03-09,2024-01-07,2024-07-06,34,6,34,2023-02-03
2024-02-10,Saturday,7,10,41,2024-02-04,Y,2024,2,February,1,2024,1,2,P02,5,1,35,N,H1,2024-01-07,2025-01-04,2024-01-07,2024-04-06,2024-02-04,2024-03-09,2024-01-07,2024-07-06,35,7,35,2023-02-04
2024-02-11,Sunday,1,11,42,2024-02-11,Y,2024,2,February,1,2024,1,2,P02,6,2,36,N,H1,2024-01-07,2025-01-04,2024-01-07,2024-04-06,2024-02-04,2024-03-09,2024-01-07,2024-07-06,36,8,36,2023-02-05
2024-02-12,Monday,2,12,43,2024-02-11,N,2024,2,February,1,2024,1,2,P02,6,2,37,N,H1,2024-01-07,2025-01-04,2024-01-07,2024-04-06,2024-02-04,2024-03-09,2024-01-07,2024-07-06,37,9,37,2023-02-06
2024-02-13,Tuesday,3,13,44,2024-02-11,N,2024,2,February,1,2024,1,2,P02,6,2,38,N,H1,2024-01-07,2025-01-04,2024-01-07,2024-04-06,2024-02-04,2024-03-09,2024-01-07,2024-07-06,38,10,38,2023-02-07
2024-02-14,Wednesday,4,14,45,2024-02-11,N,2024,2,February,1,2024,1,2,P02,6,2,39,N,H1,2024-01-07,2025-01-04,2024-01-07,2024-04-06,2024-02-04,2024-03-09,2024-01-07,2024-07-06,39,11,39,2023-02-08
2024-02-15,Thursday,5,15,46,2024-02-11,N,2024,2,February,1,2024,1,2,P02,6,2,40,N,H1,2024-01-07,2025-01-04,2024-01-07,2024-04-06,2024-02-04,2024-03-09,2024-01-07,2024-07-06,40,12,40,2023-02-09
2024-02-16,Friday,6,16,47,2024-02-11,N,2024,2,February,1,2024,1,2,P02,6,2,41,N,H1,2024-01-07,2025-01-04,2024-01-07,2024-04-06,2024-02-04,2024-03-09,2024-01-07,2024-07-06,41,13,41,2023-02-10
2024-02-17,Saturday,7,17,48,2024-02-11,Y,2024,2,February,1,2024,1,2,P02,6,2,42,N,H1,2024-01-07,2025-01-04,2024-01-07,2024-04-06,2024-02-04,2024-03-09,2024-01-07,2024-07-06,42,14,42,2023-02-11
2024-02-18,Sunday,1,18,49,2024-02-18,Y,2024,2,February,1,2024,1,2,P02,7,3,43,N,H1,2024-01-07,2025-01-04,2024-01-07,2024-04-06,2024-02-04,2024-03-09,2024-01-07,2024-07-06,43,15,43,2023-02-12
2024-02-19,Monday,2,19,50,2024-02-18,N,2024,2,February,1,2024,1,2,P02,7,3,44,N,H1,2024-01-07,2025-01-04,2024-01-07,2024-04-06,2024-02-04,2024-03-09,2024-01-07,2024-07-06,44,16,44,2023-02-13
2024-02-20,Tuesday,3,20,51,2024-02-18,N,2024,2,February,1,2024,1,2,P02,7,3,45,N,H1,2024-01-07,2025-01-04,2024-01-07,2024-04-06,2024-02-04,2024-03-09,2024-01-07,2024-07-06,45,17,45,2023-02-14
2024-02-21,Wednesday,4,21,52,2024-02-18,N,2024,2,February,1,2024,1,2,P02,7,3,46,N,H1,2024-01-07,2025-01-04,2024-01-07,2024-04-06,2024-02-04,2024-03-09,2024-01-07,2024-07-06,46,18,46,2023-02-15
2024-02-22,Thursday,5,22,53,2024-02-18,N,2024,2,February,1,2024,1,2,P02,7,3,47,N,H1,2024-01-07,2025-01-04,2024-01-07,2024-04-06,2024-02-04,2024-03-09,2024-01-07,2024-07-06,47,19,47,2023-02-16
2024-02-23,Friday,6,23,54,2024-02-18,N,2024,2,February,1,2024,1,2,P02,7,3,48,N,H1,2024-01-07,2025-01-04,2024-01-07,2024-04-06,2024-02-04,2024-03-09,2024-01-07,2024-07-06,48,20,48,2023-02-17
2024-02-24,Saturday,7,24,55,2024-02-18,Y,2024,2,February,1,2024,1,2,P02,7,3,49,N,H1,2024-01-07,2025-01-04,2024-01-07,2024-04-06,2024-02-04,2024-03-09,2024-01-07,2024-07-06,49,21,49,2023-02-18
2024-02-25,Sunday,1,25,56,2024-02-25,Y,2024,2,February,1,2024,1,2,P02,8,4,50,N,H1,2024-01-07,2025-01-04,2024-01-07,2024-04-06,2024-02-04,2024-03-09,2024-01-07,2024-07-06,50,22,50,2023-02-19
2024-02-26,Monday,2,26,57,2024-02-25,N,2024,2,February,1,2024,1,2,P02,8,4,51,N,H1,2024-01-07,2025-01-04,2024-01-07,2024-04-06,2024-02-04,2024-03-09,2024-01-07,2024-07-06,51,23,51,2023-02-20
2024-02-27,Tuesday,3,27,58,2024-02-25,N,2024,2,February,1,2024,1,2,P02,8,4,52,N,H1,2024-01-07,2025-01-04,2024-01-07,2024-04-06,2024-02-04,2024-03-09,2024-01-07,2024-07-06,52,24,52,2023-02-21
2024-02-28,Wednesday,4,28,59,2024-02-25,N,2024,2,February,1,2024,1,2,P02,8,4,53,N,H1,2024-01-07,2025-01-04,2024-01-07,2024-04-06,2024-02-04,2024-03-09,2024-01-07,2024-07-06,53,25,53,2023-02-22
2024-02-29,Thursday,5,29,60,2024-02-25,N,2024,2,February,1,2024,1,2,P02,8,4,54,N,H1,2024-01-07,2025-01-04,2024-01-07,2024-04-06,2024-02-04,2024-03-09,2024-01-07,2024-07-06,54,26,54,2023-02-23
2024-03-01,Friday,6,1,61,2024-02-25,N,2024,3,March,1,2024,1,2,P02,8,4,55,N,H1,2024-01-07,2025-01-04,2024-01-07,2024-04-06,2024-02-04,2024-03-09,2024-01-07,2024-07-06,55,27,55,2023-02-24
2024-03-02,Saturday,7,2,62,2024-02-25,Y,2024,3,March,1,2024,1,2,P02,8,4,56,N,H1,2024-01-07,2025-01-04,2024-01-07,2024-04-06,2024-02-04,2024-03-09,2024-01-07,2024-07-06,56,28,56,2023-02-25
2024-03-03,Sunday,1,3,63,2024-03-03,Y,2024,3,March,1,2024,1,2,P02,9,5,57,N,H1,2024-01-07,2025-01-04,2024-01-07,2024-04-06,2024-02-04,2024-03-09,2024-01-07,2024-07-06,57,29,57,2023-02-26
2024-03-04,Monday,2,4,64,2024-03-03,N,2024,3,March,1,2024,1,2,P02,9,5,58,N,H1,2024-01-07,2025-01-04,2024-01-07,2024-04-06,2024-02-04,2024-03-09,2024-01-07,2024-07-06,58,30,58,2023-02-27
2024-03-05,Tuesday,3,5,65,2024-03-03,N,2024,3,March,1,2024,1,2,P02,9,5,59,N,H1,2024-01-07,2025-01-04,2024-01-07,2024-04-06,2024-02-04,2024-03-09,2024-01-07,2024-07-06,59,31,59,2023-02-28
2024-03-06,Wednesday,4,6,66,2024-03-03,N,2024,3,March,1,2024,1,2,P02,9,5,60,N,H1,2024-01-07,2025-01-04,2024-01-07,2024-04-06,2024-02-04,2024-03-09,2024-01-07,2024-07-06,60,32,60,2023-03-01
2024-03-07,Thursday,5,7,67,2024-03-03,N,2024,3,March,1,2024,1,2,P02,9,5,61,N,H1,2024-01-07,2025-01-04,2024-01-07,2024-04-06,2024-02-04,2024-03-09,2024-01-07,2024-07-06,61,33,61,2023-03-02
2024-03-08,Friday,6,8,68,2024-03-03,N,2024,3,March,1,2024,1,2,P02,9,5,62,N,H1,2024-01-07,2025-01-04,2024-01-07,2024-04-06,2024-02-04,2024-03-09,2024-01-07,2024-07-06,62,34,62,2023-03-03
2024-03-09,Saturday,7,9,69,2024-03-03,Y,2024,3,March,1,2024,1,2,P02,9,5,63,N,H1,2024-01-07,2025-01-04,2024-01-07,2024-04-06,2024-02-04,2024-03-09,2024-01-07,2024-07-06,63,35,63,2023-03-04
2024-03-10,Sunday,1,10,70,2024-03-10,Y,2024,3,March,1,2024,1,3,P03,10,1,64,N,H1,2024-01-07,2025-01-04,2024-01-07,2024-04-06,2024-03-10,2024-04-06,2024-01-07,2024-07-06,64,1,64,2023-03-05
2024-03-11,Monday,2,11,71,2024-03-10,N,2024,3,March,1,2024,1,3,P03,10,1,65,N,H1,2024-01-07,2025-01-04,2024-01-07,2024-04-06,2024-03-10,2024-04-06,2024-01-07,2024-07-06,65,2,65,2023-03-06
2024-03-12,Tuesday,3,12,72,2024-03-10,N,2024,3,March,1,2024,1,3,P03,10,1,66,N,H1,2024-01-07,2025-01-04,2024-01-07,2024-04-06,2024-03-10,2024-04-06,2024-01-07,2024-07-06,66,3,66,2023-03-07
2024-03-13,Wednesday,4,13,73,2024-03-10,N,2024,3,March,1,2024,1,3,P03,10,1,67,N,H1,2024-01-07,2025-01-04,2024-01-07,2024-04-06,2024-03-10,2024-04-06,2024-01-07,2024-07-06,67,4,67,2023-03-08
2024-03-14,Thursday,5,14,74,2024-03-10,N,2024,3,March,1,2024,1,3,P03,10,1,68,N,H1,2024-01-07,2025-01-04,2024-01-07,2024-04-06,2024-03-10,2024-04-06,2024-01-07,2024-07-06,68,5,68,2023-03-09
2024-03-15,Friday,6,15,75,2024-03-10,N,2024,3,March,1,2024,1,3,P03,10,1,69,N,H1,2024-01-07,2025-01-04,2024-01-07,2024-04-06,2024-03-10,2024-04-06,2024-01-07,2024-07-06,69,6,69,2023-03-10
2024-03-16,Saturday,7,16,76,2024-03-10,Y,2024,3,March,1,2024,1,3,P03,10,1,70,N,H1,2024-01-07,2025-01-04,2024-01-07,2024-04-06,2024-03-10,2024-04-06,2024-01-07,2024-07-06,70,7,70,2023-03-11
2024-03-17,Sunday,1,17,77,2024-03-17,Y,2024,3,March,1,2024,1,3,P03,11,2,71,N,H1,2024-01-07,2025-01-04,2024-01-07,2024-04-06,2024-03-10,2024-04-06,2024-01-07,2024-07-06,71,8,71,2023-03-12
2024-03-18,Monday,2,18,78,2024-03-17,N,2024,3,March,1,2024,1,3,P03,11,2,72,N,H1,2024-01-07,2025-01-04,2024-01-07,2024-04-06,2024-03-10,2024-04-06,2024-01-07,2024-07-06,72,9,72,2023-03-13
2024-03-19,Tuesday,3,19,79,2024-03-17,N,2024,3,March,1,2024,1,3,P03,11,2,73,N,H1,2024-01-07,2025-01-04,2024-01-07,2024-04-06,2024-03-10,2024-04-06,2024-01-07,2024-07-06,73,10,73,2023-03-14
2024-03-20,Wednesday,4,20,80,2024-03-17,N,2024,3,March,1,2024,1,3,P03,11,2,74,N,H1,2024-01-07,2025-01-04,2024-01-07,2024-04-06,2024-03-10,2024-04-06,2024-01-07,2024-07-06,74,11,74,2023-03-15
2024-03-21,Thursday,5,21,81,2024-03-17,N,2024,3,March,1,2024,1,3,P03,11,2,75,N,H1,2024-01-07,2025-01-04,2024-01-07,2024-04-06,2024-03-10,2024-04-06,2024-01-07,2024-07-06,75,12,75,2023-03-16
2024-03-22,Friday,6,22,82,2024-03-17,N,2024,3,March,1,2024,1,3,P03,11,2,76,N,H1,2024-01-07,2025-01-04,2024-01-07,2024-04-06,2024-03-10,2024-04-06,2024-01-07,2024-07-06,76,13,76,2023-03-17
2024-03-23,Saturday,7,23,83,2024-03-17,Y,2024,3,March,1,2024,1,3,P03,11,2,77,N,H1,2024-01-07,2025-01-04,2024-01-07,2024-04-06,2024-03-10,2024-04-06,2024-01-07,2024-07-06,77,14,77,2023-03-18
2024-03-24,Sunday,1,24,84,2024-03-24,Y,2024,3,March,1,2024,1,3,P03,12,3,78,N,H1,2024-01-07,2025-01-04,2024-01-07,2024-04-06,2024-03-10,2024-04-06,2024-01-07,2024-07-06,78,15,78,2023-03-19
2024-03-25,Monday,2,25,85,2024-03-24,N,2024,3,March,1,2024,1,3,P03,12,3,79,N,H1,2024-01-07,2025-01-04,2024-01-07,2024-04-06,2024-03-10,2024-04-06,2024-01-07,2024-07-06,79,16,79,2023-03-20
2024-03-26,Tuesday,3,26,86,2024-03-24,N,2024,3,March,1,2024,1,3,P03,12,3,80,N,H1,2024-01-07,2025-01-04,2024-01-07,2024-04-06,2024-03-10,2024-04-06,2024-01-07,2024-07-06,80,17,80,2023-03-21
2024-03-27,Wednesday,4,27,87,2024-03-24,N,2024,3,March,1,2024,1,3,P03,12,3,81,N,H1,2024-01-07,2025-01-04,2024-01-07,2024-04-06,2024-03-10,2024-04-06,2024-01-07,2024-07-06,81,18,81,2023-03-22
2024-03-28,Thursday,5,28,88,2024-03-24,N,2024,3,March,1,2024,1,3,P03,12,3,82,N,H1,2024-01-07,2025-01-04,2024-01-07,2024-04-06,2024-03-10,2024-04-06,2024-01-07,2024-07-06,82,19,82,2023-03-23
2024-03-29,Friday,6,29,89,2024-03-24,N,2024,3,March,1,2024,1,3,P03,12,3,83,N,H1,2024-01-07,2025-01-04,2024-01-07,2024-04-06,2024-03-10,2024-04-06,2024-01-07,2024-07-06,83,20,83,2023-03-24
2024-03-30,Saturday,7,30,90,2024-03-24,Y,2024,3,March,1,2024,1,3,P03,12,3,84,N,H1,2024-01-07,2025-01-04,2024-01-07,2024-04-06,2024-03-10,2024-04-06,2024-01-07,2024-07-06,84,21,84,2023-03-25
2024-03-31,Sunday,1,31,91,2024-03-31,Y,2024,3,March,1,2024,1,3,P03,13,4,85,N,H1,2024-01-07,2025-01-04,2024-01-07,2024-04-06,2024-03-10,2024-04-06,2024-01-07,2024-07-06,85,22,85,2023-03-26
2024-04-01,Monday,2,1,92,2024-03-31,N,2024,4,April,2,2024,1,3,P03,13,4,86,N,H1,2024-01-07,2025-01-04,2024-01-07,2024-04-06,2024-03-10,2024-04-06,2024-01-07,2024-07-06,86,23,86,2023-03-27
2024-04-02,Tuesday,3,2,93,2024-03-31,N,2024,4,April,2,2024,1,3,P03,13,4,87,N,H1,2024-01-07,2025-01-04,2024-01-07,2024-04-06,2024-03-10,2024-04-06,2024-01-07,2024-07-06,87,24,87,2023-03-28
2024-04-03,Wednesday,4,3,94,2024-03-31,N,2024,4,April,2,2024,1,3,P03,13,4,88,N,H1,2024-01-07,2025-01-04,2024-01-07,2024-04-06,2024-03-10,2024-04-06,2024-01-07,2024-07-06,88,25,88,2023-03-29
2024-04-04,Thursday,5,4,95,2024-03-31,N,2024,4,April,2,2024,1,3,P03,13,4,89,N,H1,2024-01-07,2025-01-04,2024-01-07,2024-04-06,2024-03-10,2024-04-06,2024-01-07,2024-07-06,89,26,89,2023-03-30
2024-04-05,Friday,6,5,96,2024-03-31,N,2024,4,April,2,2024,1,3,P03,13,4,90,N,H1,2024-01-07,2025-01-04,2024-01-07,2024-04-06,2024-03-10,2024-04-06,2024-01-07,2024-07-06,90,27,90,2023-03-31
2024-04-06,Saturday,7,6,97,2024-03-31,Y,2024,4,April,2,2024,1,3,P03,13,4,91,N,H1,2024-01-07,2025-01-04,2024-01-07,2024-04-06,2024-03-10,2024-04-06,2024-01-07,2024-07-06,91,28,91,2023-04-01
2024-04-07,Sunday,1,7,98,2024-04-07,Y,2024,4,April,2,2024,2,4,P04,14,1,92,N,H1,2024-01-07,2025-01-04,2024-04-07,2024-07-06,2024-04-07,2024-05-04,2024-01-07,2024-07-06,1,1,92,2023-04-02
2024-04-08,Monday,2,8,99,2024-04-07,N,2024,4,April,2,2024,2,4,P04,14,1,93,N,H1,2024-01-07,2025-01-04,2024-04-07,2024-07-06,2024-04-07,2024-05-04,2024-01-07,2024-07-06,2,2,93,2023-04-03
2024-04-09,Tuesday,3,9,100,2024-04-07,N,2024,4,April,2,2024,2,4,P04,14,1,94,N,H1,2024-01-07,2025-01-04,2024-04-07,2024-07-06,2024-04-07,2024-05-04,2024-01-07,2024-07-06,3,3,94,2023-04-04
2024-04-10,Wednesday,4,10,101,2024-04-07,N,2024,4,April,2,2024,2,4,P04,14,1,95,N,H1,2024-01-07,2025-01-04,2024-04-07,2024-07-06,2024-04-07,2024-05-04,2024-01-07,2024-07-06,4,4,95,2023-04-05
2024-04-11,Thursday,5,11,102,2024-04-07,N,2024,4,April,2,2024,2,4,P04,14,1,96,N,H1,2024-01-07,2025-01-04,2024-04-07,2024-07-06,2024-04-07,2024-05-04,2024-01-07,2024-07-06,5,5,96,2023-04-06
2024-04-12,Friday,6,12,103,2024-04-07,N,2024,4,April,2,2024,2,4,P04,14,1,97,N,H1,2024-01-07,2025-01-04,2024-04-07,2024-07-06,2024-04-07,2024-05-04,2024-01-07,2024-07-06,6,6,97,2023-04-07
2024-04-13,Saturday,7,13,104,2024-04-07,Y,2024,4,April,2,2024,2,4,P04,14,1,98,N,H1,2024-01-07,2025-01-04,2024-04-07,2024-07-06,2024-04-07,2024-05-04,2024-01-07,2024-07-06,7,7,98,2023-04-08
2024-04-14,Sunday,1,14,105,2024-04-14,Y,2024,4,April,2,2024,2,4,P04,15,2,99,N,H1,2024-01-07,2025-01-04,2024-04-07,2024-07-06,2024-04-07,2024-05-04,2024-01-07,2024-07-06,8,8,99,2023-04-09
2024-04-15,Monday,2,15,106,2024-04-14,N,2024,4,April,2,2024,2,4,P04,15,2,100,N,H1,2024-01-07,2025-01-04,2024-04-07,2024-07-06,2024-04-07,2024-05-04,2024-01-07,2024-07-06,9,9,100,2023-04-10
2024-04-16,Tuesday,3,16,107,2024-04-14,N,2024,4,April,2,2024,2,4,P04,15,2,101,N,H1,2024-01-07,2025-01-04,2024-04-07,2024-07-06,2024-04-07,2024-05-04,2024-01-07,2024-07-06,10,10,101,2023-04-11
2024-04-17,Wednesday,4,17,108,2024-04-14,N,2024,4,April,2,2024,2,4,P04,15,2,102,N,H1,2024-01-07,2025-01-04,2024-04-07,2024-07-06,2024-04-07,2024-05-04,2024-01-07,2024-07-06,11,11,102,2023-04-12
2024-04-18,Thursday,5,18,109,2024-04-14,N,2024,4,April,2,2024,2,4,P04,15,2,103,N,H1,2024-01-07,2025-01-04,2024-04-07,2024-07-06,2024-04-07,2024-05-04,2024-01-07,2024-07-06,12,12,103,2023-04-13
2024-04-19,Friday,6,19,110,2024-04-14,N,2024,4,April,2,2024,2,4,P04,15,2,104,N,H1,2024-01-07,2025-01-04,2024-04-07,2024-07-06,2024-04-07,2024-05-04,2024-01-07,2024-07-06,13,13,104,2023-04-14
2024-04-20,Saturday,7,20,111,2024-04-14,Y,2024,4,April,2,2024,2,4,P04,15,2,105,N,H1,2024-01-07,2025-01-04,2024-04-07,2024-07-06,2024-04-07,2024-05-04,2024-01-07,2024-07-06,14,14,105,2023-04-15
2024-04-21,Sunday,1,21,112,2024-04-21,Y,2024,4,April,2,2024,2,4,P04,16,3,106,N,H1,2024-01-07,2025-01-04,2024-04-07,2024-07-06,2024-04-07,2024-05-04,2024-01-07,2024-07-06,15,15,106,2023-04-16
2024-04-22,Monday,2,22,113,2024-04-21,N,2024,4,April,2,2024,2,4,P04,16,3,107,N,H1,2024-01-07,2025-01-04,2024-04-07,2024-07-06,2024-04-07,2024-05-04,2024-01-07,2024-07-06,16,16,107,2023-04-17
2024-04-23,Tuesday,3,23,114,2024-04-21,N,2024,4,April,2,2024,2,4,P04,16,3,108,N,H1,2024-01-07,2025-01-04,2024-04-07,2024-07-06,2024-04-07,2024-05-04,2024-01-07,2024-07-06,17,17,108,2023-04-18
2024-04-24,Wednesday,4,24,115,2024-04-21,N,2024,4,April,2,2024,2,4,P04,16,3,109,N,H1,2024-01-07,2025-01-04,2024-04-07,2024-07-06,2024-04-07,2024-05-04,2024-01-07,2024-07-06,18,18,109,2023-04-19
2024-04-25,Thursday,5,25,116,2024-04-21,N,2024,4,April,2,2024,2,4,P04,16,3,110,N,H1,2024-01-07,2025-01-04,2024-04-07,2024-07-06,2024-04-07,2024-05-04,2024-01-07,2024-07-06,19,19,110,2023-04-20
2024-04-26,Friday,6,26,117,2024-04-21,N,2024,4,April,2,2024,2,4,P04,16,3,111,N,H1,2024-01-07,2025-01-04,2024-04-07,2024-07-06,2024-04-07,2024-05-04,2024-01-07,2024-07-06,20,20,111,2023-04-21
2024-04-27,Saturday,7,27,118,2024-04-21,Y,2024,4,April,2,2024,2,4,P04,16,3,112,N,H1,2024-01-07,2025-01-04,2024-04-07,2024-07-06,2024-04-07,2024-05-04,2024-01-07,2024-07-06,21,21,112,2023-04-22
2024-04-28,Sunday,1,28,119,2024-04-28,Y,2024,4,April,2,2024,2,4,P04,17,4,113,N,H1,2024-01-07,2025-01-04,2024-04-07,2024-07-06,2024-04-07,2024-05-04,2024-01-07,2024-07-06,22,22,113,2023-04-23
2024-04-29,Monday,2,29,120,2024-04-28,N,2024,4,April,2,2024,2,4,P04,17,4,114,N,H1,2024-01-07,2025-01-04,2024-04-07,2024-07-06,2024-04-07,2024-05-04,2024-01-07,2024-07-06,23,23,114,2023-04-24
2024-04-30,Tuesday,3,30,121,2024-04-28,N,2024,4,April,2,2024,2,4,P04,17,4,115,N,H1,2024-01-07,2025-01-04,2024-04-07,2024-07-06,2024-04-07,2024-05-04,2024-01-07,2024-07-06,24,24,115,2023-04-25
2024-05-01,Wednesday,4,1,122,2024-04-28,N,2024,5,May,2,2024,2,4,P04,17,4,116,N,H1,2024-01-07,2025-01-04,2024-04-07,2024-07-06,2024-04-07,2024-05-04,2024-01-07,2024-07-06,25,25,116,2023-04-26
2024-05-02,Thursday,5,2,123,2024-04-28,N,2024,5,May,2,2024,2,4,P04,17,4,117,N,H1,2024-01-07,2025-01-04,2024-04-07,2024-07-06,2024-04-07,2024-05-04,2024-01-07,2024-07-06,26,26,117,2023-04-27
2024-05-03,Friday,6,3,124,2024-04-28,N,2024,5,May,2,2024,2,4,P04,17,4,118,N,H1,2024-01-07,2025-01-04,2024-04-07,2024-07-06,2024-04-07,2024-05-04,2024-01-07,2024-07-06,27,27,118,2023-04-28
2024-05-04,Saturday,7,4,125,2024-04-28,Y,2024,5,May,2,2024,2,4,P04,17,4,119,N,H1,2024-01-07,2025-01-04,2024-04-07,2024-07-06,2024-04-07,2024-05-04,2024-01-07,2024-07-06,28,28,119,2023-04-29
2024-05-05,Sunday,1,5,126,2024-05-05,Y,2024,5,May,2,2024,2,5,P05,18,1,120,N,H1,2024-01-07,2025-01-04,2024-04-07,2024-07-06,2024-05-05,2024-06-08,2024-01-07,2024-07-06,29,1,120,2023-04-30
2024-05-06,Monday,2,6,127,2024-05-05,N,2024,5,May,2,2024,2,5,P05,18,1,121,N,H1,2024-01-07,2025-01-04,2024-04-07,2024-07-06,2024-05-05,2024-06-08,2024-01-07,2024-07-06,30,2,121,2023-05-01
2024-05-07,Tuesday,3,7,128,2024-05-05,N,2024,5,May,2,2024,2,5,P05,18,1,122,N,H1,2024-01-07,2025-01-04,2024-04-07,2024-07-06,2024-05-05,2024-06-08,2024-01-07,2024-07-06,31,3,122,2023-05-02
2024-05-08,Wednesday,4,8,129,2024-05-05,N,2024,5,May,2,2024,2,5,P05,18,1,123,N,H1,2024-01-07,2025-01-04,2024-04-07,2024-07-06,2024-05-05,2024-06-08,2024-01-07,2024-07-06,32,4,123,2023-05-03
2024-05-09,Thursday,5,9,130,2024-05-05,N,2024,5,May,2,2024,2,5,P05,18,1,124,N,H1,2024-01-07,2025-01-04,2024-04-07,2024-07-06,2024-05-05,2024-06-08,2024-01-07,2024-07-06,33,5,124,2023-05-04
2024-05-10,Friday,6,10,131,2024-05-05,N,2024,5,May,2,2024,2,5,P05,18,1,125,N,H1,2024-01-07,2025-01-04,2024-04-07,2024-07-06,2024-05-05,2024-06-08,2024-01-07,2024-07-06,34,6,125,2023-05-05
2024-05-11,Saturday,7,11,132,2024-05-05,Y,2024,5,May,2,2024,2,5,P05,18,1,126,N,H1,2024-01-07,2025-01-04,2024-04-07,2024-07-06,2024-05-05,2024-06-08,2024-01-07,2024-07-06,35,7,126,2023-05-06
2024-05-12,Sunday,1,12,133,2024-05-12,Y,2024,5,May,2,2024,2,5,P05,19,2,127,N,H1,2024-01-07,2025-01-04,2024-04-07,2024-07-06,2024-05-05,2024-06-08,2024-01-07,2024-07-06,36,8,127,2023-05-07
2024-05-13,Monday,2,13,134,2024-05-12,N,2024,5,May,2,2024,2,5,P05,19,2,128,N,H1,2024-01-07,2025-01-04,2024-04-07,2024-07-06,2024-05-05,2024-06-08,2024-01-07,2024-07-06,37,9,128,2023-05-08
2024-05-14,Tuesday,3,14,135,2024-05-12,N,2024,5,May,2,2024,2,5,P05,19,2,129,N,H1,2024-01-07,2025-01-04,2024-04-07,2024-07-06,2024-05-05,2024-06-08,2024-01-07,2024-07-06,38,10,129,2023-05-09
2024-05-15,Wednesday,4,15,136,2024-05-12,N,2024,5,May,2,2024,2,5,P05,19,2,130,N,H1,2024-01-07,2025-01-04,2024-04-07,2024-07-06,2024-05-05,2024-06-08,2024-01-07,2024-07-06,39,11,130,2023-05-10
2024-05-16,Thursday,5,16,137,2024-05-12,N,2024,5,May,2,2024,2,5,P05,19,2,131,N,H1,2024-01-07,2025-01-04,2024-04-07,2024-07-06,2024-05-05,2024-06-08,2024-01-07,2024-07-06,40,12,131,2023-05-11
2024-05-17,Friday,6,17,138,2024-05-12,N,2024,5,May,2,2024,2,5,P05,19,2,132,N,H1,2024-01-07,2025-01-04,2024-04-07,2024-07-06,2024-05-05,2024-06-08,2024-01-07,2024-07-06,41,13,132,2023-05-12
2024-05-18,Saturday,7,18,139,2024-05-12,Y,2024,5,May,2,2024,2,5,P05,19,2,133,N,H1,2024-01-07,2025-01-04,2024-04-07,2024-07-06,2024-05-05,2024-06-08,2024-01-07,2024-07-06,42,14,133,2023-05-13
2024-05-19,Sunday,1,19,140,2024-05-19,Y,2024,5,May,2,2024,2,5,P05,20,3,134,N,H1,2024-01-07,2025-01-04,2024-04-07,2024-07-06,2024-05-05,2024-06-08,2024-01-07,2024-07-06,43,15,134,2023-05-14
2024-05-20,Monday,2,20,141,2024-05-19,N,2024,5,May,2,2024,2,5,P05,20,3,135,N,H1,2024-01-07,2025-01-04,2024-04-07,2024-07-06,2024-05-05,2024-06-08,2024-01-07,2024-07-06,44,16,135,2023-05-15
2024-05-21,Tuesday,3,21,142,2024-05-19,N,2024,5,May,2,2024,2,5,P05,20,3,136,N,H1,2024-01-07,2025-01-04,2024-04-07,2024-07-06,2024-05-05,2024-06-08,2024-01-07,2024-07-06,45,17,136,2023-05-16
2024-05-22,Wednesday,4,22,143,2024-05-19,N,2024,5,May,2,2024,2,5,P05,20,3,137,N,H1,2024-01-07,2025-01-04,2024-04-07,2024-07-06,2024-05-05,2024-06-08,2024-01-07,2024-07-06,46,18,137,2023-05-17
2024-05-23,Thursday,5,23,144,2024-05-19,N,2024,5,May,2,2024,2,5,P05,20,3,138,N,H1,2024-01-07,2025-01-04,2024-04-07,2024-07-06,2024-05-05,2024-06-08,2024-01-07,2024-07-06,47,19,138,2023-05-18
2024-05-24,Friday,6,24,145,2024-05-19,N,2024,5,May,2,2024,2,5,P05,20,3,139,N,H1,2024-01-07,2025-01-04,2024-04-07,2024-07-06,2024-05-05,2024-06-08,2024-01-07,2024-07-06,48,20,139,2023-05-19
2024-05-25,Saturday,7,25,146,2024-05-19,Y,2024,5,May,2,2024,2,5,P05,20,3,140,N,H1,2024-01-07,2025-01-04,2024-04-07,2024-07-06,2024-05-05,2024-06-08,2024-01-07,2024-07-06,49,21,140,2023-05-20
2024-05-26,Sunday,1,26,147,2024-05-26,Y,2024,5,May,2,2024,2,5,P05,21,4,141,N,H1,2024-01-07,2025-01-04,2024-04-07,2024-07-06,2024-05-05,2024-06-08,2024-01-07,2024-07-06,50,22,141,2023-05-21
2024-05-27,Monday,2,27,148,2024-05-26,N,2024,5,May,2,2024,2,5,P05,21,4,142,N,H1,2024-01-07,2025-01-04,2024-04-07,2024-07-06,2024-05-05,2024-06-08,2024-01-07,2024-07-06,51,23,142,2023-05-22
2024-05-28,Tuesday,3,28,149,2024-05-26,N,2024,5,May,2,2024,2,5,P05,21,4,143,N,H1,2024-01-07,2025-01-04,2024-04-07,2024-07-06,2024-05-05,2024-06-08,2024-01-07,2024-07-06,52,24,143,2023-05-23
2024-05-29,Wednesday,4,29,150,2024-05-26,N,2024,5,May,2,2024,2,5,P05,21,4,144,N,H1,2024-01-07,2025-01-04,2024-04-07,2024-07-06,2024-05-05,2024-06-08,2024-01-07,2024-07-06,53,25,144,2023-05-24
2024-05-30,Thursday,5,30,151,2024-05-26,N,2024,5,May,2,2024,2,5,P05,21,4,145,N,H1,2024-01-07,2025-01-04,2024-04-07,2024-07-06,2024-05-05,2024-06-08,2024-01-07,2024-07-06,54,26,145,2023-05-25
2024-05-31,Friday,6,31,152,2024-05-26,N,2024,5,May,2,2024,2,5,P05,21,4,146,N,H1,2024-01-07,2025-01-04,2024-04-07,2024-07-06,2024-05-05,2024-06-08,2024-01-07,2024-07-06,55,27,146,2023-05-26
2024-06-01,Saturday,7,1,153,2024-05-26,Y,2024,6,June,2,2024,2,5,P05,21,4,147,N,H1,2024-01-07,2025-01-04,2024-04-07,2024-07-06,2024-05-05,2024-06-08,2024-01-07,2024-07-06,56,28,147,2023-05-27
2024-06-02,Sunday,1,2,154,2024-06-02,Y,2024,6,June,2,2024,2,5,P05,22,5,148,N,H1,2024-01-07,2025-01-04,2024-04-07,2024-07-06,2024-05-05,2024-06-08,2024-01-07,2024-07-06,57,29,148,2023-05-28
2024-06-03,Monday,2,3,155,2024-06-02,N,2024,6,June,2,2024,2,5,P05,22,5,149,N,H1,2024-01-07,2025-01-04,2024-04-07,2024-07-06,2024-05-05,2024-06-08,2024-01-07,2024-07-06,58,30,149,2023-05-29
2024-06-04,Tuesday,3,4,156,2024-06-02,N,2024,6,June,2,2024,2,5,P05,22,5,150,N,H1,2024-01-07,2025-01-04,2024-04-07,2024-07-06,2024-05-05,2024-06-08,2024-01-07,2024-07-06,59,31,150,2023-05-30
2024-06-05,Wednesday,4,5,157,2024-06-02,N,2024,6,June,2,2024,2,5,P05,22,5,151,N,H1,2024-01-07,2025-01-04,2024-04-07,2024-07-06,2024-05-05,2024-06-08,2024-01-07,2024-07-06,60,32,151,2023-05-31
2024-06-06,Thursday,5,6,158,2024-06-02,N,2024,6,June,2,2024,2,5,P05,22,5,152,N,H1,2024-01-07,2025-01-04,2024-04-07,2024-07-06,2024-05-05,2024-06-08,2024-01-07,2024-07-06,61,33,152,2023-06-01
2024-06-07,Friday,6,7,159,2024-06-02,N,2024,6,June,2,2024,2,5,P05,22,5,153,N,H1,2024-01-07,2025-01-04,2024-04-07,2024-07-06,2024-05-05,2024-06-08,2024-01-07,2024-07-06,62,34,153,2023-06-02
2024-06-08,Saturday,7,8,160,2024-06-02,Y,2024,6,June,2,2024,2,5,P05,22,5,154,N,H1,2024-01-07,2025-01-04,2024-04-07,2024-07-06,2024-05-05,2024-06-08,2024-01-07,2024-07-06,63,35,154,2023-06-03
2024-06-09,Sunday,1,9,161,2024-06-09,Y,2024,6,June,2,2024,2,6,P06,23,1,155,N,H1,2024-01-07,2025-01-04,2024-04-07,2024-07-06,2024-06-09,2024-07-06,2024-01-07,2024-07-06,64,1,155,2023-06-04
2024-06-10,Monday,2,10,162,2024-06-09,N,2024,6,June,2,2024,2,6,P06,23,1,156,N,H1,2024-01-07,2025-01-04,2024-04-07,2024-07-06,2024-06-09,2024-07-06,2024-01-07,2024-07-06,65,2,156,2023-06-05
2024-06-11,Tuesday,3,11,163,2024-06-09,N,2024,6,June,2,2024,2,6,P06,23,1,157,N,H1,2024-01-07,2025-01-04,2024-04-07,2024-07-06,2024-06-09,2024-07-06,2024-01-07,2024-07-06,66,3,157,2023-06-06
2024-06-12,Wednesday,4,12,164,2024-06-09,N,2024,6,June,2,2024,2,6,P06,23,1,158,N,H1,2024-01-07,2025-01-04,2024-04-07,2024-07-06,2024-06-09,2024-07-06,2024-01-07,2024-07-06,67,4,158,2023-06-07
2024-06-13,Thursday,5,13,165,2024-06-09,N,2024,6,June,2,2024,2,6,P06,23,1,159,N,H1,2024-01-07,2025-01-04,2024-04-07,2024-07-06,2024-06-09,2024-07-06,2024-01-07,2024-07-06,68,5,159,2023-06-08
2024-06-14,Friday,6,14,166,2024-06-09,N,2024,6,June,2,2024,2,6,P06,23,1,160,N,H1,2024-01-07,2025-01-04,2024-04-07,2024-07-06,2024-06-09,2024-07-06,2024-01-07,2024-07-06,69,6,160,2023-06-09
2024-06-15,Saturday,7,15,167,2024-06-09,Y,2024,6,June,2,2024,2,6,P06,23,1,161,N,H1,2024-01-07,2025-01-04,2024-04-07,2024-07-06,2024-06-09,2024-07-06,2024-01-07,2024-07-06,70,7,161,2023-06-10
2024-06-16,Sunday,1,16,168,2024-06-16,Y,2024,6,June,2,2024,2,6,P06,24,2,162,N,H1,2024-01-07,2025-01-04,2024-04-07,2024-07-06,2024-06-09,2024-07-06,2024-01-07,2024-07-06,71,8,162,2023-06-11
2024-06-17,Monday,2,17,169,2024-06-16,N,2024,6,June,2,2024,2,6,P06,24,2,163,N,H1,2024-01-07,2025-01-04,2024-04-07,2024-07-06,2024-06-09,2024-07-06,2024-01-07,2024-07-06,72,9,163,2023-06-12
2024-06-18,Tuesday,3,18,170,2024-06-16,N,2024,6,June,2,2024,2,6,P06,24,2,164,N,H1,2024-01-07,2025-01-04,2024-04-07,2024-07-06,2024-06-09,2024-07-06,2024-01-07,2024-07-06,73,10,164,2023-06-13
2024-06-19,Wednesday,4,19,171,2024-06-16,N,2024,6,June,2,2024,2,6,P06,24,2,165,N,H1,2024-01-07,2025-01-04,2024-04-07,2024-07-06,2024-06-09,2024-07-06,2024-01-07,2024-07-06,74,11,165,2023-06-14
2024-06-20,Thursday,5,20,172,2024-06-16,N,2024,6,June,2,2024,2,6,P06,24,2,166,N,H1,2024-01-07,2025-01-04,2024-04-07,2024-07-06,2024-06-09,2024-07-06,2024-01-07,2024-07-06,75,12,166,2023-06-15
2024-06-21,Friday,6,21,173,2024-06-16,N,2024,6,June,2,2024,2,6,P06,24,2,167,N,H1,2024-01-07,2025-01-04,2024-04-07,2024-07-06,2024-06-09,2024-07-06,2024-01-07,2024-07-06,76,13,167,2023-06-16
2024-06-22,Saturday,7,22,174,2024-06-16,Y,2024,6,June,2,2024,2,6,P06,24,2,168,N,H1,2024-01-07,2025-01-04,2024-04-07,2024-07-06,2024-06-09,2024-07-06,2024-01-07,2024-07-06,77,14,168,2023-06-17
2024-06-23,Sunday,1,23,175,2024-06-23,Y,2024,6,June,2,2024,2,6,P06,25,3,169,N,H1,2024-01-07,2025-01-04,2024-04-07,2024-07-06,2024-06-09,2024-07-06,2024-01-07,2024-07-06,78,15,169,2023-06-18
2024-06-24,Monday,2,24,176,2024-06-23,N,2024,6,June,2,2024,2,6,P06,25,3,170,N,H1,2024-01-07,2025-01-04,2024-04-07,2024-07-06,2024-06-09,2024-07-06,2024-01-07,2024-07-06,79,16,170,2023-06-19
2024-06-25,Tuesday,3,25,177,2024-06-23,N,2024,6,June,2,2024,2,6,P06,25,3,171,N,H1,2024-01-07,2025-01-04,2024-04-07,2024-07-06,2024-06-09,2024-07-06,2024-01-07,2024-07-06,80,17,171,2023-06-20
2024-06-26,Wednesday,4,26,178,2024-06-23,N,2024,6,June,2,2024,2,6,P06,25,3,172,N,H1,2024-01-07,2025-01-04,2024-04-07,2024-07-06,2024-06-09,2024-07-06,2024-01-07,2024-07-06,81,18,172,2023-06-21
2024-06-27,Thursday,5,27,179,2024-06-23,N,2024,6,June,2,2024,2,6,P06,25,3,173,N,H1,2024-01-07,2025-01-04,2024-04-07,2024-07-06,2024-06-09,2024-07-06,2024-01-07,2024-07-06,82,19,173,2023-06-22
2024-06-28,Friday,6,28,180,2024-06-23,N,2024,6,June,2,2024,2,6,P06,25,3,174,N,H1,2024-01-07,2025-01-04,2024-04-07,2024-07-06,2024-06-09,2024-07-06,2024-01-07,2024-07-06,83,20,174,2023-06-23
2024-06-29,Saturday,7,29,181,2024-06-23,Y,2024,6,June,2,2024,2,6,P06,25,3,175,N,H1,2024-01-07,2025-01-04,2024-04-07,2024-07-06,2024-06-09,2024-07-06,2024-01-07,2024-07-06,84,21,175,2023-06-24
2024-06-30,Sunday,1,30,182,2024-06-30,Y,2024,6,June,2,2024,2,6,P06,26,4,176,N,H1,2024-01-07,2025-01-04,2024-04-07,2024-07-06,2024-06-09,2024-07-06,2024-01-07,2024-07-06,85,22,176,2023-06-25
2024-07-01,Monday,2,1,183,2024-06-30,N,2024,7,July,3,2024,2,6,P06,26,4,177,N,H1,2024-01-07,2025-01-04,2024-04-07,2024-07-06,2024-06-09,2024-07-06,2024-01-07,2024-07-06,86,23,177,2023-06-26
2024-07-02,Tuesday,3,2,184,2024-06-30,N,2024,7,July,3,2024,2,6,P06,26,4,178,N,H1,2024-01-07,2025-01-04,2024-04-07,2024-07-06,2024-06-09,2024-07-06,2024-01-07,2024-07-06,87,24,178,2023-06-27
2024-07-03,Wednesday,4,3,185,2024-06-30,N,2024,7,July,3,2024,2,6,P06,26,4,179,N,H1,2024-01-07,2025-01-04,2024-04-07,2024-07-06,2024-06-09,2024-07-06,2024-01-07,2024-07-06,88,25,179,2023-06-28
2024-07-04,Thursday,5,4,186,2024-06-30,N,2024,7,July,3,2024,2,6,P06,26,4,180,N,H1,2024-01-07,2025-01-04,2024-04-07,2024-07-06,2024-06-09,2024-07-06,2024-01-07,2024-07-06,89,26,180,2023-06-29
2024-07-05,Friday,6,5,187,2024-06-30,N,2024,7,July,3,2024,2,6,P06,26,4,181,N,H1,2024-01-07,2025-01-04,2024-04-07,2024-07-06,2024-06-09,2024-07-06,2024-01-07,2024-07-06,90,27,181,2023-06-30
2024-07-06,Saturday,7,6,188,2024-06-30,Y,2024,7,July,3,2024,2,6,P06,26,4,182,N,H1,2024-01-07,2025-01-04,2024-04-07,2024-07-06,2024-06-09,2024-07-06,2024-01-07,2024-07-06,91,28,182,2023-07-01
2024-07-07,Sunday,1,7,189,2024-07-07,Y,2024,7,July,3,2024,3,7,P07,27,1,183,N,H2,2024-01-07,2025-01-04,2024-07-07,2024-10-05,2024-07-07,2024-08-03,2024-07-07,2025-01-04,1,1,1,2023-07-02
2024-07-08,Monday,2,8,190,2024-07-07,N,2024,7,July,3,2024,3,7,P07,27,1,184,N,H2,2024-01-07,2025-01-04,2024-07-07,2024-10-05,2024-07-07,2024-08-03,2024-07-07,2025-01-04,2,2,2,2023-07-03
2024-07-09,Tuesday,3,9,191,2024-07-07,N,2024,7,July,3,2024,3,7,P07,27,1,185,N,H2,2024-01-07,2025-01-04,2024-07-07,2024-10-05,2024-07-07,2024-08-03,2024-07-07,2025-01-04,3,3,3,2023-07-04
2024-07-10,Wednesday,4,10,192,2024-07-07,N,2024,7,July,3,2024,3,7,P07,27,1,186,N,H2,2024-01-07,2025-01-04,2024-07-07,2024-10-05,2024-07-07,2024-08-03,2024-07-07,2025-01-04,4,4,4,2023-07-05
2024-07-11,Thursday,5,11,193,2024-07-07,N,2024,7,July,3,2024,3,7,P07,27,1,187,N,H2,2024-01-07,2025-01-04,2024-07-07,2024-10-05,2024-07-07,2024-08-03,2024-07-07,2025-01-04,5,5,5,2023-07-06
2024-07-12,Friday,6,12,194,2024-07-07,N,2024,7,July,3,2024,3,7,P07,27,1,188,N,H2,2024-01-07,2025-01-04,2024-07-07,2024-10-05,2024-07-07,2024-08-03,2024-07-07,2025-01-04,6,6,6,2023-07-07
2024-07-13,Saturday,7,13,195,2024-07-07,Y,2024,7,July,3,2024,3,7,P07,27,1,189,N,H2,2024-01-07,2025-01-04,2024-07-07,2024-10-05,2024-07-07,2024-08-03,2024-07-07,2025-01-04,7,7,7,2023-07-08
2024-07-14,Sunday,1,14,196,2024-07-14,Y,2024,7,July,3,2024,3,7,P07,28,2,190,N,H2,2024-01-07,2025-01-04,2024-07-07,2024-10-05,2024-07-07,2024-08-03,2024-07-07,2025-01-04,8,8,8,2023-07-09
2024-07-15,Monday,2,15,197,2024-07-14,N,2024,7,July,3,2024,3,7,P07,28,2,191,N,H2,2024-01-07,2025-01-04,2024-07-07,2024-10-05,2024-07-07,2024-08-03,2024-07-07,2025-01-04,9,9,9,2023-07-10
2024-07-16,Tuesday,3,16,198,2024-07-14,N,2024,7,July,3,2024,3,7,P07,28,2,192,N,H2,2024-01-07,2025-01-04,2024-07-07,2024-10-05,2024-07-07,2024-08-03,2024-07-07,2025-01-04,10,10,10,2023-07-11
2024-07-17,Wednesday,4,17,199,2024-07-14,N,2024,7,July,3,2024,3,7,P07,28,2,193,N,H2,2024-01-07,2025-01-04,2024-07-07,2024-10-05,2024-07-07,2024-08-03,2024-07-07,2025-01-04,11,11,11,2023-07-12
2024-07-18,Thursday,5,18,200,2024-07-14,N,2024,7,July,3,2024,3,7,P07,28,2,194,N,H2,2024-01-07,2025-01-04,2024-07-07,2024-10-05,2024-07-07,2024-08-03,2024-07-07,2025-01-04,12,12,12,2023-07-13
2024-07-19,Friday,6,19,201,2024-07-14,N,2024,7,July,3,2024,3,7,P07,28,2,195,N,H2,2024-01-07,2025-01-04,2024-07-07,2024-10-05,2024-07-07,2024-08-03,2024-07-07,2025-01-04,13,13,13,2023-07-14
2024-07-20,Saturday,7,20,202,2024-07-14,Y,2024,7,July,3,2024,3,7,P07,28,2,196,N,H2,2024-01-07,2025-01-04,2024-07-07,2024-10-05,2024-07-07,2024-08-03,2024-07-07,2025-01-04,14,14,14,2023-07-15
2024-07-21,Sunday,1,21,203,2024-07-21,Y,2024,7,July,3,2024,3,7,P07,29,3,197,N,H2,2024-01-07,2025-01-04,2024-07-07,2024-10-05,2024-07-07,2024-08-03,2024-07-07,2025-01-04,15,15,15,2023-07-16
2024-07-22,Monday,2,22,204,2024-07-21,N,2024,7,July,3,2024,3,7,P07,29,3,198,N,H2,2024-01-07,2025-01-04,2024-07-07,2024-10-05,2024-07-07,2024-08-03,2024-07-07,2025-01-04,16,16,16,2023-07-17
2024-07-23,Tuesday,3,23,205,2024-07-21,N,2024,7,July,3,2024,3,7,P07,29,3,199,N,H2,2024-01-07,2025-01-04,2024-07-07,2024-10-05,2024-07-07,2024-08-03,2024-07-07,2025-01-04,17,17,17,2023-07-18
2024-07-24,Wednesday,4,24,206,2024-07-21,N,2024,7,July,3,2024,3,7,P07,29,3,200,N,H2,2024-01-07,2025-01-04,2024-07-07,2024-10-05,2024-07-07,2024-08-03,2024-07-07,2025-01-04,18,18,18,2023-07-19
2024-07-25,Thursday,5,25,207,2024-07-21,N,2024,7,July,3,2024,3,7,P07,29,3,201,N,H2,2024-01-07,2025-01-04,2024-07-07,2024-10-05,2024-07-07,2024-08-03,2024-07-07,2025-01-04,19,19,19,2023-07-20
2024-07-26,Friday,6,26,208,2024-07-21,N,2024,7,July,3,2024,3,7,P07,29,3,202,N,H2,2024-01-07,2025-01-04,2024-07-07,2024-10-05,2024-07-07,2024-08-03,2024-07-07,2025-01-04,20,20,20,2023-07-21
2024-07-27,Saturday,7,27,209,2024-07-21,Y,2024,7,July,3,2024,3,7,P07,29,3,203,N,H2,2024-01-07,2025-01-04,2024-07-07,2024-10-05,2024-07-07,2024-08-03,2024-07-07,2025-01-04,21,21,21,2023-07-22
2024-07-28,Sunday,1,28,210,2024-07-28,Y,2024,7,July,3,2024,3,7,P07,30,4,204,N,H2,2024-01-07,2025-01-04,2024-07-07,2024-10-05,2024-07-07,2024-08-03,2024-07-07,2025-01-04,22,22,22,2023-07-23
2024-07-29,Monday,2,29,211,2024-07-28,N,2024,7,July,3,2024,3,7,P07,30,4,205,N,H2,2024-01-07,2025-01-04,2024-07-07,2024-10-05,2024-07-07,2024-08-03,2024-07-07,2025-01-04,23,23,23,2023-07-24
2024-07-30,Tuesday,3,30,212,2024-07-28,N,2024,7,July,3,2024,3,7,P07,30,4,206,N,H2,2024-01-07,2025-01-04,2024-07-07,2024-10-05,2024-07-07,2024-08-03,2024-07-07,2025-01-04,24,24,24,2023-07-25
2024-07-31,Wednesday,4,31,213,2024-07-28,N,2024,7,July,3,2024,3,7,P07,30,4,207,N,H2,2024-01-07,2025-01-04,2024-07-07,2024-10-05,2024-07-07,2024-08-03,2024-07-07,2025-01-04,25,25,25,2023-07-26
2024-08-01,Thursday,5,1,214,2024-07-28,N,2024,8,August,3,2024,3,7,P07,30,4,208,N,H2,2024-01-07,2025-01-04,2024-07-07,2024-10-05,2024-07-07,2024-08-03,2024-07-07,2025-01-04,26,26,26,2023-07-27
2024-08-02,Friday,6,2,215,2024-07-28,N,2024,8,August,3,2024,3,7,P07,30,4,209,N,H2,2024-01-07,2025-01-04,2024-07-07,2024-10-05,2024-07-07,2024-08-03,2024-07-07,2025-01-04,27,27,27,2023-07-28
2024-08-03,Saturday,7,3,216,2024-07-28,Y,2024,8,August,3,2024,3,7,P07,30,4,210,N,H2,2024-01-07,2025-01-04,2024-07-07,2024-10-05,2024-07-07,2024-08-03,2024-07-07,2025-01-04,28,28,28,2023-07-29
2024-08-04,Sunday,1,4,217,2024-08-04,Y,2024,8,August,3,2024,3,8,P08,31,1,211,N,H2,2024-01-07,2025-01-04,2024-07-07,2024-10-05,2024-08-04,2024-09-07,2024-07-07,2025-01-04,29,1,29,2023-07-30
2024-08-05,Monday,2,5,218,2024-08-04,N,2024,8,August,3,2024,3,8,P08,31,1,212,N,H2,2024-01-07,2025-01-04,2024-07-07,2024-10-05,2024-08-04,2024-09-07,2024-07-07,2025-01-04,30,2,30,2023-07-31
2024-08-06,Tuesday,3,6,219,2024-08-04,N,2024,8,August,3,2024,3,8,P08,31,1,213,N,H2,2024-01-07,2025-01-04,2024-07-07,2024-10-05,2024-08-04,2024-09-07,2024-07-07,2025-01-04,31,3,31,2023-08-01
2024-08-07,Wednesday,4,7,220,2024-08-04,N,2024,8,August,3,2024,3,8,P08,31,1,214,N,H2,2024-01-07,2025-01-04,2024-07-07,2024-10-05,2024-08-04,2024-09-07,2024-07-07,2025-01-04,32,4,32,2023-08-02
2024-08-08,Thursday,5,8,221,2024-08-04,N,2024,8,August,3,2024,3,8,P08,31,1,215,N,H2,2024-01-07,2025-01-04,2024-07-07,2024-10-05,2024-08-04,2024-09-07,2024-07-07,2025-01-04,33,5,33,2023-08-03
2024-08-09,Friday,6,9,222,2024-08-04,N,2024,8,August,3,2024,3,8,P08,31,1,216,N,H2,2024-01-07,2025-01-04,2024-07-07,2024-10-05,2024-08-04,2024-09-07,2024-07-07,2025-01-04,34,6,34,2023-08-04
2024-08-10,Saturday,7,10,223,2024-08-04,Y,2024,8,August,3,2024,3,8,P08,31,1,217,N,H2,2024-01-07,2025-01-04,2024-07-07,2024-10-05,2024-08-04,2024-09-07,2024-07-07,2025-01-04,35,7,35,2023-08-05
2024-08-11,Sunday,1,11,224,2024-08-11,Y,2024,8,August,3,2024,3,8,P08,32,2,218,N,H2,2024-01-07,2025-01-04,2024-07-07,2024-10-05,2024-08-04,2024-09-07,2024-07-07,2025-01-04,36,8,36,2023-08-06
2024-08-12,Monday,2,12,225,2024-08-11,N,2024,8,August,3,2024,3,8,P08,32,2,219,N,H2,2024-01-07,2025-01-04,2024-07-07,2024-10-05,2024-08-04,2024-09-07,2024-07-07,2025-01-04,37,9,37,2023-08-07
2024-08-13,Tuesday,3,13,226,2024-08-11,N,2024,8,August,3,2024,3,8,P08,32,2,220,N,H2,2024-01-07,2025-01-04,2024-07-07,2024-10-05,2024-08-04,2024-09-07,2024-07-07,2025-01-04,38,10,38,2023-08-08
2024-08-14,Wednesday,4,14,227,2024-08-11,N,2024,8,August,3,2024,3,8,P08,32,2,221,N,H2,2024-01-07,2025-01-04,2024-07-07,2024-10-05,2024-08-04,2024-09-07,2024-07-07,2025-01-04,39,11,39,2023-08-09
2024-08-15,Thursday,5,15,228,2024-08-11,N,2024,8,August,3,2024,3,8,P08,32,2,222,N,H2,2024-01-07,2025-01-04,2024-07-07,2024-10-05,2024-08-04,2024-09-07,2024-07-07,2025-01-04,40,12,40,2023-08-10
2024-08-16,Friday,6,16,229,2024-08-11,N,2024,8,August,3,2024,3,8,P08,32,2,223,N,H2,2024-01-07,2025-01-04,2024-07-07,2024-10-05,2024-08-04,2024-09-07,2024-07-07,2025-01-04,41,13,41,2023-08-11
2024-08-17,Saturday,7,17,230,2024-08-11,Y,2024,8,August,3,2024,3,8,P08,32,2,224,N,H2,2024-01-07,2025-01-04,2024-07-07,2024-10-05,2024-08-04,2024-09-07,2024-07-07,2025-01-04,42,14,42,2023-08-12
2024-08-18,Sunday,1,18,231,2024-08-18,Y,2024,8,August,3,2024,3,8,P08,33,3,225,N,H2,2024-01-07,2025-01-04,2024-07-07,2024-10-05,2024-08-04,2024-09-07,2024-07-07,2025-01-04,43,15,43,2023-08-13
2024-08-19,Monday,2,19,232,2024-08-18,N,2024,8,August,3,2024,3,8,P08,33,3,226,N,H2,2024-01-07,2025-01-04,2024-07-07,2024-10-05,2024-08-04,2024-09-07,2024-07-07,2025-01-04,44,16,44,2023-08-14
2024-08-20,Tuesday,3,20,233,2024-08-18,N,2024,8,August,3,2024,3,8,P08,33,3,227,N,H2,2024-01-07,2025-01-04,2024-07-07,2024-10-05,2024-08-04,2024-09-07,2024-07-07,2025-01-04,45,17,45,2023-08-15
2024-08-21,Wednesday,4,21,234,2024-08-18,N,2024,8,August,3,2024,3,8,P08,33,3,228,N,H2,2024-01-07,2025-01-04,2024-07-07,2024-10-05,2024-08-04,2024-09-07,2024-07-07,2025-01-04,46,18,46,2023-08-16
2024-08-22,Thursday,5,22,235,2024-08-18,N,2024,8,August,3,2024,3,8,P08,33,3,229,N,H2,2024-01-07,2025-01-04,2024-07-07,2024-10-05,2024-08-04,2024-09-07,2024-07-07,2025-01-04,47,19,47,2023-08-17
2024-08-23,Friday,6,23,236,2024-08-18,N,2024,8,August,3,2024,3,8,P08,33,3,230,N,H2,2024-01-07,2025-01-04,2024-07-07,2024-10-05,2024-08-04,2024-09-07,2024-07-07,2025-01-04,48,20,48,2023-08-18
2024-08-24,Saturday,7,24,237,2024-08-18,Y,2024,8,August,3,2024,3,8,P08,33,3,231,N,H2,2024-01-07,2025-01-04,2024-07-07,2024-10-05,2024-08-04,2024-09-07,2024-07-07,2025-01-04,49,21,49,2023-08-19
2024-08-25,Sunday,1,25,238,2024-08-25,Y,2024,8,August,3,2024,3,8,P08,34,4,232,N,H2,2024-01-07,2025-01-04,2024-07-07,2024-10-05,2024-08-04,2024-09-07,2024-07-07,2025-01-04,50,22,50,2023-08-20
2024-08-26,Monday,2,26,239,2024-08-25,N,2024,8,August,3,2024,3,8,P08,34,4,233,N,H2,2024-01-07,2025-01-04,2024-07-07,2024-10-05,2024-08-04,2024-09-07,2024-07-07,2025-01-04,51,23,51,2023-08-21
2024-08-27,Tuesday,3,27,240,2024-08-25,N,2024,8,August,3,2024,3,8,P08,34,4,234,N,H2,2024-01-07,2025-01-04,2024-07-07,2024-10-05,2024-08-04,2024-09-07,2024-07-07,2025-01-04,52,24,52,2023-08-22
2024-08-28,Wednesday,4,28,241,2024-08-25,N,2024,8,August,3,2024,3,8,P08,34,4,235,N,H2,2024-01-07,2025-01-04,2024-07-07,2024-10-05,2024-08-04,2024-09-07,2024-07-07,2025-01-04,53,25,53,2023-08-23
2024-08-29,Thursday,5,29,242,2024-08-25,N,2024,8,August,3,2024,3,8,P08,34,4,236,N,H2,2024-01-07,2025-01-04,2024-07-07,2024-10-05,2024-08-04,2024-09-07,2024-07-07,2025-01-04,54,26,54,2023-08-24
2024-08-30,Friday,6,30,243,2024-08-25,N,2024,8,August,3,2024,3,8,P08,34,4,237,N,H2,2024-01-07,2025-01-04,2024-07-07,2024-10-05,2024-08-04,2024-09-07,2024-07-07,2025-01-04,55,27,55,2023-08-25
2024-08-31,Saturday,7,31,244,2024-08-25,Y,2024,8,August,3,2024,3,8,P08,34,4,238,N,H2,2024-01-07,2025-01-04,2024-07-07,2024-10-05,2024-08-04,2024-09-07,2024-07-07,2025-01-04,56,28,56,2023-08-26
2024-09-01,Sunday,1,1,245,2024-09-01,Y,2024,9,September,3,2024,3,8,P08,35,5,239,N,H2,2024-01-07,2025-01-04,2024-07-07,2024-10-05,2024-08-04,2024-09-07,2024-07-07,2025-01-04,57,29,57,2023-08-27
2024-09-02,Monday,2,2,246,2024-09-01,N,2024,9,September,3,2024,3,8,P08,35,5,240,N,H2,2024-01-07,2025-01-04,2024-07-07,2024-10-05,2024-08-04,2024-09-07,2024-07-07,2025-01-04,58,30,58,2023-08-28
2024-09-03,Tuesday,3,3,247,2024-09-01,N,2024,9,September,3,2024,3,8,P08,35,5,241,N,H2,2024-01-07,2025-01-04,2024-07-07,2024-10-05,2024-08-04,2024-09-07,2024-07-07,2025-01-04,59,31,59,2023-08-29
2024-09-04,Wednesday,4,4,248,2024-09-01,N,2024,9,September,3,2024,3,8,P08,35,5,242,N,H2,2024-01-07,2025-01-04,2024-07-07,2024-10-05,2024-08-04,2024-09-07,2024-07-07,2025-01-04,60,32,60,2023-08-30
2024-09-05,Thursday,5,5,249,2024-09-01,N,2024,9,September,3,2024,3,8,P08,35,5,243,N,H2,2024-01-07,2025-01-04,2024-07-07,2024-10-05,2024-08-04,2024-09-07,2024-07-07,2025-01-04,61,33,61,2023-08-31
2024-09-06,Friday,6,6,250,2024-09-01,N,2024,9,September,3,2024,3,8,P08,35,5,244,N,H2,2024-01-07,2025-01-04,2024-07-07,2024-10-05,2024-08-04,2024-09-07,2024-07-07,2025-01-04,62,34,62,2023-09-01
2024-09-07,Saturday,7,7,251,2024-09-01,Y,2024,9,September,3,2024,3,8,P08,35,5,245,N,H2,2024-01-07,2025-01-04,2024-07-07,2024-10-05,2024-08-04,2024-09-07,2024-07-07,2025-01-04,63,35,63,2023-09-02
2024-09-08,Sunday,1,8,252,2024-09-08,Y,2024,9,September,3,2024,3,9,P09,36,1,246,N,H2,2024-01-07,2025-01-04,2024-07-07,2024-10-05,2024-09-08,2024-10-05,2024-07-07,2025-01-04,64,1,64,2023-09-03
2024-09-09,Monday,2,9,253,2024-09-08,N,2024,9,September,3,2024,3,9,P09,36,1,247,N,H2,2024-01-07,2025-01-04,2024-07-07,2024-10-05,2024-09-08,2024-10-05,2024-07-07,2025-01-04,65,2,65,2023-09-04
2024-09-10,Tuesday,3,10,254,2024-09-08,N,2024,9,September,3,2024,3,9,P09,36,1,248,N,H2,2024-01-07,2025-01-04,2024-07-07,2024-10-05,2024-09-08,2024-10-05,2024-07-07,2025-01-04,66,3,66,2023-09-05
2024-09-11,Wednesday,4,11,255,2024-09-08,N,2024,9,September,3,2024,3,9,P09,36,1,249,N,H2,2024-01-07,2025-01-04,2024-07-07,2024-10-05,2024-09-08,2024-10-05,2024-07-07,2025-01-04,67,4,67,2023-09-06
2024-09-12,Thursday,5,12,256,2024-09-08,N,2024,9,September,3,2024,3,9,P09,36,1,250,N,H2,2024-01-07,2025-01-04,2024-07-07,2024-10-05,2024-09-08,2024-10-05,2024-07-07,2025-01-04,68,5,68,2023-09-07
2024-09-13,Friday,6,13,257,2024-09-08,N,2024,9,September,3,2024,3,9,P09,36,1,251,N,H2,2024-01-07,2025-01-04,2024-07-07,2024-10-05,2024-09-08,2024-10-05,2024-07-07,2025-01-04,69,6,69,2023-09-08
2024-09-14,Saturday,7,14,258,2024-09-08,Y,2024,9,September,3,2024,3,9,P09,36,1,252,N,H2,2024-01-07,2025-01-04,2024-07-07,2024-10-05,2024-09-08,2024-10-05,2024-07-07,2025-01-04,70,7,70,2023-09-09
2024-09-15,Sunday,1,15,259,2024-09-15,Y,2024,9,September,3,2024,3,9,P09,37,2,253,N,H2,2024-01-07,2025-01-04,2024-07-07,2024-10-05,2024-09-08,2024-10-05,2024-07-07,2025-01-04,71,8,71,2023-09-10
2024-09-16,Monday,2,16,260,2024-09-15,N,2024,9,September,3,2024,3,9,P09,37,2,254,N,H2,2024-01-07,2025-01-04,2024-07-07,2024-10-05,2024-09-08,2024-10-05,2024-07-07,2025-01-04,72,9,72,2023-09-11
2024-09-17,Tuesday,3,17,261,2024-09-15,N,2024,9,September,3,2024,3,9,P09,37,2,255,N,H2,2024-01-07,2025-01-04,2024-07-07,2024-10-05,2024-09-08,2024-10-05,2024-07-07,2025-01-04,73,10,73,2023-09-12
2024-09-18,Wednesday,4,18,262,2024-09-15,N,2024,9,September,3,2024,3,9,P09,37,2,256,N,H2,2024-01-07,2025-01-04,2024-07-07,2024-10-05,2024-09-08,2024-10-05,2024-07-07,2025-01-04,74,11,74,2023-09-13
2024-09-19,Thursday,5,19,263,2024-09-15,N,2024,9,September,3,2024,3,9,P09,37,2,257,N,H2,2024-01-07,2025-01-04,2024-07-07,2024-10-05,2024-09-08,2024-10-05,2024-07-07,2025-01-04,75,12,75,2023-09-14
2024-09-20,Friday,6,20,264,2024-09-15,N,2024,9,September,3,2024,3,9,P09,37,2,258,N,H2,2024-01-07,2025-01-04,2024-07-07,2024-10-05,2024-09-08,2024-10-05,2024-07-07,2025-01-04,76,13,76,2023-09-15
2024-09-21,Saturday,7,21,265,2024-09-15,Y,2024,9,September,3,2024,3,9,P09,37,2,259,N,H2,2024-01-07,2025-01-04,2024-07-07,2024-10-05,2024-09-08,2024-10-05,2024-07-07,2025-01-04,77,14,77,2023-09-16
2024-09-22,Sunday,1,22,266,2024-09-22,Y,2024,9,September,3,2024,3,9,P09,38,3,260,N,H2,2024-01-07,2025-01-04,2024-07-07,2024-10-05,2024-09-08,2024-10-05,2024-07-07,2025-01-04,78,15,78,2023-09-17
2024-09-23,Monday,2,23,267,2024-09-22,N,2024,9,September,3,2024,3,9,P09,38,3,261,N,H2,2024-01-07,2025-01-04,2024-07-07,2024-10-05,2024-09-08,2024-10-05,2024-07-07,2025-01-04,79,16,79,2023-09-18
2024-09-24,Tuesday,3,24,268,2024-09-22,N,2024,9,September,3,2024,3,9,P09,38,3,262,N,H2,2024-01-07,2025-01-04,2024-07-07,2024-10-05,2024-09-08,2024-10-05,2024-07-07,2025-01-04,80,17,80,2023-09-19
2024-09-25,Wednesday,4,25,269,2024-09-22,N,2024,9,September,3,2024,3,9,P09,38,3,263,N,H2,2024-01-07,2025-01-04,2024-07-07,2024-10-05,2024-09-08,2024-10-05,2024-07-07,2025-01-04,81,18,81,2023-09-20
2024-09-26,Thursday,5,26,270,2024-09-22,N,2024,9,September,3,2024,3,9,P09,38,3,264,N,H2,2024-01-07,2025-01-04,2024-07-07,2024-10-05,2024-09-08,2024-10-05,2024-07-07,2025-01-04,82,19,82,2023-09-21
2024-09-27,Friday,6,27,271,2024-09-22,N,2024,9,September,3,2024,3,9,P09,38,3,265,N,H2,2024-01-07,2025-01-04,2024-07-07,2024-10-05,2024-09-08,2024-10-05,2024-07-07,2025-01-04,83,20,83,2023-09-22
2024-09-28,Saturday,7,28,272,2024-09-22,Y,2024,9,September,3,2024,3,9,P09,38,3,266,N,H2,2024-01-07,2025-01-04,2024-07-07,2024-10-05,2024-09-08,2024-10-05,2024-07-07,2025-01-04,84,21,84,2023-09-23
2024-09-29,Sunday,1,29,273,2024-09-29,Y,2024,9,September,3,2024,3,9,P09,39,4,267,N,H2,2024-01-07,2025-01-04,2024-07-07,2024-10-05,2024-09-08,2024-10-05,2024-07-07,2025-01-04,85,22,85,2023-09-24
2024-09-30,Monday,2,30,274,2024-09-29,N,2024,9,September,3,2024,3,9,P09,39,4,268,N,H2,2024-01-07,2025-01-04,2024-07-07,2024-10-05,2024-09-08,2024-10-05,2024-07-07,2025-01-04,86,23,86,2023-09-25
2024-10-01,Tuesday,3,1,275,2024-09-29,N,2024,10,October,4,2024,3,9,P09,39,4,269,N,H2,2024-01-07,2025-01-04,2024-07-07,2024-10-05,2024-09-08,2024-10-05,2024-07-07,2025-01-04,87,24,87,2023-09-26
2024-10-02,Wednesday,4,2,276,2024-09-29,N,2024,10,October,4,2024,3,9,P09,39,4,270,N,H2,2024-01-07,2025-01-04,2024-07-07,2024-10-05,2024-09-08,2024-10-05,2024-07-07,2025-01-04,88,25,88,2023-09-27
2024-10-03,Thursday,5,3,277,2024-09-29,N,2024,10,October,4,2024,3,9,P09,39,4,271,N,H2,2024-01-07,2025-01-04,2024-07-07,2024-10-05,2024-09-08,2024-10-05,2024-07-07,2025-01-04,89,26,89,2023-09-28
2024-10-04,Friday,6,4,278,2024-09-29,N,2024,10,October,4,2024,3,9,P09,39,4,272,N,H2,2024-01-07,2025-01-04,2024-07-07,2024-10-05,2024-09-08,2024-10-05,2024-07-07,2025-01-04,90,27,90,2023-09-29
2024-10-05,Saturday,7,5,279,2024-09-29,Y,2024,10,October,4,2024,3,9,P09,39,4,273,N,H2,2024-01-07,2025-01-04,2024-07-07,2024-10-05,2024-09-08,2024-10-05,2024-07-07,2025-01-04,91,28,91,2023-09-30
2024-10-06,Sunday,1,6,280,2024-10-06,Y,2024,10,October,4,2024,4,10,P10,40,1,274,N,H2,2024-01-07,2025-01-04,2024-10-06,2025-01-04,2024-10-06,2024-11-02,2024-07-07,2025-01-04,1,1,92,2023-10-01
2024-10-07,Monday,2,7,281,2024-10-06,N,2024,10,October,4,2024,4,10,P10,40,1,275,N,H2,2024-01-07,2025-01-04,2024-10-06,2025-01-04,2024-10-06,2024-11-02,2024-07-07,2025-01-04,2,2,93,2023-10-02
2024-10-08,Tuesday,3,8,282,2024-10-06,N,2024,10,October,4,2024,4,10,P10,40,1,276,N,H2,2024-01-07,2025-01-04,2024-10-06,2025-01-04,2024-10-06,2024-11-02,2024-07-07,2025-01-04,3,3,94,2023-10-03
2024-10-09,Wednesday,4,9,283,2024-10-06,N,2024,10,October,4,2024,4,10,P10,40,1,277,N,H2,2024-01-07,2025-01-04,2024-10-06,2025-01-04,2024-10-06,2024-11-02,2024-07-07,2025-01-04,4,4,95,2023-10-04
2024-10-10,Thursday,5,10,284,2024-10-06,N,2024,10,October,4,2024,4,10,P10,40,1,278,N,H2,2024-01-07,2025-01-04,2024-10-06,2025-01-04,2024-10-06,2024-11-02,2024-07-07,2025-01-04,5,5,96,2023-10-05
2024-10-11,Friday,6,11,285,2024-10-06,N,2024,10,October,4,2024,4,10,P10,40,1,279,N,H2,2024-01-07,2025-01-04,2024-10-06,2025-01-04,2024-10-06,2024-11-02,2024-07-07,2025-01-04,6,6,97,2023-10-06
2024-10-12,Saturday,7,12,286,2024-10-06,Y,2024,10,October,4,2024,4,10,P10,40,1,280,N,H2,2024-01-07,2025-01-04,2024-10-06,2025-01-04,2024-10-06,2024-11-02,2024-07-07,2025-01-04,7,7,98,2023-10-07
2024-10-13,Sunday,1,13,287,2024-10-13,Y,2024,10,October,4,2024,4,10,P10,41,2,281,N,H2,2024-01-07,2025-01-04,2024-10-06,2025-01-04,2024-10-06,2024-11-02,2024-07-07,2025-01-04,8,8,99,2023-10-08
2024-10-14,Monday,2,14,288,2024-10-13,N,2024,10,October,4,2024,4,10,P10,41,2,282,N,H2,2024-01-07,2025-01-04,2024-10-06,2025-01-04,2024-10-06,2024-11-02,2024-07-07,2025-01-04,9,9,100,2023-10-09
2024-10-15,Tuesday,3,15,289,2024-10-13,N,2024,10,October,4,2024,4,10,P10,41,2,283,N,H2,2024-01-07,2025-01-04,2024-10-06,2025-01-04,2024-10-06,2024-11-02,2024-07-07,2025-01-04,10,10,101,2023-10-10
2024-10-16,Wednesday,4,16,290,2024-10-13,N,2024,10,October,4,2024,4,10,P10,41,2,284,N,H2,2024-01-07,2025-01-04,2024-10-06,2025-01-04,2024-10-06,2024-11-02,2024-07-07,2025-01-04,11,11,102,2023-10-11
2024-10-17,Thursday,5,17,291,2024-10-13,N,2024,10,October,4,2024,4,10,P10,41,2,285,N,H2,2024-01-07,2025-01-04,2024-10-06,2025-01-04,2024-10-06,2024-11-02,2024-07-07,2025-01-04,12,12,103,2023-10-12
2024-10-18,Friday,6,18,292,2024-10-13,N,2024,10,October,4,2024,4,10,P10,41,2,286,N,H2,2024-01-07,2025-01-04,2024-10-06,2025-01-04,2024-10-06,2024-11-02,2024-07-07,2025-01-04,13,13,104,2023-10-13
2024-10-19,Saturday,7,19,293,2024-10-13,Y,2024,10,October,4,2024,4,10,P10,41,2,287,N,H2,2024-01-07,2025-01-04,2024-10-06,2025-01-04,2024-10-06,2024-11-02,2024-07-07,2025-01-04,14,14,105,2023-10-14
2024-10-20,Sunday,1,20,294,2024-10-20,Y,2024,10,October,4,2024,4,10,P10,42,3,288,N,H2,2024-01-07,2025-01-04,2024-10-06,2025-01-04,2024-10-06,2024-11-02,2024-07-07,2025-01-04,15,15,106,2023-10-15
2024-10-21,Monday,2,21,295,2024-10-20,N,2024,10,October,4,2024,4,10,P10,42,3,289,N,H2,2024-01-07,2025-01-04,2024-10-06,2025-01-04,2024-10-06,2024-11-02,2024-07-07,2025-01-04,16,16,107,2023-10-16
2024-10-22,Tuesday,3,22,296,2024-10-20,N,2024,10,October,4,2024,4,10,P10,42,3,290,N,H2,2024-01-07,2025-01-04,2024-10-06,2025-01-04,2024-10-06,2024-11-02,2024-07-07,2025-01-04,17,17,108,2023-10-17
2024-10-23,Wednesday,4,23,297,2024-10-20,N,2024,10,October,4,2024,4,10,P10,42,3,291,N,H2,2024-01-07,2025-01-04,2024-10-06,2025-01-04,2024-10-06,2024-11-02,2024-07-07,2025-01-04,18,18,109,2023-10-18
2024-10-24,Thursday,5,24,298,2024-10-20,N,2024,10,October,4,2024,4,10,P10,42,3,292,N,H2,2024-01-07,2025-01-04,2024-10-06,2025-01-04,2024-10-06,2024-11-02,2024-07-07,2025-01-04,19,19,110,2023-10-19
2024-10-25,Friday,6,25,299,2024-10-20,N,2024,10,October,4,2024,4,10,P10,42,3,293,N,H2,2024-01-07,2025-01-04,2024-10-06,2025-01-04,2024-10-06,2024-11-02,2024-07-07,2025-01-04,20,20,111,2023-10-20
2024-10-26,Saturday,7,26,300,2024-10-20,Y,2024,10,October,4,2024,4,10,P10,42,3,294,N,H2,2024-01-07,2025-01-04,2024-10-06,2025-01-04,2024-10-06,2024-11-02,2024-07-07,2025-01-04,21,21,112,2023-10-21
2024-10-27,Sunday,1,27,301,2024-10-27,Y,2024,10,October,4,2024,4,10,P10,43,4,295,N,H2,2024-01-07,2025-01-04,2024-10-06,2025-01-04,2024-10-06,2024-11-02,2024-07-07,2025-01-04,22,22,113,2023-10-22
2024-10-28,Monday,2,28,302,2024-10-27,N,2024,10,October,4,2024,4,10,P10,43,4,296,N,H2,2024-01-07,2025-01-04,2024-10-06,2025-01-04,2024-10-06,2024-11-02,2024-07-07,2025-01-04,23,23,114,2023-10-23
2024-10-29,Tuesday,3,29,303,2024-10-27,N,2024,10,October,4,2024,4,10,P10,43,4,297,N,H2,2024-01-07,2025-01-04,2024-10-06,2025-01-04,2024-10-06,2024-11-02,2024-07-07,2025-01-04,24,24,115,2023-10-24
2024-10-30,Wednesday,4,30,304,2024-10-27,N,2024,10,October,4,2024,4,10,P10,43,4,298,N,H2,2024-01-07,2025-01-04,2024-10-06,2025-01-04,2024-10-06,2024-11-02,2024-07-07,2025-01-04,25,25,116,2023-10-25
2024-10-31,Thursday,5,31,305,2024-10-27,N,2024,10,October,4,2024,4,10,P10,43,4,299,N,H2,2024-01-07,2025-01-04,2024-10-06,2025-01-04,2024-10-06,2024-11-02,2024-07-07,2025-01-04,26,26,117,2023-10-26
2024-11-01,Friday,6,1,306,2024-10-27,N,2024,11,November,4,2024,4,10,P10,43,4,300,N,H2,2024-01-07,2025-01-04,2024-10-06,2025-01-04,2024-10-06,2024-11-02,2024-07-07,2025-01-04,27,27,118,2023-10-27
2024-11-02,Saturday,7,2,307,2024-10-27,Y,2024,11,November,4,2024,4,10,P10,43,4,301,N,H2,2024-01-07,2025-01-04,2024-10-06,2025-01-04,2024-10-06,2024-11-02,2024-07-07,2025-01-04,28,28,119,2023-10-28
2024-11-03,Sunday,1,3,308,2024-11-03,Y,2024,11,November,4,2024,4,11,P11,44,1,302,N,H2,2024-01-07,2025-01-04,2024-10-06,2025-01-04,2024-11-03,2024-12-07,2024-07-07,2025-01-04,29,1,120,2023-10-29
2024-11-04,Monday,2,4,309,2024-11-03,N,2024,11,November,4,2024,4,11,P11,44,1,303,N,H2,2024-01-07,2025-01-04,2024-10-06,2025-01-04,2024-11-03,2024-12-07,2024-07-07,2025-01-04,30,2,121,2023-10-30
2024-11-05,Tuesday,3,5,310,2024-11-03,N,2024,11,November,4,2024,4,11,P11,44,1,304,N,H2,2024-01-07,2025-01-04,2024-10-06,2025-01-04,2024-11-03,2024-12-07,2024-07-07,2025-01-04,31,3,122,2023-10-31
2024-11-06,Wednesday,4,6,311,2024-11-03,N,2024,11,November,4,2024,4,11,P11,44,1,305,N,H2,2024-01-07,2025-01-04,2024-10-06,2025-01-04,2024-11-03,2024-12-07,2024-07-07,2025-01-04,32,4,123,2023-11-01
2024-11-07,Thursday,5,7,312,2024-11-03,N,2024,11,November,4,2024,4,11,P11,44,1,306,N,H2,2024-01-07,2025-01-04,2024-10-06,2025-01-04,2024-11-03,2024-12-07,2024-07-07,2025-01-04,33,5,124,2023-11-02
2024-11-08,Friday,6,8,313,2024-11-03,N,2024,11,November,4,2024,4,11,P11,44,1,307,N,H2,2024-01-07,2025-01-04,2024-10-06,2025-01-04,2024-11-03,2024-12-07,2024-07-07,2025-01-04,34,6,125,2023-11-03
2024-11-09,Saturday,7,9,314,2024-11-03,Y,2024,11,November,4,2024,4,11,P11,44,1,308,N,H2,2024-01-07,2025-01-04,2024-10-06,2025-01-04,2024-11-03,2024-12-07,2024-07-07,2025-01-04,35,7,126,2023-11-04
2024-11-10,Sunday,1,10,315,2024-11-10,Y,2024,11,November,4,2024,4,11,P11,45,2,309,N,H2,2024-01-07,2025-01-04,2024-10-06,2025-01-04,2024-11-03,2024-12-07,2024-07-07,2025-01-04,36,8,127,2023-11-05
2024-11-11,Monday,2,11,316,2024-11-10,N,2024,11,November,4,2024,4,11,P11,45,2,310,N,H2,2024-01-07,2025-01-04,2024-10-06,2025-01-04,2024-11-03,2024-12-07,2024-07-07,2025-01-04,37,9,128,2023-11-06
2024-11-12,Tuesday,3,12,317,2024-11-10,N,2024,11,November,4,2024,4,11,P11,45,2,311,N,H2,2024-01-07,2025-01-04,2024-10-06,2025-01-04,2024-11-03,2024-12-07,2024-07-07,2025-01-04,38,10,129,2023-11-07
2024-11-13,Wednesday,4,13,318,2024-11-10,N,2024,11,November,4,2024,4,11,P11,45,2,312,N,H2,2024-01-07,2025-01-04,2024-10-06,2025-01-04,2024-11-03,2024-12-07,2024-07-07,2025-01-04,39,11,130,2023-11-08
2024-11-14,Thursday,5,14,319,2024-11-10,N,2024,11,November,4,2024,4,11,P11,45,2,313,N,H2,2024-01-07,2025-01-04,2024-10-06,2025-01-04,2024-11-03,2024-12-07,2024-07-07,2025-01-04,40,12,131,2023-11-09
2024-11-15,Friday,6,15,320,2024-11-10,N,2024,11,November,4,2024,4,11,P11,45,2,314,N,H2,2024-01-07,2025-01-04,2024-10-06,2025-01-04,2024-11-03,2024-12-07,2024-07-07,2025-01-04,41,13,132,2023-11-10
2024-11-16,Saturday,7,16,321,2024-11-10,Y,2024,11,November,4,2024,4,11,P11,45,2,315,N,H2,2024-01-07,2025-01-04,2024-10-06,2025-01-04,2024-11-03,2024-12-07,2024-07-07,2025-01-04,42,14,133,2023-11-11
2024-11-17,Sunday,1,17,322,2024-11-17,Y,2024,11,November,4,2024,4,11,P11,46,3,316,N,H2,2024-01-07,2025-01-04,2024-10-06,2025-01-04,2024-11-03,2024-12-07,2024-07-07,2025-01-04,43,15,134,2023-11-12
2024-11-18,Monday,2,18,323,2024-11-17,N,2024,11,November,4,2024,4,11,P11,46,3,317,N,H2,2024-01-07,2025-01-04,2024-10-06,2025-01-04,2024-11-03,2024-12-07,2024-07-07,2025-01-04,44,16,135,2023-11-13
2024-11-19,Tuesday,3,19,324,2024-11-17,N,2024,11,November,4,2024,4,11,P11,46,3,318,N,H2,2024-01-07,2025-01-04,2024-10-06,2025-01-04,2024-11-03,2024-12-07,2024-07-07,2025-01-04,45,17,136,2023-11-14
2024-11-20,Wednesday,4,20,325,2024-11-17,N,2024,11,November,4,2024,4,11,P11,46,3,319,N,H2,2024-01-07,2025-01-04,2024-10-06,2025-01-04,2024-11-03,2024-12-07,2024-07-07,2025-01-04,46,18,137,2023-11-15
2024-11-21,Thursday,5,21,326,2024-11-17,N,2024,11,November,4,2024,4,11,P11,46,3,320,N,H2,2024-01-07,2025-01-04,2024-10-06,2025-01-04,2024-11-03,2024-12-07,2024-07-07,2025-01-04,47,19,138,2023-11-16
2024-11-22,Friday,6,22,327,2024-11-17,N,2024,11,November,4,2024,4,11,P11,46,3,321,N,H2,2024-01-07,2025-01-04,2024-10-06,2025-01-04,2024-11-03,2024-12-07,2024-07-07,2025-01-04,48,20,139,2023-11-17
2024-11-23,Saturday,7,23,328,2024-11-17,Y,2024,11,November,4,2024,4,11,P11,46,3,322,N,H2,2024-01-07,2025-01-04,2024-10-06,2025-01-04,2024-11-03,2024-12-07,2024-07-07,2025-01-04,49,21,140,2023-11-18
2024-11-24,Sunday,1,24,329,2024-11-24,Y,2024,11,November,4,2024,4,11,P11,47,4,323,N,H2,2024-01-07,2025-01-04,2024-10-06,2025-01-04,2024-11-03,2024-12-07,2024-07-07,2025-01-04,50,22,141,2023-11-19
2024-11-25,Monday,2,25,330,2024-11-24,N,2024,11,November,4,2024,4,11,P11,47,4,324,N,H2,2024-01-07,2025-01-04,2024-10-06,2025-01-04,2024-11-03,2024-12-07,2024-07-07,2025-01-04,51,23,142,2023-11-20
2024-11-26,Tuesday,3,26,331,2024-11-24,N,2024,11,November,4,2024,4,11,P11,47,4,325,N,H2,2024-01-07,2025-01-04,2024-10-06,2025-01-04,2024-11-03,2024-12-07,2024-07-07,2025-01-04,52,24,143,2023-11-21
2024-11-27,Wednesday,4,27,332,2024-11-24,N,2024,11,November,4,2024,4,11,P11,47,4,326,N,H2,2024-01-07,2025-01-04,2024-10-06,2025-01-04,2024-11-03,2024-12-07,2024-07-07,2025-01-04,53,25,144,2023-11-22
2024-11-28,Thursday,5,28,333,2024-11-24,N,2024,11,November,4,2024,4,11,P11,47,4,327,N,H2,2024-01-07,2025-01-04,2024-10-06,2025-01-04,2024-11-03,2024-12-07,2024-07-07,2025-01-04,54,26,145,2023-11-23
2024-11-29,Friday,6,29,334,2024-11-24,N,2024,11,November,4,2024,4,11,P11,47,4,328,N,H2,2024-01-07,2025-01-04,2024-10-06,2025-01-04,2024-11-03,2024-12-07,2024-07-07,2025-01-04,55,27,146,2023-11-24
2024-11-30,Saturday,7,30,335,2024-11-24,Y,2024,11,November,4,2024,4,11,P11,47,4,329,N,H2,2024-01-07,2025-01-04,2024-10-06,2025-01-04,2024-11-03,2024-12-07,2024-07-07,2025-01-04,56,28,147,2023-11-25
2024-12-01,Sunday,1,1,336,2024-12-01,Y,2024,12,December,4,2024,4,11,P11,48,5,330,N,H2,2024-01-07,2025-01-04,2024-10-06,2025-01-04,2024-11-03,2024-12-07,2024-07-07,2025-01-04,57,29,148,2023-11-26
2024-12-02,Monday,2,2,337,2024-12-01,N,2024,12,December,4,2024,4,11,P11,48,5,331,N,H2,2024-01-07,2025-01-04,2024-10-06,2025-01-04,2024-11-03,2024-12-07,2024-07-07,2025-01-04,58,30,149,2023-11-27
2024-12-03,Tuesday,3,3,338,2024-12-01,N,2024,12,December,4,2024,4,11,P11,48,5,332,N,H2,2024-01-07,2025-01-04,2024-10-06,2025-01-04,2024-11-03,2024-12-07,2024-07-07,2025-01-04,59,31,150,2023-11-28
2024-12-04,Wednesday,4,4,339,2024-12-01,N,2024,12,December,4,2024,4,11,P11,48,5,333,N,H2,2024-01-07,2025-01-04,2024-10-06,2025-01-04,2024-11-03,2024-12-07,2024-07-07,2025-01-04,60,32,151,2023-11-29
2024-12-05,Thursday,5,5,340,2024-12-01,N,2024,12,December,4,2024,4,11,P11,48,5,334,N,H2,2024-01-07,2025-01-04,2024-10-06,2025-01-04,2024-11-03,2024-12-07,2024-07-07,2025-01-04,61,33,152,2023-11-30
2024-12-06,Friday,6,6,341,2024-12-01,N,2024,12,December,4,2024,4,11,P11,48,5,335,N,H2,2024-01-07,2025-01-04,2024-10-06,2025-01-04,2024-11-03,2024-12-07,2024-07-07,2025-01-04,62,34,153,2023-12-01
2024-12-07,Saturday,7,7,342,2024-12-01,Y,2024,12,December,4,2024,4,11,P11,48,5,336,N,H2,2024-01-07,2025-01-04,2024-10-06,2025-01-04,2024-11-03,2024-12-07,2024-07-07,2025-01-04,63,35,154,2023-12-02
2024-12-08,Sunday,1,8,343,2024-12-08,Y,2024,12,December,4,2024,4,12,P12,49,1,337,N,H2,2024-01-07,2025-01-04,2024-10-06,2025-01-04,2024-12-08,2025-01-04,2024-07-07,2025-01-04,64,1,155,2023-12-03
2024-12-09,Monday,2,9,344,2024-12-08,N,2024,12,December,4,2024,4,12,P12,49,1,338,N,H2,2024-01-07,2025-01-04,2024-10-06,2025-01-04,2024-12-08,2025-01-04,2024-07-07,2025-01-04,65,2,156,2023-12-04
2024-12-10,Tuesday,3,10,345,2024-12-08,N,2024,12,December,4,2024,4,12,P12,49,1,339,N,H2,2024-01-07,2025-01-04,2024-10-06,2025-01-04,2024-12-08,2025-01-04,2024-07-07,2025-01-04,66,3,157,2023-12-05
2024-12-11,Wednesday,4,11,346,2024-12-08,N,2024,12,December,4,2024,4,12,P12,49,1,340,N,H2,2024-01-07,2025-01-04,2024-10-06,2025-01-04,2024-12-08,2025-01-04,2024-07-07,2025-01-04,67,4,158,2023-12-06
2024-12-12,Thursday,5,12,347,2024-12-08,N,2024,12,December,4,2024,4,12,P12,49,1,341,N,H2,2024-01-07,2025-01-04,2024-10-06,2025-01-04,2024-12-08,2025-01-04,2024-07-07,2025-01-04,68,5,159,2023-12-07
2024-12-13,Friday,6,13,348,2024-12-08,N,2024,12,December,4,2024,4,12,P12,49,1,342,N,H2,2024-01-07,2025-01-04,2024-10-06,2025-01-04,2024-12-08,2025-01-04,2024-07-07,2025-01-04,69,6,160,2023-12-08
2024-12-14,Saturday,7,14,349,2024-12-08,Y,2024,12,December,4,2024,4,12,P12,49,1,343,N,H2,2024-01-07,2025-01-04,2024-10-06,2025-01-04,2024-12-08,2025-01-04,2024-07-07,2025-01-04,70,7,161,2023-12-09
2024-12-15,Sunday,1,15,350,2024-12-15,Y,2024,12,December,4,2024,4,12,P12,50,2,344,N,H2,2024-01-07,2025-01-04,2024-10-06,2025-01-04,2024-12-08,2025-01-04,2024-07-07,2025-01-04,71,8,162,2023-12-10
2024-12-16,Monday,2,16,351,2024-12-15,N,2024,12,December,4,2024,4,12,P12,50,2,345,N,H2,2024-01-07,2025-01-04,2024-10-06,2025-01-04,2024-12-08,2025-01-04,2024-07-07,2025-01-04,72,9,163,2023-12-11
2024-12-17,Tuesday,3,17,352,2024-12-15,N,2024,12,December,4,2024,4,12,P12,50,2,346,N,H2,2024-01-07,2025-01-04,2024-10-06,2025-01-04,2024-12-08,2025-01-04,2024-07-07,2025-01-04,73,10,164,2023-12-12
2024-12-18,Wednesday,4,18,353,2024-12-15,N,2024,12,December,4,2024,4,12,P12,50,2,347,N,H2,2024-01-07,2025-01-04,2024-10-06,2025-01-04,2024-12-08,2025-01-04,2024-07-07,2025-01-04,74,11,165,2023-12-13
2024-12-19,Thursday,5,19,354,2024-12-15,N,2024,12,December,4,2024,4,12,P12,50,2,348,N,H2,2024-01-07,2025-01-04,2024-10-06,2025-01-04,2024-12-08,2025-01-04,2024-07-07,2025-01-04,75,12,166,2023-12-14
2024-12-20,Friday,6,20,355,2024-12-15,N,2024,12,December,4,2024,4,12,P12,50,2,349,N,H2,2024-01-07,2025-01-04,2024-10-06,2025-01-04,2024-12-08,2025-01-04,2024-07-07,2025-01-04,76,13,167,2023-12-15
2024-12-21,Saturday,7,21,356,2024-12-15,Y,2024,12,December,4,2024,4,12,P12,50,2,350,N,H2,2024-01-07,2025-01-04,2024-10-06,2025-01-04,2024-12-08,2025-01-04,2024-07-07,2025-01-04,77,14,168,2023-12-16
2024-12-22,Sunday,1,22,357,2024-12-22,Y,2024,12,December,4,2024,4,12,P12,51,3,351,N,H2,2024-01-07,2025-01-04,2024-10-06,2025-01-04,2024-12-08,2025-01-04,2024-07-07,2025-01-04,78,15,169,2023-12-17
2024-12-23,Monday,2,23,358,2024-12-22,N,2024,12,December,4,2024,4,12,P12,51,3,352,N,H2,2024-01-07,2025-01-04,2024-10-06,2025-01-04,2024-12-08,2025-01-04,2024-07-07,2025-01-04,79,16,170,2023-12-18
2024-12-24,Tuesday,3,24,359,2024-12-22,N,2024,12,December,4,2024,4,12,P12,51,3,353,N,H2,2024-01-07,2025-01-04,2024-10-06,2025-01-04,2024-12-08,2025-01-04,2024-07-07,2025-01-04,80,17,171,2023-12-19
2024-12-25,Wednesday,4,25,360,2024-12-22,N,2024,12,December,4,2024,4,12,P12,51,3,354,N,H2,2024-01-07,2025-01-04,2024-10-06,2025-01-04,2024-12-08,2025-01-04,2024-07-07,2025-01-04,81,18,172,2023-12-20
2024-12-26,Thursday,5,26,361,2024-12-22,N,2024,12,December,4,2024,4,12,P12,51,3,355,N,H2,2024-01-07,2025-01-04,2024-10-06,2025-01-04,2024-12-08,2025-01-04,2024-07-07,2025-01-04,82,19,173,2023-12-21
2024-12-27,Friday,6,27,362,2024-12-22,N,2024,12,December,4,2024,4,12,P12,51,3,356,N,H2,2024-01-07,2025-01-04,2024-10-06,2025-01-04,2024-12-08,2025-01-04,2024-07-07,2025-01-04,83,20,174,2023-12-22
2024-12-28,Saturday,7,28,363,2024-12-22,Y,2024,12,December,4,2024,4,12,P12,51,3,357,N,H2,2024-01-07,2025-01-04,2024-10-06,2025-01-04,2024-12-08,2025-01-04,2024-07-07,2025-01-04,84,21,175,2023-12-23
2024-12-29,Sunday,1,29,364,2024-12-29,Y,2024,12,December,4,2024,4,12,P12,52,4,358,N,H2,2024-01-07,2025-01-04,2024-10-06,2025-01-04,2024-12-08,2025-01-04,2024-07-07,2025-01-04,85,22,176,2023-12-24
2024-12-30,Monday,2,30,365,2024-12-29,N,2024,12,December,4,2024,4,12,P12,52,4,359,N,H2,2024-01-07,2025-01-04,2024-10-06,2025-01-04,2024-12-08,2025-01-04,2024-07-07,2025-01-04,86,23,177,2023-12-25
2024-12-31,Tuesday,3,31,366,2024-12-29,N,2024,12,December,4,2024,4,12,P12,52,4,360,N,H2,2024-01-07,2025-01-04,2024-10-06,2025-01-04,2024-12-08,2025-01-04,2024-07-07,2025-01-04,87,24,178,2023-12-26
2025-01-01,Wednesday,4,1,1,2024-12-29,N,2025,1,January,1,2024,4,12,P12,52,4,361,N,H2,2024-01-07,2025-01-04,2024-10-06,2025-01-04,2024-12-08,2025-01-04,2024-07-07,2025-01-04,88,25,179,2023-12-27
2025-01-02,Thursday,5,2,2,2024-12-29,N,2025,1,January,1,2024,4,12,P12,52,4,362,N,H2,2024-01-07,2025-01-04,2024-10-06,2025-01-04,2024-12-08,2025-01-04,2024-07-07,2025-01-04,89,26,180,2023-12-28
2025-01-03,Friday,6,3,3,2024-12-29,N,2025,1,January,1,2024,4,12,P12,52,4,363,N,H2,2024-01-07,2025-01-04,2024-10-06,2025-01-04,2024-12-08,2025-01-04,2024-07-07,2025-01-04,90,27,181,2023-12-29
2025-01-04,Saturday,7,4,4,2024-12-29,Y,2025,1,January,1,2024,4,12,P12,52,4,364,N,H2,2024-01-07,2025-01-04,2024-10-06,2025-01-04,2024-12-08,2025-01-04,2024-07-07,2025-01-04,91,28,182,2023-12-30
2025-01-05,Sunday,1,5,5,2025-01-05,Y,2025,1,January,1,2025,1,1,P01,1,1,1,N,H1,2025-01-05,2026-01-03,2025-01-05,2025-04-05,2025-01-05,2025-02-01,2025-01-05,2025-07-05,1,1,1,2024-01-07
2025-01-06,Monday,2,6,6,2025-01-05,N,2025,1,January,1,2025,1,1,P01,1,1,2,N,H1,2025-01-05,2026-01-03,2025-01-05,2025-04-05,2025-01-05,2025-02-01,2025-01-05,2025-07-05,2,2,2,2024-01-08
2025-01-07,Tuesday,3,7,7,2025-01-05,N,2025,1,January,1,2025,1,1,P01,1,1,3,N,H1,2025-01-05,2026-01-03,2025-01-05,2025-04-05,2025-01-05,2025-02-01,2025-01-05,2025-07-05,3,3,3,2024-01-09
2025-01-08,Wednesday,4,8,8,2025-01-05,N,2025,1,January,1,2025,1,1,P01,1,1,4,N,H1,2025-01-05,2026-01-03,2025-01-05,2025-04-05,2025-01-05,2025-02-01,2025-01-05,2025-07-05,4,4,4,2024-01-10
2025-01-09,Thursday,5,9,9,2025-01-05,N,2025,1,January,1,2025,1,1,P01,1,1,5,N,H1,2025-01-05,2026-01-03,2025-01-05,2025-04-05,2025-01-05,2025-02-01,2025-01-05,2025-07-05,5,5,5,2024-01-11
2025-01-10,Friday,6,10,10,2025-01-05,N,2025,1,January,1,2025,1,1,P01,1,1,6,N,H1,2025-01-05,2026-01-03,2025-01-05,2025-04-05,2025-01-05,2025-02-01,2025-01-05,2025-07-05,6,6,6,2024-01-12
2025-01-11,Saturday,7,11,11,2025-01-05,Y,2025,1,January,1,2025,1,1,P01,1,1,7,N,H1,2025-01-05,2026-01-03,2025-01-05,2025-04-05,2025-01-05,2025-02-01,2025-01-05,2025-07-05,7,7,7,2024-01-13
2025-01-12,Sunday,1,12,12,2025-01-12,Y,2025,1,January,1,2025,1,1,P01,2,2,8,N,H1,2025-01-05,2026-01-03,2025-01-05,2025-04-05,2025-01-05,2025-02-01,2025-01-05,2025-07-05,8,8,8,2024-01-14
2025-01-13,Monday,2,13,13,2025-01-12,N,2025,1,January,1,2025,1,1,P01,2,2,9,N,H1,2025-01-05,2026-01-03,2025-01-05,2025-04-05,2025-01-05,2025-02-01,2025-01-05,2025-07-05,9,9,9,2024-01-15
2025-01-14,Tuesday,3,14,14,2025-01-12,N,2025,1,January,1,2025,1,1,P01,2,2,10,N,H1,2025-01-05,2026-01-03,2025-01-05,2025-04-05,2025-01-05,2025-02-01,2025-01-05,2025-07-05,10,10,10,2024-01-16
2025-01-15,Wednesday,4,15,15,2025-01-12,N,2025,1,January,1,2025,1,1,P01,2,2,11,N,H1,2025-01-05,2026-01-03,2025-01-05,2025-04-05,2025-01-05,2025-02-01,2025-01-05,2025-07-05,11,11,11,2024-01-17
2025-01-16,Thursday,5,16,16,2025-01-12,N,2025,1,January,1,2025,1,1,P01,2,2,12,N,H1,2025-01-05,2026-01-03,2025-01-05,2025-04-05,2025-01-05,2025-02-01,2025-01-05,2025-07-05,12,12,12,2024-01-18
2025-01-17,Friday,6,17,17,2025-01-12,N,2025,1,January,1,2025,1,1,P01,2,2,13,N,H1,2025-01-05,2026-01-03,2025-01-05,2025-04-05,2025-01-05,2025-02-01,2025-01-05,2025-07-05,13,13,13,2024-01-19
2025-01-18,Saturday,7,18,18,2025-01-12,Y,2025,1,January,1,2025,1,1,P01,2,2,14,N,H1,2025-01-05,2026-01-03,2025-01-05,2025-04-05,2025-01-05,2025-02-01,2025-01-05,2025-07-05,14,14,14,2024-01-20
2025-01-19,Sunday,1,19,19,2025-01-19,Y,2025,1,January,1,2025,1,1,P01,3,3,15,N,H1,2025-01-05,2026-01-03,2025-01-05,2025-04-05,2025-01-05,2025-02-01,2025-01-05,2025-07-05,15,15,15,2024-01-21
2025-01-20,Monday,2,20,20,2025-01-19,N,2025,1,January,1,2025,1,1,P01,3,3,16,N,H1,2025-01-05,2026-01-03,2025-01-05,2025-04-05,2025-01-05,2025-02-01,2025-01-05,2025-07-05,16,16,16,2024-01-22
2025-01-21,Tuesday,3,21,21,2025-01-19,N,2025,1,January,1,2025,1,1,P01,3,3,17,N,H1,2025-01-05,2026-01-03,2025-01-05,2025-04-05,2025-01-05,2025-02-01,2025-01-05,2025-07-05,17,17,17,2024-01-23
2025-01-22,Wednesday,4,22,22,2025-01-19,N,2025,1,January,1,2025,1,1,P01,3,3,18,N,H1,2025-01-05,2026-01-03,2025-01-05,2025-04-05,2025-01-05,2025-02-01,2025-01-05,2025-07-05,18,18,18,2024-01-24
2025-01-23,Thursday,5,23,23,2025-01-19,N,2025,1,January,1,2025,1,1,P01,3,3,19,N,H1,2025-01-05,2026-01-03,2025-01-05,2025-04-05,2025-01-05,2025-02-01,2025-01-05,2025-07-05,19,19,19,2024-01-25
2025-01-24,Friday,6,24,24,2025-01-19,N,2025,1,January,1,2025,1,1,P01,3,3,20,N,H1,2025-01-05,2026-01-03,2025-01-05,2025-04-05,2025-01-05,2025-02-01,2025-01-05,2025-07-05,20,20,20,2024-01-26
2025-01-25,Saturday,7,25,25,2025-01-19,Y,2025,1,January,1,2025,1,1,P01,3,3,21,N,H1,2025-01-05,2026-01-03,2025-01-05,2025-04-05,2025-01-05,2025-02-01,2025-01-05,2025-07-05,21,21,21,2024-01-27
2025-01-26,Sunday,1,26,26,2025-01-26,Y,2025,1,January,1,2025,1,1,P01,4,4,22,N,H1,2025-01-05,2026-01-03,2025-01-05,2025-04-05,2025-01-05,2025-02-01,2025-01-05,2025-07-05,22,22,22,2024-01-28
2025-01-27,Monday,2,27,27,2025-01-26,N,2025,1,January,1,2025,1,1,P01,4,4,23,N,H1,2025-01-05,2026-01-03,2025-01-05,2025-04-05,2025-01-05,2025-02-01,2025-01-05,2025-07-05,23,23,23,2024-01-29
2025-01-28,Tuesday,3,28,28,2025-01-26,N,2025,1,January,1,2025,1,1,P01,4,4,24,N,H1,2025-01-05,2026-01-03,2025-01-05,2025-04-05,2025-01-05,2025-02-01,2025-01-05,2025-07-05,24,24,24,2024-01-30
2025-01-29,Wednesday,4,29,29,2025-01-26,N,2025,1,January,1,2025,1,1,P01,4,4,25,N,H1,2025-01-05,2026-01-03,2025-01-05,2025-04-05,2025-01-05,2025-02-01,2025-01-05,2025-07-05,25,25,25,2024-01-31
2025-01-30,Thursday,5,30,30,2025-01-26,N,2025,1,January,1,2025,1,1,P01,4,4,26,N,H1,2025-01-05,2026-01-03,2025-01-05,2025-04-05,2025-01-05,2025-02-01,2025-01-05,2025-07-05,26,26,26,2024-02-01
2025-01-31,Friday,6,31,31,2025-01-26,N,2025,1,January,1,2025,1,1,P01,4,4,27,N,H1,2025-01-05,2026-01-03,2025-01-05,2025-04-05,2025-01-05,2025-02-01,2025-01-05,2025-07-05,27,27,27,2024-02-02
2025-02-01,Saturday,7,1,32,2025-01-26,Y,2025,2,February,1,2025,1,1,P01,4,4,28,N,H1,2025-01-05,2026-01-03,2025-01-05,2025-04-05,2025-01-05,2025-02-01,2025-01-05,2025-07-05,28,28,28,2024-02-03
2025-02-02,Sunday,1,2,33,2025-02-02,Y,2025,2,February,1,2025,1,2,P02,5,1,29,N,H1,2025-01-05,2026-01-03,2025-01-05,2025-04-05,2025-02-02,2025-03-08,2025-01-05,2025-07-05,29,1,29,2024-02-04
2025-02-03,Monday,2,3,34,2025-02-02,N,2025,2,February,1,2025,1,2,P02,5,1,30,N,H1,2025-01-05,2026-01-03,2025-01-05,2025-04-05,2025-02-02,2025-03-08,2025-01-05,2025-07-05,30,2,30,2024-02-05
2025-02-04,Tuesday,3,4,35,2025-02-02,N,2025,2,February,1,2025,1,2,P02,5,1,31,N,H1,2025-01-05,2026-01-03,2025-01-05,2025-04-05,2025-02-02,2025-03-08,2025-01-05,2025-07-05,31,3,31,2024-02-06
2025-02-05,Wednesday,4,5,36,2025-02-02,N,2025,2,February,1,2025,1,2,P02,5,1,32,N,H1,2025-01-05,2026-01-03,2025-01-05,2025-04-05,2025-02-02,2025-03-08,2025-01-05,2025-07-05,32,4,32,2024-02-07
2025-02-06,Thursday,5,6,37,2025-02-02,N,2025,2,February,1,2025,1,2,P02,5,1,33,N,H1,2025-01-05,2026-01-03,2025-01-05,2025-04-05,2025-02-02,2025-03-08,2025-01-05,2025-07-05,33,5,33,2024-02-08
2025-02-07,Friday,6,7,38,2025-02-02,N,2025,2,February,1,2025,1,2,P02,5,1,34,N,H1,2025-01-05,2026-01-03,2025-01-05,2025-04-05,2025-02-02,2025-03-08,2025-01-05,2025-07-05,34,6,34,2024-02-09
2025-02-08,Saturday,7,8,39,2025-02-02,Y,2025,2,February,1,2025,1,2,P02,5,1,35,N,H1,2025-01-05,2026-01-03,2025-01-05,2025-04-05,2025-02-02,2025-03-08,2025-01-05,2025-07-05,35,7,35,2024-02-10
2025-02-09,Sunday,1,9,40,2025-02-09,Y,2025,2,February,1,2025,1,2,P02,6,2,36,N,H1,2025-01-05,2026-01-03,2025-01-05,2025-04-05,2025-02-02,2025-03-08,2025-01-05,2025-07-05,36,8,36,2024-02-11
2025-02-10,Monday,2,10,41,2025-02-09,N,2025,2,February,1,2025,1,2,P02,6,2,37,N,H1,2025-01-05,2026-01-03,2025-01-05,2025-04-05,2025-02-02,2025-03-08,2025-01-05,2025-07-05,37,9,37,2024-02-12
2025-02-11,Tuesday,3,11,42,2025-02-09,N,2025,2,February,1,2025,1,2,P02,6,2,38,N,H1,2025-01-05,2026-01-03,2025-01-05,2025-04-05,2025-02-02,2025-03-08,2025-01-05,2025-07-05,38,10,38,2024-02-13
2025-02-12,Wednesday,4,12,43,2025-02-09,N,2025,2,February,1,2025,1,2,P02,6,2,39,N,H1,2025-01-05,2026-01-03,2025-01-05,2025-04-05,2025-02-02,2025-03-08,2025-01-05,2025-07-05,39,11,39,2024-02-14
2025-02-13,Thursday,5,13,44,2025-02-09,N,2025,2,February,1,2025,1,2,P02,6,2,40,N,H1,2025-01-05,2026-01-03,2025-01-05,2025-04-05,2025-02-02,2025-03-08,2025-01-05,2025-07-05,40,12,40,2024-02-15
2025-02-14,Friday,6,14,45,2025-02-09,N,2025,2,February,1,2025,1,2,P02,6,2,41,N,H1,2025-01-05,2026-01-03,2025-01-05,2025-04-05,2025-02-02,2025-03-08,2025-01-05,2025-07-05,41,13,41,2024-02-16
2025-02-15,Saturday,7,15,46,2025-02-09,Y,2025,2,February,1,2025,1,2,P02,6,2,42,N,H1,2025-01-05,2026-01-03,2025-01-05,2025-04-05,2025-02-02,2025-03-08,2025-01-05,2025-07-05,42,14,42,2024-02-17
2025-02-16,Sunday,1,16,47,2025-02-16,Y,2025,2,February,1,2025,1,2,P02,7,3,43,N,H1,2025-01-05,2026-01-03,2025-01-05,2025-04-05,2025-02-02,2025-03-08,2025-01-05,2025-07-05,43,15,43,2024-02-18
2025-02-17,Monday,2,17,48,2025-02-16,N,2025,2,February,1,2025,1,2,P02,7,3,44,N,H1,2025-01-05,2026-01-03,2025-01-05,2025-04-05,2025-02-02,2025-03-08,2025-01-05,2025-07-05,44,16,44,2024-02-19
2025-02-18,Tuesday,3,18,49,2025-02-16,N,2025,2,February,1,2025,1,2,P02,7,3,45,N,H1,2025-01-05,2026-01-03,2025-01-05,2025-04-05,2025-02-02,2025-03-08,2025-01-05,2025-07-05,45,17,45,2024-02-20
2025-02-19,Wednesday,4,19,50,2025-02-16,N,2025,2,February,1,2025,1,2,P02,7,3,46,N,H1,2025-01-05,2026-01-03,2025-01-05,2025-04-05,2025-02-02,2025-03-08,2025-01-05,2025-07-05,46,18,46,2024-02-21
2025-02-20,Thursday,5,20,51,2025-02-16,N,2025,2,February,1,2025,1,2,P02,7,3,47,N,H1,2025-01-05,2026-01-03,2025-01-05,2025-04-05,2025-02-02,2025-03-08,2025-01-05,2025-07-05,47,19,47,2024-02-22
2025-02-21,Friday,6,21,52,2025-02-16,N,2025,2,February,1,2025,1,2,P02,7,3,48,N,H1,2025-01-05,2026-01-03,2025-01-05,2025-04-05,2025-02-02,2025-03-08,2025-01-05,2025-07-05,48,20,48,2024-02-23
2025-02-22,Saturday,7,22,53,2025-02-16,Y,2025,2,February,1,2025,1,2,P02,7,3,49,N,H1,2025-01-05,2026-01-03,2025-01-05,2025-04-05,2025-02-02,2025-03-08,2025-01-05,2025-07-05,49,21,49,2024-02-24
2025-02-23,Sunday,1,23,54,2025-02-23,Y,2025,2,February,1,2025,1,2,P02,8,4,50,N,H1,2025-01-05,2026-01-03,2025-01-05,2025-04-05,2025-02-02,2025-03-08,2025-01-05,2025-07-05,50,22,50,2024-02-25
2025-02-24,Monday,2,24,55,2025-02-23,N,2025,2,February,1,2025,1,2,P02,8,4,51,N,H1,2025-01-05,2026-01-03,2025-01-05,2025-04-05,2025-02-02,2025-03-08,2025-01-05,2025-07-05,51,23,51,2024-02-26
2025-02-25,Tuesday,3,25,56,2025-02-23,N,2025,2,February,1,2025,1,2,P02,8,4,52,N,H1,2025-01-05,2026-01-03,2025-01-05,2025-04-05,2025-02-02,2025-03-08,2025-01-05,2025-07-05,52,24,52,2024-02-27
2025-02-26,Wednesday,4,26,57,2025-02-23,N,2025,2,February,1,2025,1,2,P02,8,4,53,N,H1,2025-01-05,2026-01-03,2025-01-05,2025-04-05,2025-02-02,2025-03-08,2025-01-05,2025-07-05,53,25,53,2024-02-28
2025-02-27,Thursday,5,27,58,2025-02-23,N,2025,2,February,1,2025,1,2,P02,8,4,54,N,H1,2025-01-05,2026-01-03,2025-01-05,2025-04-05,2025-02-02,2025-03-08,2025-01-05,2025-07-05,54,26,54,2024-02-29
2025-02-28,Friday,6,28,59,2025-02-23,N,2025,2,February,1,2025,1,2,P02,8,4,55,N,H1,2025-01-05,2026-01-03,2025-01-05,2025-04-05,2025-02-02,2025-03-08,2025-01-05,2025-07-05,55,27,55,2024-03-01
2025-03-01,Saturday,7,1,60,2025-02-23,Y,2025,3,March,1,2025,1,2,P02,8,4,56,N,H1,2025-01-05,2026-01-03,2025-01-05,2025-04-05,2025-02-02,2025-03-08,2025-01-05,2025-07-05,56,28,56,2024-03-02
2025-03-02,Sunday,1,2,61,2025-03-02,Y,2025,3,March,1,2025,1,2,P02,9,5,57,N,H1,2025-01-05,2026-01-03,2025-01-05,2025-04-05,2025-02-02,2025-03-08,2025-01-05,2025-07-05,57,29,57,2024-03-03
2025-03-03,Monday,2,3,62,2025-03-02,N,2025,3,March,1,2025,1,2,P02,9,5,58,N,H1,2025-01-05,2026-01-03,2025-01-05,2025-04-05,2025-02-02,2025-03-08,2025-01-05,2025-07-05,58,30,58,2024-03-04
2025-03-04,Tuesday,3,4,63,2025-03-02,N,2025,3,March,1,2025,1,2,P02,9,5,59,N,H1,2025-01-05,2026-01-03,2025-01-05,2025-04-05,2025-02-02,2025-03-08,2025-01-05,2025-07-05,59,31,59,2024-03-05
2025-03-05,Wednesday,4,5,64,2025-03-02,N,2025,3,March,1,2025,1,2,P02,9,5,60,N,H1,2025-01-05,2026-01-03,2025-01-05,2025-04-05,2025-02-02,2025-03-08,2025-01-05,2025-07-05,60,32,60,2024-03-06
2025-03-06,Thursday,5,6,65,2025-03-02,N,2025,3,March,1,2025,1,2,P02,9,5,61,N,H1,2025-01-05,2026-01-03,2025-01-05,2025-04-05,2025-02-02,2025-03-08,2025-01-05,2025-07-05,61,33,61,2024-03-07
2025-03-07,Friday,6,7,66,2025-03-02,N,2025,3,March,1,2025,1,2,P02,9,5,62,N,H1,2025-01-05,2026-01-03,2025-01-05,2025-04-05,2025-02-02,2025-03-08,2025-01-05,2025-07-05,62,34,62,2024-03-08
2025-03-08,Saturday,7,8,67,2025-03-02,Y,2025,3,March,1,2025,1,2,P02,9,5,63,N,H1,2025-01-05,2026-01-03,2025-01-05,2025-04-05,2025-02-02,2025-03-08,2025-01-05,2025-07-05,63,35,63,2024-03-09
2025-03-09,Sunday,1,9,68,2025-03-09,Y,2025,3,March,1,2025,1,3,P03,10,1,64,N,H1,2025-01-05,2026-01-03,2025-01-05,2025-04-05,2025-03-09,2025-04-05,2025-01-05,2025-07-05,64,1,64,2024-03-10
2025-03-10,Monday,2,10,69,2025-03-09,N,2025,3,March,1,2025,1,3,P03,10,1,65,N,H1,2025-01-05,2026-01-03,2025-01-05,2025-04-05,2025-03-09,2025-04-05,2025-01-05,2025-07-05,65,2,65,2024-03-11
2025-03-11,Tuesday,3,11,70,2025-03-09,N,2025,3,March,1,2025,1,3,P03,10,1,66,N,H1,2025-01-05,2026-01-03,2025-01-05,2025-04-05,2025-03-09,2025-04-05,2025-01-05,2025-07-05,66,3,66,2024-03-12
2025-03-12,Wednesday,4,12,71,2025-03-09,N,2025,3,March,1,2025,1,3,P03,10,1,67,N,H1,2025-01-05,2026-01-03,2025-01-05,2025-04-05,2025-03-09,2025-04-05,2025-01-05,2025-07-05,67,4,67,2024-03-13
2025-03-13,Thursday,5,13,72,2025-03-09,N,2025,3,March,1,2025,1,3,P03,10,1,68,N,H1,2025-01-05,2026-01-03,2025-01-05,2025-04-05,2025-03-09,2025-04-05,2025-01-05,2025-07-05,68,5,68,2024-03-14
2025-03-14,Friday,6,14,73,2025-03-09,N,2025,3,March,1,2025,1,3,P03,10,1,69,N,H1,2025-01-05,2026-01-03,2025-01-05,2025-04-05,2025-03-09,2025-04-05,2025-01-05,2025-07-05,69,6,69,2024-03-15
2025-03-15,Saturday,7,15,74,2025-03-09,Y,2025,3,March,1,2025,1,3,P03,10,1,70,N,H1,2025-01-05,2026-01-03,2025-01-05,2025-04-05,2025-03-09,2025-04-05,2025-01-05,2025-07-05,70,7,70,2024-03-16
2025-03-16,Sunday,1,16,75,2025-03-16,Y,2025,3,March,1,2025,1,3,P03,11,2,71,N,H1,2025-01-05,2026-01-03,2025-01-05,2025-04-05,2025-03-09,2025-04-05,2025-01-05,2025-07-05,71,8,71,2024-03-17
2025-03-17,Monday,2,17,76,2025-03-16,N,2025,3,March,1,2025,1,3,P03,11,2,72,N,H1,2025-01-05,2026-01-03,2025-01-05,2025-04-05,2025-03-09,2025-04-05,2025-01-05,2025-07-05,72,9,72,2024-03-18
2025-03-18,Tuesday,3,18,77,2025-03-16,N,2025,3,March,1,2025,1,3,P03,11,2,73,N,H1,2025-01-05,2026-01-03,2025-01-05,2025-04-05,2025-03-09,2025-04-05,2025-01-05,2025-07-05,73,10,73,2024-03-19
2025-03-19,Wednesday,4,19,78,2025-03-16,N,2025,3,March,1,2025,1,3,P03,11,2,74,N,H1,2025-01-05,2026-01-03,2025-01-05,2025-04-05,2025-03-09,2025-04-05,2025-01-05,2025-07-05,74,11,74,2024-03-20
2025-03-20,Thursday,5,20,79,2025-03-16,N,2025,3,March,1,2025,1,3,P03,11,2,75,N,H1,2025-01-05,2026-01-03,2025-01-05,2025-04-05,2025-03-09,2025-04-05,2025-01-05,2025-07-05,75,12,75,2024-03-21
2025-03-21,Friday,6,21,80,2025-03-16,N,2025,3,March,1,2025,1,3,P03,11,2,76,N,H1,2025-01-05,2026-01-03,2025-01-05,2025-04-05,2025-03-09,2025-04-05,2025-01-05,2025-07-05,76,13,76,2024-03-22
2025-03-22,Saturday,7,22,81,2025-03-16,Y,2025,3,March,1,2025,1,3,P03,11,2,77,N,H1,2025-01-05,2026-01-03,2025-01-05,2025-04-05,2025-03-09,2025-04-05,2025-01-05,2025-07-05,77,14,77,2024-03-23
2025-03-23,Sunday,1,23,82,2025-03-23,Y,2025,3,March,1,2025,1,3,P03,12,3,78,N,H1,2025-01-05,2026-01-03,2025-01-05,2025-04-05,2025-03-09,2025-04-05,2025-01-05,2025-07-05,78,15,78,2024-03-24
2025-03-24,Monday,2,24,83,2025-03-23,N,2025,3,March,1,2025,1,3,P03,12,3,79,N,H1,2025-01-05,2026-01-03,2025-01-05,2025-04-05,2025-03-09,2025-04-05,2025-01-05,2025-07-05,79,16,79,2024-03-25
2025-03-25,Tuesday,3,25,84,2025-03-23,N,2025,3,March,1,2025,1,3,P03,12,3,80,N,H1,2025-01-05,2026-01-03,2025-01-05,2025-04-05,2025-03-09,2025-04-05,2025-01-05,2025-07-05,80,17,80,2024-03-26
2025-03-26,Wednesday,4,26,85,2025-03-23,N,2025,3,March,1,2025,1,3,P03,12,3,81,N,H1,2025-01-05,2026-01-03,2025-01-05,2025-04-05,2025-03-09,2025-04-05,2025-01-05,2025-07-05,81,18,81,2024-03-27
2025-03-27,Thursday,5,27,86,2025-03-23,N,2025,3,March,1,2025,1,3,P03,12,3,82,N,H1,2025-01-05,2026-01-03,2025-01-05,2025-04-05,2025-03-09,2025-04-05,2025-01-05,2025-07-05,82,19,82,2024-03-28
2025-03-28,Friday,6,28,87,2025-03-23,N,2025,3,March,1,2025,1,3,P03,12,3,83,N,H1,2025-01-05,2026-01-03,2025-01-05,2025-04-05,2025-03-09,2025-04-05,2025-01-05,2025-07-05,83,20,83,2024-03-29
2025-03-29,Saturday,7,29,88,2025-03-23,Y,2025,3,March,1,2025,1,3,P03,12,3,84,N,H1,2025-01-05,2026-01-03,2025-01-05,2025-04-05,2025-03-09,2025-04-05,2025-01-05,2025-07-05,84,21,84,2024-03-30
2025-03-30,Sunday,1,30,89,2025-03-30,Y,2025,3,March,1,2025,1,3,P03,13,4,85,N,H1,2025-01-05,2026-01-03,2025-01-05,2025-04-05,2025-03-09,2025-04-05,2025-01-05,2025-07-05,85,22,85,2024-03-31
2025-03-31,Monday,2,31,90,2025-03-30,N,2025,3,March,1,2025,1,3,P03,13,4,86,N,H1,2025-01-05,2026-01-03,2025-01-05,2025-04-05,2025-03-09,2025-04-05,2025-01-05,2025-07-05,86,23,86,2024-04-01
2025-04-01,Tuesday,3,1,91,2025-03-30,N,2025,4,April,2,2025,1,3,P03,13,4,87,N,H1,2025-01-05,2026-01-03,2025-01-05,2025-04-05,2025-03-09,2025-04-05,2025-01-05,2025-07-05,87,24,87,2024-04-02
2025-04-02,Wednesday,4,2,92,2025-03-30,N,2025,4,April,2,2025,1,3,P03,13,4,88,N,H1,2025-01-05,2026-01-03,2025-01-05,2025-04-05,2025-03-09,2025-04-05,2025-01-05,2025-07-05,88,25,88,2024-04-03
2025-04-03,Thursday,5,3,93,2025-03-30,N,2025,4,April,2,2025,1,3,P03,13,4,89,N,H1,2025-01-05,2026-01-03,2025-01-05,2025-04-05,2025-03-09,2025-04-05,2025-01-05,2025-07-05,89,26,89,2024-04-04
2025-04-04,Friday,6,4,94,2025-03-30,N,2025,4,April,2,2025,1,3,P03,13,4,90,N,H1,2025-01-05,2026-01-03,2025-01-05,2025-04-05,2025-03-09,2025-04-05,2025-01-05,2025-07-05,90,27,90,2024-04-05
2025-04-05,Saturday,7,5,95,2025-03-30,Y,2025,4,April,2,2025,1,3,P03,13,4,91,N,H1,2025-01-05,2026-01-03,2025-01-05,2025-04-05,2025-03-09,2025-04-05,2025-01-05,2025-07-05,91,28,91,2024-04-06
2025-04-06,Sunday,1,6,96,2025-04-06,Y,2025,4,April,2,2025,2,4,P04,14,1,92,N,H1,2025-01-05,2026-01-03,2025-04-06,2025-07-05,2025-04-06,2025-05-03,2025-01-05,2025-07-05,1,1,92,2024-04-07
2025-04-07,Monday,2,7,97,2025-04-06,N,2025,4,April,2,2025,2,4,P04,14,1,93,N,H1,2025-01-05,2026-01-03,2025-04-06,2025-07-05,2025-04-06,2025-05-03,2025-01-05,2025-07-05,2,2,93,2024-04-08
2025-04-08,Tuesday,3,8,98,2025-04-06,N,2025,4,April,2,2025,2,4,P04,14,1,94,N,H1,2025-01-05,2026-01-03,2025-04-06,2025-07-05,2025-04-06,2025-05-03,2025-01-05,2025-07-05,3,3,94,2024-04-09
2025-04-09,Wednesday,4,9,99,2025-04-06,N,2025,4,April,2,2025,2,4,P04,14,1,95,N,H1,2025-01-05,2026-01-03,2025-04-06,2025-07-05,2025-04-06,2025-05-03,2025-01-05,2025-07-05,4,4,95,2024-04-10
2025-04-10,Thursday,5,10,100,2025-04-06,N,2025,4,April,2,2025,2,4,P04,14,1,96,N,H1,2025-01-05,2026-01-03,2025-04-06,2025-07-05,2025-04-06,2025-05-03,2025-01-05,2025-07-05,5,5,96,2024-04-11
2025-04-11,Friday,6,11,101,2025-04-06,N,2025,4,April,2,2025,2,4,P04,14,1,97,N,H1,2025-01-05,2026-01-03,2025-04-06,2025-07-05,2025-04-06,2025-05-03,2025-01-05,2025-07-05,6,6,97,2024-04-12
2025-04-12,Saturday,7,12,102,2025-04-06,Y,2025,4,April,2,2025,2,4,P04,14,1,98,N,H1,2025-01-05,2026-01-03,2025-04-06,2025-07-05,2025-04-06,2025-05-03,2025-01-05,2025-07-05,7,7,98,2024-04-13
2025-04-13,Sunday,1,13,103,2025-04-13,Y,2025,4,April,2,2025,2,4,P04,15,2,99,N,H1,2025-01-05,2026-01-03,2025-04-06,2025-07-05,2025-04-06,2025-05-03,2025-01-05,2025-07-05,8,8,99,2024-04-14
2025-04-14,Monday,2,14,104,2025-04-13,N,2025,4,April,2,2025,2,4,P04,15,2,100,N,H1,2025-01-05,2026-01-03,2025-04-06,2025-07-05,2025-04-06,2025-05-03,2025-01-05,2025-07-05,9,9,100,2024-04-15
2025-04-15,Tuesday,3,15,105,2025-04-13,N,2025,4,April,2,2025,2,4,P04,15,2,101,N,H1,2025-01-05,2026-01-03,2025-04-06,2025-07-05,2025-04-06,2025-05-03,2025-01-05,2025-07-05,10,10,101,2024-04-16
2025-04-16,Wednesday,4,16,106,2025-04-13,N,2025,4,April,2,2025,2,4,P04,15,2,102,N,H1,2025-01-05,2026-01-03,2025-04-06,2025-07-05,2025-04-06,2025-05-03,2025-01-05,2025-07-05,11,11,102,2024-04-17
2025-04-17,Thursday,5,17,107,2025-04-13,N,2025,4,April,2,2025,2,4,P04,15,2,103,N,H1,2025-01-05,2026-01-03,2025-04-06,2025-07-05,2025-04-06,2025-05-03,2025-01-05,2025-07-05,12,12,103,2024-04-18
2025-04-18,Friday,6,18,108,2025-04-13,N,2025,4,April,2,2025,2,4,P04,15,2,104,N,H1,2025-01-05,2026-01-03,2025-04-06,2025-07-05,2025-04-06,2025-05-03,2025-01-05,2025-07-05,13,13,104,2024-04-19
2025-04-19,Saturday,7,19,109,2025-04-13,Y,2025,4,April,2,2025,2,4,P04,15,2,105,N,H1,2025-01-05,2026-01-03,2025-04-06,2025-07-05,2025-04-06,2025-05-03,2025-01-05,2025-07-05,14,14,105,2024-04-20
2025-04-20,Sunday,1,20,110,2025-04-20,Y,2025,4,April,2,2025,2,4,P04,16,3,106,N,H1,2025-01-05,2026-01-03,2025-04-06,2025-07-05,2025-04-06,2025-05-03,2025-01-05,2025-07-05,15,15,106,2024-04-21
2025-04-21,Monday,2,21,111,2025-04-20,N,2025,4,April,2,2025,2,4,P04,16,3,107,N,H1,2025-01-05,2026-01-03,2025-04-06,2025-07-05,2025-04-06,2025-05-03,2025-01-05,2025-07-05,16,16,107,2024-04-22
2025-04-22,Tuesday,3,22,112,2025-04-20,N,2025,4,April,2,2025,2,4,P04,16,3,108,N,H1,2025-01-05,2026-01-03,2025-04-06,2025-07-05,2025-04-06,2025-05-03,2025-01-05,2025-07-05,17,17,108,2024-04-23
2025-04-23,Wednesday,4,23,113,2025-04-20,N,2025,4,April,2,2025,2,4,P04,16,3,109,N,H1,2025-01-05,2026-01-03,2025-04-06,2025-07-05,2025-04-06,2025-05-03,2025-01-05,2025-07-05,18,18,109,2024-04-24
2025-04-24,Thursday,5,24,114,2025-04-20,N,2025,4,April,2,2025,2,4,P04,16,3,110,N,H1,2025-01-05,2026-01-03,2025-04-06,2025-07-05,2025-04-06,2025-05-03,2025-01-05,2025-07-05,19,19,110,2024-04-25
2025-04-25,Friday,6,25,115,2025-04-20,N,2025,4,April,2,2025,2,4,P04,16,3,111,N,H1,2025-01-05,2026-01-03,2025-04-06,2025-07-05,2025-04-06,2025-05-03,2025-01-05,2025-07-05,20,20,111,2024-04-26
2025-04-26,Saturday,7,26,116,2025-04-20,Y,2025,4,April,2,2025,2,4,P04,16,3,112,N,H1,2025-01-05,2026-01-03,2025-04-06,2025-07-05,2025-04-06,2025-05-03,2025-01-05,2025-07-05,21,21,112,2024-04-27
2025-04-27,Sunday,1,27,117,2025-04-27,Y,2025,4,April,2,2025,2,4,P04,17,4,113,N,H1,2025-01-05,2026-01-03,2025-04-06,2025-07-05,2025-04-06,2025-05-03,2025-01-05,2025-07-05,22,22,113,2024-04-28
2025-04-28,Monday,2,28,118,2025-04-27,N,2025,4,April,2,2025,2,4,P04,17,4,114,N,H1,2025-01-05,2026-01-03,2025-04-06,2025-07-05,2025-04-06,2025-05-03,2025-01-05,2025-07-05,23,23,114,2024-04-29
2025-04-29,Tuesday,3,29,119,2025-04-27,N,2025,4,April,2,2025,2,4,P04,17,4,115,N,H1,2025-01-05,2026-01-03,2025-04-06,2025-07-05,2025-04-06,2025-05-03,2025-01-05,2025-07-05,24,24,115,2024-04-30
2025-04-30,Wednesday,4,30,120,2025-04-27,N,2025,4,April,2,2025,2,4,P04,17,4,116,N,H1,2025-01-05,2026-01-03,2025-04-06,2025-07-05,2025-04-06,2025-05-03,2025-01-05,2025-07-05,25,25,116,2024-05-01
2025-05-01,Thursday,5,1,121,2025-04-27,N,2025,5,May,2,2025,2,4,P04,17,4,117,N,H1,2025-01-05,2026-01-03,2025-04-06,2025-07-05,2025-04-06,2025-05-03,2025-01-05,2025-07-05,26,26,117,2024-05-02
2025-05-02,Friday,6,2,122,2025-04-27,N,2025,5,May,2,2025,2,4,P04,17,4,118,N,H1,2025-01-05,2026-01-03,2025-04-06,2025-07-05,2025-04-06,2025-05-03,2025-01-05,2025-07-05,27,27,118,2024-05-03
2025-05-03,Saturday,7,3,123,2025-04-27,Y,2025,5,May,2,2025,2,4,P04,17,4,119,N,H1,2025-01-05,2026-01-03,2025-04-06,2025-07-05,2025-04-06,2025-05-03,2025-01-05,2025-07-05,28,28,119,2024-05-04
2025-05-04,Sunday,1,4,124,2025-05-04,Y,2025,5,May,2,2025,2,5,P05,18,1,120,N,H1,2025-01-05,2026-01-03,2025-04-06,2025-07-05,2025-05-04,2025-06-07,2025-01-05,2025-07-05,29,1,120,2024-05-05
2025-05-05,Monday,2,5,125,2025-05-04,N,2025,5,May,2,2025,2,5,P05,18,1,121,N,H1,2025-01-05,2026-01-03,2025-04-06,2025-07-05,2025-05-04,2025-06-07,2025-01-05,2025-07-05,30,2,121,2024-05-06
2025-05-06,Tuesday,3,6,126,2025-05-04,N,2025,5,May,2,2025,2,5,P05,18,1,122,N,H1,2025-01-05,2026-01-03,2025-04-06,2025-07-05,2025-05-04,2025-06-07,2025-01-05,2025-07-05,31,3,122,2024-05-07
2025-05-07,Wednesday,4,7,127,2025-05-04,N,2025,5,May,2,2025,2,5,P05,18,1,123,N,H1,2025-01-05,2026-01-03,2025-04-06,2025-07-05,2025-05-04,2025-06-07,2025-01-05,2025-07-05,32,4,123,2024-05-08
2025-05-08,Thursday,5,8,128,2025-05-04,N,2025,5,May,2,2025,2,5,P05,18,1,124,N,H1,2025-01-05,2026-01-03,2025-04-06,2025-07-05,2025-05-04,2025-06-07,2025-01-05,2025-07-05,33,5,124,2024-05-09
2025-05-09,Friday,6,9,129,2025-05-04,N,2025,5,May,2,2025,2,5,P05,18,1,125,N,H1,2025-01-05,2026-01-03,2025-04-06,2025-07-05,2025-05-04,2025-06-07,2025-01-05,2025-07-05,34,6,125,2024-05-10
2025-05-10,Saturday,7,10,130,2025-05-04,Y,2025,5,May,2,2025,2,5,P05,18,1,126,N,H1,2025-01-05,2026-01-03,2025-04-06,2025-07-05,2025-05-04,2025-06-07,2025-01-05,2025-07-05,35,7,126,2024-05-11
2025-05-11,Sunday,1,11,131,2025-05-11,Y,2025,5,May,2,2025,2,5,P05,19,2,127,N,H1,2025-01-05,2026-01-03,2025-04-06,2025-07-05,2025-05-04,2025-06-07,2025-01-05,2025-07-05,36,8,127,2024-05-12
2025-05-12,Monday,2,12,132,2025-05-11,N,2025,5,May,2,2025,2,5,P05,19,2,128,N,H1,2025-01-05,2026-01-03,2025-04-06,2025-07-05,2025-05-04,2025-06-07,2025-01-05,2025-07-05,37,9,128,2024-05-13
2025-05-13,Tuesday,3,13,133,2025-05-11,N,2025,5,May,2,2025,2,5,P05,19,2,129,N,H1,2025-01-05,2026-01-03,2025-04-06,2025-07-05,2025-05-04,2025-06-07,2025-01-05,2025-07-05,38,10,129,2024-05-14
2025-05-14,Wednesday,4,14,134,2025-05-11,N,2025,5,May,2,2025,2,5,P05,19,2,130,N,H1,2025-01-05,2026-01-03,2025-04-06,2025-07-05,2025-05-04,2025-06-07,2025-01-05,2025-07-05,39,11,130,2024-05-15
2025-05-15,Thursday,5,15,135,2025-05-11,N,2025,5,May,2,2025,2,5,P05,19,2,131,N,H1,2025-01-05,2026-01-03,2025-04-06,2025-07-05,2025-05-04,2025-06-07,2025-01-05,2025-07-05,40,12,131,2024-05-16
2025-05-16,Friday,6,16,136,2025-05-11,N,2025,5,May,2,2025,2,5,P05,19,2,132,N,H1,2025-01-05,2026-01-03,2025-04-06,2025-07-05,2025-05-04,2025-06-07,2025-01-05,2025-07-05,41,13,132,2024-05-17
2025-05-17,Saturday,7,17,137,2025-05-11,Y,2025,5,May,2,2025,2,5,P05,19,2,133,N,H1,2025-01-05,2026-01-03,2025-04-06,2025-07-05,2025-05-04,2025-06-07,2025-01-05,2025-07-05,42,14,133,2024-05-18
2025-05-18,Sunday,1,18,138,2025-05-18,Y,2025,5,May,2,2025,2,5,P05,20,3,134,N,H1,2025-01-05,2026-01-03,2025-04-06,2025-07-05,2025-05-04,2025-06-07,2025-01-05,2025-07-05,43,15,134,2024-05-19
2025-05-19,Monday,2,19,139,2025-05-18,N,2025,5,May,2,2025,2,5,P05,20,3,135,N,H1,2025-01-05,2026-01-03,2025-04-06,2025-07-05,2025-05-04,2025-06-07,2025-01-05,2025-07-05,44,16,135,2024-05-20
2025-05-20,Tuesday,3,20,140,2025-05-18,N,2025,5,May,2,2025,2,5,P05,20,3,136,N,H1,2025-01-05,2026-01-03,2025-04-06,2025-07-05,2025-05-04,2025-06-07,2025-01-05,2025-07-05,45,17,136,2024-05-21
2025-05-21,Wednesday,4,21,141,2025-05-18,N,2025,5,May,2,2025,2,5,P05,20,3,137,N,H1,2025-01-05,2026-01-03,2025-04-06,2025-07-05,2025-05-04,2025-06-07,2025-01-05,2025-07-05,46,18,137,2024-05-22
2025-05-22,Thursday,5,22,142,2025-05-18,N,2025,5,May,2,2025,2,5,P05,20,3,138,N,H1,2025-01-05,2026-01-03,2025-04-06,2025-07-05,2025-05-04,2025-06-07,2025-01-05,2025-07-05,47,19,138,2024-05-23
2025-05-23,Friday,6,23,143,2025-05-18,N,2025,5,May,2,2025,2,5,P05,20,3,139,N,H1,2025-01-05,2026-01-03,2025-04-06,2025-07-05,2025-05-04,2025-06-07,2025-01-05,2025-07-05,48,20,139,2024-05-24
2025-05-24,Saturday,7,24,144,2025-05-18,Y,2025,5,May,2,2025,2,5,P05,20,3,140,N,H1,2025-01-05,2026-01-03,2025-04-06,2025-07-05,2025-05-04,2025-06-07,2025-01-05,2025-07-05,49,21,140,2024-05-25
2025-05-25,Sunday,1,25,145,2025-05-25,Y,2025,5,May,2,2025,2,5,P05,21,4,141,N,H1,2025-01-05,2026-01-03,2025-04-06,2025-07-05,2025-05-04,2025-06-07,2025-01-05,2025-07-05,50,22,141,2024-05-26
2025-05-26,Monday,2,26,146,2025-05-25,N,2025,5,May,2,2025,2,5,P05,21,4,142,N,H1,2025-01-05,2026-01-03,2025-04-06,2025-07-05,2025-05-04,2025-06-07,2025-01-05,2025-07-05,51,23,142,2024-05-27
2025-05-27,Tuesday,3,27,147,2025-05-25,N,2025,5,May,2,2025,2,5,P05,21,4,143,N,H1,2025-01-05,2026-01-03,2025-04-06,2025-07-05,2025-05-04,2025-06-07,2025-01-05,2025-07-05,52,24,143,2024-05-28
2025-05-28,Wednesday,4,28,148,2025-05-25,N,2025,5,May,2,2025,2,5,P05,21,4,144,N,H1,2025-01-05,2026-01-03,2025-04-06,2025-07-05,2025-05-04,2025-06-07,2025-01-05,2025-07-05,53,25,144,2024-05-29
2025-05-29,Thursday,5,29,149,2025-05-25,N,2025,5,May,2,2025,2,5,P05,21,4,145,N,H1,2025-01-05,2026-01-03,2025-04-06,2025-07-05,2025-05-04,2025-06-07,2025-01-05,2025-07-05,54,26,145,2024-05-30
2025-05-30,Friday,6,30,150,2025-05-25,N,2025,5,May,2,2025,2,5,P05,21,4,146,N,H1,2025-01-05,2026-01-03,2025-04-06,2025-07-05,2025-05-04,2025-06-07,2025-01-05,2025-07-05,55,27,146,2024-05-31
2025-05-31,Saturday,7,31,151,2025-05-25,Y,2025,5,May,2,2025,2,5,P05,21,4,147,N,H1,2025-01-05,2026-01-03,2025-04-06,2025-07-05,2025-05-04,2025-06-07,2025-01-05,2025-07-05,56,28,147,2024-06-01
2025-06-01,Sunday,1,1,152,2025-06-01,Y,2025,6,June,2,2025,2,5,P05,22,5,148,N,H1,2025-01-05,2026-01-03,2025-04-06,2025-07-05,2025-05-04,2025-06-07,2025-01-05,2025-07-05,57,29,148,2024-06-02
2025-06-02,Monday,2,2,153,2025-06-01,N,2025,6,June,2,2025,2,5,P05,22,5,149,N,H1,2025-01-05,2026-01-03,2025-04-06,2025-07-05,2025-05-04,2025-06-07,2025-01-05,2025-07-05,58,30,149,2024-06-03
2025-06-03,Tuesday,3,3,154,2025-06-01,N,2025,6,June,2,2025,2,5,P05,22,5,150,N,H1,2025-01-05,2026-01-03,2025-04-06,2025-07-05,2025-05-04,2025-06-07,2025-01-05,2025-07-05,59,31,150,2024-06-04
2025-06-04,Wednesday,4,4,155,2025-06-01,N,2025,6,June,2,2025,2,5,P05,22,5,151,N,H1,2025-01-05,2026-01-03,2025-04-06,2025-07-05,2025-05-04,2025-06-07,2025-01-05,2025-07-05,60,32,151,2024-06-05
2025-06-05,Thursday,5,5,156,2025-06-01,N,2025,6,June,2,2025,2,5,P05,22,5,152,N,H1,2025-01-05,2026-01-03,2025-04-06,2025-07-05,2025-05-04,2025-06-07,2025-01-05,2025-07-05,61,33,152,2024-06-06
2025-06-06,Friday,6,6,157,2025-06-01,N,2025,6,June,2,2025,2,5,P05,22,5,153,N,H1,2025-01-05,2026-01-03,2025-04-06,2025-07-05,2025-05-04,2025-06-07,2025-01-05,2025-07-05,62,34,153,2024-06-07
2025-06-07,Saturday,7,7,158,2025-06-01,Y,2025,6,June,2,2025,2,5,P05,22,5,154,N,H1,2025-01-05,2026-01-03,2025-04-06,2025-07-05,2025-05-04,2025-06-07,2025-01-05,2025-07-05,63,35,154,2024-06-08
2025-06-08,Sunday,1,8,159,2025-06-08,Y,2025,6,June,2,2025,2,6,P06,23,1,155,N,H1,2025-01-05,2026-01-03,2025-04-06,2025-07-05,2025-06-08,2025-07-05,2025-01-05,2025-07-05,64,1,155,2024-06-09
2025-06-09,Monday,2,9,160,2025-06-08,N,2025,6,June,2,2025,2,6,P06,23,1,156,N,H1,2025-01-05,2026-01-03,2025-04-06,2025-07-05,2025-06-08,2025-07-05,2025-01-05,2025-07-05,65,2,156,2024-06-10
2025-06-10,Tuesday,3,10,161,2025-06-08,N,2025,6,June,2,2025,2,6,P06,23,1,157,N,H1,2025-01-05,2026-01-03,2025-04-06,2025-07-05,2025-06-08,2025-07-05,2025-01-05,2025-07-05,66,3,157,2024-06-11
2025-06-11,Wednesday,4,11,162,2025-06-08,N,2025,6,June,2,2025,2,6,P06,23,1,158,N,H1,2025-01-05,2026-01-03,2025-04-06,2025-07-05,2025-06-08,2025-07-05,2025-01-05,2025-07-05,67,4,158,2024-06-12
2025-06-12,Thursday,5,12,163,2025-06-08,N,2025,6,June,2,2025,2,6,P06,23,1,159,N,H1,2025-01-05,2026-01-03,2025-04-06,2025-07-05,2025-06-08,2025-07-05,2025-01-05,2025-07-05,68,5,159,2024-06-13
2025-06-13,Friday,6,13,164,2025-06-08,N,2025,6,June,2,2025,2,6,P06,23,1,160,N,H1,2025-01-05,2026-01-03,2025-04-06,2025-07-05,2025-06-08,2025-07-05,2025-01-05,2025-07-05,69,6,160,2024-06-14
2025-06-14,Saturday,7,14,165,2025-06-08,Y,2025,6,June,2,2025,2,6,P06,23,1,161,N,H1,2025-01-05,2026-01-03,2025-04-06,2025-07-05,2025-06-08,2025-07-05,2025-01-05,2025-07-05,70,7,161,2024-06-15
2025-06-15,Sunday,1,15,166,2025-06-15,Y,2025,6,June,2,2025,2,6,P06,24,2,162,N,H1,2025-01-05,2026-01-03,2025-04-06,2025-07-05,2025-06-08,2025-07-05,2025-01-05,2025-07-05,71,8,162,2024-06-16
2025-06-16,Monday,2,16,167,2025-06-15,N,2025,6,June,2,2025,2,6,P06,24,2,163,N,H1,2025-01-05,2026-01-03,2025-04-06,2025-07-05,2025-06-08,2025-07-05,2025-01-05,2025-07-05,72,9,163,2024-06-17
2025-06-17,Tuesday,3,17,168,2025-06-15,N,2025,6,June,2,2025,2,6,P06,24,2,164,N,H1,2025-01-05,2026-01-03,2025-04-06,2025-07-05,2025-06-08,2025-07-05,2025-01-05,2025-07-05,73,10,164,2024-06-18
2025-06-18,Wednesday,4,18,169,2025-06-15,N,2025,6,June,2,2025,2,6,P06,24,2,165,N,H1,2025-01-05,2026-01-03,2025-04-06,2025-07-05,2025-06-08,2025-07-05,2025-01-05,2025-07-05,74,11,165,2024-06-19
2025-06-19,Thursday,5,19,170,2025-06-15,N,2025,6,June,2,2025,2,6,P06,24,2,166,N,H1,2025-01-05,2026-01-03,2025-04-06,2025-07-05,2025-06-08,2025-07-05,2025-01-05,2025-07-05,75,12,166,2024-06-20
2025-06-20,Friday,6,20,171,2025-06-15,N,2025,6,June,2,2025,2,6,P06,24,2,167,N,H1,2025-01-05,2026-01-03,2025-04-06,2025-07-05,2025-06-08,2025-07-05,2025-01-05,2025-07-05,76,13,167,2024-06-21
2025-06-21,Saturday,7,21,172,2025-06-15,Y,2025,6,June,2,2025,2,6,P06,24,2,168,N,H1,2025-01-05,2026-01-03,2025-04-06,2025-07-05,2025-06-08,2025-07-05,2025-01-05,2025-07-05,77,14,168,2024-06-22
2025-06-22,Sunday,1,22,173,2025-06-22,Y,2025,6,June,2,2025,2,6,P06,25,3,169,N,H1,2025-01-05,2026-01-03,2025-04-06,2025-07-05,2025-06-08,2025-07-05,2025-01-05,2025-07-05,78,15,169,2024-06-23
2025-06-23,Monday,2,23,174,2025-06-22,N,2025,6,June,2,2025,2,6,P06,25,3,170,N,H1,2025-01-05,2026-01-03,2025-04-06,2025-07-05,2025-06-08,2025-07-05,2025-01-05,2025-07-05,79,16,170,2024-06-24
2025-06-24,Tuesday,3,24,175,2025-06-22,N,2025,6,June,2,2025,2,6,P06,25,3,171,N,H1,2025-01-05,2026-01-03,2025-04-06,2025-07-05,2025-06-08,2025-07-05,2025-01-05,2025-07-05,80,17,171,2024-06-25
2025-06-25,Wednesday,4,25,176,2025-06-22,N,2025,6,June,2,2025,2,6,P06,25,3,172,N,H1,2025-01-05,2026-01-03,2025-04-06,2025-07-05,2025-06-08,2025-07-05,2025-01-05,2025-07-05,81,18,172,2024-06-26
2025-06-26,Thursday,5,26,177,2025-06-22,N,2025,6,June,2,2025,2,6,P06,25,3,173,N,H1,2025-01-05,2026-01-03,2025-04-06,2025-07-05,2025-06-08,2025-07-05,2025-01-05,2025-07-05,82,19,173,2024-06-27
2025-06-27,Friday,6,27,178,2025-06-22,N,2025,6,June,2,2025,2,6,P06,25,3,174,N,H1,2025-01-05,2026-01-03,2025-04-06,2025-07-05,2025-06-08,2025-07-05,2025-01-05,2025-07-05,83,20,174,2024-06-28
2025-06-28,Saturday,7,28,179,2025-06-22,Y,2025,6,June,2,2025,2,6,P06,25,3,175,N,H1,2025-01-05,2026-01-03,2025-04-06,2025-07-05,2025-06-08,2025-07-05,2025-01-05,2025-07-05,84,21,175,2024-06-29
2025-06-29,Sunday,1,29,180,2025-06-29,Y,2025,6,June,2,2025,2,6,P06,26,4,176,N,H1,2025-01-05,2026-01-03,2025-04-06,2025-07-05,2025-06-08,2025-07-05,2025-01-05,2025-07-05,85,22,176,2024-06-30
2025-06-30,Monday,2,30,181,2025-06-29,N,2025,6,June,2,2025,2,6,P06,26,4,177,N,H1,2025-01-05,2026-01-03,2025-04-06,2025-07-05,2025-06-08,2025-07-05,2025-01-05,2025-07-05,86,23,177,2024-07-01
2025-07-01,Tuesday,3,1,182,2025-06-29,N,2025,7,July,3,2025,2,6,P06,26,4,178,N,H1,2025-01-05,2026-01-03,2025-04-06,2025-07-05,2025-06-08,2025-07-05,2025-01-05,2025-07-05,87,24,178,2024-07-02
2025-07-02,Wednesday,4,2,183,2025-06-29,N,2025,7,July,3,2025,2,6,P06,26,4,179,N,H1,2025-01-05,2026-01-03,2025-04-06,2025-07-05,2025-06-08,2025-07-05,2025-01-05,2025-07-05,88,25,179,2024-07-03
2025-07-03,Thursday,5,3,184,2025-06-29,N,2025,7,July,3,2025,2,6,P06,26,4,180,N,H1,2025-01-05,2026-01-03,2025-04-06,2025-07-05,2025-06-08,2025-07-05,2025-01-05,2025-07-05,89,26,180,2024-07-04
2025-07-04,Friday,6,4,185,2025-06-29,N,2025,7,July,3,2025,2,6,P06,26,4,181,N,H1,2025-01-05,2026-01-03,2025-04-06,2025-07-05,2025-06-08,2025-07-05,2025-01-05,2025-07-05,90,27,181,2024-07-05
2025-07-05,Saturday,7,5,186,2025-06-29,Y,2025,7,July,3,2025,2,6,P06,26,4,182,N,H1,2025-01-05,2026-01-03,2025-04-06,2025-07-05,2025-06-08,2025-07-05,2025-01-05,2025-07-05,91,28,182,2024-07-06
2025-07-06,Sunday,1,6,187,2025-07-06,Y,2025,7,July,3,2025,3,7,P07,27,1,183,N,H2,2025-01-05,2026-01-03,2025-07-06,2025-10-04,2025-07-06,2025-08-02,2025-07-06,2026-01-03,1,1,1,2024-07-07
2025-07-07,Monday,2,7,188,2025-07-06,N,2025,7,July,3,2025,3,7,P07,27,1,184,N,H2,2025-01-05,2026-01-03,2025-07-06,2025-10-04,2025-07-06,2025-08-02,2025-07-06,2026-01-03,2,2,2,2024-07-08
2025-07-08,Tuesday,3,8,189,2025-07-06,N,2025,7,July,3,2025,3,7,P07,27,1,185,N,H2,2025-01-05,2026-01-03,2025-07-06,2025-10-04,2025-07-06,2025-08-02,2025-07-06,2026-01-03,3,3,3,2024-07-09
2025-07-09,Wednesday,4,9,190,2025-07-06,N,2025,7,July,3,2025,3,7,P07,27,1,186,N,H2,2025-01-05,2026-01-03,2025-07-06,2025-10-04,2025-07-06,2025-08-02,2025-07-06,2026-01-03,4,4,4,2024-07-10
2025-07-10,Thursday,5,10,191,2025-07-06,N,2025,7,July,3,2025,3,7,P07,27,1,187,N,H2,2025-01-05,2026-01-03,2025-07-06,2025-10-04,2025-07-06,2025-08-02,2025-07-06,2026-01-03,5,5,5,2024-07-11
2025-07-11,Friday,6,11,192,2025-07-06,N,2025,7,July,3,2025,3,7,P07,27,1,188,N,H2,2025-01-05,2026-01-03,2025-07-06,2025-10-04,2025-07-06,2025-08-02,2025-07-06,2026-01-03,6,6,6,2024-07-12
2025-07-12,Saturday,7,12,193,2025-07-06,Y,2025,7,July,3,2025,3,7,P07,27,1,189,N,H2,2025-01-05,2026-01-03,2025-07-06,2025-10-04,2025-07-06,2025-08-02,2025-07-06,2026-01-03,7,7,7,2024-07-13
2025-07-13,Sunday,1,13,194,2025-07-13,Y,2025,7,July,3,2025,3,7,P07,28,2,190,N,H2,2025-01-05,2026-01-03,2025-07-06,2025-10-04,2025-07-06,2025-08-02,2025-07-06,2026-01-03,8,8,8,2024-07-14
2025-07-14,Monday,2,14,195,2025-07-13,N,2025,7,July,3,2025,3,7,P07,28,2,191,N,H2,2025-01-05,2026-01-03,2025-07-06,2025-10-04,2025-07-06,2025-08-02,2025-07-06,2026-01-03,9,9,9,2024-07-15
2025-07-15,Tuesday,3,15,196,2025-07-13,N,2025,7,July,3,2025,3,7,P07,28,2,192,N,H2,2025-01-05,2026-01-03,2025-07-06,2025-10-04,2025-07-06,2025-08-02,2025-07-06,2026-01-03,10,10,10,2024-07-16
2025-07-16,Wednesday,4,16,197,2025-07-13,N,2025,7,July,3,2025,3,7,P07,28,2,193,N,H2,2025-01-05,2026-01-03,2025-07-06,2025-10-04,2025-07-06,2025-08-02,2025-07-06,2026-01-03,11,11,11,2024-07-17
2025-07-17,Thursday,5,17,198,2025-07-13,N,2025,7,July,3,2025,3,7,P07,28,2,194,N,H2,2025-01-05,2026-01-03,2025-07-06,2025-10-04,2025-07-06,2025-08-02,2025-07-06,2026-01-03,12,12,12,2024-07-18
2025-07-18,Friday,6,18,199,2025-07-13,N,2025,7,July,3,2025,3,7,P07,28,2,195,N,H2,2025-01-05,2026-01-03,2025-07-06,2025-10-04,2025-07-06,2025-08-02,2025-07-06,2026-01-03,13,13,13,2024-07-19
2025-07-19,Saturday,7,19,200,2025-07-13,Y,2025,7,July,3,2025,3,7,P07,28,2,196,N,H2,2025-01-05,2026-01-03,2025-07-06,2025-10-04,2025-07-06,2025-08-02,2025-07-06,2026-01-03,14,14,14,2024-07-20
2025-07-20,Sunday,1,20,201,2025-07-20,Y,2025,7,July,3,2025,3,7,P07,29,3,197,N,H2,2025-01-05,2026-01-03,2025-07-06,2025-10-04,2025-07-06,2025-08-02,2025-07-06,2026-01-03,15,15,15,2024-07-21
2025-07-21,Monday,2,21,202,2025-07-20,N,2025,7,July,3,2025,3,7,P07,29,3,198,N,H2,2025-01-05,2026-01-03,2025-07-06,2025-10-04,2025-07-06,2025-08-02,2025-07-06,2026-01-03,16,16,16,2024-07-22
2025-07-22,Tuesday,3,22,203,2025-07-20,N,2025,7,July,3,2025,3,7,P07,29,3,199,N,H2,2025-01-05,2026-01-03,2025-07-06,2025-10-04,2025-07-06,2025-08-02,2025-07-06,2026-01-03,17,17,17,2024-07-23
2025-07-23,Wednesday,4,23,204,2025-07-20,N,2025,7,July,3,2025,3,7,P07,29,3,200,N,H2,2025-01-05,2026-01-03,2025-07-06,2025-10-04,2025-07-06,2025-08-02,2025-07-06,2026-01-03,18,18,18,2024-07-24
2025-07-24,Thursday,5,24,205,2025-07-20,N,2025,7,July,3,2025,3,7,P07,29,3,201,N,H2,2025-01-05,2026-01-03,2025-07-06,2025-10-04,2025-07-06,2025-08-02,2025-07-06,2026-01-03,19,19,19,2024-07-25
2025-07-25,Friday,6,25,206,2025-07-20,N,2025,7,July,3,2025,3,7,P07,29,3,202,N,H2,2025-01-05,2026-01-03,2025-07-06,2025-10-04,2025-07-06,2025-08-02,2025-07-06,2026-01-03,20,20,20,2024-07-26
2025-07-26,Saturday,7,26,207,2025-07-20,Y,2025,7,July,3,2025,3,7,P07,29,3,203,N,H2,2025-01-05,2026-01-03,2025-07-06,2025-10-04,2025-07-06,2025-08-02,2025-07-06,2026-01-03,21,21,21,2024-07-27
2025-07-27,Sunday,1,27,208,2025-07-27,Y,2025,7,July,3,2025,3,7,P07,30,4,204,N,H2,2025-01-05,2026-01-03,2025-07-06,2025-10-04,2025-07-06,2025-08-02,2025-07-06,2026-01-03,22,22,22,2024-07-28
2025-07-28,Monday,2,28,209,2025-07-27,N,2025,7,July,3,2025,3,7,P07,30,4,205,N,H2,2025-01-05,2026-01-03,2025-07-06,2025-10-04,2025-07-06,2025-08-02,2025-07-06,2026-01-03,23,23,23,2024-07-29
2025-07-29,Tuesday,3,29,210,2025-07-27,N,2025,7,July,3,2025,3,7,P07,30,4,206,N,H2,2025-01-05,2026-01-03,2025-07-06,2025-10-04,2025-07-06,2025-08-02,2025-07-06,2026-01-03,24,24,24,2024-07-30
2025-07-30,Wednesday,4,30,211,2025-07-27,N,2025,7,July,3,2025,3,7,P07,30,4,207,N,H2,2025-01-05,2026-01-03,2025-07-06,2025-10-04,2025-07-06,2025-08-02,2025-07-06,2026-01-03,25,25,25,2024-07-31
2025-07-31,Thursday,5,31,212,2025-07-27,N,2025,7,July,3,2025,3,7,P07,30,4,208,N,H2,2025-01-05,2026-01-03,2025-07-06,2025-10-04,2025-07-06,2025-08-02,2025-07-06,2026-01-03,26,26,26,2024-08-01
2025-08-01,Friday,6,1,213,2025-07-27,N,2025,8,August,3,2025,3,7,P07,30,4,209,N,H2,2025-01-05,2026-01-03,2025-07-06,2025-10-04,2025-07-06,2025-08-02,2025-07-06,2026-01-03,27,27,27,2024-08-02
2025-08-02,Saturday,7,2,214,2025-07-27,Y,2025,8,August,3,2025,3,7,P07,30,4,210,N,H2,2025-01-05,2026-01-03,2025-07-06,2025-10-04,2025-07-06,2025-08-02,2025-07-06,2026-01-03,28,28,28,2024-08-03
2025-08-03,Sunday,1,3,215,2025-08-03,Y,2025,8,August,3,2025,3,8,P08,31,1,211,N,H2,2025-01-05,2026-01-03,2025-07-06,2025-10-04,2025-08-03,2025-09-06,2025-07-06,2026-01-03,29,1,29,2024-08-04
2025-08-04,Monday,2,4,216,2025-08-03,N,2025,8,August,3,2025,3,8,P08,31,1,212,N,H2,2025-01-05,2026-01-03,2025-07-06,2025-10-04,2025-08-03,2025-09-06,2025-07-06,2026-01-03,30,2,30,2024-08-05
2025-08-05,Tuesday,3,5,217,2025-08-03,N,2025,8,August,3,2025,3,8,P08,31,1,213,N,H2,2025-01-05,2026-01-03,2025-07-06,2025-10-04,2025-08-03,2025-09-06,2025-07-06,2026-01-03,31,3,31,2024-08-06
2025-08-06,Wednesday,4,6,218,2025-08-03,N,2025,8,August,3,2025,3,8,P08,31,1,214,N,H2,2025-01-05,2026-01-03,2025-07-06,2025-10-04,2025-08-03,2025-09-06,2025-07-06,2026-01-03,32,4,32,2024-08-07
2025-08-07,Thursday,5,7,219,2025-08-03,N,2025,8,August,3,2025,3,8,P08,31,1,215,N,H2,2025-01-05,2026-01-03,2025-07-06,2025-10-04,2025-08-03,2025-09-06,2025-07-06,2026-01-03,33,5,33,2024-08-08
2025-08-08,Friday,6,8,220,2025-08-03,N,2025,8,August,3,2025,3,8,P08,31,1,216,N,H2,2025-01-05,2026-01-03,2025-07-06,2025-10-04,2025-08-03,2025-09-06,2025-07-06,2026-01-03,34,6,34,2024-08-09
2025-08-09,Saturday,7,9,221,2025-08-03,Y,2025,8,August,3,2025,3,8,P08,31,1,217,N,H2,2025-01-05,2026-01-03,2025-07-06,2025-10-04,2025-08-03,2025-09-06,2025-07-06,2026-01-03,35,7,35,2024-08-10
2025-08-10,Sunday,1,10,222,2025-08-10,Y,2025,8,August,3,2025,3,8,P08,32,2,218,N,H2,2025-01-05,2026-01-03,2025-07-06,2025-10-04,2025-08-03,2025-09-06,2025-07-06,2026-01-03,36,8,36,2024-08-11
2025-08-11,Monday,2,11,223,2025-08-10,N,2025,8,August,3,2025,3,8,P08,32,2,219,N,H2,2025-01-05,2026-01-03,2025-07-06,2025-10-04,2025-08-03,2025-09-06,2025-07-06,2026-01-03,37,9,37,2024-08-12
2025-08-12,Tuesday,3,12,224,2025-08-10,N,2025,8,August,3,2025,3,8,P08,32,2,220,N,H2,2025-01-05,2026-01-03,2025-07-06,2025-10-04,2025-08-03,2025-09-06,2025-07-06,2026-01-03,38,10,38,2024-08-13
2025-08-13,Wednesday,4,13,225,2025-08-10,N,2025,8,August,3,2025,3,8,P08,32,2,221,N,H2,2025-01-05,2026-01-03,2025-07-06,2025-10-04,2025-08-03,2025-09-06,2025-07-06,2026-01-03,39,11,39,2024-08-14
2025-08-14,Thursday,5,14,226,2025-08-10,N,2025,8,August,3,2025,3,8,P08,32,2,222,N,H2,2025-01-05,2026-01-03,2025-07-06,2025-10-04,2025-08-03,2025-09-06,2025-07-06,2026-01-03,40,12,40,2024-08-15
2025-08-15,Friday,6,15,227,2025-08-10,N,2025,8,August,3,2025,3,8,P08,32,2,223,N,H2,2025-01-05,2026-01-03,2025-07-06,2025-10-04,2025-08-03,2025-09-06,2025-07-06,2026-01-03,41,13,41,2024-08-16
2025-08-16,Saturday,7,16,228,2025-08-10,Y,2025,8,August,3,2025,3,8,P08,32,2,224,N,H2,2025-01-05,2026-01-03,2025-07-06,2025-10-04,2025-08-03,2025-09-06,2025-07-06,2026-01-03,42,14,42,2024-08-17
2025-08-17,Sunday,1,17,229,2025-08-17,Y,2025,8,August,3,2025,3,8,P08,33,3,225,N,H2,2025-01-05,2026-01-03,2025-07-06,2025-10-04,2025-08-03,2025-09-06,2025-07-06,2026-01-03,43,15,43,2024-08-18
2025-08-18,Monday,2,18,230,2025-08-17,N,2025,8,August,3,2025,3,8,P08,33,3,226,N,H2,2025-01-05,2026-01-03,2025-07-06,2025-10-04,2025-08-03,2025-09-06,2025-07-06,2026-01-03,44,16,44,2024-08-19
2025-08-19,Tuesday,3,19,231,2025-08-17,N,2025,8,August,3,2025,3,8,P08,33,3,227,N,H2,2025-01-05,2026-01-03,2025-07-06,2025-10-04,2025-08-03,2025-09-06,2025-07-06,2026-01-03,45,17,45,2024-08-20
2025-08-20,Wednesday,4,20,232,2025-08-17,N,2025,8,August,3,2025,3,8,P08,33,3,228,N,H2,2025-01-05,2026-01-03,2025-07-06,2025-10-04,2025-08-03,2025-09-06,2025-07-06,2026-01-03,46,18,46,2024-08-21
2025-08-21,Thursday,5,21,233,2025-08-17,N,2025,8,August,3,2025,3,8,P08,33,3,229,N,H2,2025-01-05,2026-01-03,2025-07-06,2025-10-04,2025-08-03,2025-09-06,2025-07-06,2026-01-03,47,19,47,2024-08-22
2025-08-22,Friday,6,22,234,2025-08-17,N,2025,8,August,3,2025,3,8,P08,33,3,230,N,H2,2025-01-05,2026-01-03,2025-07-06,2025-10-04,2025-08-03,2025-09-06,2025-07-06,2026-01-03,48,20,48,2024-08-23
2025-08-23,Saturday,7,23,235,2025-08-17,Y,2025,8,August,3,2025,3,8,P08,33,3,231,N,H2,2025-01-05,2026-01-03,2025-07-06,2025-10-04,2025-08-03,2025-09-06,2025-07-06,2026-01-03,49,21,49,2024-08-24
2025-08-24,Sunday,1,24,236,2025-08-24,Y,2025,8,August,3,2025,3,8,P08,34,4,232,N,H2,2025-01-05,2026-01-03,2025-07-06,2025-10-04,2025-08-03,2025-09-06,2025-07-06,2026-01-03,50,22,50,2024-08-25
2025-08-25,Monday,2,25,237,2025-08-24,N,2025,8,August,3,2025,3,8,P08,34,4,233,N,H2,2025-01-05,2026-01-03,2025-07-06,2025-10-04,2025-08-03,2025-09-06,2025-07-06,2026-01-03,51,23,51,2024-08-26
2025-08-26,Tuesday,3,26,238,2025-08-24,N,2025,8,August,3,2025,3,8,P08,34,4,234,N,H2,2025-01-05,2026-01-03,2025-07-06,2025-10-04,2025-08-03,2025-09-06,2025-07-06,2026-01-03,52,24,52,2024-08-27
2025-08-27,Wednesday,4,27,239,2025-08-24,N,2025,8,August,3,2025,3,8,P08,34,4,235,N,H2,2025-01-05,2026-01-03,2025-07-06,2025-10-04,2025-08-03,2025-09-06,2025-07-06,2026-01-03,53,25,53,2024-08-28
2025-08-28,Thursday,5,28,240,2025-08-24,N,2025,8,August,3,2025,3,8,P08,34,4,236,N,H2,2025-01-05,2026-01-03,2025-07-06,2025-10-04,2025-08-03,2025-09-06,2025-07-06,2026-01-03,54,26,54,2024-08-29
2025-08-29,Friday,6,29,241,2025-08-24,N,2025,8,August,3,2025,3,8,P08,34,4,237,N,H2,2025-01-05,2026-01-03,2025-07-06,2025-10-04,2025-08-03,2025-09-06,2025-07-06,2026-01-03,55,27,55,2024-08-30
2025-08-30,Saturday,7,30,242,2025-08-24,Y,2025,8,August,3,2025,3,8,P08,34,4,238,N,H2,2025-01-05,2026-01-03,2025-07-06,2025-10-04,2025-08-03,2025-09-06,2025-07-06,2026-01-03,56,28,56,2024-08-31
2025-08-31,Sunday,1,31,243,2025-08-31,Y,2025,8,August,3,2025,3,8,P08,35,5,239,N,H2,2025-01-05,2026-01-03,2025-07-06,2025-10-04,2025-08-03,2025-09-06,2025-07-06,2026-01-03,57,29,57,2024-09-01
2025-09-01,Monday,2,1,244,2025-08-31,N,2025,9,September,3,2025,3,8,P08,35,5,240,N,H2,2025-01-05,2026-01-03,2025-07-06,2025-10-04,2025-08-03,2025-09-06,2025-07-06,2026-01-03,58,30,58,2024-09-02
2025-09-02,Tuesday,3,2,245,2025-08-31,N,2025,9,September,3,2025,3,8,P08,35,5,241,N,H2,2025-01-05,2026-01-03,2025-07-06,2025-10-04,2025-08-03,2025-09-06,2025-07-06,2026-01-03,59,31,59,2024-09-03
2025-09-03,Wednesday,4,3,246,2025-08-31,N,2025,9,September,3,2025,3,8,P08,35,5,242,N,H2,2025-01-05,2026-01-03,2025-07-06,2025-10-04,2025-08-03,2025-09-06,2025-07-06,2026-01-03,60,32,60,2024-09-04
2025-09-04,Thursday,5,4,247,2025-08-31,N,2025,9,September,3,2025,3,8,P08,35,5,243,N,H2,2025-01-05,2026-01-03,2025-07-06,2025-10-04,2025-08-03,2025-09-06,2025-07-06,2026-01-03,61,33,61,2024-09-05
2025-09-05,Friday,6,5,248,2025-08-31,N,2025,9,September,3,2025,3,8,P08,35,5,244,N,H2,2025-01-05,2026-01-03,2025-07-06,2025-10-04,2025-08-03,2025-09-06,2025-07-06,2026-01-03,62,34,62,2024-09-06
2025-09-06,Saturday,7,6,249,2025-08-31,Y,2025,9,September,3,2025,3,8,P08,35,5,245,N,H2,2025-01-05,2026-01-03,2025-07-06,2025-10-04,2025-08-03,2025-09-06,2025-07-06,2026-01-03,63,35,63,2024-09-07
2025-09-07,Sunday,1,7,250,2025-09-07,Y,2025,9,September,3,2025,3,9,P09,36,1,246,N,H2,2025-01-05,2026-01-03,2025-07-06,2025-10-04,2025-09-07,2025-10-04,2025-07-06,2026-01-03,64,1,64,2024-09-08
2025-09-08,Monday,2,8,251,2025-09-07,N,2025,9,September,3,2025,3,9,P09,36,1,247,N,H2,2025-01-05,2026-01-03,2025-07-06,2025-10-04,2025-09-07,2025-10-04,2025-07-06,2026-01-03,65,2,65,2024-09-09
2025-09-09,Tuesday,3,9,252,2025-09-07,N,2025,9,September,3,2025,3,9,P09,36,1,248,N,H2,2025-01-05,2026-01-03,2025-07-06,2025-10-04,2025-09-07,2025-10-04,2025-07-06,2026-01-03,66,3,66,2024-09-10
2025-09-10,Wednesday,4,10,253,2025-09-07,N,2025,9,September,3,2025,3,9,P09,36,1,249,N,H2,2025-01-05,2026-01-03,2025-07-06,2025-10-04,2025-09-07,2025-10-04,2025-07-06,2026-01-03,67,4,67,2024-09-11
2025-09-11,Thursday,5,11,254,2025-09-07,N,2025,9,September,3,2025,3,9,P09,36,1,250,N,H2,2025-01-05,2026-01-03,2025-07-06,2025-10-04,2025-09-07,2025-10-04,2025-07-06,2026-01-03,68,5,68,2024-09-12
2025-09-12,Friday,6,12,255,2025-09-07,N,2025,9,September,3,2025,3,9,P09,36,1,251,N,H2,2025-01-05,2026-01-03,2025-07-06,2025-10-04,2025-09-07,2025-10-04,2025-07-06,2026-01-03,69,6,69,2024-09-13
2025-09-13,Saturday,7,13,256,2025-09-07,Y,2025,9,September,3,2025,3,9,P09,36,1,252,N,H2,2025-01-05,2026-01-03,2025-07-06,2025-10-04,2025-09-07,2025-10-04,2025-07-06,2026-01-03,70,7,70,2024-09-14
2025-09-14,Sunday,1,14,257,2025-09-14,Y,2025,9,September,3,2025,3,9,P09,37,2,253,N,H2,2025-01-05,2026-01-03,2025-07-06,2025-10-04,2025-09-07,2025-10-04,2025-07-06,2026-01-03,71,8,71,2024-09-15
2025-09-15,Monday,2,15,258,2025-09-14,N,2025,9,September,3,2025,3,9,P09,37,2,254,N,H2,2025-01-05,2026-01-03,2025-07-06,2025-10-04,2025-09-07,2025-10-04,2025-07-06,2026-01-03,72,9,72,2024-09-16
2025-09-16,Tuesday,3,16,259,2025-09-14,N,2025,9,September,3,2025,3,9,P09,37,2,255,N,H2,2025-01-05,2026-01-03,2025-07-06,2025-10-04,2025-09-07,2025-10-04,2025-07-06,2026-01-03,73,10,73,2024-09-17
2025-09-17,Wednesday,4,17,260,2025-09-14,N,2025,9,September,3,2025,3,9,P09,37,2,256,N,H2,2025-01-05,2026-01-03,2025-07-06,2025-10-04,2025-09-07,2025-10-04,2025-07-06,2026-01-03,74,11,74,2024-09-18
2025-09-18,Thursday,5,18,261,2025-09-14,N,2025,9,September,3,2025,3,9,P09,37,2,257,N,H2,2025-01-05,2026-01-03,2025-07-06,2025-10-04,2025-09-07,2025-10-04,2025-07-06,2026-01-03,75,12,75,2024-09-19
2025-09-19,Friday,6,19,262,2025-09-14,N,2025,9,September,3,2025,3,9,P09,37,2,258,N,H2,2025-01-05,2026-01-03,2025-07-06,2025-10-04,2025-09-07,2025-10-04,2025-07-06,2026-01-03,76,13,76,2024-09-20
2025-09-20,Saturday,7,20,263,2025-09-14,Y,2025,9,September,3,2025,3,9,P09,37,2,259,N,H2,2025-01-05,2026-01-03,2025-07-06,2025-10-04,2025-09-07,2025-10-04,2025-07-06,2026-01-03,77,14,77,2024-09-21
2025-09-21,Sunday,1,21,264,2025-09-21,Y,2025,9,September,3,2025,3,9,P09,38,3,260,N,H2,2025-01-05,2026-01-03,2025-07-06,2025-10-04,2025-09-07,2025-10-04,2025-07-06,2026-01-03,78,15,78,2024-09-22
2025-09-22,Monday,2,22,265,2025-09-21,N,2025,9,September,3,2025,3,9,P09,38,3,261,N,H2,2025-01-05,2026-01-03,2025-07-06,2025-10-04,2025-09-07,2025-10-04,2025-07-06,2026-01-03,79,16,79,2024-09-23
2025-09-23,Tuesday,3,23,266,2025-09-21,N,2025,9,September,3,2025,3,9,P09,38,3,262,N,H2,2025-01-05,2026-01-03,2025-07-06,2025-10-04,2025-09-07,2025-10-04,2025-07-06,2026-01-03,80,17,80,2024-09-24
2025-09-24,Wednesday,4,24,267,2025-09-21,N,2025,9,September,3,2025,3,9,P09,38,3,263,N,H2,2025-01-05,2026-01-03,2025-07-06,2025-10-04,2025-09-07,2025-10-04,2025-07-06,2026-01-03,81,18,81,2024-09-25
2025-09-25,Thursday,5,25,268,2025-09-21,N,2025,9,September,3,2025,3,9,P09,38,3,264,N,H2,2025-01-05,2026-01-03,2025-07-06,2025-10-04,2025-09-07,2025-10-04,2025-07-06,2026-01-03,82,19,82,2024-09-26
2025-09-26,Friday,6,26,269,2025-09-21,N,2025,9,September,3,2025,3,9,P09,38,3,265,N,H2,2025-01-05,2026-01-03,2025-07-06,2025-10-04,2025-09-07,2025-10-04,2025-07-06,2026-01-03,83,20,83,2024-09-27
2025-09-27,Saturday,7,27,270,2025-09-21,Y,2025,9,September,3,2025,3,9,P09,38,3,266,N,H2,2025-01-05,2026-01-03,2025-07-06,2025-10-04,2025-09-07,2025-10-04,2025-07-06,2026-01-03,84,21,84,2024-09-28
2025-09-28,Sunday,1,28,271,2025-09-28,Y,2025,9,September,3,2025,3,9,P09,39,4,267,N,H2,2025-01-05,2026-01-03,2025-07-06,2025-10-04,2025-09-07,2025-10-04,2025-07-06,2026-01-03,85,22,85,2024-09-29
2025-09-29,Monday,2,29,272,2025-09-28,N,2025,9,September,3,2025,3,9,P09,39,4,268,N,H2,2025-01-05,2026-01-03,2025-07-06,2025-10-04,2025-09-07,2025-10-04,2025-07-06,2026-01-03,86,23,86,2024-09-30
2025-09-30,Tuesday,3,30,273,2025-09-28,N,2025,9,September,3,2025,3,9,P09,39,4,269,N,H2,2025-01-05,2026-01-03,2025-07-06,2025-10-04,2025-09-07,2025-10-04,2025-07-06,2026-01-03,87,24,87,2024-10-01
2025-10-01,Wednesday,4,1,274,2025-09-28,N,2025,10,October,4,2025,3,9,P09,39,4,270,N,H2,2025-01-05,2026-01-03,2025-07-06,2025-10-04,2025-09-07,2025-10-04,2025-07-06,2026-01-03,88,25,88,2024-10-02
2025-10-02,Thursday,5,2,275,2025-09-28,N,2025,10,October,4,2025,3,9,P09,39,4,271,N,H2,2025-01-05,2026-01-03,2025-07-06,2025-10-04,2025-09-07,2025-10-04,2025-07-06,2026-01-03,89,26,89,2024-10-03
2025-10-03,Friday,6,3,276,2025-09-28,N,2025,10,October,4,2025,3,9,P09,39,4,272,N,H2,2025-01-05,2026-01-03,2025-07-06,2025-10-04,2025-09-07,2025-10-04,2025-07-06,2026-01-03,90,27,90,2024-10-04
2025-10-04,Saturday,7,4,277,2025-09-28,Y,2025,10,October,4,2025,3,9,P09,39,4,273,N,H2,2025-01-05,2026-01-03,2025-07-06,2025-10-04,2025-09-07,2025-10-04,2025-07-06,2026-01-03,91,28,91,2024-10-05
2025-10-05,Sunday,1,5,278,2025-10-05,Y,2025,10,October,4,2025,4,10,P10,40,1,274,N,H2,2025-01-05,2026-01-03,2025-10-05,2026-01-03,2025-10-05,2025-11-01,2025-07-06,2026-01-03,1,1,92,2024-10-06
2025-10-06,Monday,2,6,279,2025-10-05,N,2025,10,October,4,2025,4,10,P10,40,1,275,N,H2,2025-01-05,2026-01-03,2025-10-05,2026-01-03,2025-10-05,2025-11-01,2025-07-06,2026-01-03,2,2,93,2024-10-07
2025-10-07,Tuesday,3,7,280,2025-10-05,N,2025,10,October,4,2025,4,10,P10,40,1,276,N,H2,2025-01-05,2026-01-03,2025-10-05,2026-01-03,2025-10-05,2025-11-01,2025-07-06,2026-01-03,3,3,94,2024-10-08
2025-10-08,Wednesday,4,8,281,2025-10-05,N,2025,10,October,4,2025,4,10,P10,40,1,277,N,H2,2025-01-05,2026-01-03,2025-10-05,2026-01-03,2025-10-05,2025-11-01,2025-07-06,2026-01-03,4,4,95,2024-10-09
2025-10-09,Thursday,5,9,282,2025-10-05,N,2025,10,October,4,2025,4,10,P10,40,1,278,N,H2,2025-01-05,2026-01-03,2025-10-05,2026-01-03,2025-10-05,2025-11-01,2025-07-06,2026-01-03,5,5,96,2024-10-10
2025-10-10,Friday,6,10,283,2025-10-05,N,2025,10,October,4,2025,4,10,P10,40,1,279,N,H2,2025-01-05,2026-01-03,2025-10-05,2026-01-03,2025-10-05,2025-11-01,2025-07-06,2026-01-03,6,6,97,2024-10-11
2025-10-11,Saturday,7,11,284,2025-10-05,Y,2025,10,October,4,2025,4,10,P10,40,1,280,N,H2,2025-01-05,2026-01-03,2025-10-05,2026-01-03,2025-10-05,2025-11-01,2025-07-06,2026-01-03,7,7,98,2024-10-12
2025-10-12,Sunday,1,12,285,2025-10-12,Y,2025,10,October,4,2025,4,10,P10,41,2,281,N,H2,2025-01-05,2026-01-03,2025-10-05,2026-01-03,2025-10-05,2025-11-01,2025-07-06,2026-01-03,8,8,99,2024-10-13
2025-10-13,Monday,2,13,286,2025-10-12,N,2025,10,October,4,2025,4,10,P10,41,2,282,N,H2,2025-01-05,2026-01-03,2025-10-05,2026-01-03,2025-10-05,2025-11-01,2025-07-06,2026-01-03,9,9,100,2024-10-14
2025-10-14,Tuesday,3,14,287,2025-10-12,N,2025,10,October,4,2025,4,10,P10,41,2,283,N,H2,2025-01-05,2026-01-03,2025-10-05,2026-01-03,2025-10-05,2025-11-01,2025-07-06,2026-01-03,10,10,101,2024-10-15
2025-10-15,Wednesday,4,15,288,2025-10-12,N,2025,10,October,4,2025,4,10,P10,41,2,284,N,H2,2025-01-05,2026-01-03,2025-10-05,2026-01-03,2025-10-05,2025-11-01,2025-07-06,2026-01-03,11,11,102,2024-10-16
2025-10-16,Thursday,5,16,289,2025-10-12,N,2025,10,October,4,2025,4,10,P10,41,2,285,N,H2,2025-01-05,2026-01-03,2025-10-05,2026-01-03,2025-10-05,2025-11-01,2025-07-06,2026-01-03,12,12,103,2024-10-17
2025-10-17,Friday,6,17,290,2025-10-12,N,2025,10,October,4,2025,4,10,P10,41,2,286,N,H2,2025-01-05,2026-01-03,2025-10-05,2026-01-03,2025-10-05,2025-11-01,2025-07-06,2026-01-03,13,13,104,2024-10-18
2025-10-18,Saturday,7,18,291,2025-10-12,Y,2025,10,October,4,2025,4,10,P10,41,2,287,N,H2,2025-01-05,2026-01-03,2025-10-05,2026-01-03,2025-10-05,2025-11-01,2025-07-06,2026-01-03,14,14,105,2024-10-19
2025-10-19,Sunday,1,19,292,2025-10-19,Y,2025,10,October,4,2025,4,10,P10,42,3,288,N,H2,2025-01-05,2026-01-03,2025-10-05,2026-01-03,2025-10-05,2025-11-01,2025-07-06,2026-01-03,15,15,106,2024-10-20
2025-10-20,Monday,2,20,293,2025-10-19,N,2025,10,October,4,2025,4,10,P10,42,3,289,N,H2,2025-01-05,2026-01-03,2025-10-05,2026-01-03,2025-10-05,2025-11-01,2025-07-06,2026-01-03,16,16,107,2024-10-21
2025-10-21,Tuesday,3,21,294,2025-10-19,N,2025,10,October,4,2025,4,10,P10,42,3,290,N,H2,2025-01-05,2026-01-03,2025-10-05,2026-01-03,2025-10-05,2025-11-01,2025-07-06,2026-01-03,17,17,108,2024-10-22
2025-10-22,Wednesday,4,22,295,2025-10-19,N,2025,10,October,4,2025,4,10,P10,42,3,291,N,H2,2025-01-05,2026-01-03,2025-10-05,2026-01-03,2025-10-05,2025-11-01,2025-07-06,2026-01-03,18,18,109,2024-10-23
2025-10-23,Thursday,5,23,296,2025-10-19,N,2025,10,October,4,2025,4,10,P10,42,3,292,N,H2,2025-01-05,2026-01-03,2025-10-05,2026-01-03,2025-10-05,2025-11-01,2025-07-06,2026-01-03,19,19,110,2024-10-24
2025-10-24,Friday,6,24,297,2025-10-19,N,2025,10,October,4,2025,4,10,P10,42,3,293,N,H2,2025-01-05,2026-01-03,2025-10-05,2026-01-03,2025-10-05,2025-11-01,2025-07-06,2026-01-03,20,20,111,2024-10-25
2025-10-25,Saturday,7,25,298,2025-10-19,Y,2025,10,October,4,2025,4,10,P10,42,3,294,N,H2,2025-01-05,2026-01-03,2025-10-05,2026-01-03,2025-10-05,2025-11-01,2025-07-06,2026-01-03,21,21,112,2024-10-26
2025-10-26,Sunday,1,26,299,2025-10-26,Y,2025,10,October,4,2025,4,10,P10,43,4,295,N,H2,2025-01-05,2026-01-03,2025-10-05,2026-01-03,2025-10-05,2025-11-01,2025-07-06,2026-01-03,22,22,113,2024-10-27
2025-10-27,Monday,2,27,300,2025-10-26,N,2025,10,October,4,2025,4,10,P10,43,4,296,N,H2,2025-01-05,2026-01-03,2025-10-05,2026-01-03,2025-10-05,2025-11-01,2025-07-06,2026-01-03,23,23,114,2024-10-28
2025-10-28,Tuesday,3,28,301,2025-10-26,N,2025,10,October,4,2025,4,10,P10,43,4,297,N,H2,2025-01-05,2026-01-03,2025-10-05,2026-01-03,2025-10-05,2025-11-01,2025-07-06,2026-01-03,24,24,115,2024-10-29
2025-10-29,Wednesday,4,29,302,2025-10-26,N,2025,10,October,4,2025,4,10,P10,43,4,298,N,H2,2025-01-05,2026-01-03,2025-10-05,2026-01-03,2025-10-05,2025-11-01,2025-07-06,2026-01-03,25,25,116,2024-10-30
2025-10-30,Thursday,5,30,303,2025-10-26,N,2025,10,October,4,2025,4,10,P10,43,4,299,N,H2,2025-01-05,2026-01-03,2025-10-05,2026-01-03,2025-10-05,2025-11-01,2025-07-06,2026-01-03,26,26,117,2024-10-31
2025-10-31,Friday,6,31,304,2025-10-26,N,2025,10,October,4,2025,4,10,P10,43,4,300,N,H2,2025-01-05,2026-01-03,2025-10-05,2026-01-03,2025-10-05,2025-11-01,2025-07-06,2026-01-03,27,27,118,2024-11-01
2025-11-01,Saturday,7,1,305,2025-10-26,Y,2025,11,November,4,2025,4,10,P10,43,4,301,N,H2,2025-01-05,2026-01-03,2025-10-05,2026-01-03,2025-10-05,2025-11-01,2025-07-06,2026-01-03,28,28,119,2024-11-02
2025-11-02,Sunday,1,2,306,2025-11-02,Y,2025,11,November,4,2025,4,11,P11,44,1,302,N,H2,2025-01-05,2026-01-03,2025-10-05,2026-01-03,2025-11-02,2025-12-06,2025-07-06,2026-01-03,29,1,120,2024-11-03
2025-11-03,Monday,2,3,307,2025-11-02,N,2025,11,November,4,2025,4,11,P11,44,1,303,N,H2,2025-01-05,2026-01-03,2025-10-05,2026-01-03,2025-11-02,2025-12-06,2025-07-06,2026-01-03,30,2,121,2024-11-04
2025-11-04,Tuesday,3,4,308,2025-11-02,N,2025,11,November,4,2025,4,11,P11,44,1,304,N,H2,2025-01-05,2026-01-03,2025-10-05,2026-01-03,2025-11-02,2025-12-06,2025-07-06,2026-01-03,31,3,122,2024-11-05
2025-11-05,Wednesday,4,5,309,2025-11-02,N,2025,11,November,4,2025,4,11,P11,44,1,305,N,H2,2025-01-05,2026-01-03,2025-10-05,2026-01-03,2025-11-02,2025-12-06,2025-07-06,2026-01-03,32,4,123,2024-11-06
2025-11-06,Thursday,5,6,310,2025-11-02,N,2025,11,November,4,2025,4,11,P11,44,1,306,N,H2,2025-01-05,2026-01-03,2025-10-05,2026-01-03,2025-11-02,2025-12-06,2025-07-06,2026-01-03,33,5,124,2024-11-07
2025-11-07,Friday,6,7,311,2025-11-02,N,2025,11,November,4,2025,4,11,P11,44,1,307,N,H2,2025-01-05,2026-01-03,2025-10-05,2026-01-03,2025-11-02,2025-12-06,2025-07-06,2026-01-03,34,6,125,2024-11-08
2025-11-08,Saturday,7,8,312,2025-11-02,Y,2025,11,November,4,2025,4,11,P11,44,1,308,N,H2,2025-01-05,2026-01-03,2025-10-05,2026-01-03,2025-11-02,2025-12-06,2025-07-06,2026-01-03,35,7,126,2024-11-09
2025-11-09,Sunday,1,9,313,2025-11-09,Y,2025,11,November,4,2025,4,11,P11,45,2,309,N,H2,2025-01-05,2026-01-03,2025-10-05,2026-01-03,2025-11-02,2025-12-06,2025-07-06,2026-01-03,36,8,127,2024-11-10
2025-11-10,Monday,2,10,314,2025-11-09,N,2025,11,November,4,2025,4,11,P11,45,2,310,N,H2,2025-01-05,2026-01-03,2025-10-05,2026-01-03,2025-11-02,2025-12-06,2025-07-06,2026-01-03,37,9,128,2024-11-11
2025-11-11,Tuesday,3,11,315,2025-11-09,N,2025,11,November,4,2025,4,11,P11,45,2,311,N,H2,2025-01-05,2026-01-03,2025-10-05,2026-01-03,2025-11-02,2025-12-06,2025-07-06,2026-01-03,38,10,129,2024-11-12
2025-11-12,Wednesday,4,12,316,2025-11-09,N,2025,11,November,4,2025,4,11,P11,45,2,312,N,H2,2025-01-05,2026-01-03,2025-10-05,2026-01-03,2025-11-02,2025-12-06,2025-07-06,2026-01-03,39,11,130,2024-11-13
2025-11-13,Thursday,5,13,317,2025-11-09,N,2025,11,November,4,2025,4,11,P11,45,2,313,N,H2,2025-01-05,2026-01-03,2025-10-05,2026-01-03,2025-11-02,2025-12-06,2025-07-06,2026-01-03,40,12,131,2024-11-14
2025-11-14,Friday,6,14,318,2025-11-09,N,2025,11,November,4,2025,4,11,P11,45,2,314,N,H2,2025-01-05,2026-01-03,2025-10-05,2026-01-03,2025-11-02,2025-12-06,2025-07-06,2026-01-03,41,13,132,2024-11-15
2025-11-15,Saturday,7,15,319,2025-11-09,Y,2025,11,November,4,2025,4,11,P11,45,2,315,N,H2,2025-01-05,2026-01-03,2025-10-05,2026-01-03,2025-11-02,2025-12-06,2025-07-06,2026-01-03,42,14,133,2024-11-16
2025-11-16,Sunday,1,16,320,2025-11-16,Y,2025,11,November,4,2025,4,11,P11,46,3,316,N,H2,2025-01-05,2026-01-03,2025-10-05,2026-01-03,2025-11-02,2025-12-06,2025-07-06,2026-01-03,43,15,134,2024-11-17
2025-11-17,Monday,2,17,321,2025-11-16,N,2025,11,November,4,2025,4,11,P11,46,3,317,N,H2,2025-01-05,2026-01-03,2025-10-05,2026-01-03,2025-11-02,2025-12-06,2025-07-06,2026-01-03,44,16,135,2024-11-18
2025-11-18,Tuesday,3,18,322,2025-11-16,N,2025,11,November,4,2025,4,11,P11,46,3,318,N,H2,2025-01-05,2026-01-03,2025-10-05,2026-01-03,2025-11-02,2025-12-06,2025-07-06,2026-01-03,45,17,136,2024-11-19
2025-11-19,Wednesday,4,19,323,2025-11-16,N,2025,11,November,4,2025,4,11,P11,46,3,319,N,H2,2025-01-05,2026-01-03,2025-10-05,2026-01-03,2025-11-02,2025-12-06,2025-07-06,2026-01-03,46,18,137,2024-11-20
2025-11-20,Thursday,5,20,324,2025-11-16,N,2025,11,November,4,2025,4,11,P11,46,3,320,N,H2,2025-01-05,2026-01-03,2025-10-05,2026-01-03,2025-11-02,2025-12-06,2025-07-06,2026-01-03,47,19,138,2024-11-21
2025-11-21,Friday,6,21,325,2025-11-16,N,2025,11,November,4,2025,4,11,P11,46,3,321,N,H2,2025-01-05,2026-01-03,2025-10-05,2026-01-03,2025-11-02,2025-12-06,2025-07-06,2026-01-03,48,20,139,2024-11-22
2025-11-22,Saturday,7,22,326,2025-11-16,Y,2025,11,November,4,2025,4,11,P11,46,3,322,N,H2,2025-01-05,2026-01-03,2025-10-05,2026-01-03,2025-11-02,2025-12-06,2025-07-06,2026-01-03,49,21,140,2024-11-23
2025-11-23,Sunday,1,23,327,2025-11-23,Y,2025,11,November,4,2025,4,11,P11,47,4,323,N,H2,2025-01-05,2026-01-03,2025-10-05,2026-01-03,2025-11-02,2025-12-06,2025-07-06,2026-01-03,50,22,141,2024-11-24
2025-11-24,Monday,2,24,328,2025-11-23,N,2025,11,November,4,2025,4,11,P11,47,4,324,N,H2,2025-01-05,2026-01-03,2025-10-05,2026-01-03,2025-11-02,2025-12-06,2025-07-06,2026-01-03,51,23,142,2024-11-25
2025-11-25,Tuesday,3,25,329,2025-11-23,N,2025,11,November,4,2025,4,11,P11,47,4,325,N,H2,2025-01-05,2026-01-03,2025-10-05,2026-01-03,2025-11-02,2025-12-06,2025-07-06,2026-01-03,52,24,143,2024-11-26
2025-11-26,Wednesday,4,26,330,2025-11-23,N,2025,11,November,4,2025,4,11,P11,47,4,326,N,H2,2025-01-05,2026-01-03,2025-10-05,2026-01-03,2025-11-02,2025-12-06,2025-07-06,2026-01-03,53,25,144,2024-11-27
2025-11-27,Thursday,5,27,331,2025-11-23,N,2025,11,November,4,2025,4,11,P11,47,4,327,N,H2,2025-01-05,2026-01-03,2025-10-05,2026-01-03,2025-11-02,2025-12-06,2025-07-06,2026-01-03,54,26,145,2024-11-28
2025-11-28,Friday,6,28,332,2025-11-23,N,2025,11,November,4,2025,4,11,P11,47,4,328,N,H2,2025-01-05,2026-01-03,2025-10-05,2026-01-03,2025-11-02,2025-12-06,2025-07-06,2026-01-03,55,27,146,2024-11-29
2025-11-29,Saturday,7,29,333,2025-11-23,Y,2025,11,November,4,2025,4,11,P11,47,4,329,N,H2,2025-01-05,2026-01-03,2025-10-05,2026-01-03,2025-11-02,2025-12-06,2025-07-06,2026-01-03,56,28,147,2024-11-30
2025-11-30,Sunday,1,30,334,2025-11-30,Y,2025,11,November,4,2025,4,11,P11,48,5,330,N,H2,2025-01-05,2026-01-03,2025-10-05,2026-01-03,2025-11-02,2025-12-06,2025-07-06,2026-01-03,57,29,148,2024-12-01
2025-12-01,Monday,2,1,335,2025-11-30,N,2025,12,December,4,2025,4,11,P11,48,5,331,N,H2,2025-01-05,2026-01-03,2025-10-05,2026-01-03,2025-11-02,2025-12-06,2025-07-06,2026-01-03,58,30,149,2024-12-02
2025-12-02,Tuesday,3,2,336,2025-11-30,N,2025,12,December,4,2025,4,11,P11,48,5,332,N,H2,2025-01-05,2026-01-03,2025-10-05,2026-01-03,2025-11-02,2025-12-06,2025-07-06,2026-01-03,59,31,150,2024-12-03
2025-12-03,Wednesday,4,3,337,2025-11-30,N,2025,12,December,4,2025,4,11,P11,48,5,333,N,H2,2025-01-05,2026-01-03,2025-10-05,2026-01-03,2025-11-02,2025-12-06,2025-07-06,2026-01-03,60,32,151,2024-12-04
2025-12-04,Thursday,5,4,338,2025-11-30,N,2025,12,December,4,2025,4,11,P11,48,5,334,N,H2,2025-01-05,2026-01-03,2025-10-05,2026-01-03,2025-11-02,2025-12-06,2025-07-06,2026-01-03,61,33,152,2024-12-05
2025-12-05,Friday,6,5,339,2025-11-30,N,2025,12,December,4,2025,4,11,P11,48,5,335,N,H2,2025-01-05,2026-01-03,2025-10-05,2026-01-03,2025-11-02,2025-12-06,2025-07-06,2026-01-03,62,34,153,2024-12-06
2025-12-06,Saturday,7,6,340,2025-11-30,Y,2025,12,December,4,2025,4,11,P11,48,5,336,N,H2,2025-01-05,2026-01-03,2025-10-05,2026-01-03,2025-11-02,2025-12-06,2025-07-06,2026-01-03,63,35,154,2024-12-07
2025-12-07,Sunday,1,7,341,2025-12-07,Y,2025,12,December,4,2025,4,12,P12,49,1,337,N,H2,2025-01-05,2026-01-03,2025-10-05,2026-01-03,2025-12-07,2026-01-03,2025-07-06,2026-01-03,64,1,155,2024-12-08
2025-12-08,Monday,2,8,342,2025-12-07,N,2025,12,December,4,2025,4,12,P12,49,1,338,N,H2,2025-01-05,2026-01-03,2025-10-05,2026-01-03,2025-12-07,2026-01-03,2025-07-06,2026-01-03,65,2,156,2024-12-09
2025-12-09,Tuesday,3,9,343,2025-12-07,N,2025,12,December,4,2025,4,12,P12,49,1,339,N,H2,2025-01-05,2026-01-03,2025-10-05,2026-01-03,2025-12-07,2026-01-03,2025-07-06,2026-01-03,66,3,157,2024-12-10
2025-12-10,Wednesday,4,10,344,2025-12-07,N,2025,12,December,4,2025,4,12,P12,49,1,340,N,H2,2025-01-05,2026-01-03,2025-10-05,2026-01-03,2025-12-07,2026-01-03,2025-07-06,2026-01-03,67,4,158,2024-12-11
2025-12-11,Thursday,5,11,345,2025-12-07,N,2025,12,December,4,2025,4,12,P12,49,1,341,N,H2,2025-01-05,2026-01-03,2025-10-05,2026-01-03,2025-12-07,2026-01-03,2025-07-06,2026-01-03,68,5,159,2024-12-12
2025-12-12,Friday,6,12,346,2025-12-07,N,2025,12,December,4,2025,4,12,P12,49,1,342,N,H2,2025-01-05,2026-01-03,2025-10-05,2026-01-03,2025-12-07,2026-01-03,2025-07-06,2026-01-03,69,6,160,2024-12-13
2025-12-13,Saturday,7,13,347,2025-12-07,Y,2025,12,December,4,2025,4,12,P12,49,1,343,N,H2,2025-01-05,2026-01-03,2025-10-05,2026-01-03,2025-12-07,2026-01-03,2025-07-06,2026-01-03,70,7,161,2024-12-14
2025-12-14,Sunday,1,14,348,2025-12-14,Y,2025,12,December,4,2025,4,12,P12,50,2,344,N,H2,2025-01-05,2026-01-03,2025-10-05,2026-01-03,2025-12-07,2026-01-03,2025-07-06,2026-01-03,71,8,162,2024-12-15
2025-12-15,Monday,2,15,349,2025-12-14,N,2025,12,December,4,2025,4,12,P12,50,2,345,N,H2,2025-01-05,2026-01-03,2025-10-05,2026-01-03,2025-12-07,2026-01-03,2025-07-06,2026-01-03,72,9,163,2024-12-16
2025-12-16,Tuesday,3,16,350,2025-12-14,N,2025,12,December,4,2025,4,12,P12,50,2,346,N,H2,2025-01-05,2026-01-03,2025-10-05,2026-01-03,2025-12-07,2026-01-03,2025-07-06,2026-01-03,73,10,164,2024-12-17
2025-12-17,Wednesday,4,17,351,2025-12-14,N,2025,12,December,4,2025,4,12,P12,50,2,347,N,H2,2025-01-05,2026-01-03,2025-10-05,2026-01-03,2025-12-07,2026-01-03,2025-07-06,2026-01-03,74,11,165,2024-12-18
2025-12-18,Thursday,5,18,352,2025-12-14,N,2025,12,December,4,2025,4,12,P12,50,2,348,N,H2,2025-01-05,2026-01-03,2025-10-05,2026-01-03,2025-12-07,2026-01-03,2025-07-06,2026-01-03,75,12,166,2024-12-19
2025-12-19,Friday,6,19,353,2025-12-14,N,2025,12,December,4,2025,4,12,P12,50,2,349,N,H2,2025-01-05,2026-01-03,2025-10-05,2026-01-03,2025-12-07,2026-01-03,2025-07-06,2026-01-03,76,13,167,2024-12-20
2025-12-20,Saturday,7,20,354,2025-12-14,Y,2025,12,December,4,2025,4,12,P12,50,2,350,N,H2,2025-01-05,2026-01-03,2025-10-05,2026-01-03,2025-12-07,2026-01-03,2025-07-06,2026-01-03,77,14,168,2024-12-21
2025-12-21,Sunday,1,21,355,2025-12-21,Y,2025,12,December,4,2025,4,12,P12,51,3,351,N,H2,2025-01-05,2026-01-03,2025-10-05,2026-01-03,2025-12-07,2026-01-03,2025-07-06,2026-01-03,78,15,169,2024-12-22
2025-12-22,Monday,2,22,356,2025-12-21,N,2025,12,December,4,2025,4,12,P12,51,3,352,N,H2,2025-01-05,2026-01-03,2025-10-05,2026-01-03,2025-12-07,2026-01-03,2025-07-06,2026-01-03,79,16,170,2024-12-23
2025-12-23,Tuesday,3,23,357,2025-12-21,N,2025,12,December,4,2025,4,12,P12,51,3,353,N,H2,2025-01-05,2026-01-03,2025-10-05,2026-01-03,2025-12-07,2026-01-03,2025-07-06,2026-01-03,80,17,171,2024-12-24
2025-12-24,Wednesday,4,24,358,2025-12-21,N,2025,12,December,4,2025,4,12,P12,51,3,354,N,H2,2025-01-05,2026-01-03,2025-10-05,2026-01-03,2025-12-07,2026-01-03,2025-07-06,2026-01-03,81,18,172,2024-12-25
2025-12-25,Thursday,5,25,359,2025-12-21,N,2025,12,December,4,2025,4,12,P12,51,3,355,N,H2,2025-01-05,2026-01-03,2025-10-05,2026-01-03,2025-12-07,2026-01-03,2025-07-06,2026-01-03,82,19,173,2024-12-26
2025-12-26,Friday,6,26,360,2025-12-21,N,2025,12,December,4,2025,4,12,P12,51,3,356,N,H2,2025-01-05,2026-01-03,2025-10-05,2026-01-03,2025-12-07,2026-01-03,2025-07-06,2026-01-03,83,20,174,2024-12-27
2025-12-27,Saturday,7,27,361,2025-12-21,Y,2025,12,December,4,2025,4,12,P12,51,3,357,N,H2,2025-01-05,2026-01-03,2025-10-05,2026-01-03,2025-12-07,2026-01-03,2025-07-06,2026-01-03,84,21,175,2024-12-28
2025-12-28,Sunday,1,28,362,2025-12-28,Y,2025,12,December,4,2025,4,12,P12,52,4,358,N,H2,2025-01-05,2026-01-03,2025-10-05,2026-01-03,2025-12-07,2026-01-03,2025-07-06,2026-01-03,85,22,176,2024-12-29
2025-12-29,Monday,2,29,363,2025-12-28,N,2025,12,December,4,2025,4,12,P12,52,4,359,N,H2,2025-01-05,2026-01-03,2025-10-05,2026-01-03,2025-12-07,2026-01-03,2025-07-06,2026-01-03,86,23,177,2024-12-30
2025-12-30,Tuesday,3,30,364,2025-12-28,N,2025,12,December,4,2025,4,12,P12,52,4,360,N,H2,2025-01-05,2026-01-03,2025-10-05,2026-01-03,2025-12-07,2026-01-03,2025-07-06,2026-01-03,87,24,178,2024-12-31
2025-12-31,Wednesday,4,31,365,2025-12-28,N,2025,12,December,4,2025,4,12,P12,52,4,361,N,H2,2025-01-05,2026-01-03,2025-10-05,2026-01-03,2025-12-07,2026-01-03,2025-07-06,2026-01-03,88,25,179,2025-01-01
2026-01-01,Thursday,5,1,1,2025-12-28,N,2026,1,January,1,2025,4,12,P12,52,4,362,N,H2,2025-01-05,2026-01-03,2025-10-05,2026-01-03,2025-12-07,2026-01-03,2025-07-06,2026-01-03,89,26,180,2025-01-02
2026-01-02,Friday,6,2,2,2025-12-28,N,2026,1,January,1,2025,4,12,P12,52,4,363,N,H2,2025-01-05,2026-01-03,2025-10-05,2026-01-03,2025-12-07,2026-01-03,2025-07-06,2026-01-03,90,27,181,2025-01-03
2026-01-03,Saturday,7,3,3,2025-12-28,Y,2026,1,January,1,2025,4,12,P12,52,4,364,N,H2,2025-01-05,2026-01-03,2025-10-05,2026-01-03,2025-12-07,2026-01-03,2025-07-06,2026-01-03,91,28,182,2025-01-04
