Employee Key,Employee Name,Employee Type,Store Key,Store Area,Store Region,Reports To Key,Hire Date,Employment Status,Termination Date,Tenure Years,Compensation Type,Commission Rate,Annual Salary
1,Donald Parker,Ambassador,84.0,,,1641,2022-12-24 00:00:00,Active,,2.81,Commission,0.025,
2,Ryan Morales,Cashier,84.0,,,1641,2023-01-04 00:00:00,Active,,2.78,Commission,0.0125,
3,Brenda Nelson,Ambassador,84.0,,,1641,2023-02-13 00:00:00,Active,,2.67,Commission,0.025,
4,Daniel Adams,Cashier,84.0,,,1641,2021-11-15 00:00:00,Active,,3.92,Commission,0.015,
5,Larry Lewis,Cashier,84.0,,,1641,2018-09-10 00:00:00,Active,,7.1,Commission,0.0175,
6,Melissa Cruz,Cashier,84.0,,,1641,2019-02-18 00:00:00,Active,,6.66,Commission,0.0175,
7,Dorothy Jackson,Ambassador,84.0,,,1641,2019-01-28 00:00:00,Active,,6.72,Commission,0.035,
8,Helen Clark,Cashier,84.0,,,1641,2024-05-24 00:00:00,Active,,1.4,Commission,0.0125,
9,Stephanie Edwards,Cashier,84.0,,,1641,2018-09-17 00:00:00,Active,,7.08,Commission,0.0175,
10,Ryan Ward,Ambassador,84.0,,,1641,2016-05-08 00:00:00,Active,,9.44,Commission,0.035,
11,Stephen Rivera,Ambassador,122.0,,,1642,2020-08-17 00:00:00,Active,,5.16,Commission,0.035,
12,Donald Green,Senior Ambassador,122.0,,,1642,2017-05-15 00:00:00,Active,,8.42,Commission,0.045,
13,Jessica Sanchez,Cashier,122.0,,,1642,2025-08-11 00:00:00,Active,,0.18,Commission,0.01,
14,George Scott,Senior Ambassador,122.0,,,1642,2017-05-16 00:00:00,Terminated,2020-10-19 00:00:00,8.42,Commission,0.045,
15,Scott Hall,Senior Ambassador,122.0,,,1642,2022-12-07 00:00:00,Active,,2.86,Commission,0.035,
16,Kimberly Garcia,Senior Ambassador,122.0,,,1642,2020-11-19 00:00:00,Active,,4.91,Commission,0.04,
17,Amanda Green,Ambassador,122.0,,,1642,2024-08-13 00:00:00,Active,,1.18,Commission,0.025,
18,Jason Lewis,Cashier,725.0,,,1643,2021-07-03 00:00:00,Active,,4.29,Commission,0.015,
19,William Martinez,Cashier,725.0,,,1643,2023-05-12 00:00:00,Active,,2.43,Commission,0.0125,
20,Carol Hill,Lead,725.0,,,1643,2018-08-27 00:00:00,Terminated,2023-09-22 00:00:00,7.14,Commission,0.06,
21,Jeffrey Hernandez,Ambassador,725.0,,,1643,2017-07-15 00:00:00,Active,,8.26,Commission,0.035,
22,Anthony White,Cashier,725.0,,,1643,2011-08-07 00:00:00,Active,,14.19,Commission,0.0175,
23,Nicole Martin,Cashier,725.0,,,1643,2024-09-30 00:00:00,Active,,1.04,Commission,0.0125,
24,Pamela Cox,Lead,725.0,,,1643,2020-01-09 00:00:00,Active,,5.77,Commission,0.06,
25,Anna Davis,Ambassador,725.0,,,1643,2023-04-22 00:00:00,Active,,2.49,Commission,0.025,
26,Brenda Moore,Lead,725.0,,,1643,2013-05-25 00:00:00,Active,,12.39,Commission,0.06,
27,Barbara Baker,Ambassador,6.0,,,1644,2014-04-29 00:00:00,Active,,11.47,Commission,0.035,
28,Stephanie Allen,Senior Ambassador,6.0,,,1644,2023-09-07 00:00:00,Terminated,2025-06-26 00:00:00,2.11,Commission,0.035,
29,Betty Cox,Cashier,6.0,,,1644,2024-02-06 00:00:00,Terminated,2025-03-11 00:00:00,1.69,Commission,0.0125,
30,Jonathan Anderson,Ambassador,6.0,,,1644,2017-07-22 00:00:00,Terminated,2024-02-16 00:00:00,8.24,Commission,0.035,
31,Scott Campbell,Cashier,6.0,,,1644,2013-07-28 00:00:00,Active,,12.22,Commission,0.0175,
32,Helen Williams,Cashier,6.0,,,1644,2012-11-30 00:00:00,Active,,12.88,Commission,0.0175,
33,Ronald Garcia,Cashier,6.0,,,1644,2013-06-21 00:00:00,Active,,12.32,Commission,0.0175,
34,Cynthia Edwards,Senior Ambassador,6.0,,,1644,2020-10-03 00:00:00,Active,,5.04,Commission,0.045,
35,Cynthia Allen,Ambassador,6.0,,,1644,2020-07-14 00:00:00,Active,,5.26,Commission,0.035,
36,Carol Gonzalez,Ambassador,6.0,,,1644,2023-03-30 00:00:00,Active,,2.55,Commission,0.025,
37,Eric Miller,Cashier,192.0,,,1645,2021-05-07 00:00:00,Active,,4.44,Commission,0.015,
38,Matthew Perez,Cashier,192.0,,,1645,2025-06-15 00:00:00,Active,,0.34,Commission,0.01,
39,John Sanchez,Ambassador,192.0,,,1645,2021-07-15 00:00:00,Active,,4.26,Commission,0.03,
40,Kimberly Rogers,Senior Ambassador,192.0,,,1645,2024-04-12 00:00:00,Active,,1.51,Commission,0.035,
41,Eric Walker,Ambassador,192.0,,,1645,2023-04-29 00:00:00,Active,,2.47,Commission,0.025,
42,Margaret Robinson,Cashier,192.0,,,1645,2022-04-29 00:00:00,Active,,3.47,Commission,0.015,
43,Linda Bailey,Ambassador,192.0,,,1645,2021-11-11 00:00:00,Active,,3.93,Commission,0.03,
44,Laura Lopez,Cashier,178.0,,,1646,2023-04-12 00:00:00,Active,,2.51,Commission,0.0125,
45,Timothy Rivera,Ambassador,178.0,,,1646,2018-11-20 00:00:00,Terminated,2020-06-05 00:00:00,6.91,Commission,0.035,
46,Amanda Kim,Cashier,178.0,,,1646,2024-12-25 00:00:00,Active,,0.81,Commission,0.01,
47,Amanda Murphy,Senior Ambassador,178.0,,,1646,2019-07-06 00:00:00,Active,,6.28,Commission,0.045,
48,Melissa Reyes,Ambassador,178.0,,,1646,2025-09-20 00:00:00,Terminated,2025-10-06 00:00:00,0.07,Commission,0.02,
49,Nicholas Richardson,Cashier,498.0,,,1647,2018-10-01 00:00:00,Active,,7.04,Commission,0.0175,
50,Ashley Roberts,Cashier,498.0,,,1647,2017-02-08 00:00:00,Terminated,2025-10-07 00:00:00,8.68,Commission,0.0175,
51,Jennifer Clark,Ambassador,498.0,,,1647,2024-02-07 00:00:00,Active,,1.69,Commission,0.025,
52,Kimberly Hill,Ambassador,498.0,,,1647,2020-04-14 00:00:00,Terminated,2025-06-23 00:00:00,5.51,Commission,0.035,
53,Brian Roberts,Lead,498.0,,,1647,2020-06-11 00:00:00,Active,,5.35,Commission,0.06,
54,Emma Williams,Ambassador,498.0,,,1647,2021-03-27 00:00:00,Terminated,2025-08-04 00:00:00,4.56,Commission,0.03,
55,Donna Phillips,Ambassador,498.0,,,1647,2024-10-05 00:00:00,Active,,1.03,Commission,0.025,
56,Nancy Gomez,Senior Ambassador,498.0,,,1647,2015-07-13 00:00:00,Active,,10.26,Commission,0.045,
57,Susan Taylor,Cashier,498.0,,,1647,2025-10-02 00:00:00,Terminated,2025-10-14 00:00:00,0.04,Commission,0.01,
58,Donald Thompson,Cashier,498.0,,,1647,2018-06-15 00:00:00,Active,,7.34,Commission,0.0175,
59,Jonathan Nelson,Cashier,589.0,,,1648,2017-02-02 00:00:00,Terminated,2022-06-26 00:00:00,8.7,Commission,0.0175,
60,Mary Cox,Senior Ambassador,589.0,,,1648,2018-09-18 00:00:00,Terminated,2024-04-13 00:00:00,7.08,Commission,0.045,
61,David Rogers,Ambassador,589.0,,,1648,2012-08-19 00:00:00,Active,,13.16,Commission,0.035,
62,Lisa Anderson,Cashier,589.0,,,1648,2015-03-23 00:00:00,Active,,10.57,Commission,0.0175,
63,Jennifer Parker,Ambassador,589.0,,,1648,2012-02-28 00:00:00,Active,,13.63,Commission,0.035,
64,Brenda Adams,Ambassador,589.0,,,1648,2017-03-06 00:00:00,Terminated,2023-05-24 00:00:00,8.61,Commission,0.035,
65,Nicholas Ramos,Cashier,589.0,,,1648,2021-09-23 00:00:00,Active,,4.06,Commission,0.015,
66,Andrew Collins,Cashier,589.0,,,1648,2020-09-29 00:00:00,Active,,5.05,Commission,0.0175,
67,James Flores,Ambassador,589.0,,,1648,2015-03-08 00:00:00,Active,,10.61,Commission,0.035,
68,Nancy Thomas,Ambassador,589.0,,,1648,2021-07-11 00:00:00,Active,,4.27,Commission,0.03,
69,Mark Miller,Senior Ambassador,589.0,,,1648,2019-11-22 00:00:00,Active,,5.9,Commission,0.045,
70,Ronald Wilson,Ambassador,36.0,,,1649,2023-12-31 00:00:00,Active,,1.79,Commission,0.025,
71,Stephanie Ramirez,Lead,36.0,,,1649,2015-06-27 00:00:00,Active,,10.31,Commission,0.06,
72,Eric Ramirez,Cashier,36.0,,,1649,2025-08-19 00:00:00,Active,,0.16,Commission,0.01,
73,George Ward,Ambassador,36.0,,,1649,2014-11-10 00:00:00,Active,,10.93,Commission,0.035,
74,Kevin Cox,Senior Ambassador,36.0,,,1649,2013-11-03 00:00:00,Terminated,2024-08-27 00:00:00,11.95,Commission,0.045,
75,Joshua Campbell,Cashier,36.0,,,1649,2014-02-25 00:00:00,Terminated,2015-04-12 00:00:00,11.64,Commission,0.0175,
76,Scott Johnson,Cashier,318.0,,,1650,2022-06-26 00:00:00,Active,,3.31,Commission,0.015,
77,Thomas Green,Ambassador,318.0,,,1650,2022-11-01 00:00:00,Active,,2.96,Commission,0.025,
78,Jeffrey Campbell,Ambassador,318.0,,,1650,2021-03-11 00:00:00,Active,,4.6,Commission,0.03,
79,Jonathan Green,Ambassador,318.0,,,1650,2024-06-08 00:00:00,Active,,1.36,Commission,0.025,
80,Jennifer Martinez,Ambassador,318.0,,,1650,2022-09-06 00:00:00,Active,,3.11,Commission,0.03,
81,John Cooper,Cashier,269.0,,,1651,2022-08-31 00:00:00,Terminated,2024-08-20 00:00:00,3.13,Commission,0.015,
82,Amanda Morales,Senior Ambassador,269.0,,,1651,2022-07-11 00:00:00,Active,,3.27,Commission,0.04,
83,Lisa Morgan,Ambassador,269.0,,,1651,2021-05-09 00:00:00,Terminated,2024-02-07 00:00:00,4.44,Commission,0.03,
84,Eric Campbell,Cashier,269.0,,,1651,2025-07-13 00:00:00,Terminated,2025-09-13 00:00:00,0.26,Commission,0.01,
85,Andrew Taylor,Cashier,269.0,,,1651,2022-06-05 00:00:00,Active,,3.37,Commission,0.015,
86,Michelle Gutierrez,Cashier,269.0,,,1651,2022-06-21 00:00:00,Terminated,2023-12-20 00:00:00,3.32,Commission,0.015,
87,Kathleen Garcia,Ambassador,269.0,,,1651,2021-11-11 00:00:00,Active,,3.93,Commission,0.03,
88,Nicholas Smith,Lead,269.0,,,1651,2022-04-16 00:00:00,Active,,3.5,Commission,0.05,
89,Jason Lee,Cashier,269.0,,,1651,2025-05-04 00:00:00,Active,,0.45,Commission,0.01,
90,Joshua Perez,Cashier,269.0,,,1651,2024-10-16 00:00:00,Active,,1.0,Commission,0.0125,
91,Pamela Wright,Senior Ambassador,375.0,,,1652,2022-01-14 00:00:00,Active,,3.75,Commission,0.04,
92,Karen Stewart,Cashier,375.0,,,1652,2024-03-19 00:00:00,Active,,1.58,Commission,0.0125,
93,Patricia Cook,Cashier,375.0,,,1652,2025-09-25 00:00:00,Active,,0.06,Commission,0.01,
94,Scott Collins,Senior Ambassador,375.0,,,1652,2022-08-25 00:00:00,Active,,3.14,Commission,0.04,
95,Helen Evans,Ambassador,375.0,,,1652,2020-01-07 00:00:00,Active,,5.77,Commission,0.035,
96,Deborah Howard,Cashier,375.0,,,1652,2020-08-07 00:00:00,Active,,5.19,Commission,0.0175,
97,Scott Lee,Cashier,375.0,,,1652,2023-01-20 00:00:00,Terminated,2025-03-03 00:00:00,2.74,Commission,0.0125,
98,Sandra Johnson,Cashier,375.0,,,1652,2019-10-04 00:00:00,Active,,6.03,Commission,0.0175,
99,Karen Torres,Cashier,375.0,,,1652,2024-12-03 00:00:00,Active,,0.87,Commission,0.01,
100,Susan Lopez,Ambassador,375.0,,,1652,2021-06-28 00:00:00,Terminated,2022-02-09 00:00:00,4.3,Commission,0.03,
101,James Miller,Cashier,758.0,,,1653,2013-05-30 00:00:00,Active,,12.38,Commission,0.0175,
102,Carol Miller,Cashier,758.0,,,1653,2021-12-08 00:00:00,Active,,3.86,Commission,0.015,
103,Shirley Hill,Cashier,758.0,,,1653,2024-07-02 00:00:00,Active,,1.29,Commission,0.0125,
104,Cynthia Brown,Cashier,758.0,,,1653,2023-07-13 00:00:00,Active,,2.26,Commission,0.0125,
105,Donald Rogers,Senior Ambassador,758.0,,,1653,2016-07-05 00:00:00,Active,,9.28,Commission,0.045,
106,Jessica Howard,Cashier,758.0,,,1653,2023-09-06 00:00:00,Active,,2.11,Commission,0.0125,
107,Matthew Ramos,Cashier,758.0,,,1653,2018-04-23 00:00:00,Active,,7.48,Commission,0.0175,
108,Jonathan Lee,Lead,758.0,,,1653,2017-07-26 00:00:00,Active,,8.22,Commission,0.06,
109,Thomas Phillips,Cashier,831.0,,,1654,2018-12-28 00:00:00,Active,,6.8,Commission,0.0175,
110,James Peterson,Ambassador,831.0,,,1654,2023-08-07 00:00:00,Active,,2.19,Commission,0.025,
111,Robert Reyes,Cashier,831.0,,,1654,2018-10-28 00:00:00,Active,,6.97,Commission,0.0175,
112,Brenda Cox,Ambassador,831.0,,,1654,2019-07-03 00:00:00,Active,,6.29,Commission,0.035,
113,Christopher Brown,Cashier,831.0,,,1654,2022-10-23 00:00:00,Active,,2.98,Commission,0.0125,
114,Christopher Moore,Senior Ambassador,831.0,,,1654,2020-09-08 00:00:00,Active,,5.1,Commission,0.045,
115,Karen Kim,Ambassador,831.0,,,1654,2018-12-03 00:00:00,Terminated,2025-01-31 00:00:00,6.87,Commission,0.035,
116,Deborah Williams,Ambassador,831.0,,,1654,2018-01-30 00:00:00,Active,,7.71,Commission,0.035,
117,Carol Harris,Cashier,831.0,,,1654,2018-01-04 00:00:00,Active,,7.78,Commission,0.0175,
118,Jennifer Jones,Cashier,508.0,,,1655,2017-04-23 00:00:00,Active,,8.48,Commission,0.0175,
119,Sharon Carter,Cashier,508.0,,,1655,2019-12-20 00:00:00,Active,,5.82,Commission,0.0175,
120,Pamela Wilson,Cashier,508.0,,,1655,2023-01-27 00:00:00,Terminated,2024-03-26 00:00:00,2.72,Commission,0.0125,
121,Anna Hill,Cashier,508.0,,,1655,2023-04-09 00:00:00,Active,,2.52,Commission,0.0125,
122,Richard Rivera,Lead,508.0,,,1655,2017-07-17 00:00:00,Active,,8.25,Commission,0.06,
123,Jeffrey Adams,Lead,508.0,,,1655,2020-01-27 00:00:00,Terminated,2022-04-28 00:00:00,5.72,Commission,0.06,
124,Brian Wright,Ambassador,508.0,,,1655,2022-05-07 00:00:00,Active,,3.44,Commission,0.03,
125,Ronald White,Ambassador,508.0,,,1655,2015-11-26 00:00:00,Active,,9.89,Commission,0.035,
126,Ronald Reed,Cashier,508.0,,,1655,2024-12-29 00:00:00,Active,,0.8,Commission,0.01,
127,Shirley Anderson,Ambassador,508.0,,,1655,2024-07-21 00:00:00,Active,,1.24,Commission,0.025,
128,Melissa Scott,Cashier,508.0,,,1655,2024-06-10 00:00:00,Active,,1.35,Commission,0.0125,
129,Ronald Reyes,Ambassador,118.0,,,1656,2023-09-13 00:00:00,Terminated,2024-09-13 00:00:00,2.09,Commission,0.025,
130,Paul Gutierrez,Ambassador,118.0,,,1656,2018-03-13 00:00:00,Active,,7.6,Commission,0.035,
131,Carol Baker,Ambassador,118.0,,,1656,2024-04-19 00:00:00,Terminated,2024-05-30 00:00:00,1.49,Commission,0.025,
132,Stephanie Reyes,Ambassador,118.0,,,1656,2025-09-06 00:00:00,Active,,0.11,Commission,0.02,
133,Charles Miller,Cashier,118.0,,,1656,2021-03-31 00:00:00,Active,,4.55,Commission,0.015,
134,Stephen Garcia,Lead,118.0,,,1656,2022-05-15 00:00:00,Active,,3.42,Commission,0.05,
135,Andrew Torres,Ambassador,184.0,,,1657,2024-03-26 00:00:00,Active,,1.56,Commission,0.025,
136,Stephanie Young,Cashier,184.0,,,1657,2019-06-10 00:00:00,Active,,6.35,Commission,0.0175,
137,Kevin Adams,Cashier,184.0,,,1657,2025-04-13 00:00:00,Terminated,2025-09-05 00:00:00,0.51,Commission,0.01,
138,Charles Ward,Senior Ambassador,184.0,,,1657,2024-08-10 00:00:00,Terminated,2024-12-01 00:00:00,1.18,Commission,0.035,
139,Margaret Turner,Cashier,184.0,,,1657,2025-09-02 00:00:00,Active,,0.12,Commission,0.01,
140,Emily Miller,Senior Ambassador,184.0,,,1657,2024-09-25 00:00:00,Active,,1.06,Commission,0.035,
141,Sandra Ortiz,Ambassador,184.0,,,1657,2020-08-05 00:00:00,Active,,5.2,Commission,0.035,
142,Nancy Robinson,Cashier,544.0,,,1658,2017-05-02 00:00:00,Terminated,2024-01-24 00:00:00,8.46,Commission,0.0175,
143,Jennifer Williams,Cashier,544.0,,,1658,2024-01-11 00:00:00,Active,,1.76,Commission,0.0125,
144,Anthony Green,Cashier,544.0,,,1658,2018-10-03 00:00:00,Terminated,2022-04-06 00:00:00,7.04,Commission,0.0175,
145,Shirley Stewart,Senior Ambassador,544.0,,,1658,2019-09-19 00:00:00,Active,,6.08,Commission,0.045,
146,Larry Williams,Cashier,544.0,,,1658,2019-03-28 00:00:00,Active,,6.55,Commission,0.0175,
147,Nicholas Rivera,Cashier,942.0,,,1659,2018-08-08 00:00:00,Terminated,2018-08-19 00:00:00,7.19,Commission,0.0175,
148,Jennifer Nelson,Cashier,942.0,,,1659,2017-10-28 00:00:00,Terminated,2020-08-27 00:00:00,7.97,Commission,0.0175,
149,Anthony Davis,Cashier,942.0,,,1659,2015-05-29 00:00:00,Active,,10.39,Commission,0.0175,
150,Karen Morris,Cashier,942.0,,,1659,2015-10-25 00:00:00,Active,,9.98,Commission,0.0175,
151,Donna Hall,Cashier,942.0,,,1659,2015-09-11 00:00:00,Active,,10.1,Commission,0.0175,
152,Pamela Phillips,Lead,942.0,,,1659,2019-12-02 00:00:00,Active,,5.87,Commission,0.06,
153,Joseph Phillips,Ambassador,942.0,,,1659,2018-12-02 00:00:00,Active,,6.87,Commission,0.035,
154,Justin Murphy,Cashier,942.0,,,1659,2023-03-20 00:00:00,Active,,2.58,Commission,0.0125,
155,Patricia Cox,Ambassador,870.0,,,1660,2021-08-04 00:00:00,Active,,4.2,Commission,0.03,
156,Daniel Mitchell,Cashier,870.0,,,1660,2017-08-29 00:00:00,Active,,8.13,Commission,0.0175,
157,Anthony Brown,Ambassador,870.0,,,1660,2022-05-17 00:00:00,Terminated,2024-05-16 00:00:00,3.42,Commission,0.03,
158,Amy Garcia,Lead,870.0,,,1660,2021-07-31 00:00:00,Active,,4.21,Commission,0.05,
159,Thomas Mitchell,Senior Ambassador,870.0,,,1660,2020-06-15 00:00:00,Active,,5.34,Commission,0.045,
160,Pamela Murphy,Lead,870.0,,,1660,2016-08-27 00:00:00,Active,,9.14,Commission,0.06,
161,Ashley Howard,Senior Ambassador,870.0,,,1660,2016-06-19 00:00:00,Active,,9.33,Commission,0.045,
162,Larry Cook,Ambassador,870.0,,,1660,2019-11-06 00:00:00,Active,,5.94,Commission,0.035,
163,Emily Martinez,Ambassador,870.0,,,1660,2023-11-08 00:00:00,Active,,1.94,Commission,0.025,
164,Laura Hernandez,Ambassador,870.0,,,1660,2021-04-15 00:00:00,Active,,4.5,Commission,0.03,
165,Linda Torres,Ambassador,250.0,,,1661,2015-10-24 00:00:00,Active,,9.98,Commission,0.035,
166,Nancy Collins,Cashier,250.0,,,1661,2018-08-07 00:00:00,Terminated,2020-01-18 00:00:00,7.19,Commission,0.0175,
167,Nancy Morris,Cashier,250.0,,,1661,2018-03-31 00:00:00,Active,,7.55,Commission,0.0175,
168,Patricia Ramos,Ambassador,250.0,,,1661,2017-03-15 00:00:00,Active,,8.59,Commission,0.035,
169,Stephen Thomas,Senior Ambassador,250.0,,,1661,2024-05-31 00:00:00,Active,,1.38,Commission,0.035,
170,Christopher Rivera,Cashier,250.0,,,1661,2022-07-30 00:00:00,Active,,3.21,Commission,0.015,
171,Michelle Mitchell,Cashier,250.0,,,1661,2022-11-22 00:00:00,Terminated,2024-05-15 00:00:00,2.9,Commission,0.0125,
172,Eric Wright,Cashier,250.0,,,1661,2017-01-10 00:00:00,Active,,8.76,Commission,0.0175,
173,John Lopez,Ambassador,250.0,,,1661,2014-04-06 00:00:00,Terminated,2019-05-08 00:00:00,11.53,Commission,0.035,
174,Lisa Davis,Cashier,852.0,,,1662,2023-11-23 00:00:00,Active,,1.9,Commission,0.0125,
175,Nancy Reyes,Senior Ambassador,852.0,,,1662,2020-03-15 00:00:00,Active,,5.59,Commission,0.045,
176,Kimberly Taylor,Cashier,852.0,,,1662,2018-11-08 00:00:00,Active,,6.94,Commission,0.0175,
177,Deborah Peterson,Ambassador,852.0,,,1662,2023-04-06 00:00:00,Active,,2.53,Commission,0.025,
178,George Lee,Cashier,852.0,,,1662,2019-05-25 00:00:00,Terminated,2022-04-23 00:00:00,6.4,Commission,0.0175,
179,Gary Edwards,Ambassador,270.0,,,1663,2023-10-26 00:00:00,Active,,1.97,Commission,0.025,
180,Daniel Phillips,Cashier,270.0,,,1663,2021-06-25 00:00:00,Active,,4.31,Commission,0.015,
181,Eric Kim,Lead,270.0,,,1663,2022-02-02 00:00:00,Active,,3.7,Commission,0.05,
182,Eric Wilson,Ambassador,270.0,,,1663,2021-05-05 00:00:00,Active,,4.45,Commission,0.03,
183,Lisa White,Cashier,270.0,,,1663,2024-03-15 00:00:00,Active,,1.59,Commission,0.0125,
184,Sarah Torres,Ambassador,270.0,,,1663,2025-08-23 00:00:00,Active,,0.15,Commission,0.02,
185,Sharon Wright,Ambassador,270.0,,,1663,2023-11-08 00:00:00,Active,,1.94,Commission,0.025,
186,Sarah King,Ambassador,270.0,,,1663,2024-05-13 00:00:00,Terminated,2025-07-12 00:00:00,1.43,Commission,0.025,
187,Jennifer Johnson,Cashier,270.0,,,1663,2025-01-08 00:00:00,Active,,0.77,Commission,0.01,
188,Brenda Reed,Cashier,270.0,,,1663,2023-01-11 00:00:00,Active,,2.76,Commission,0.0125,
189,Edward Clark,Cashier,270.0,,,1663,2025-09-12 00:00:00,Active,,0.09,Commission,0.01,
190,David Anderson,Cashier,902.0,,,1664,2024-12-15 00:00:00,Active,,0.84,Commission,0.01,
191,Sharon Robinson,Ambassador,902.0,,,1664,2024-07-18 00:00:00,Active,,1.25,Commission,0.025,
192,Mary Hill,Cashier,902.0,,,1664,2024-06-23 00:00:00,Active,,1.31,Commission,0.0125,
193,Ryan Robinson,Cashier,902.0,,,1664,2023-08-06 00:00:00,Active,,2.2,Commission,0.0125,
194,Stephen Martin,Cashier,902.0,,,1664,2022-09-05 00:00:00,Terminated,2025-01-31 00:00:00,3.11,Commission,0.015,
195,Rebecca Nelson,Cashier,649.0,,,1665,2014-04-09 00:00:00,Terminated,2015-07-12 00:00:00,11.52,Commission,0.0175,
196,George Murphy,Cashier,649.0,,,1665,2014-04-22 00:00:00,Active,,11.49,Commission,0.0175,
197,David Cooper,Cashier,649.0,,,1665,2014-08-10 00:00:00,Active,,11.18,Commission,0.0175,
198,Timothy Cruz,Senior Ambassador,649.0,,,1665,2024-02-24 00:00:00,Active,,1.64,Commission,0.035,
199,Ashley Gomez,Ambassador,649.0,,,1665,2022-06-21 00:00:00,Active,,3.32,Commission,0.03,
200,Laura King,Ambassador,649.0,,,1665,2016-02-10 00:00:00,Active,,9.68,Commission,0.035,
201,Deborah Clark,Ambassador,649.0,,,1665,2014-04-05 00:00:00,Active,,11.53,Commission,0.035,
202,Sharon Cruz,Lead,649.0,,,1665,2017-03-24 00:00:00,Terminated,2019-05-16 00:00:00,8.56,Commission,0.06,
203,Ryan Wilson,Lead,649.0,,,1665,2018-07-12 00:00:00,Active,,7.26,Commission,0.06,
204,Jonathan Reyes,Ambassador,303.0,,,1666,2021-07-05 00:00:00,Terminated,2022-11-13 00:00:00,4.28,Commission,0.03,
205,Emily Carter,Ambassador,303.0,,,1666,2024-08-10 00:00:00,Active,,1.18,Commission,0.025,
206,Brandon Hernandez,Senior Ambassador,303.0,,,1666,2019-10-03 00:00:00,Active,,6.04,Commission,0.045,
207,Anna Miller,Cashier,303.0,,,1666,2016-04-19 00:00:00,Active,,9.49,Commission,0.0175,
208,Kimberly Green,Cashier,303.0,,,1666,2016-10-12 00:00:00,Active,,9.01,Commission,0.0175,
209,George Davis,Cashier,303.0,,,1666,2025-06-16 00:00:00,Active,,0.33,Commission,0.01,
210,Christopher Adams,Senior Ambassador,303.0,,,1666,2015-03-23 00:00:00,Active,,10.57,Commission,0.045,
211,Jennifer Green,Senior Ambassador,953.0,,,1667,2013-10-31 00:00:00,Active,,11.96,Commission,0.045,
212,Jason Turner,Ambassador,953.0,,,1667,2021-03-18 00:00:00,Active,,4.58,Commission,0.03,
213,Edward Jones,Cashier,953.0,,,1667,2016-10-15 00:00:00,Active,,9.0,Commission,0.0175,
214,Jonathan White,Cashier,953.0,,,1667,2019-03-18 00:00:00,Active,,6.58,Commission,0.0175,
215,Jason Wilson,Ambassador,953.0,,,1667,2013-04-20 00:00:00,Terminated,2019-11-25 00:00:00,12.49,Commission,0.035,
216,Carol Stewart,Ambassador,625.0,,,1668,2019-02-11 00:00:00,Terminated,2019-12-22 00:00:00,6.68,Commission,0.035,
217,Barbara Stewart,Ambassador,625.0,,,1668,2020-12-16 00:00:00,Active,,4.83,Commission,0.03,
218,Paul Ortiz,Cashier,625.0,,,1668,2021-03-22 00:00:00,Terminated,2024-05-31 00:00:00,4.57,Commission,0.015,
219,David Garcia,Ambassador,625.0,,,1668,2020-08-03 00:00:00,Terminated,2023-05-25 00:00:00,5.2,Commission,0.035,
220,Laura Williams,Ambassador,625.0,,,1668,2023-10-02 00:00:00,Active,,2.04,Commission,0.025,
221,Nancy Jones,Cashier,625.0,,,1668,2024-08-28 00:00:00,Active,,1.13,Commission,0.0125,
222,Paul Martinez,Cashier,625.0,,,1668,2022-12-16 00:00:00,Active,,2.83,Commission,0.0125,
223,Jonathan Ortiz,Cashier,625.0,,,1668,2024-01-11 00:00:00,Active,,1.76,Commission,0.0125,
224,Karen Rivera,Cashier,267.0,,,1669,2021-12-16 00:00:00,Terminated,2024-07-22 00:00:00,3.83,Commission,0.015,
225,Jonathan Rivera,Cashier,267.0,,,1669,2023-12-26 00:00:00,Active,,1.81,Commission,0.0125,
226,Christopher Thomas,Ambassador,267.0,,,1669,2022-05-14 00:00:00,Active,,3.43,Commission,0.03,
227,Ryan Gonzalez,Ambassador,267.0,,,1669,2024-11-13 00:00:00,Terminated,2025-04-09 00:00:00,0.92,Commission,0.02,
228,Brandon Nguyen,Cashier,267.0,,,1669,2025-07-06 00:00:00,Active,,0.28,Commission,0.01,
229,Brenda Martinez,Cashier,267.0,,,1669,2022-02-28 00:00:00,Active,,3.63,Commission,0.015,
230,Kevin Collins,Senior Ambassador,267.0,,,1669,2023-04-21 00:00:00,Terminated,2024-08-08 00:00:00,2.49,Commission,0.035,
231,Jason Green,Cashier,267.0,,,1669,2020-12-30 00:00:00,Active,,4.79,Commission,0.015,
232,Jason Gonzalez,Senior Ambassador,267.0,,,1669,2020-09-21 00:00:00,Terminated,2021-11-01 00:00:00,5.07,Commission,0.045,
233,Susan Martin,Cashier,267.0,,,1669,2024-11-25 00:00:00,Active,,0.89,Commission,0.01,
234,Nancy Wilson,Ambassador,768.0,,,1670,2021-02-25 00:00:00,Terminated,2023-05-24 00:00:00,4.64,Commission,0.03,
235,Anna Gutierrez,Cashier,768.0,,,1670,2019-05-06 00:00:00,Active,,6.45,Commission,0.0175,
236,Daniel Reed,Cashier,768.0,,,1670,2020-09-17 00:00:00,Active,,5.08,Commission,0.0175,
237,Patricia Robinson,Ambassador,768.0,,,1670,2020-02-29 00:00:00,Active,,5.63,Commission,0.035,
238,Eric Gonzalez,Ambassador,768.0,,,1670,2020-05-04 00:00:00,Active,,5.45,Commission,0.035,
239,William Gutierrez,Senior Ambassador,768.0,,,1670,2021-05-06 00:00:00,Active,,4.45,Commission,0.04,
240,Larry Morales,Cashier,768.0,,,1670,2019-05-12 00:00:00,Terminated,2020-02-10 00:00:00,6.43,Commission,0.0175,
241,Cynthia King,Ambassador,768.0,,,1670,2021-12-04 00:00:00,Active,,3.87,Commission,0.03,
242,Amy Miller,Cashier,768.0,,,1670,2024-12-30 00:00:00,Active,,0.79,Commission,0.01,
243,Nicholas King,Cashier,768.0,,,1670,2015-10-02 00:00:00,Active,,10.04,Commission,0.0175,
244,Jason Peterson,Senior Ambassador,768.0,,,1670,2016-11-11 00:00:00,Active,,8.93,Commission,0.045,
245,Kathleen Morales,Cashier,383.0,,,1671,2023-10-30 00:00:00,Terminated,2025-05-14 00:00:00,1.96,Commission,0.0125,
246,Ashley Richardson,Ambassador,383.0,,,1671,2017-02-15 00:00:00,Active,,8.67,Commission,0.035,
247,Donna Gutierrez,Senior Ambassador,383.0,,,1671,2016-11-22 00:00:00,Active,,8.9,Commission,0.045,
248,Stephanie Clark,Cashier,383.0,,,1671,2015-10-03 00:00:00,Terminated,2017-05-12 00:00:00,10.04,Commission,0.0175,
249,Andrew Kim,Ambassador,383.0,,,1671,2015-06-15 00:00:00,Active,,10.34,Commission,0.035,
250,Richard Kim,Senior Ambassador,383.0,,,1671,2017-04-09 00:00:00,Terminated,2024-07-11 00:00:00,8.52,Commission,0.045,
251,Jennifer Edwards,Ambassador,383.0,,,1671,2015-06-14 00:00:00,Active,,10.34,Commission,0.035,
252,Shirley Collins,Senior Ambassador,383.0,,,1671,2016-08-15 00:00:00,Terminated,2016-10-31 00:00:00,9.17,Commission,0.045,
253,Brenda Robinson,Senior Ambassador,383.0,,,1671,2022-04-10 00:00:00,Active,,3.52,Commission,0.04,
254,Linda Kim,Ambassador,491.0,,,1672,2021-11-09 00:00:00,Active,,3.93,Commission,0.03,
255,Rebecca White,Cashier,491.0,,,1672,2023-09-30 00:00:00,Active,,2.05,Commission,0.0125,
256,Donald Harris,Ambassador,491.0,,,1672,2023-04-30 00:00:00,Active,,2.46,Commission,0.025,
257,Jason Anderson,Ambassador,491.0,,,1672,2023-06-10 00:00:00,Active,,2.35,Commission,0.025,
258,John Reed,Cashier,491.0,,,1672,2021-03-02 00:00:00,Active,,4.62,Commission,0.015,
259,Ashley Ward,Senior Ambassador,491.0,,,1672,2022-09-24 00:00:00,Terminated,2024-07-19 00:00:00,3.06,Commission,0.04,
260,Barbara Nguyen,Cashier,491.0,,,1672,2025-02-07 00:00:00,Terminated,2025-10-06 00:00:00,0.69,Commission,0.01,
261,Jonathan Taylor,Cashier,491.0,,,1672,2024-06-29 00:00:00,Active,,1.3,Commission,0.0125,
262,Jennifer White,Cashier,858.0,,,1673,2020-03-07 00:00:00,Active,,5.61,Commission,0.0175,
263,Kenneth Baker,Cashier,858.0,,,1673,2012-02-21 00:00:00,Active,,13.65,Commission,0.0175,
264,Eric Lopez,Cashier,858.0,,,1673,2014-04-22 00:00:00,Active,,11.49,Commission,0.0175,
265,Kenneth Lewis,Ambassador,858.0,,,1673,2025-06-24 00:00:00,Active,,0.31,Commission,0.02,
266,Sandra Phillips,Cashier,858.0,,,1673,2011-01-17 00:00:00,Active,,14.75,Commission,0.0175,
267,Gary Ward,Ambassador,795.0,,,1674,2019-05-09 00:00:00,Active,,6.44,Commission,0.035,
268,Sandra Baker,Ambassador,795.0,,,1674,2016-01-09 00:00:00,Terminated,2021-07-20 00:00:00,9.77,Commission,0.035,
269,Barbara Young,Cashier,795.0,,,1674,2023-03-03 00:00:00,Active,,2.62,Commission,0.0125,
270,Matthew Nguyen,Senior Ambassador,795.0,,,1674,2022-03-31 00:00:00,Active,,3.55,Commission,0.04,
271,John Cox,Ambassador,795.0,,,1674,2021-11-20 00:00:00,Terminated,2025-07-15 00:00:00,3.9,Commission,0.03,
272,Deborah Miller,Cashier,795.0,,,1674,2019-09-20 00:00:00,Active,,6.07,Commission,0.0175,
273,Linda Gomez,Ambassador,417.0,,,1675,2022-05-18 00:00:00,Active,,3.41,Commission,0.03,
274,Amanda Johnson,Ambassador,417.0,,,1675,2019-02-03 00:00:00,Active,,6.7,Commission,0.035,
275,Charles Allen,Ambassador,417.0,,,1675,2018-04-25 00:00:00,Active,,7.48,Commission,0.035,
276,Joshua Murphy,Cashier,417.0,,,1675,2024-01-28 00:00:00,Terminated,2024-07-16 00:00:00,1.72,Commission,0.0125,
277,Charles Mitchell,Senior Ambassador,417.0,,,1675,2023-10-29 00:00:00,Active,,1.97,Commission,0.035,
278,Margaret Mitchell,Cashier,417.0,,,1675,2023-08-13 00:00:00,Active,,2.18,Commission,0.0125,
279,Christopher Cruz,Senior Ambassador,417.0,,,1675,2024-06-01 00:00:00,Active,,1.37,Commission,0.035,
280,Timothy Lopez,Cashier,417.0,,,1675,2020-03-30 00:00:00,Active,,5.55,Commission,0.0175,
281,Linda Anderson,Ambassador,425.0,,,1676,2016-11-29 00:00:00,Terminated,2025-01-18 00:00:00,8.88,Commission,0.035,
282,Nicole Jackson,Lead,425.0,,,1676,2022-09-09 00:00:00,Active,,3.1,Commission,0.05,
283,Jason Mitchell,Cashier,425.0,,,1676,2024-04-02 00:00:00,Terminated,2024-04-28 00:00:00,1.54,Commission,0.0125,
284,Richard Lopez,Ambassador,425.0,,,1676,2021-04-16 00:00:00,Active,,4.5,Commission,0.03,
285,Ryan Cox,Senior Ambassador,425.0,,,1676,2023-11-23 00:00:00,Active,,1.9,Commission,0.035,
286,Gary Williams,Cashier,450.0,,,1677,2016-07-16 00:00:00,Active,,9.25,Commission,0.0175,
287,Kathleen Rodriguez,Cashier,450.0,,,1677,2022-08-26 00:00:00,Active,,3.14,Commission,0.015,
288,Susan Reyes,Senior Ambassador,450.0,,,1677,2014-10-13 00:00:00,Terminated,2024-12-15 00:00:00,11.01,Commission,0.045,
289,Angela Cox,Ambassador,450.0,,,1677,2024-03-30 00:00:00,Active,,1.55,Commission,0.025,
290,Kimberly Torres,Ambassador,450.0,,,1677,2014-03-02 00:00:00,Terminated,2016-03-10 00:00:00,11.63,Commission,0.035,
291,Melissa Rivera,Cashier,450.0,,,1677,2019-06-14 00:00:00,Terminated,2021-02-23 00:00:00,6.34,Commission,0.0175,
292,George Johnson,Cashier,450.0,,,1677,2020-10-06 00:00:00,Active,,5.03,Commission,0.0175,
293,Brandon Gonzalez,Cashier,96.0,,,1678,2020-08-03 00:00:00,Active,,5.2,Commission,0.0175,
294,Joshua Robinson,Senior Ambassador,96.0,,,1678,2019-02-20 00:00:00,Active,,6.65,Commission,0.045,
295,Laura Campbell,Cashier,96.0,,,1678,2022-07-07 00:00:00,Active,,3.28,Commission,0.015,
296,Shirley Diaz,Cashier,96.0,,,1678,2017-07-29 00:00:00,Terminated,2024-04-04 00:00:00,8.22,Commission,0.0175,
297,Ashley Morgan,Cashier,96.0,,,1678,2016-06-29 00:00:00,Terminated,2017-03-10 00:00:00,9.3,Commission,0.0175,
298,Mary Anderson,Cashier,96.0,,,1678,2018-12-04 00:00:00,Terminated,2019-10-08 00:00:00,6.87,Commission,0.0175,
299,Barbara Mitchell,Senior Ambassador,96.0,,,1678,2023-10-10 00:00:00,Active,,2.02,Commission,0.035,
300,Patricia Gonzalez,Cashier,96.0,,,1678,2020-07-30 00:00:00,Active,,5.21,Commission,0.0175,
301,Ryan Thompson,Lead,96.0,,,1678,2020-01-27 00:00:00,Terminated,2022-01-10 00:00:00,5.72,Commission,0.06,
302,Joshua Gomez,Cashier,96.0,,,1678,2019-04-18 00:00:00,Active,,6.5,Commission,0.0175,
303,Joseph Perez,Senior Ambassador,96.0,,,1678,2023-01-06 00:00:00,Active,,2.78,Commission,0.035,
304,Daniel Hall,Ambassador,404.0,,,1679,2022-10-31 00:00:00,Terminated,2023-05-06 00:00:00,2.96,Commission,0.025,
305,Eric Brown,Cashier,404.0,,,1679,2021-09-28 00:00:00,Active,,4.05,Commission,0.015,
306,Kevin Brown,Lead,404.0,,,1679,2022-04-24 00:00:00,Active,,3.48,Commission,0.05,
307,Sarah Green,Cashier,404.0,,,1679,2024-05-18 00:00:00,Terminated,2025-02-23 00:00:00,1.41,Commission,0.0125,
308,Larry Morgan,Ambassador,404.0,,,1679,2023-10-14 00:00:00,Active,,2.01,Commission,0.025,
309,Emma Kim,Senior Ambassador,404.0,,,1679,2021-06-29 00:00:00,Terminated,2025-01-23 00:00:00,4.3,Commission,0.04,
310,Helen Miller,Ambassador,404.0,,,1679,2024-03-18 00:00:00,Terminated,2025-08-26 00:00:00,1.58,Commission,0.025,
311,Thomas Roberts,Lead,404.0,,,1679,2020-11-18 00:00:00,Terminated,2025-05-23 00:00:00,4.91,Commission,0.05,
312,Richard Bailey,Ambassador,404.0,,,1679,2021-04-25 00:00:00,Active,,4.48,Commission,0.03,
313,Jeffrey Ortiz,Cashier,404.0,,,1679,2017-10-22 00:00:00,Active,,7.98,Commission,0.0175,
314,Emily Kelly,Senior Ambassador,285.0,,,1680,2021-11-15 00:00:00,Terminated,2023-04-17 00:00:00,3.92,Commission,0.04,
315,Patricia Evans,Cashier,285.0,,,1680,2024-08-12 00:00:00,Active,,1.18,Commission,0.0125,
316,Thomas King,Cashier,285.0,,,1680,2020-05-01 00:00:00,Active,,5.46,Commission,0.0175,
317,Angela Collins,Lead,285.0,,,1680,2014-03-30 00:00:00,Active,,11.55,Commission,0.06,
318,Eric Hall,Ambassador,285.0,,,1680,2019-01-18 00:00:00,Active,,6.74,Commission,0.035,
319,Jacob Young,Ambassador,285.0,,,1680,2021-05-29 00:00:00,Terminated,2024-05-18 00:00:00,4.38,Commission,0.03,
320,Robert Richardson,Cashier,285.0,,,1680,2015-07-29 00:00:00,Active,,10.22,Commission,0.0175,
321,Stephanie Adams,Senior Ambassador,285.0,,,1680,2021-03-05 00:00:00,Active,,4.62,Commission,0.04,
322,Matthew Ward,Ambassador,882.0,,,1681,2021-06-25 00:00:00,Active,,4.31,Commission,0.03,
323,Carol Perez,Cashier,882.0,,,1681,2017-08-09 00:00:00,Active,,8.19,Commission,0.0175,
324,Brenda Ramos,Lead,882.0,,,1681,2015-10-25 00:00:00,Active,,9.98,Commission,0.06,
325,William Morris,Cashier,882.0,,,1681,2018-10-17 00:00:00,Active,,7.0,Commission,0.0175,
326,Elizabeth Martin,Cashier,882.0,,,1681,2016-06-12 00:00:00,Active,,9.34,Commission,0.0175,
327,Matthew Kelly,Ambassador,882.0,,,1681,2023-10-31 00:00:00,Active,,1.96,Commission,0.025,
328,Nancy Torres,Cashier,882.0,,,1681,2021-10-20 00:00:00,Active,,3.99,Commission,0.015,
329,Linda Nguyen,Cashier,882.0,,,1681,2023-10-28 00:00:00,Active,,1.97,Commission,0.0125,
330,Justin Roberts,Ambassador,882.0,,,1681,2020-09-11 00:00:00,Active,,5.1,Commission,0.035,
331,Elizabeth Ward,Ambassador,882.0,,,1681,2018-06-20 00:00:00,Active,,7.32,Commission,0.035,
332,Karen Scott,Ambassador,882.0,,,1681,2017-04-01 00:00:00,Active,,8.54,Commission,0.035,
333,Paul Martin,Ambassador,394.0,,,1682,2021-04-02 00:00:00,Active,,4.54,Commission,0.03,
334,Gary Stewart,Cashier,394.0,,,1682,2024-09-10 00:00:00,Active,,1.1,Commission,0.0125,
335,Susan Cook,Cashier,394.0,,,1682,2017-01-21 00:00:00,Active,,8.73,Commission,0.0175,
336,Richard Roberts,Cashier,394.0,,,1682,2025-01-21 00:00:00,Active,,0.73,Commission,0.01,
337,Jessica White,Cashier,394.0,,,1682,2024-07-28 00:00:00,Active,,1.22,Commission,0.0125,
338,Andrew Wright,Cashier,394.0,,,1682,2021-11-26 00:00:00,Active,,3.89,Commission,0.015,
339,William Cox,Cashier,394.0,,,1682,2012-11-04 00:00:00,Active,,12.95,Commission,0.0175,
340,George Howard,Cashier,394.0,,,1682,2017-01-09 00:00:00,Active,,8.77,Commission,0.0175,
341,Shirley Campbell,Cashier,149.0,,,1683,2025-06-09 00:00:00,Active,,0.35,Commission,0.01,
342,Brenda Torres,Cashier,149.0,,,1683,2022-08-15 00:00:00,Active,,3.17,Commission,0.015,
343,Joseph Taylor,Ambassador,149.0,,,1683,2020-09-16 00:00:00,Active,,5.08,Commission,0.035,
344,Ronald Ramos,Ambassador,149.0,,,1683,2022-10-18 00:00:00,Active,,3.0,Commission,0.03,
345,Ronald Stewart,Ambassador,149.0,,,1683,2022-06-19 00:00:00,Terminated,2025-01-08 00:00:00,3.33,Commission,0.03,
346,Deborah Wright,Ambassador,33.0,,,1684,2023-04-14 00:00:00,Active,,2.51,Commission,0.025,
347,Edward Miller,Cashier,33.0,,,1684,2018-06-19 00:00:00,Active,,7.33,Commission,0.0175,
348,William Cooper,Cashier,33.0,,,1684,2015-12-19 00:00:00,Active,,9.83,Commission,0.0175,
349,Sarah Nelson,Cashier,33.0,,,1684,2019-12-03 00:00:00,Active,,5.87,Commission,0.0175,
350,James Stewart,Senior Ambassador,33.0,,,1684,2014-11-28 00:00:00,Terminated,2021-01-10 00:00:00,10.88,Commission,0.045,
351,Mark Lee,Cashier,33.0,,,1684,2018-05-14 00:00:00,Terminated,2024-09-03 00:00:00,7.43,Commission,0.0175,
352,Jessica Rodriguez,Ambassador,33.0,,,1684,2024-11-25 00:00:00,Terminated,2025-09-03 00:00:00,0.89,Commission,0.02,
353,Linda Garcia,Ambassador,33.0,,,1684,2016-07-19 00:00:00,Active,,9.24,Commission,0.035,
354,Emma Martin,Cashier,33.0,,,1684,2021-02-27 00:00:00,Active,,4.63,Commission,0.015,
355,Susan King,Cashier,888.0,,,1685,2016-10-12 00:00:00,Active,,9.01,Commission,0.0175,
356,Kimberly King,Cashier,888.0,,,1685,2019-04-28 00:00:00,Active,,6.47,Commission,0.0175,
357,Linda Carter,Cashier,888.0,,,1685,2020-07-21 00:00:00,Active,,5.24,Commission,0.0175,
358,Elizabeth Miller,Cashier,888.0,,,1685,2024-02-24 00:00:00,Active,,1.64,Commission,0.0125,
359,Emily Smith,Cashier,888.0,,,1685,2024-10-30 00:00:00,Active,,0.96,Commission,0.01,
360,Jonathan Reed,Ambassador,888.0,,,1685,2016-08-29 00:00:00,Active,,9.13,Commission,0.035,
361,Karen Martin,Cashier,719.0,,,1686,2015-05-18 00:00:00,Active,,10.42,Commission,0.0175,
362,Susan Hill,Ambassador,719.0,,,1686,2016-07-14 00:00:00,Terminated,2024-06-02 00:00:00,9.26,Commission,0.035,
363,Amanda Phillips,Cashier,719.0,,,1686,2017-07-29 00:00:00,Active,,8.22,Commission,0.0175,
364,Gary Diaz,Cashier,719.0,,,1686,2019-11-17 00:00:00,Active,,5.91,Commission,0.0175,
365,Shirley Martin,Ambassador,719.0,,,1686,2021-03-05 00:00:00,Active,,4.62,Commission,0.03,
366,James Green,Cashier,719.0,,,1686,2015-09-19 00:00:00,Active,,10.08,Commission,0.0175,
367,Sharon Walker,Cashier,719.0,,,1686,2013-02-05 00:00:00,Active,,12.69,Commission,0.0175,
368,Jessica Kim,Ambassador,719.0,,,1686,2020-04-24 00:00:00,Terminated,2021-07-22 00:00:00,5.48,Commission,0.035,
369,Lisa Lewis,Ambassador,719.0,,,1686,2012-09-08 00:00:00,Terminated,2012-09-24 00:00:00,13.1,Commission,0.035,
370,Steven Flores,Cashier,719.0,,,1686,2023-01-16 00:00:00,Active,,2.75,Commission,0.0125,
371,Barbara Rodriguez,Lead,719.0,,,1686,2013-01-17 00:00:00,Terminated,2023-10-14 00:00:00,12.75,Commission,0.06,
372,Brian Carter,Cashier,799.0,,,1687,2014-11-28 00:00:00,Active,,10.88,Commission,0.0175,
373,Joseph Flores,Cashier,799.0,,,1687,2021-01-02 00:00:00,Terminated,2022-05-03 00:00:00,4.79,Commission,0.015,
374,Gary Ramos,Ambassador,799.0,,,1687,2024-05-07 00:00:00,Terminated,2025-05-11 00:00:00,1.44,Commission,0.025,
375,Sharon Kim,Ambassador,799.0,,,1687,2022-09-28 00:00:00,Active,,3.05,Commission,0.03,
376,Amy Johnson,Ambassador,799.0,,,1687,2015-10-15 00:00:00,Active,,10.0,Commission,0.035,
377,Helen Allen,Cashier,799.0,,,1687,2024-12-25 00:00:00,Active,,0.81,Commission,0.01,
378,Joseph Cox,Cashier,799.0,,,1687,2020-04-20 00:00:00,Active,,5.49,Commission,0.0175,
379,Joshua Rogers,Cashier,799.0,,,1687,2013-12-07 00:00:00,Active,,11.86,Commission,0.0175,
380,Betty Murphy,Cashier,818.0,,,1688,2022-04-20 00:00:00,Terminated,2022-11-26 00:00:00,3.49,Commission,0.015,
381,Sharon Taylor,Ambassador,818.0,,,1688,2021-01-27 00:00:00,Active,,4.72,Commission,0.03,
382,Sarah Smith,Cashier,818.0,,,1688,2021-08-30 00:00:00,Active,,4.13,Commission,0.015,
383,Shirley Cook,Ambassador,818.0,,,1688,2022-07-15 00:00:00,Active,,3.26,Commission,0.03,
384,Jason Nelson,Cashier,818.0,,,1688,2023-12-27 00:00:00,Terminated,2024-08-15 00:00:00,1.8,Commission,0.0125,
385,Matthew Martinez,Ambassador,818.0,,,1688,2020-12-23 00:00:00,Active,,4.81,Commission,0.03,
386,Cynthia Gutierrez,Cashier,170.0,,,1689,2021-10-19 00:00:00,Active,,3.99,Commission,0.015,
387,Rebecca Ward,Cashier,170.0,,,1689,2025-10-03 00:00:00,Terminated,2025-10-06 00:00:00,0.04,Commission,0.01,
388,Joshua Carter,Cashier,170.0,,,1689,2020-08-01 00:00:00,Active,,5.21,Commission,0.0175,
389,Michelle Thomas,Ambassador,170.0,,,1689,2018-07-29 00:00:00,Active,,7.22,Commission,0.035,
390,Nicole Perez,Ambassador,170.0,,,1689,2022-01-07 00:00:00,Active,,3.77,Commission,0.03,
391,Sarah Edwards,Ambassador,170.0,,,1689,2024-01-05 00:00:00,Active,,1.78,Commission,0.025,
392,Timothy Wright,Cashier,170.0,,,1689,2023-08-11 00:00:00,Active,,2.18,Commission,0.0125,
393,Cynthia Robinson,Lead,170.0,,,1689,2021-11-30 00:00:00,Terminated,2025-06-04 00:00:00,3.88,Commission,0.05,
394,Richard White,Cashier,630.0,,,1690,2017-11-01 00:00:00,Terminated,2023-03-26 00:00:00,7.96,Commission,0.0175,
395,Nicole Robinson,Lead,630.0,,,1690,2018-09-20 00:00:00,Active,,7.07,Commission,0.06,
396,Brenda Brown,Ambassador,630.0,,,1690,2018-02-26 00:00:00,Active,,7.64,Commission,0.035,
397,Barbara Martinez,Cashier,630.0,,,1690,2023-11-20 00:00:00,Active,,1.91,Commission,0.0125,
398,James Jackson,Ambassador,630.0,,,1690,2020-12-15 00:00:00,Terminated,2024-01-01 00:00:00,4.84,Commission,0.03,
399,Ashley Allen,Cashier,8.0,,,1691,2024-12-02 00:00:00,Active,,0.87,Commission,0.01,
400,Matthew Thomas,Ambassador,8.0,,,1691,2020-10-20 00:00:00,Active,,4.99,Commission,0.03,
401,Emily Kim,Cashier,8.0,,,1691,2017-08-23 00:00:00,Active,,8.15,Commission,0.0175,
402,Joshua Hall,Ambassador,8.0,,,1691,2017-08-06 00:00:00,Active,,8.19,Commission,0.035,
403,Patricia Hall,Ambassador,8.0,,,1691,2019-02-16 00:00:00,Active,,6.66,Commission,0.035,
404,Angela Ward,Senior Ambassador,8.0,,,1691,2016-09-17 00:00:00,Active,,9.08,Commission,0.045,
405,Paul Hall,Lead,8.0,,,1691,2016-11-08 00:00:00,Active,,8.94,Commission,0.06,
406,Brenda Cook,Cashier,8.0,,,1691,2017-08-28 00:00:00,Active,,8.13,Commission,0.0175,
407,Dorothy Adams,Cashier,8.0,,,1691,2019-10-31 00:00:00,Active,,5.96,Commission,0.0175,
408,David Smith,Cashier,8.0,,,1691,2024-09-04 00:00:00,Active,,1.11,Commission,0.0125,
409,Steven Garcia,Cashier,341.0,,,1692,2017-02-26 00:00:00,Active,,8.64,Commission,0.0175,
410,Andrew Reyes,Cashier,341.0,,,1692,2015-03-12 00:00:00,Terminated,2015-05-20 00:00:00,10.6,Commission,0.0175,
411,Michelle King,Cashier,341.0,,,1692,2015-10-11 00:00:00,Active,,10.02,Commission,0.0175,
412,Sandra Green,Ambassador,341.0,,,1692,2018-09-12 00:00:00,Active,,7.09,Commission,0.035,
413,Justin Brown,Ambassador,341.0,,,1692,2024-05-20 00:00:00,Active,,1.41,Commission,0.025,
414,Steven Kim,Cashier,341.0,,,1692,2016-07-10 00:00:00,Active,,9.27,Commission,0.0175,
415,David Reed,Ambassador,341.0,,,1692,2023-07-03 00:00:00,Terminated,2025-03-02 00:00:00,2.29,Commission,0.025,
416,Nancy Garcia,Cashier,341.0,,,1692,2020-11-16 00:00:00,Active,,4.91,Commission,0.015,
417,Jacob Phillips,Cashier,341.0,,,1692,2024-10-06 00:00:00,Active,,1.03,Commission,0.0125,
418,Amanda Smith,Cashier,341.0,,,1692,2023-08-23 00:00:00,Terminated,2024-09-30 00:00:00,2.15,Commission,0.0125,
419,Paul Richardson,Senior Ambassador,341.0,,,1692,2022-01-29 00:00:00,Terminated,2022-10-30 00:00:00,3.71,Commission,0.04,
420,Nancy Sanchez,Ambassador,332.0,,,1693,2017-03-29 00:00:00,Active,,8.55,Commission,0.035,
421,Nicholas Cook,Cashier,332.0,,,1693,2022-11-24 00:00:00,Active,,2.89,Commission,0.0125,
422,Emma Nelson,Ambassador,332.0,,,1693,2016-05-27 00:00:00,Terminated,2023-05-14 00:00:00,9.39,Commission,0.035,
423,Gary Flores,Cashier,332.0,,,1693,2023-03-17 00:00:00,Terminated,2024-12-10 00:00:00,2.59,Commission,0.0125,
424,Paul Williams,Cashier,332.0,,,1693,2021-05-08 00:00:00,Terminated,2023-02-03 00:00:00,4.44,Commission,0.015,
425,Brenda Martin,Ambassador,332.0,,,1693,2020-03-08 00:00:00,Terminated,2020-07-01 00:00:00,5.61,Commission,0.035,
426,Timothy Ward,Ambassador,332.0,,,1693,2024-02-11 00:00:00,Terminated,2025-09-24 00:00:00,1.68,Commission,0.025,
427,Ashley King,Cashier,332.0,,,1693,2020-07-22 00:00:00,Terminated,2021-07-14 00:00:00,5.24,Commission,0.0175,
428,Stephanie Cooper,Cashier,332.0,,,1693,2014-09-15 00:00:00,Terminated,2024-10-31 00:00:00,11.09,Commission,0.0175,
429,Paul Kelly,Cashier,332.0,,,1693,2015-07-25 00:00:00,Active,,10.23,Commission,0.0175,
430,Margaret Thompson,Cashier,332.0,,,1693,2024-05-19 00:00:00,Active,,1.41,Commission,0.0125,
431,Lisa Rogers,Ambassador,525.0,,,1694,2018-04-08 00:00:00,Active,,7.52,Commission,0.035,
432,Christopher Reyes,Cashier,525.0,,,1694,2018-10-20 00:00:00,Active,,6.99,Commission,0.0175,
433,Karen Phillips,Ambassador,525.0,,,1694,2016-06-25 00:00:00,Active,,9.31,Commission,0.035,
434,Thomas Evans,Senior Ambassador,525.0,,,1694,2022-02-13 00:00:00,Active,,3.67,Commission,0.04,
435,Linda Lee,Cashier,525.0,,,1694,2022-02-07 00:00:00,Active,,3.69,Commission,0.015,
436,Timothy Jackson,Cashier,525.0,,,1694,2023-09-06 00:00:00,Terminated,2024-08-01 00:00:00,2.11,Commission,0.0125,
437,Jonathan Thomas,Cashier,525.0,,,1694,2021-03-10 00:00:00,Active,,4.6,Commission,0.015,
438,Deborah Kim,Cashier,909.0,,,1695,2023-02-08 00:00:00,Active,,2.69,Commission,0.0125,
439,Dorothy Morales,Cashier,909.0,,,1695,2024-10-16 00:00:00,Active,,1.0,Commission,0.0125,
440,Dorothy Rogers,Ambassador,909.0,,,1695,2021-05-29 00:00:00,Active,,4.38,Commission,0.03,
441,Donna Edwards,Cashier,909.0,,,1695,2025-02-20 00:00:00,Terminated,2025-03-16 00:00:00,0.65,Commission,0.01,
442,Edward Lewis,Ambassador,909.0,,,1695,2019-09-05 00:00:00,Terminated,2023-10-02 00:00:00,6.11,Commission,0.035,
443,Brandon Phillips,Cashier,909.0,,,1695,2022-09-09 00:00:00,Active,,3.1,Commission,0.015,
444,Timothy Anderson,Cashier,909.0,,,1695,2025-08-25 00:00:00,Active,,0.14,Commission,0.01,
445,Larry Carter,Ambassador,909.0,,,1695,2020-12-13 00:00:00,Active,,4.84,Commission,0.03,
446,Matthew Ramirez,Cashier,909.0,,,1695,2023-08-09 00:00:00,Terminated,2025-02-23 00:00:00,2.19,Commission,0.0125,
447,James Thomas,Cashier,909.0,,,1695,2022-02-12 00:00:00,Active,,3.67,Commission,0.015,
448,Jeffrey Gonzalez,Cashier,784.0,,,1696,2019-11-18 00:00:00,Active,,5.91,Commission,0.0175,
449,Stephanie Rogers,Ambassador,784.0,,,1696,2022-03-15 00:00:00,Active,,3.59,Commission,0.03,
450,Jessica Lee,Ambassador,784.0,,,1696,2021-07-29 00:00:00,Terminated,2022-04-17 00:00:00,4.22,Commission,0.03,
451,Carol Murphy,Senior Ambassador,784.0,,,1696,2023-06-21 00:00:00,Active,,2.32,Commission,0.035,
452,Nancy Richardson,Cashier,784.0,,,1696,2024-10-29 00:00:00,Active,,0.96,Commission,0.01,
453,Amy Bailey,Cashier,784.0,,,1696,2025-03-10 00:00:00,Active,,0.6,Commission,0.01,
454,Justin Collins,Cashier,784.0,,,1696,2023-11-24 00:00:00,Active,,1.9,Commission,0.0125,
455,Michael Ortiz,Senior Ambassador,784.0,,,1696,2019-09-29 00:00:00,Active,,6.05,Commission,0.045,
456,Daniel Torres,Cashier,784.0,,,1696,2020-09-17 00:00:00,Active,,5.08,Commission,0.0175,
457,Kenneth Howard,Ambassador,784.0,,,1696,2021-12-09 00:00:00,Active,,3.85,Commission,0.03,
458,Barbara Martin,Ambassador,784.0,,,1696,2021-05-31 00:00:00,Active,,4.38,Commission,0.03,
459,Sandra Reed,Ambassador,27.0,,,1697,2024-11-09 00:00:00,Active,,0.93,Commission,0.02,
460,Anna Rodriguez,Cashier,27.0,,,1697,2014-02-23 00:00:00,Active,,11.64,Commission,0.0175,
461,Donald Hernandez,Ambassador,27.0,,,1697,2012-09-04 00:00:00,Active,,13.11,Commission,0.035,
462,Brian Anderson,Senior Ambassador,27.0,,,1697,2017-04-25 00:00:00,Active,,8.48,Commission,0.045,
463,Andrew Gonzalez,Senior Ambassador,27.0,,,1697,2012-09-07 00:00:00,Active,,13.11,Commission,0.045,
464,Kenneth Thompson,Cashier,27.0,,,1697,2015-09-09 00:00:00,Active,,10.1,Commission,0.0175,
465,James Parker,Ambassador,27.0,,,1697,2020-02-25 00:00:00,Active,,5.64,Commission,0.035,
466,Kevin Campbell,Lead,847.0,,,1698,2020-09-04 00:00:00,Active,,5.11,Commission,0.06,
467,Brandon Johnson,Cashier,847.0,,,1698,2020-08-08 00:00:00,Active,,5.19,Commission,0.0175,
468,Cynthia Smith,Ambassador,847.0,,,1698,2019-12-09 00:00:00,Active,,5.85,Commission,0.035,
469,Thomas Nguyen,Cashier,847.0,,,1698,2023-06-02 00:00:00,Terminated,2025-04-13 00:00:00,2.37,Commission,0.0125,
470,Rebecca Morales,Cashier,847.0,,,1698,2023-08-15 00:00:00,Active,,2.17,Commission,0.0125,
471,Mary Hernandez,Cashier,847.0,,,1698,2023-03-02 00:00:00,Active,,2.63,Commission,0.0125,
472,Mary Johnson,Ambassador,400.0,,,1699,2016-05-04 00:00:00,Active,,9.45,Commission,0.035,
473,Nicholas Taylor,Cashier,400.0,,,1699,2021-04-03 00:00:00,Active,,4.54,Commission,0.015,
474,Emma Green,Senior Ambassador,400.0,,,1699,2021-07-24 00:00:00,Active,,4.23,Commission,0.04,
475,Joshua Nguyen,Cashier,400.0,,,1699,2024-03-22 00:00:00,Active,,1.57,Commission,0.0125,
476,Anna Mitchell,Cashier,400.0,,,1699,2024-01-18 00:00:00,Active,,1.74,Commission,0.0125,
477,Patricia Garcia,Ambassador,400.0,,,1699,2019-11-16 00:00:00,Active,,5.92,Commission,0.035,
478,Mark Brown,Cashier,400.0,,,1699,2022-10-09 00:00:00,Terminated,2023-02-17 00:00:00,3.02,Commission,0.015,
479,Sarah Campbell,Cashier,400.0,,,1699,2023-09-07 00:00:00,Active,,2.11,Commission,0.0125,
480,Jonathan Wilson,Cashier,34.0,,,1700,2015-02-11 00:00:00,Active,,10.68,Commission,0.0175,
481,Robert Lee,Lead,34.0,,,1700,2015-08-21 00:00:00,Active,,10.16,Commission,0.06,
482,Thomas Young,Cashier,34.0,,,1700,2015-12-24 00:00:00,Terminated,2017-05-04 00:00:00,9.81,Commission,0.0175,
483,Dorothy Anderson,Ambassador,34.0,,,1700,2024-04-24 00:00:00,Active,,1.48,Commission,0.025,
484,Donna Sanchez,Ambassador,34.0,,,1700,2021-07-11 00:00:00,Active,,4.27,Commission,0.03,
485,Joshua Thomas,Senior Ambassador,34.0,,,1700,2022-09-19 00:00:00,Active,,3.08,Commission,0.04,
486,Andrew Howard,Senior Ambassador,617.0,,,1701,2017-12-18 00:00:00,Terminated,2022-05-03 00:00:00,7.83,Commission,0.045,
487,William Perez,Senior Ambassador,617.0,,,1701,2014-10-12 00:00:00,Terminated,2019-06-22 00:00:00,11.01,Commission,0.045,
488,Matthew Robinson,Ambassador,617.0,,,1701,2021-01-14 00:00:00,Terminated,2023-03-26 00:00:00,4.75,Commission,0.03,
489,Cynthia Ramirez,Cashier,617.0,,,1701,2025-10-07 00:00:00,Terminated,2025-10-11 00:00:00,0.03,Commission,0.01,
490,Steven Walker,Lead,617.0,,,1701,2021-10-20 00:00:00,Active,,3.99,Commission,0.05,
491,Matthew Rogers,Ambassador,617.0,,,1701,2020-10-13 00:00:00,Active,,5.01,Commission,0.035,
492,Matthew Rodriguez,Ambassador,617.0,,,1701,2014-01-01 00:00:00,Terminated,2018-12-28 00:00:00,11.79,Commission,0.035,
493,Angela Carter,Cashier,617.0,,,1701,2020-06-18 00:00:00,Active,,5.33,Commission,0.0175,
494,Karen Cook,Ambassador,617.0,,,1701,2022-11-19 00:00:00,Active,,2.91,Commission,0.025,
495,Joshua Lopez,Cashier,617.0,,,1701,2023-05-29 00:00:00,Terminated,2023-11-22 00:00:00,2.39,Commission,0.0125,
496,Andrew White,Cashier,845.0,,,1702,2025-06-25 00:00:00,Active,,0.31,Commission,0.01,
497,Stephen Miller,Cashier,845.0,,,1702,2019-02-11 00:00:00,Active,,6.68,Commission,0.0175,
498,Charles Reyes,Ambassador,845.0,,,1702,2019-03-14 00:00:00,Active,,6.59,Commission,0.035,
499,Elizabeth Johnson,Ambassador,845.0,,,1702,2019-10-04 00:00:00,Active,,6.03,Commission,0.035,
500,Andrew Lee,Cashier,845.0,,,1702,2024-12-15 00:00:00,Terminated,2025-09-28 00:00:00,0.84,Commission,0.01,
501,Larry Parker,Cashier,845.0,,,1702,2020-03-16 00:00:00,Active,,5.59,Commission,0.0175,
502,Cynthia Ramos,Cashier,845.0,,,1702,2018-03-29 00:00:00,Terminated,2021-07-11 00:00:00,7.55,Commission,0.0175,
503,Laura Diaz,Ambassador,845.0,,,1702,2022-12-17 00:00:00,Terminated,2024-10-10 00:00:00,2.83,Commission,0.025,
504,Scott Taylor,Ambassador,641.0,,,1703,2020-09-17 00:00:00,Active,,5.08,Commission,0.035,
505,Daniel Cooper,Cashier,641.0,,,1703,2016-11-18 00:00:00,Active,,8.91,Commission,0.0175,
506,Richard Ward,Lead,641.0,,,1703,2022-02-27 00:00:00,Active,,3.63,Commission,0.05,
507,Ashley Jackson,Senior Ambassador,641.0,,,1703,2016-03-01 00:00:00,Active,,9.63,Commission,0.045,
508,Larry Sanchez,Cashier,641.0,,,1703,2025-06-17 00:00:00,Active,,0.33,Commission,0.01,
509,Justin Wilson,Ambassador,641.0,,,1703,2021-06-24 00:00:00,Active,,4.31,Commission,0.03,
510,Joshua Cooper,Ambassador,641.0,,,1703,2023-02-11 00:00:00,Terminated,2023-09-29 00:00:00,2.68,Commission,0.025,
511,Andrew Garcia,Ambassador,641.0,,,1703,2018-03-31 00:00:00,Active,,7.55,Commission,0.035,
512,Susan Smith,Cashier,641.0,,,1703,2016-10-18 00:00:00,Active,,8.99,Commission,0.0175,
513,Rebecca Gutierrez,Ambassador,641.0,,,1703,2017-05-04 00:00:00,Active,,8.45,Commission,0.035,
514,Joseph Smith,Cashier,763.0,,,1704,2022-12-04 00:00:00,Active,,2.87,Commission,0.0125,
515,Susan Jackson,Ambassador,763.0,,,1704,2022-06-20 00:00:00,Active,,3.32,Commission,0.03,
516,Mary Campbell,Cashier,763.0,,,1704,2024-12-12 00:00:00,Active,,0.84,Commission,0.01,
517,Donna Collins,Cashier,763.0,,,1704,2019-03-23 00:00:00,Active,,6.57,Commission,0.0175,
518,Richard Perez,Ambassador,763.0,,,1704,2022-12-04 00:00:00,Active,,2.87,Commission,0.025,
519,Robert Green,Ambassador,763.0,,,1704,2015-06-23 00:00:00,Active,,10.32,Commission,0.035,
520,Ryan Perez,Ambassador,763.0,,,1704,2018-04-22 00:00:00,Active,,7.49,Commission,0.035,
521,Stephanie Harris,Cashier,763.0,,,1704,2018-07-08 00:00:00,Active,,7.27,Commission,0.0175,
522,Elizabeth Thomas,Cashier,763.0,,,1704,2025-04-01 00:00:00,Active,,0.54,Commission,0.01,
523,Donald Cooper,Cashier,763.0,,,1704,2022-10-16 00:00:00,Terminated,2023-02-16 00:00:00,3.0,Commission,0.015,
524,James Wright,Cashier,500.0,,,1705,2019-09-03 00:00:00,Terminated,2022-01-31 00:00:00,6.12,Commission,0.0175,
525,Michelle Martin,Ambassador,500.0,,,1705,2014-02-19 00:00:00,Active,,11.66,Commission,0.035,
526,Michelle Flores,Senior Ambassador,500.0,,,1705,2018-06-17 00:00:00,Active,,7.33,Commission,0.045,
527,Deborah Nelson,Ambassador,500.0,,,1705,2022-08-01 00:00:00,Active,,3.21,Commission,0.03,
528,Michael Thompson,Ambassador,500.0,,,1705,2016-12-05 00:00:00,Active,,8.86,Commission,0.035,
529,Larry Gutierrez,Cashier,500.0,,,1705,2023-04-26 00:00:00,Active,,2.48,Commission,0.0125,
530,Emily Wilson,Ambassador,966.0,,,1706,2022-06-30 00:00:00,Active,,3.3,Commission,0.03,
531,Amanda Jackson,Cashier,966.0,,,1706,2022-04-11 00:00:00,Active,,3.52,Commission,0.015,
532,Christopher Cox,Cashier,966.0,,,1706,2023-05-31 00:00:00,Terminated,2023-10-06 00:00:00,2.38,Commission,0.0125,
533,Jacob King,Cashier,966.0,,,1706,2020-07-15 00:00:00,Terminated,2022-11-27 00:00:00,5.25,Commission,0.0175,
534,Kathleen Hernandez,Cashier,966.0,,,1706,2023-11-29 00:00:00,Active,,1.88,Commission,0.0125,
535,Richard Walker,Cashier,966.0,,,1706,2025-02-23 00:00:00,Terminated,2025-02-25 00:00:00,0.64,Commission,0.01,
536,Kathleen Lewis,Cashier,966.0,,,1706,2020-07-14 00:00:00,Terminated,2024-03-28 00:00:00,5.26,Commission,0.0175,
537,Brandon Davis,Cashier,241.0,,,1707,2017-04-26 00:00:00,Terminated,2021-04-10 00:00:00,8.47,Commission,0.0175,
538,Susan Hall,Ambassador,241.0,,,1707,2023-04-23 00:00:00,Active,,2.48,Commission,0.025,
539,Pamela Howard,Ambassador,241.0,,,1707,2023-07-30 00:00:00,Active,,2.22,Commission,0.025,
540,Angela Bailey,Ambassador,241.0,,,1707,2013-03-09 00:00:00,Active,,12.61,Commission,0.035,
541,Gary Turner,Ambassador,241.0,,,1707,2019-05-23 00:00:00,Active,,6.4,Commission,0.035,
542,Brian Cruz,Ambassador,177.0,,,1708,2018-07-20 00:00:00,Active,,7.24,Commission,0.035,
543,Jennifer Wilson,Ambassador,177.0,,,1708,2017-07-26 00:00:00,Terminated,2024-07-21 00:00:00,8.22,Commission,0.035,
544,Emily Rivera,Ambassador,177.0,,,1708,2017-08-06 00:00:00,Active,,8.19,Commission,0.035,
545,Christopher Green,Cashier,177.0,,,1708,2023-09-23 00:00:00,Active,,2.06,Commission,0.0125,
546,Larry Rodriguez,Senior Ambassador,177.0,,,1708,2018-10-05 00:00:00,Terminated,2025-08-23 00:00:00,7.03,Commission,0.045,
547,Cynthia Rodriguez,Senior Ambassador,177.0,,,1708,2021-09-15 00:00:00,Active,,4.09,Commission,0.04,
548,Justin Wright,Cashier,177.0,,,1708,2020-12-11 00:00:00,Active,,4.85,Commission,0.015,
549,Anthony Nelson,Lead,177.0,,,1708,2021-01-21 00:00:00,Active,,4.73,Commission,0.05,
550,Laura Morris,Lead,177.0,,,1708,2018-08-24 00:00:00,Terminated,2018-10-26 00:00:00,7.15,Commission,0.06,
551,Jessica Thomas,Ambassador,177.0,,,1708,2024-05-22 00:00:00,Active,,1.4,Commission,0.025,
552,Jonathan Peterson,Senior Ambassador,177.0,,,1708,2018-05-07 00:00:00,Active,,7.44,Commission,0.045,
553,Amy White,Ambassador,305.0,,,1709,2024-09-04 00:00:00,Active,,1.11,Commission,0.025,
554,Nicole Thompson,Cashier,305.0,,,1709,2016-10-17 00:00:00,Active,,9.0,Commission,0.0175,
555,Kevin King,Cashier,305.0,,,1709,2016-10-08 00:00:00,Terminated,2025-02-19 00:00:00,9.02,Commission,0.0175,
556,Angela Lee,Cashier,305.0,,,1709,2022-04-10 00:00:00,Active,,3.52,Commission,0.015,
557,John Bailey,Ambassador,305.0,,,1709,2019-09-04 00:00:00,Active,,6.12,Commission,0.035,
558,Brian King,Senior Ambassador,305.0,,,1709,2012-10-24 00:00:00,Active,,12.98,Commission,0.045,
559,Robert Martin,Senior Ambassador,305.0,,,1709,2023-06-08 00:00:00,Active,,2.36,Commission,0.035,
560,Cynthia Rivera,Lead,305.0,,,1709,2017-05-29 00:00:00,Active,,8.38,Commission,0.06,
561,Stephen Reyes,Lead,537.0,,,1710,2018-03-06 00:00:00,Active,,7.61,Commission,0.06,
562,Carol Davis,Cashier,537.0,,,1710,2024-06-22 00:00:00,Active,,1.32,Commission,0.0125,
563,Dorothy Rodriguez,Cashier,537.0,,,1710,2019-09-20 00:00:00,Active,,6.07,Commission,0.0175,
564,Nancy Moore,Cashier,537.0,,,1710,2018-09-14 00:00:00,Active,,7.09,Commission,0.0175,
565,Karen Turner,Cashier,537.0,,,1710,2022-11-14 00:00:00,Active,,2.92,Commission,0.0125,
566,Amy Harris,Cashier,537.0,,,1710,2019-04-05 00:00:00,Terminated,2022-05-25 00:00:00,6.53,Commission,0.0175,
567,Eric Young,Cashier,537.0,,,1710,2024-08-14 00:00:00,Active,,1.17,Commission,0.0125,
568,Paul Nguyen,Cashier,537.0,,,1710,2025-01-27 00:00:00,Active,,0.72,Commission,0.01,
569,Deborah Morales,Cashier,537.0,,,1710,2019-11-20 00:00:00,Active,,5.91,Commission,0.0175,
570,Andrew Kelly,Ambassador,657.0,,,1711,2022-02-03 00:00:00,Active,,3.7,Commission,0.03,
571,Emma Edwards,Cashier,657.0,,,1711,2025-02-15 00:00:00,Active,,0.67,Commission,0.01,
572,Brenda Richardson,Ambassador,657.0,,,1711,2023-03-12 00:00:00,Active,,2.6,Commission,0.025,
573,Laura Lee,Senior Ambassador,657.0,,,1711,2021-03-17 00:00:00,Active,,4.58,Commission,0.04,
574,Lisa Baker,Cashier,657.0,,,1711,2020-02-23 00:00:00,Terminated,2021-01-30 00:00:00,5.65,Commission,0.0175,
575,Christopher Taylor,Lead,657.0,,,1711,2020-05-07 00:00:00,Active,,5.44,Commission,0.06,
576,Mark Thompson,Cashier,657.0,,,1711,2025-05-11 00:00:00,Active,,0.43,Commission,0.01,
577,Joshua Stewart,Ambassador,657.0,,,1711,2020-06-09 00:00:00,Active,,5.35,Commission,0.035,
578,Cynthia Adams,Cashier,657.0,,,1711,2024-03-09 00:00:00,Active,,1.6,Commission,0.0125,
579,Ryan Jackson,Cashier,584.0,,,1712,2014-07-22 00:00:00,Active,,11.24,Commission,0.0175,
580,Kenneth Smith,Cashier,584.0,,,1712,2023-02-17 00:00:00,Active,,2.66,Commission,0.0125,
581,Mark Hall,Lead,584.0,,,1712,2015-11-16 00:00:00,Active,,9.92,Commission,0.06,
582,Michelle Brown,Ambassador,584.0,,,1712,2025-07-29 00:00:00,Active,,0.22,Commission,0.02,
583,Dorothy Moore,Cashier,584.0,,,1712,2014-02-17 00:00:00,Active,,11.66,Commission,0.0175,
584,Ronald Ramirez,Ambassador,584.0,,,1712,2019-03-13 00:00:00,Active,,6.6,Commission,0.035,
585,James Anderson,Cashier,584.0,,,1712,2024-05-14 00:00:00,Terminated,2025-05-08 00:00:00,1.42,Commission,0.0125,
586,Stephen Stewart,Ambassador,584.0,,,1712,2024-03-21 00:00:00,Active,,1.57,Commission,0.025,
587,Kenneth Bailey,Ambassador,584.0,,,1712,2023-05-14 00:00:00,Active,,2.43,Commission,0.025,
588,Ashley Sanchez,Ambassador,584.0,,,1712,2019-10-05 00:00:00,Active,,6.03,Commission,0.035,
589,Elizabeth Cooper,Ambassador,302.0,,,1713,2017-07-01 00:00:00,Active,,8.29,Commission,0.035,
590,Elizabeth Flores,Cashier,302.0,,,1713,2024-11-28 00:00:00,Active,,0.88,Commission,0.01,
591,Lisa Sanchez,Cashier,302.0,,,1713,2017-09-20 00:00:00,Active,,8.07,Commission,0.0175,
592,Amanda Rogers,Senior Ambassador,302.0,,,1713,2021-01-10 00:00:00,Active,,4.76,Commission,0.04,
593,Anthony Jackson,Cashier,302.0,,,1713,2022-01-12 00:00:00,Active,,3.76,Commission,0.015,
594,Helen Rogers,Ambassador,302.0,,,1713,2019-01-11 00:00:00,Active,,6.76,Commission,0.035,
595,John Clark,Cashier,302.0,,,1713,2023-08-19 00:00:00,Terminated,2024-06-27 00:00:00,2.16,Commission,0.0125,
596,James Davis,Cashier,302.0,,,1713,2018-09-02 00:00:00,Active,,7.12,Commission,0.0175,
597,Linda Collins,Ambassador,302.0,,,1713,2023-02-14 00:00:00,Active,,2.67,Commission,0.025,
598,Barbara Davis,Lead,302.0,,,1713,2017-06-06 00:00:00,Active,,8.36,Commission,0.06,
599,Margaret Hall,Ambassador,115.0,,,1714,2020-03-07 00:00:00,Terminated,2025-07-29 00:00:00,5.61,Commission,0.035,
600,Gary Davis,Cashier,115.0,,,1714,2021-09-06 00:00:00,Active,,4.11,Commission,0.015,
601,Timothy Cox,Cashier,115.0,,,1714,2023-02-26 00:00:00,Active,,2.64,Commission,0.0125,
602,William Hill,Cashier,115.0,,,1714,2018-04-09 00:00:00,Active,,7.52,Commission,0.0175,
603,Sharon Morales,Cashier,115.0,,,1714,2024-10-28 00:00:00,Active,,0.97,Commission,0.01,
604,Helen Perez,Ambassador,115.0,,,1714,2023-05-11 00:00:00,Active,,2.43,Commission,0.025,
605,Kenneth Cox,Cashier,115.0,,,1714,2024-09-10 00:00:00,Active,,1.1,Commission,0.0125,
606,Donna Howard,Cashier,443.0,,,1715,2021-05-03 00:00:00,Terminated,2022-04-22 00:00:00,4.45,Commission,0.015,
607,Larry Clark,Cashier,443.0,,,1715,2022-05-30 00:00:00,Active,,3.38,Commission,0.015,
608,Kimberly Ward,Cashier,443.0,,,1715,2025-03-12 00:00:00,Terminated,2025-08-10 00:00:00,0.6,Commission,0.01,
609,Shirley Adams,Cashier,443.0,,,1715,2023-11-28 00:00:00,Active,,1.88,Commission,0.0125,
610,Jeffrey Baker,Ambassador,443.0,,,1715,2021-10-14 00:00:00,Active,,4.01,Commission,0.03,
611,Deborah Ramos,Senior Ambassador,443.0,,,1715,2023-12-25 00:00:00,Active,,1.81,Commission,0.035,
612,Paul Lee,Cashier,443.0,,,1715,2019-09-09 00:00:00,Terminated,2024-10-13 00:00:00,6.1,Commission,0.0175,
613,Jessica Smith,Ambassador,734.0,,,1716,2022-11-30 00:00:00,Terminated,2023-02-11 00:00:00,2.88,Commission,0.025,
614,Kenneth Young,Ambassador,734.0,,,1716,2024-06-07 00:00:00,Active,,1.36,Commission,0.025,
615,Shirley Kim,Cashier,734.0,,,1716,2014-11-11 00:00:00,Active,,10.93,Commission,0.0175,
616,Jonathan Bailey,Cashier,734.0,,,1716,2022-08-01 00:00:00,Active,,3.21,Commission,0.015,
617,Melissa Walker,Cashier,734.0,,,1716,2021-08-11 00:00:00,Terminated,2023-04-07 00:00:00,4.18,Commission,0.015,
618,Jason Taylor,Ambassador,734.0,,,1716,2023-09-05 00:00:00,Active,,2.11,Commission,0.025,
619,Sandra Murphy,Ambassador,734.0,,,1716,2023-12-02 00:00:00,Active,,1.87,Commission,0.025,
620,Mary Edwards,Senior Ambassador,734.0,,,1716,2022-11-28 00:00:00,Terminated,2024-02-28 00:00:00,2.88,Commission,0.035,
621,Jeffrey Cruz,Ambassador,734.0,,,1716,2024-08-08 00:00:00,Active,,1.19,Commission,0.025,
622,Patricia Nguyen,Cashier,734.0,,,1716,2019-09-13 00:00:00,Terminated,2023-04-23 00:00:00,6.09,Commission,0.0175,
623,Jennifer Harris,Ambassador,895.0,,,1717,2019-05-04 00:00:00,Active,,6.45,Commission,0.035,
624,Brandon White,Ambassador,895.0,,,1717,2018-02-05 00:00:00,Active,,7.69,Commission,0.035,
625,Karen Ramos,Cashier,895.0,,,1717,2020-06-17 00:00:00,Active,,5.33,Commission,0.0175,
626,Elizabeth Lee,Cashier,895.0,,,1717,2025-03-18 00:00:00,Terminated,2025-07-06 00:00:00,0.58,Commission,0.01,
627,David Carter,Cashier,895.0,,,1717,2015-12-19 00:00:00,Terminated,2025-08-29 00:00:00,9.83,Commission,0.0175,
628,George Walker,Ambassador,895.0,,,1717,2021-01-20 00:00:00,Terminated,2022-07-10 00:00:00,4.74,Commission,0.03,
629,Elizabeth Mitchell,Cashier,895.0,,,1717,2017-10-24 00:00:00,Active,,7.98,Commission,0.0175,
630,Nicole Roberts,Cashier,895.0,,,1717,2021-10-30 00:00:00,Active,,3.96,Commission,0.015,
631,Amanda Allen,Cashier,895.0,,,1717,2019-02-28 00:00:00,Terminated,2025-09-06 00:00:00,6.63,Commission,0.0175,
632,Steven Sanchez,Lead,895.0,,,1717,2017-12-24 00:00:00,Terminated,2022-04-15 00:00:00,7.81,Commission,0.06,
633,Mary Morales,Cashier,895.0,,,1717,2016-05-21 00:00:00,Active,,9.4,Commission,0.0175,
634,Sharon Morgan,Cashier,201.0,,,1718,2018-07-07 00:00:00,Active,,7.28,Commission,0.0175,
635,Donald Ramirez,Cashier,201.0,,,1718,2025-03-18 00:00:00,Terminated,2025-03-30 00:00:00,0.58,Commission,0.01,
636,Brenda Edwards,Lead,201.0,,,1718,2012-11-14 00:00:00,Active,,12.92,Commission,0.06,
637,Anna Clark,Cashier,201.0,,,1718,2023-02-03 00:00:00,Active,,2.7,Commission,0.0125,
638,Deborah Taylor,Senior Ambassador,201.0,,,1718,2022-11-25 00:00:00,Active,,2.89,Commission,0.035,
639,Stephen Murphy,Cashier,201.0,,,1718,2024-06-18 00:00:00,Terminated,2024-10-19 00:00:00,1.33,Commission,0.0125,
640,Dorothy Clark,Senior Ambassador,741.0,,,1719,2020-10-14 00:00:00,Active,,5.01,Commission,0.045,
641,Emma Thompson,Cashier,741.0,,,1719,2021-01-28 00:00:00,Active,,4.72,Commission,0.015,
642,Joseph Brown,Cashier,741.0,,,1719,2023-04-23 00:00:00,Terminated,2024-01-24 00:00:00,2.48,Commission,0.0125,
643,Angela Davis,Ambassador,741.0,,,1719,2020-10-10 00:00:00,Terminated,2025-06-09 00:00:00,5.02,Commission,0.035,
644,Jessica Williams,Ambassador,741.0,,,1719,2020-10-14 00:00:00,Active,,5.01,Commission,0.035,
645,Kimberly Roberts,Lead,741.0,,,1719,2019-11-13 00:00:00,Active,,5.93,Commission,0.06,
646,Scott Ward,Ambassador,741.0,,,1719,2025-04-13 00:00:00,Active,,0.51,Commission,0.02,
647,William Thomas,Ambassador,741.0,,,1719,2024-01-23 00:00:00,Active,,1.73,Commission,0.025,
648,Jessica Baker,Senior Ambassador,664.0,,,1720,2021-03-18 00:00:00,Active,,4.58,Commission,0.04,
649,Kenneth Morgan,Cashier,664.0,,,1720,2021-11-03 00:00:00,Active,,3.95,Commission,0.015,
650,Nancy Stewart,Cashier,664.0,,,1720,2024-05-13 00:00:00,Terminated,2025-10-02 00:00:00,1.43,Commission,0.0125,
651,Paul Rogers,Ambassador,664.0,,,1720,2025-07-15 00:00:00,Active,,0.26,Commission,0.02,
652,Pamela Perez,Ambassador,664.0,,,1720,2023-07-14 00:00:00,Active,,2.26,Commission,0.025,
653,Joseph Ramos,Senior Ambassador,664.0,,,1720,2024-09-01 00:00:00,Active,,1.12,Commission,0.035,
654,Elizabeth Richardson,Senior Ambassador,664.0,,,1720,2024-02-03 00:00:00,Active,,1.7,Commission,0.035,
655,Sharon Wilson,Cashier,664.0,,,1720,2019-09-09 00:00:00,Terminated,2021-11-01 00:00:00,6.1,Commission,0.0175,
656,Jacob Flores,Senior Ambassador,664.0,,,1720,2021-04-01 00:00:00,Active,,4.54,Commission,0.04,
657,Michael Jones,Lead,664.0,,,1720,2020-08-04 00:00:00,Terminated,2022-12-08 00:00:00,5.2,Commission,0.06,
658,Margaret Lee,Ambassador,326.0,,,1721,2017-06-23 00:00:00,Active,,8.32,Commission,0.035,
659,Kenneth Gonzalez,Lead,326.0,,,1721,2022-03-21 00:00:00,Terminated,2025-07-26 00:00:00,3.57,Commission,0.05,
660,Kenneth Robinson,Ambassador,326.0,,,1721,2021-09-03 00:00:00,Active,,4.12,Commission,0.03,
661,Helen Flores,Cashier,326.0,,,1721,2025-09-04 00:00:00,Active,,0.12,Commission,0.01,
662,Matthew Thompson,Ambassador,326.0,,,1721,2018-08-10 00:00:00,Active,,7.18,Commission,0.035,
663,Joseph Wright,Cashier,326.0,,,1721,2022-07-13 00:00:00,Active,,3.26,Commission,0.015,
664,Cynthia Hernandez,Ambassador,561.0,,,1722,2016-11-07 00:00:00,Terminated,2024-09-26 00:00:00,8.94,Commission,0.035,
665,Charles Moore,Senior Ambassador,561.0,,,1722,2021-02-19 00:00:00,Terminated,2023-12-02 00:00:00,4.65,Commission,0.04,
666,Kenneth Morris,Cashier,561.0,,,1722,2024-10-24 00:00:00,Active,,0.98,Commission,0.01,
667,Sandra Ramos,Ambassador,561.0,,,1722,2011-09-02 00:00:00,Active,,14.12,Commission,0.035,
668,Daniel Martinez,Ambassador,561.0,,,1722,2017-01-14 00:00:00,Active,,8.75,Commission,0.035,
669,Justin Martinez,Ambassador,889.0,,,1723,2017-03-07 00:00:00,Terminated,2017-05-30 00:00:00,8.61,Commission,0.035,
670,Emily Walker,Cashier,889.0,,,1723,2021-11-14 00:00:00,Active,,3.92,Commission,0.015,
671,Elizabeth King,Ambassador,889.0,,,1723,2025-07-29 00:00:00,Active,,0.22,Commission,0.02,
672,Sarah Davis,Cashier,889.0,,,1723,2014-10-31 00:00:00,Active,,10.96,Commission,0.0175,
673,Deborah Mitchell,Ambassador,889.0,,,1723,2015-01-21 00:00:00,Terminated,2023-04-16 00:00:00,10.74,Commission,0.035,
674,James Williams,Cashier,889.0,,,1723,2024-09-24 00:00:00,Active,,1.06,Commission,0.0125,
675,Ashley Stewart,Cashier,889.0,,,1723,2018-04-15 00:00:00,Active,,7.5,Commission,0.0175,
676,Brenda Howard,Ambassador,83.0,,,1724,2020-07-30 00:00:00,Active,,5.21,Commission,0.035,
677,Stephen Cook,Ambassador,83.0,,,1724,2023-03-03 00:00:00,Terminated,2025-01-31 00:00:00,2.62,Commission,0.025,
678,Pamela Richardson,Ambassador,83.0,,,1724,2020-11-22 00:00:00,Active,,4.9,Commission,0.03,
679,Andrew Hall,Ambassador,83.0,,,1724,2020-06-25 00:00:00,Terminated,2022-02-22 00:00:00,5.31,Commission,0.035,
680,Jeffrey Taylor,Cashier,83.0,,,1724,2023-08-17 00:00:00,Active,,2.17,Commission,0.0125,
681,Linda Johnson,Cashier,83.0,,,1724,2024-09-22 00:00:00,Active,,1.07,Commission,0.0125,
682,Melissa Lewis,Ambassador,83.0,,,1724,2021-09-27 00:00:00,Active,,4.05,Commission,0.03,
683,David Diaz,Ambassador,83.0,,,1724,2025-05-28 00:00:00,Active,,0.39,Commission,0.02,
684,Melissa Turner,Ambassador,182.0,,,1725,2016-03-03 00:00:00,Active,,9.62,Commission,0.035,
685,Timothy Reed,Cashier,182.0,,,1725,2015-09-17 00:00:00,Active,,10.08,Commission,0.0175,
686,Jason Ramos,Ambassador,182.0,,,1725,2018-08-12 00:00:00,Active,,7.18,Commission,0.035,
687,Jonathan Parker,Cashier,182.0,,,1725,2020-09-06 00:00:00,Active,,5.11,Commission,0.0175,
688,Michael Hernandez,Cashier,182.0,,,1725,2020-06-01 00:00:00,Active,,5.37,Commission,0.0175,
689,Jessica Adams,Ambassador,972.0,,,1726,2023-06-13 00:00:00,Terminated,2025-09-26 00:00:00,2.34,Commission,0.025,
690,Michelle Morgan,Cashier,972.0,,,1726,2022-02-14 00:00:00,Active,,3.67,Commission,0.015,
691,Kimberly Wilson,Ambassador,972.0,,,1726,2024-08-02 00:00:00,Active,,1.21,Commission,0.025,
692,James Walker,Ambassador,972.0,,,1726,2020-08-17 00:00:00,Terminated,2022-04-25 00:00:00,5.16,Commission,0.035,
693,Nicole King,Senior Ambassador,972.0,,,1726,2022-09-02 00:00:00,Active,,3.12,Commission,0.04,
694,Eric Smith,Cashier,12.0,,,1727,2025-02-19 00:00:00,Active,,0.65,Commission,0.01,
695,Jacob Walker,Cashier,12.0,,,1727,2025-07-12 00:00:00,Active,,0.26,Commission,0.01,
696,Amy Davis,Cashier,12.0,,,1727,2024-04-27 00:00:00,Active,,1.47,Commission,0.0125,
697,Nicole Davis,Ambassador,12.0,,,1727,2017-05-03 00:00:00,Active,,8.45,Commission,0.035,
698,Nancy Turner,Ambassador,12.0,,,1727,2017-08-27 00:00:00,Terminated,2025-04-19 00:00:00,8.14,Commission,0.035,
699,Brenda Flores,Ambassador,12.0,,,1727,2021-04-01 00:00:00,Active,,4.54,Commission,0.03,
700,Donald Scott,Ambassador,973.0,,,1728,2018-06-08 00:00:00,Active,,7.36,Commission,0.035,
701,Jacob Taylor,Ambassador,973.0,,,1728,2014-11-25 00:00:00,Active,,10.89,Commission,0.035,
702,Charles Phillips,Cashier,973.0,,,1728,2015-11-21 00:00:00,Active,,9.9,Commission,0.0175,
703,George Hill,Senior Ambassador,973.0,,,1728,2021-04-23 00:00:00,Active,,4.48,Commission,0.04,
704,Patricia Nelson,Lead,973.0,,,1728,2016-07-26 00:00:00,Active,,9.22,Commission,0.06,
705,Ashley Morales,Cashier,973.0,,,1728,2025-01-07 00:00:00,Active,,0.77,Commission,0.01,
706,Kenneth Evans,Ambassador,973.0,,,1728,2018-12-01 00:00:00,Active,,6.88,Commission,0.035,
707,James Gonzalez,Ambassador,973.0,,,1728,2025-06-20 00:00:00,Active,,0.32,Commission,0.02,
708,Barbara Ramos,Ambassador,973.0,,,1728,2020-05-12 00:00:00,Active,,5.43,Commission,0.035,
709,Amanda Nguyen,Lead,973.0,,,1728,2018-07-19 00:00:00,Active,,7.24,Commission,0.06,
710,Amanda Moore,Cashier,973.0,,,1728,2022-06-09 00:00:00,Active,,3.35,Commission,0.015,
711,Lisa Howard,Senior Ambassador,973.0,,,1728,2024-09-17 00:00:00,Active,,1.08,Commission,0.035,
712,Deborah Flores,Senior Ambassador,932.0,,,1729,2023-12-20 00:00:00,Active,,1.82,Commission,0.035,
713,William Lee,Ambassador,932.0,,,1729,2023-10-20 00:00:00,Active,,1.99,Commission,0.025,
714,Jennifer Morris,Lead,932.0,,,1729,2019-11-26 00:00:00,Terminated,2021-04-02 00:00:00,5.89,Commission,0.06,
715,Jeffrey Stewart,Ambassador,932.0,,,1729,2025-05-25 00:00:00,Terminated,2025-10-13 00:00:00,0.39,Commission,0.02,
716,Eric Ramos,Cashier,932.0,,,1729,2024-10-22 00:00:00,Active,,0.98,Commission,0.01,
717,Edward Edwards,Cashier,932.0,,,1729,2024-11-27 00:00:00,Terminated,2025-01-15 00:00:00,0.88,Commission,0.01,
718,Robert Garcia,Cashier,932.0,,,1729,2019-12-28 00:00:00,Active,,5.8,Commission,0.0175,
719,Mary Martin,Lead,932.0,,,1729,2019-11-21 00:00:00,Active,,5.9,Commission,0.06,
720,Mary Gonzalez,Cashier,932.0,,,1729,2025-01-25 00:00:00,Active,,0.72,Commission,0.01,
721,Betty Lee,Lead,932.0,,,1729,2022-04-09 00:00:00,Active,,3.52,Commission,0.05,
722,Donna Hill,Cashier,687.0,,,1730,2024-06-06 00:00:00,Active,,1.36,Commission,0.0125,
723,Joseph Carter,Ambassador,687.0,,,1730,2023-05-30 00:00:00,Active,,2.38,Commission,0.025,
724,Margaret Nelson,Senior Ambassador,687.0,,,1730,2019-03-15 00:00:00,Active,,6.59,Commission,0.045,
725,Amy Cox,Ambassador,687.0,,,1730,2025-03-14 00:00:00,Terminated,2025-05-22 00:00:00,0.59,Commission,0.02,
726,Angela Lewis,Ambassador,687.0,,,1730,2020-06-16 00:00:00,Active,,5.33,Commission,0.035,
727,Patricia White,Ambassador,687.0,,,1730,2022-03-26 00:00:00,Terminated,2024-11-01 00:00:00,3.56,Commission,0.03,
728,Kevin Smith,Cashier,687.0,,,1730,2023-07-20 00:00:00,Terminated,2025-01-10 00:00:00,2.24,Commission,0.0125,
729,Timothy Rogers,Ambassador,687.0,,,1730,2022-01-01 00:00:00,Active,,3.79,Commission,0.03,
730,Thomas Taylor,Senior Ambassador,613.0,,,1731,2023-07-20 00:00:00,Terminated,2025-02-17 00:00:00,2.24,Commission,0.035,
731,Michelle Hall,Cashier,613.0,,,1731,2020-01-08 00:00:00,Active,,5.77,Commission,0.0175,
732,Jeffrey Scott,Ambassador,613.0,,,1731,2022-12-06 00:00:00,Active,,2.86,Commission,0.025,
733,Ashley Diaz,Ambassador,613.0,,,1731,2019-11-16 00:00:00,Terminated,2022-11-29 00:00:00,5.92,Commission,0.035,
734,Margaret Miller,Cashier,613.0,,,1731,2023-06-12 00:00:00,Active,,2.35,Commission,0.0125,
735,Linda Walker,Ambassador,613.0,,,1731,2025-07-28 00:00:00,Terminated,2025-09-02 00:00:00,0.22,Commission,0.02,
736,Robert Taylor,Cashier,613.0,,,1731,2023-11-04 00:00:00,Terminated,2025-08-09 00:00:00,1.95,Commission,0.0125,
737,Amy Scott,Cashier,613.0,,,1731,2020-09-14 00:00:00,Active,,5.09,Commission,0.0175,
738,Larry Bailey,Cashier,613.0,,,1731,2025-03-26 00:00:00,Active,,0.56,Commission,0.01,
739,Scott Torres,Cashier,613.0,,,1731,2024-09-07 00:00:00,Terminated,2025-09-27 00:00:00,1.11,Commission,0.0125,
740,Ryan Cruz,Cashier,359.0,,,1732,2018-11-10 00:00:00,Terminated,2021-09-26 00:00:00,6.93,Commission,0.0175,
741,Jason Flores,Ambassador,359.0,,,1732,2013-08-02 00:00:00,Active,,12.21,Commission,0.035,
742,Christopher Nelson,Cashier,359.0,,,1732,2013-07-07 00:00:00,Terminated,2018-09-09 00:00:00,12.28,Commission,0.0175,
743,Rebecca Thomas,Cashier,359.0,,,1732,2012-07-03 00:00:00,Active,,13.29,Commission,0.0175,
744,Mark Garcia,Cashier,359.0,,,1732,2015-04-16 00:00:00,Terminated,2024-02-22 00:00:00,10.5,Commission,0.0175,
745,Daniel Moore,Cashier,359.0,,,1732,2012-03-03 00:00:00,Active,,13.62,Commission,0.0175,
746,Kimberly Jones,Cashier,527.0,,,1733,2017-11-23 00:00:00,Active,,7.9,Commission,0.0175,
747,Angela Hernandez,Cashier,527.0,,,1733,2024-09-13 00:00:00,Active,,1.09,Commission,0.0125,
748,Donald Hill,Cashier,527.0,,,1733,2022-09-27 00:00:00,Terminated,2023-08-25 00:00:00,3.05,Commission,0.015,
749,Ronald Scott,Senior Ambassador,527.0,,,1733,2018-09-24 00:00:00,Active,,7.06,Commission,0.045,
750,Edward Allen,Senior Ambassador,527.0,,,1733,2021-04-12 00:00:00,Active,,4.51,Commission,0.04,
751,Linda Stewart,Ambassador,527.0,,,1733,2017-10-03 00:00:00,Active,,8.04,Commission,0.035,
752,Eric Taylor,Cashier,527.0,,,1733,2021-01-27 00:00:00,Active,,4.72,Commission,0.015,
753,Timothy Garcia,Cashier,527.0,,,1733,2024-03-19 00:00:00,Active,,1.58,Commission,0.0125,
754,Kimberly Reyes,Lead,527.0,,,1733,2019-07-24 00:00:00,Terminated,2022-01-11 00:00:00,6.23,Commission,0.06,
755,Ryan Sanchez,Ambassador,527.0,,,1733,2018-11-18 00:00:00,Active,,6.91,Commission,0.035,
756,Laura Morales,Ambassador,670.0,,,1734,2024-03-06 00:00:00,Active,,1.61,Commission,0.025,
757,Pamela Flores,Ambassador,670.0,,,1734,2015-02-12 00:00:00,Active,,10.68,Commission,0.035,
758,Cynthia Morgan,Cashier,670.0,,,1734,2018-01-28 00:00:00,Active,,7.72,Commission,0.0175,
759,Jason Gutierrez,Ambassador,670.0,,,1734,2018-07-23 00:00:00,Active,,7.23,Commission,0.035,
760,Joshua Ramos,Senior Ambassador,670.0,,,1734,2021-05-12 00:00:00,Active,,4.43,Commission,0.04,
761,Susan Mitchell,Cashier,874.0,,,1735,2015-03-15 00:00:00,Terminated,2018-11-15 00:00:00,10.59,Commission,0.0175,
762,Margaret Scott,Senior Ambassador,874.0,,,1735,2022-06-03 00:00:00,Terminated,2023-11-28 00:00:00,3.37,Commission,0.04,
763,Edward Anderson,Cashier,874.0,,,1735,2017-12-10 00:00:00,Active,,7.85,Commission,0.0175,
764,Brandon Murphy,Senior Ambassador,874.0,,,1735,2023-06-03 00:00:00,Active,,2.37,Commission,0.035,
765,Cynthia Reed,Lead,874.0,,,1735,2015-02-13 00:00:00,Active,,10.67,Commission,0.06,
766,Lisa Peterson,Cashier,874.0,,,1735,2016-11-18 00:00:00,Active,,8.91,Commission,0.0175,
767,Joseph Reyes,Ambassador,874.0,,,1735,2015-10-22 00:00:00,Terminated,2018-05-02 00:00:00,9.99,Commission,0.035,
768,Kathleen Campbell,Senior Ambassador,874.0,,,1735,2023-03-25 00:00:00,Active,,2.56,Commission,0.035,
769,Daniel Richardson,Cashier,874.0,,,1735,2016-11-07 00:00:00,Terminated,2023-11-06 00:00:00,8.94,Commission,0.0175,
770,James Nguyen,Ambassador,912.0,,,1736,2020-09-16 00:00:00,Active,,5.08,Commission,0.035,
771,Jeffrey Thomas,Ambassador,912.0,,,1736,2025-06-06 00:00:00,Terminated,2025-07-23 00:00:00,0.36,Commission,0.02,
772,Joshua Moore,Ambassador,912.0,,,1736,2025-02-22 00:00:00,Terminated,2025-06-07 00:00:00,0.65,Commission,0.02,
773,Michael Brown,Ambassador,912.0,,,1736,2020-10-18 00:00:00,Active,,4.99,Commission,0.03,
774,Jessica Richardson,Lead,912.0,,,1736,2017-12-17 00:00:00,Active,,7.83,Commission,0.06,
775,Matthew Garcia,Ambassador,912.0,,,1736,2019-12-21 00:00:00,Active,,5.82,Commission,0.035,
776,Edward Flores,Cashier,912.0,,,1736,2017-11-15 00:00:00,Terminated,2019-08-22 00:00:00,7.92,Commission,0.0175,
777,Ronald Howard,Ambassador,912.0,,,1736,2017-12-27 00:00:00,Terminated,2021-10-22 00:00:00,7.8,Commission,0.035,
778,Betty Ramos,Cashier,912.0,,,1736,2024-09-06 00:00:00,Terminated,2025-09-05 00:00:00,1.11,Commission,0.0125,
779,Amy Sanchez,Senior Ambassador,912.0,,,1736,2019-08-03 00:00:00,Active,,6.2,Commission,0.045,
780,Stephen Mitchell,Lead,200.0,,,1737,2020-12-06 00:00:00,Active,,4.86,Commission,0.05,
781,Kathleen King,Cashier,200.0,,,1737,2013-09-20 00:00:00,Terminated,2019-03-11 00:00:00,12.07,Commission,0.0175,
782,Jeffrey Lopez,Cashier,200.0,,,1737,2025-06-04 00:00:00,Terminated,2025-09-30 00:00:00,0.37,Commission,0.01,
783,Stephen Hernandez,Senior Ambassador,200.0,,,1737,2015-03-06 00:00:00,Terminated,2023-01-17 00:00:00,10.62,Commission,0.045,
784,Timothy Gonzalez,Cashier,200.0,,,1737,2017-05-05 00:00:00,Active,,8.45,Commission,0.0175,
785,Sarah Lee,Ambassador,200.0,,,1737,2014-02-14 00:00:00,Active,,11.67,Commission,0.035,
786,Jennifer Ramirez,Ambassador,200.0,,,1737,2012-10-05 00:00:00,Active,,13.03,Commission,0.035,
787,Edward Brown,Senior Ambassador,200.0,,,1737,2017-08-17 00:00:00,Active,,8.16,Commission,0.045,
788,Deborah Campbell,Ambassador,200.0,,,1737,2019-07-07 00:00:00,Active,,6.28,Commission,0.035,
789,Kimberly Hall,Cashier,200.0,,,1737,2019-03-05 00:00:00,Terminated,2023-01-17 00:00:00,6.62,Commission,0.0175,
790,Ryan Hernandez,Cashier,200.0,,,1737,2023-01-05 00:00:00,Active,,2.78,Commission,0.0125,
791,Margaret Morris,Lead,567.0,,,1738,2015-04-13 00:00:00,Terminated,2024-03-11 00:00:00,10.51,Commission,0.06,
792,Kenneth Taylor,Ambassador,567.0,,,1738,2012-06-16 00:00:00,Active,,13.33,Commission,0.035,
793,Gary Thomas,Senior Ambassador,567.0,,,1738,2012-04-11 00:00:00,Active,,13.51,Commission,0.045,
794,Melissa Thompson,Ambassador,567.0,,,1738,2016-10-08 00:00:00,Active,,9.02,Commission,0.035,
795,James Carter,Ambassador,567.0,,,1738,2014-07-10 00:00:00,Active,,11.27,Commission,0.035,
796,Anna Evans,Ambassador,567.0,,,1738,2019-07-12 00:00:00,Active,,6.26,Commission,0.035,
797,Kevin Peterson,Cashier,567.0,,,1738,2022-10-24 00:00:00,Active,,2.98,Commission,0.0125,
798,Anna Rogers,Ambassador,567.0,,,1738,2018-11-05 00:00:00,Terminated,2023-04-14 00:00:00,6.95,Commission,0.035,
799,Brian Nelson,Cashier,108.0,,,1739,2016-06-14 00:00:00,Terminated,2022-05-08 00:00:00,9.34,Commission,0.0175,
800,Nancy Ortiz,Ambassador,108.0,,,1739,2017-11-12 00:00:00,Terminated,2019-09-09 00:00:00,7.93,Commission,0.035,
801,Emma Martinez,Lead,108.0,,,1739,2018-06-26 00:00:00,Active,,7.31,Commission,0.06,
802,Michelle Ortiz,Lead,108.0,,,1739,2022-02-22 00:00:00,Active,,3.65,Commission,0.05,
803,James Sanchez,Cashier,108.0,,,1739,2018-03-14 00:00:00,Active,,7.59,Commission,0.0175,
804,Betty Morgan,Ambassador,801.0,,,1740,2023-06-09 00:00:00,Active,,2.36,Commission,0.025,
805,Kenneth Jackson,Cashier,801.0,,,1740,2020-01-15 00:00:00,Active,,5.75,Commission,0.0175,
806,Angela Walker,Senior Ambassador,801.0,,,1740,2021-04-05 00:00:00,Active,,4.53,Commission,0.04,
807,Christopher Richardson,Ambassador,801.0,,,1740,2019-03-24 00:00:00,Active,,6.57,Commission,0.035,
808,Robert Perez,Cashier,801.0,,,1740,2022-06-18 00:00:00,Active,,3.33,Commission,0.015,
809,Anna Moore,Ambassador,801.0,,,1740,2020-07-14 00:00:00,Active,,5.26,Commission,0.035,
810,Joseph Thompson,Cashier,801.0,,,1740,2020-08-31 00:00:00,Active,,5.13,Commission,0.0175,
811,Melissa Peterson,Cashier,801.0,,,1740,2021-10-01 00:00:00,Active,,4.04,Commission,0.015,
812,Cynthia Thomas,Cashier,247.0,,,1741,2022-10-09 00:00:00,Active,,3.02,Commission,0.015,
813,Helen Roberts,Cashier,247.0,,,1741,2023-06-18 00:00:00,Active,,2.33,Commission,0.0125,
814,Susan Williams,Cashier,247.0,,,1741,2019-07-14 00:00:00,Active,,6.26,Commission,0.0175,
815,William Martin,Cashier,247.0,,,1741,2021-02-22 00:00:00,Active,,4.65,Commission,0.015,
816,Mark Morgan,Senior Ambassador,247.0,,,1741,2024-02-28 00:00:00,Active,,1.63,Commission,0.035,
817,Betty Jones,Cashier,247.0,,,1741,2022-12-18 00:00:00,Active,,2.83,Commission,0.0125,
818,John Ramirez,Ambassador,247.0,,,1741,2022-10-26 00:00:00,Active,,2.97,Commission,0.025,
819,Steven Anderson,Ambassador,247.0,,,1741,2022-03-23 00:00:00,Terminated,2024-09-07 00:00:00,3.57,Commission,0.03,
820,Carol Clark,Cashier,247.0,,,1741,2025-07-28 00:00:00,Terminated,2025-09-07 00:00:00,0.22,Commission,0.01,
821,Michael Green,Cashier,247.0,,,1741,2025-07-15 00:00:00,Terminated,2025-09-02 00:00:00,0.26,Commission,0.01,
822,Ronald Peterson,Ambassador,367.0,,,1742,2021-02-02 00:00:00,Terminated,2024-01-05 00:00:00,4.7,Commission,0.03,
823,Ronald Campbell,Cashier,367.0,,,1742,2021-01-14 00:00:00,Terminated,2024-12-18 00:00:00,4.75,Commission,0.015,
824,Anna Wilson,Cashier,367.0,,,1742,2022-12-07 00:00:00,Terminated,2024-08-25 00:00:00,2.86,Commission,0.0125,
825,Joshua Davis,Cashier,367.0,,,1742,2024-04-05 00:00:00,Terminated,2024-10-10 00:00:00,1.53,Commission,0.0125,
826,Ronald Lewis,Cashier,367.0,,,1742,2024-08-21 00:00:00,Active,,1.15,Commission,0.0125,
827,Kimberly Cooper,Cashier,367.0,,,1742,2023-08-01 00:00:00,Terminated,2025-09-23 00:00:00,2.21,Commission,0.0125,
828,Matthew Rivera,Cashier,367.0,,,1742,2023-05-30 00:00:00,Active,,2.38,Commission,0.0125,
829,Margaret Richardson,Cashier,367.0,,,1742,2021-04-16 00:00:00,Terminated,2025-05-15 00:00:00,4.5,Commission,0.015,
830,Brenda Nguyen,Cashier,367.0,,,1742,2023-06-23 00:00:00,Active,,2.32,Commission,0.0125,
831,Jason Hernandez,Cashier,367.0,,,1742,2023-08-06 00:00:00,Active,,2.2,Commission,0.0125,
832,Mary Lee,Cashier,367.0,,,1742,2022-04-03 00:00:00,Active,,3.54,Commission,0.015,
833,James Morales,Ambassador,897.0,,,1743,2025-09-30 00:00:00,Terminated,2025-10-12 00:00:00,0.04,Commission,0.02,
834,Jacob Anderson,Senior Ambassador,897.0,,,1743,2021-09-08 00:00:00,Active,,4.1,Commission,0.04,
835,Carol Walker,Cashier,897.0,,,1743,2021-07-03 00:00:00,Active,,4.29,Commission,0.015,
836,Karen Ward,Cashier,897.0,,,1743,2021-11-27 00:00:00,Active,,3.89,Commission,0.015,
837,Jacob Morris,Ambassador,897.0,,,1743,2020-10-05 00:00:00,Active,,5.03,Commission,0.035,
838,Donna Cox,Cashier,897.0,,,1743,2022-04-10 00:00:00,Active,,3.52,Commission,0.015,
839,Joseph Martinez,Cashier,897.0,,,1743,2021-01-20 00:00:00,Active,,4.74,Commission,0.015,
840,Justin Reed,Cashier,897.0,,,1743,2020-01-26 00:00:00,Terminated,2021-04-07 00:00:00,5.72,Commission,0.0175,
841,Jonathan Gonzalez,Cashier,897.0,,,1743,2022-11-19 00:00:00,Active,,2.91,Commission,0.0125,
842,Christopher Lee,Ambassador,897.0,,,1743,2024-03-03 00:00:00,Terminated,2025-08-20 00:00:00,1.62,Commission,0.025,
843,Jessica Hill,Cashier,981.0,,,1744,2025-04-16 00:00:00,Active,,0.5,Commission,0.01,
844,Emily King,Cashier,981.0,,,1744,2013-07-10 00:00:00,Active,,12.27,Commission,0.0175,
845,Sarah Phillips,Cashier,981.0,,,1744,2015-11-19 00:00:00,Terminated,2019-04-15 00:00:00,9.91,Commission,0.0175,
846,Margaret Cox,Ambassador,981.0,,,1744,2024-02-20 00:00:00,Terminated,2025-01-07 00:00:00,1.65,Commission,0.025,
847,Anna Cruz,Cashier,981.0,,,1744,2016-11-20 00:00:00,Active,,8.9,Commission,0.0175,
848,Cynthia Ortiz,Senior Ambassador,981.0,,,1744,2018-09-16 00:00:00,Terminated,2019-11-21 00:00:00,7.08,Commission,0.045,
849,Jessica Hall,Cashier,981.0,,,1744,2012-11-16 00:00:00,Active,,12.91,Commission,0.0175,
850,Timothy Campbell,Lead,981.0,,,1744,2022-02-02 00:00:00,Active,,3.7,Commission,0.05,
851,Michelle Lee,Ambassador,981.0,,,1744,2013-09-03 00:00:00,Active,,12.12,Commission,0.035,
852,Carol Kim,Ambassador,981.0,,,1744,2014-11-29 00:00:00,Terminated,2015-10-03 00:00:00,10.88,Commission,0.035,
853,Jacob Ward,Cashier,981.0,,,1744,2017-04-22 00:00:00,Active,,8.49,Commission,0.0175,
854,Eric Perez,Ambassador,885.0,,,1745,2021-06-14 00:00:00,Terminated,2021-07-17 00:00:00,4.34,Commission,0.03,
855,Paul Johnson,Senior Ambassador,885.0,,,1745,2015-01-29 00:00:00,Active,,10.71,Commission,0.045,
856,Nicole Adams,Lead,885.0,,,1745,2020-06-13 00:00:00,Active,,5.34,Commission,0.06,
857,Jonathan Howard,Ambassador,885.0,,,1745,2021-04-17 00:00:00,Active,,4.5,Commission,0.03,
858,Laura Martinez,Ambassador,885.0,,,1745,2021-11-19 00:00:00,Terminated,2022-06-13 00:00:00,3.91,Commission,0.03,
859,Mary Davis,Senior Ambassador,885.0,,,1745,2018-11-14 00:00:00,Active,,6.92,Commission,0.045,
860,Elizabeth Harris,Cashier,885.0,,,1745,2022-12-20 00:00:00,Terminated,2025-03-10 00:00:00,2.82,Commission,0.0125,
861,George Morales,Senior Ambassador,885.0,,,1745,2016-08-17 00:00:00,Terminated,2017-08-01 00:00:00,9.16,Commission,0.045,
862,Angela Wright,Ambassador,885.0,,,1745,2017-09-26 00:00:00,Active,,8.06,Commission,0.035,
863,Robert Nguyen,Cashier,885.0,,,1745,2018-07-23 00:00:00,Terminated,2024-04-11 00:00:00,7.23,Commission,0.0175,
864,Susan Campbell,Ambassador,885.0,,,1745,2022-06-22 00:00:00,Active,,3.32,Commission,0.03,
865,Susan Kelly,Cashier,885.0,,,1745,2018-04-12 00:00:00,Active,,7.51,Commission,0.0175,
866,Emily Howard,Ambassador,557.0,,,1746,2024-07-16 00:00:00,Active,,1.25,Commission,0.025,
867,Kevin Flores,Cashier,557.0,,,1746,2025-08-26 00:00:00,Active,,0.14,Commission,0.01,
868,Anna Kim,Cashier,557.0,,,1746,2020-07-27 00:00:00,Active,,5.22,Commission,0.0175,
869,Jacob Cooper,Ambassador,557.0,,,1746,2023-06-09 00:00:00,Active,,2.36,Commission,0.025,
870,Ryan Harris,Lead,557.0,,,1746,2020-11-21 00:00:00,Active,,4.9,Commission,0.05,
871,Nicholas Reyes,Ambassador,557.0,,,1746,2023-02-14 00:00:00,Active,,2.67,Commission,0.025,
872,Sarah Cook,Lead,557.0,,,1746,2022-05-07 00:00:00,Active,,3.44,Commission,0.05,
873,Larry Moore,Senior Ambassador,557.0,,,1746,2021-01-01 00:00:00,Terminated,2025-09-14 00:00:00,4.79,Commission,0.04,
874,Richard Rodriguez,Cashier,557.0,,,1746,2023-07-10 00:00:00,Active,,2.27,Commission,0.0125,
875,Christopher Morales,Ambassador,557.0,,,1746,2020-02-20 00:00:00,Active,,5.65,Commission,0.035,
876,Mark Wilson,Senior Ambassador,24.0,,,1747,2015-12-24 00:00:00,Active,,9.81,Commission,0.045,
877,Paul Scott,Lead,24.0,,,1747,2019-05-09 00:00:00,Active,,6.44,Commission,0.06,
878,Donald Johnson,Ambassador,24.0,,,1747,2022-12-11 00:00:00,Active,,2.85,Commission,0.025,
879,Kevin Thomas,Ambassador,24.0,,,1747,2016-11-30 00:00:00,Active,,8.88,Commission,0.035,
880,Angela Martin,Cashier,24.0,,,1747,2018-05-26 00:00:00,Active,,7.39,Commission,0.0175,
881,Robert Cox,Cashier,24.0,,,1747,2023-10-09 00:00:00,Active,,2.02,Commission,0.0125,
882,Jennifer Reed,Cashier,24.0,,,1747,2019-08-05 00:00:00,Active,,6.2,Commission,0.0175,
883,Ryan Rogers,Cashier,24.0,,,1747,2024-11-19 00:00:00,Terminated,2025-02-11 00:00:00,0.91,Commission,0.01,
884,Amanda Ramos,Ambassador,24.0,,,1747,2015-02-15 00:00:00,Active,,10.67,Commission,0.035,
885,Jonathan Ramos,Senior Ambassador,24.0,,,1747,2014-03-23 00:00:00,Terminated,2017-06-26 00:00:00,11.57,Commission,0.045,
886,Barbara Cox,Senior Ambassador,24.0,,,1747,2018-03-17 00:00:00,Active,,7.58,Commission,0.045,
887,Lisa Robinson,Ambassador,576.0,,,1748,2023-02-15 00:00:00,Active,,2.67,Commission,0.025,
888,Anna Young,Cashier,576.0,,,1748,2024-09-10 00:00:00,Active,,1.1,Commission,0.0125,
889,Elizabeth Garcia,Cashier,576.0,,,1748,2022-09-17 00:00:00,Active,,3.08,Commission,0.015,
890,Cynthia Roberts,Cashier,576.0,,,1748,2022-10-10 00:00:00,Active,,3.02,Commission,0.015,
891,Scott Clark,Cashier,576.0,,,1748,2020-02-22 00:00:00,Active,,5.65,Commission,0.0175,
892,Stephen Brown,Cashier,576.0,,,1748,2019-06-08 00:00:00,Active,,6.36,Commission,0.0175,
893,Nicholas Ramirez,Ambassador,576.0,,,1748,2024-01-01 00:00:00,Terminated,2025-03-03 00:00:00,1.79,Commission,0.025,
894,Michelle Martinez,Ambassador,576.0,,,1748,2025-07-27 00:00:00,Active,,0.22,Commission,0.02,
895,Justin Turner,Senior Ambassador,576.0,,,1748,2024-01-03 00:00:00,Terminated,2024-09-26 00:00:00,1.79,Commission,0.035,
896,Jennifer Lee,Cashier,576.0,,,1748,2024-06-13 00:00:00,Active,,1.34,Commission,0.0125,
897,Scott Brown,Senior Ambassador,925.0,,,1749,2015-06-18 00:00:00,Active,,10.33,Commission,0.045,
898,Betty Gutierrez,Ambassador,925.0,,,1749,2020-05-06 00:00:00,Active,,5.45,Commission,0.035,
899,Richard Morales,Cashier,925.0,,,1749,2021-07-27 00:00:00,Active,,4.22,Commission,0.015,
900,Linda Jones,Cashier,925.0,,,1749,2022-11-08 00:00:00,Active,,2.94,Commission,0.0125,
901,Brandon Sanchez,Ambassador,925.0,,,1749,2023-04-22 00:00:00,Active,,2.49,Commission,0.025,
902,Matthew King,Cashier,925.0,,,1749,2025-08-20 00:00:00,Active,,0.16,Commission,0.01,
903,Donald Young,Cashier,925.0,,,1749,2019-07-14 00:00:00,Active,,6.26,Commission,0.0175,
904,Lisa Johnson,Cashier,925.0,,,1749,2018-06-18 00:00:00,Terminated,2022-12-13 00:00:00,7.33,Commission,0.0175,
905,Laura Thomas,Cashier,925.0,,,1749,2013-11-14 00:00:00,Active,,11.92,Commission,0.0175,
906,Edward Adams,Ambassador,925.0,,,1749,2012-10-18 00:00:00,Terminated,2023-09-01 00:00:00,12.99,Commission,0.035,
907,Larry Morris,Cashier,575.0,,,1750,2022-09-01 00:00:00,Active,,3.12,Commission,0.015,
908,Brandon Wright,Cashier,575.0,,,1750,2013-04-24 00:00:00,Active,,12.48,Commission,0.0175,
909,Joshua Williams,Senior Ambassador,575.0,,,1750,2020-04-26 00:00:00,Active,,5.47,Commission,0.045,
910,Ronald Thompson,Cashier,575.0,,,1750,2021-10-16 00:00:00,Active,,4.0,Commission,0.015,
911,Joshua Martin,Senior Ambassador,575.0,,,1750,2012-07-03 00:00:00,Active,,13.29,Commission,0.045,
912,Elizabeth Ramirez,Cashier,575.0,,,1750,2012-08-09 00:00:00,Terminated,2014-12-21 00:00:00,13.19,Commission,0.0175,
913,Jonathan Baker,Cashier,575.0,,,1750,2024-11-17 00:00:00,Active,,0.91,Commission,0.01,
914,Kenneth King,Ambassador,866.0,,,1751,2017-03-07 00:00:00,Active,,8.61,Commission,0.035,
915,Michael Rodriguez,Ambassador,866.0,,,1751,2016-05-10 00:00:00,Active,,9.44,Commission,0.035,
916,Amanda Jones,Ambassador,866.0,,,1751,2025-07-09 00:00:00,Active,,0.27,Commission,0.02,
917,Sandra Lopez,Cashier,866.0,,,1751,2019-02-20 00:00:00,Active,,6.65,Commission,0.0175,
918,Deborah Reed,Cashier,866.0,,,1751,2025-05-18 00:00:00,Active,,0.41,Commission,0.01,
919,Laura Kim,Cashier,866.0,,,1751,2017-07-03 00:00:00,Terminated,2021-01-24 00:00:00,8.29,Commission,0.0175,
920,Brian Smith,Ambassador,866.0,,,1751,2016-10-05 00:00:00,Active,,9.03,Commission,0.035,
921,Amy Lopez,Ambassador,866.0,,,1751,2019-08-05 00:00:00,Terminated,2020-05-06 00:00:00,6.2,Commission,0.035,
922,Sandra Nguyen,Senior Ambassador,866.0,,,1751,2022-06-02 00:00:00,Active,,3.37,Commission,0.04,
923,Jessica Cruz,Lead,866.0,,,1751,2017-03-26 00:00:00,Active,,8.56,Commission,0.06,
924,Jacob Wright,Ambassador,321.0,,,1752,2015-08-15 00:00:00,Active,,10.17,Commission,0.035,
925,Angela Garcia,Ambassador,321.0,,,1752,2014-12-21 00:00:00,Terminated,2020-09-07 00:00:00,10.82,Commission,0.035,
926,Donna Ortiz,Lead,321.0,,,1752,2015-08-03 00:00:00,Terminated,2015-08-19 00:00:00,10.2,Commission,0.06,
927,Betty Diaz,Ambassador,321.0,,,1752,2025-09-25 00:00:00,Active,,0.06,Commission,0.02,
928,Andrew Thomas,Lead,321.0,,,1752,2017-04-02 00:00:00,Active,,8.54,Commission,0.06,
929,Jason Gomez,Ambassador,321.0,,,1752,2022-02-20 00:00:00,Terminated,2024-04-25 00:00:00,3.65,Commission,0.03,
930,Daniel Martin,Ambassador,321.0,,,1752,2013-03-18 00:00:00,Active,,12.58,Commission,0.035,
931,Jennifer Evans,Lead,321.0,,,1752,2017-06-20 00:00:00,Active,,8.32,Commission,0.06,
932,Sandra Kelly,Cashier,321.0,,,1752,2020-03-17 00:00:00,Active,,5.58,Commission,0.0175,
933,Paul Stewart,Senior Ambassador,321.0,,,1752,2021-01-21 00:00:00,Active,,4.73,Commission,0.04,
934,Helen Garcia,Lead,321.0,,,1752,2013-02-09 00:00:00,Active,,12.68,Commission,0.06,
935,James Martinez,Cashier,647.0,,,1753,2020-08-20 00:00:00,Active,,5.16,Commission,0.0175,
936,Barbara Taylor,Cashier,647.0,,,1753,2022-04-17 00:00:00,Terminated,2024-05-15 00:00:00,3.5,Commission,0.015,
937,Gary Ramirez,Ambassador,647.0,,,1753,2017-10-29 00:00:00,Active,,7.96,Commission,0.035,
938,Nicholas Hill,Ambassador,647.0,,,1753,2022-12-25 00:00:00,Active,,2.81,Commission,0.025,
939,Deborah Allen,Senior Ambassador,647.0,,,1753,2022-12-23 00:00:00,Active,,2.81,Commission,0.035,
940,Sarah Collins,Cashier,647.0,,,1753,2019-12-14 00:00:00,Active,,5.84,Commission,0.0175,
941,Joseph Mitchell,Ambassador,647.0,,,1753,2022-10-25 00:00:00,Active,,2.98,Commission,0.025,
942,Mary Hall,Ambassador,974.0,,,1754,2020-06-09 00:00:00,Terminated,2023-02-10 00:00:00,5.35,Commission,0.035,
943,Edward Ramirez,Cashier,974.0,,,1754,2022-04-17 00:00:00,Terminated,2025-08-26 00:00:00,3.5,Commission,0.015,
944,Nicholas Murphy,Ambassador,974.0,,,1754,2019-05-03 00:00:00,Terminated,2021-04-02 00:00:00,6.46,Commission,0.035,
945,Sharon Turner,Cashier,974.0,,,1754,2025-07-05 00:00:00,Active,,0.28,Commission,0.01,
946,Shirley Morgan,Cashier,974.0,,,1754,2012-08-23 00:00:00,Terminated,2025-04-08 00:00:00,13.15,Commission,0.0175,
947,Cynthia Baker,Senior Ambassador,992.0,,,1755,2015-01-03 00:00:00,Active,,10.78,Commission,0.045,
948,Sharon Peterson,Senior Ambassador,992.0,,,1755,2018-07-15 00:00:00,Active,,7.26,Commission,0.045,
949,Donald Baker,Senior Ambassador,992.0,,,1755,2021-03-22 00:00:00,Active,,4.57,Commission,0.04,
950,Jason Phillips,Cashier,992.0,,,1755,2020-10-24 00:00:00,Active,,4.98,Commission,0.015,
951,Scott Davis,Cashier,992.0,,,1755,2021-08-12 00:00:00,Active,,4.18,Commission,0.015,
952,Edward Williams,Cashier,809.0,,,1756,2017-01-29 00:00:00,Active,,8.71,Commission,0.0175,
953,Nicholas Kelly,Ambassador,809.0,,,1756,2014-02-04 00:00:00,Active,,11.7,Commission,0.035,
954,Ashley Perez,Cashier,809.0,,,1756,2014-08-09 00:00:00,Terminated,2015-06-22 00:00:00,11.19,Commission,0.0175,
955,Eric Flores,Cashier,809.0,,,1756,2024-03-17 00:00:00,Active,,1.58,Commission,0.0125,
956,Mary Roberts,Lead,809.0,,,1756,2019-04-07 00:00:00,Active,,6.53,Commission,0.06,
957,Stephen Williams,Cashier,39.0,,,1757,2025-01-13 00:00:00,Active,,0.76,Commission,0.01,
958,Brian Edwards,Ambassador,39.0,,,1757,2023-04-02 00:00:00,Active,,2.54,Commission,0.025,
959,Helen Reed,Ambassador,39.0,,,1757,2014-10-03 00:00:00,Active,,11.04,Commission,0.035,
960,Christopher Robinson,Ambassador,39.0,,,1757,2013-07-19 00:00:00,Active,,12.24,Commission,0.035,
961,Amanda Wilson,Ambassador,39.0,,,1757,2024-11-04 00:00:00,Active,,0.95,Commission,0.02,
962,Robert Phillips,Senior Ambassador,39.0,,,1757,2017-05-10 00:00:00,Terminated,2021-05-28 00:00:00,8.44,Commission,0.045,
963,Christopher Perez,Senior Ambassador,39.0,,,1757,2023-07-14 00:00:00,Active,,2.26,Commission,0.035,
964,Joseph Moore,Ambassador,571.0,,,1758,2023-07-15 00:00:00,Terminated,2025-05-26 00:00:00,2.26,Commission,0.025,
965,Daniel White,Cashier,571.0,,,1758,2023-05-31 00:00:00,Active,,2.38,Commission,0.0125,
966,Carol Bailey,Cashier,571.0,,,1758,2023-07-20 00:00:00,Active,,2.24,Commission,0.0125,
967,John Nelson,Cashier,571.0,,,1758,2025-07-18 00:00:00,Active,,0.25,Commission,0.01,
968,Nicole Clark,Cashier,571.0,,,1758,2023-01-12 00:00:00,Active,,2.76,Commission,0.0125,
969,Rebecca Ortiz,Cashier,502.0,,,1759,2021-10-19 00:00:00,Active,,3.99,Commission,0.015,
970,Shirley Young,Cashier,502.0,,,1759,2021-08-19 00:00:00,Active,,4.16,Commission,0.015,
971,Emma Hernandez,Ambassador,502.0,,,1759,2021-05-15 00:00:00,Active,,4.42,Commission,0.03,
972,Mark Walker,Ambassador,502.0,,,1759,2023-08-21 00:00:00,Active,,2.16,Commission,0.025,
973,Kevin Cooper,Senior Ambassador,502.0,,,1759,2022-05-22 00:00:00,Terminated,2024-09-07 00:00:00,3.4,Commission,0.04,
974,Mark Carter,Ambassador,502.0,,,1759,2024-04-03 00:00:00,Terminated,2025-03-14 00:00:00,1.54,Commission,0.025,
975,Jessica Diaz,Ambassador,204.0,,,1760,2023-10-16 00:00:00,Active,,2.0,Commission,0.025,
976,Anna Thompson,Cashier,204.0,,,1760,2017-08-03 00:00:00,Terminated,2019-11-17 00:00:00,8.2,Commission,0.0175,
977,Lisa Hernandez,Cashier,204.0,,,1760,2019-02-20 00:00:00,Active,,6.65,Commission,0.0175,
978,Karen Lewis,Ambassador,204.0,,,1760,2022-08-11 00:00:00,Active,,3.18,Commission,0.03,
979,Patricia Allen,Cashier,204.0,,,1760,2018-02-28 00:00:00,Active,,7.63,Commission,0.0175,
980,Christopher Turner,Senior Ambassador,204.0,,,1760,2020-05-07 00:00:00,Active,,5.44,Commission,0.045,
981,Ronald Ward,Ambassador,204.0,,,1760,2014-03-01 00:00:00,Terminated,2015-03-31 00:00:00,11.63,Commission,0.035,
982,Donald Phillips,Cashier,204.0,,,1760,2018-07-25 00:00:00,Active,,7.23,Commission,0.0175,
983,John Ramos,Cashier,204.0,,,1760,2021-07-09 00:00:00,Terminated,2021-09-16 00:00:00,4.27,Commission,0.015,
984,Andrew Reed,Ambassador,821.0,,,1761,2021-09-06 00:00:00,Active,,4.11,Commission,0.03,
985,Gary Rivera,Cashier,821.0,,,1761,2020-11-28 00:00:00,Active,,4.88,Commission,0.015,
986,Stephen Lee,Cashier,821.0,,,1761,2024-01-31 00:00:00,Active,,1.71,Commission,0.0125,
987,Rebecca Morgan,Ambassador,821.0,,,1761,2020-12-16 00:00:00,Active,,4.83,Commission,0.03,
988,Shirley Lewis,Cashier,821.0,,,1761,2022-03-30 00:00:00,Active,,3.55,Commission,0.015,
989,Anna Turner,Cashier,324.0,,,1762,2019-05-06 00:00:00,Active,,6.45,Commission,0.0175,
990,Nicole Lopez,Ambassador,324.0,,,1762,2019-12-07 00:00:00,Terminated,2020-09-05 00:00:00,5.86,Commission,0.035,
991,Charles Diaz,Ambassador,324.0,,,1762,2023-03-01 00:00:00,Terminated,2025-03-01 00:00:00,2.63,Commission,0.025,
992,Barbara Murphy,Ambassador,324.0,,,1762,2025-07-12 00:00:00,Active,,0.26,Commission,0.02,
993,Sarah Sanchez,Cashier,324.0,,,1762,2025-05-29 00:00:00,Active,,0.38,Commission,0.01,
994,Deborah Lopez,Cashier,324.0,,,1762,2024-09-06 00:00:00,Terminated,2025-07-03 00:00:00,1.11,Commission,0.0125,
995,Amy Mitchell,Ambassador,674.0,,,1763,2016-01-02 00:00:00,Active,,9.79,Commission,0.035,
996,Brian Adams,Senior Ambassador,674.0,,,1763,2023-01-17 00:00:00,Active,,2.75,Commission,0.035,
997,Barbara Gomez,Ambassador,674.0,,,1763,2025-05-12 00:00:00,Active,,0.43,Commission,0.02,
998,Eric Hernandez,Ambassador,674.0,,,1763,2023-10-28 00:00:00,Active,,1.97,Commission,0.025,
999,Ronald Nelson,Cashier,674.0,,,1763,2014-12-27 00:00:00,Active,,10.8,Commission,0.0175,
1000,Thomas Ward,Ambassador,674.0,,,1763,2021-02-16 00:00:00,Active,,4.66,Commission,0.03,
1001,Joshua Lewis,Ambassador,674.0,,,1763,2021-12-21 00:00:00,Active,,3.82,Commission,0.03,
1002,Deborah Ward,Cashier,674.0,,,1763,2024-01-28 00:00:00,Active,,1.72,Commission,0.0125,
1003,Brandon Ramos,Lead,674.0,,,1763,2019-11-23 00:00:00,Active,,5.9,Commission,0.06,
1004,Jennifer Smith,Senior Ambassador,674.0,,,1763,2020-01-09 00:00:00,Active,,5.77,Commission,0.045,
1005,Anthony Morgan,Ambassador,674.0,,,1763,2018-05-27 00:00:00,Terminated,2023-06-13 00:00:00,7.39,Commission,0.035,
1006,Paul Torres,Cashier,674.0,,,1763,2020-02-01 00:00:00,Active,,5.71,Commission,0.0175,
1007,Nicole Miller,Senior Ambassador,591.0,,,1764,2011-08-12 00:00:00,Active,,14.18,Commission,0.045,
1008,Nicole Johnson,Lead,591.0,,,1764,2011-11-29 00:00:00,Active,,13.88,Commission,0.06,
1009,Matthew Morgan,Senior Ambassador,591.0,,,1764,2016-11-19 00:00:00,Terminated,2023-04-22 00:00:00,8.91,Commission,0.045,
1010,Nancy Peterson,Cashier,591.0,,,1764,2020-07-25 00:00:00,Active,,5.23,Commission,0.0175,
1011,Betty Jackson,Cashier,591.0,,,1764,2019-05-30 00:00:00,Active,,6.38,Commission,0.0175,
1012,Elizabeth Carter,Senior Ambassador,591.0,,,1764,2024-03-25 00:00:00,Terminated,2025-01-09 00:00:00,1.56,Commission,0.035,
1013,Jason Smith,Ambassador,591.0,,,1764,2013-09-01 00:00:00,Terminated,2021-11-01 00:00:00,12.12,Commission,0.035,
1014,James Rogers,Lead,591.0,,,1764,2020-01-22 00:00:00,Active,,5.73,Commission,0.06,
1015,Cynthia Taylor,Cashier,591.0,,,1764,2025-08-16 00:00:00,Active,,0.17,Commission,0.01,
1016,Eric Green,Cashier,591.0,,,1764,2014-04-23 00:00:00,Terminated,2021-03-26 00:00:00,11.48,Commission,0.0175,
1017,Steven Morris,Cashier,281.0,,,1765,2024-11-04 00:00:00,Active,,0.95,Commission,0.01,
1018,Michael Wright,Cashier,281.0,,,1765,2021-10-21 00:00:00,Active,,3.99,Commission,0.015,
1019,Pamela Smith,Cashier,281.0,,,1765,2022-08-15 00:00:00,Active,,3.17,Commission,0.015,
1020,Donna White,Lead,281.0,,,1765,2022-07-21 00:00:00,Active,,3.24,Commission,0.05,
1021,Scott Perez,Cashier,281.0,,,1765,2020-11-04 00:00:00,Active,,4.95,Commission,0.015,
1022,Ashley Anderson,Cashier,281.0,,,1765,2024-02-10 00:00:00,Active,,1.68,Commission,0.0125,
1023,Jennifer Turner,Cashier,281.0,,,1765,2020-08-18 00:00:00,Active,,5.16,Commission,0.0175,
1024,Joshua Hill,Cashier,281.0,,,1765,2022-06-07 00:00:00,Terminated,2025-08-12 00:00:00,3.36,Commission,0.015,
1025,Timothy Edwards,Ambassador,281.0,,,1765,2024-05-20 00:00:00,Active,,1.41,Commission,0.025,
1026,Justin Garcia,Ambassador,281.0,,,1765,2021-07-21 00:00:00,Active,,4.24,Commission,0.03,
1027,Brian Gonzalez,Senior Ambassador,790.0,,,1766,2019-02-17 00:00:00,Terminated,2022-08-26 00:00:00,6.66,Commission,0.045,
1028,Thomas Clark,Lead,790.0,,,1766,2017-06-30 00:00:00,Active,,8.3,Commission,0.06,
1029,Richard Robinson,Senior Ambassador,790.0,,,1766,2017-09-02 00:00:00,Active,,8.12,Commission,0.045,
1030,Michelle Evans,Ambassador,790.0,,,1766,2022-04-13 00:00:00,Active,,3.51,Commission,0.03,
1031,Amy Hall,Senior Ambassador,790.0,,,1766,2016-09-13 00:00:00,Active,,9.09,Commission,0.045,
1032,Kathleen Walker,Ambassador,815.0,,,1767,2023-02-02 00:00:00,Active,,2.7,Commission,0.025,
1033,Edward Cruz,Cashier,815.0,,,1767,2024-05-15 00:00:00,Terminated,2024-05-19 00:00:00,1.42,Commission,0.0125,
1034,Daniel Cruz,Ambassador,815.0,,,1767,2018-08-15 00:00:00,Active,,7.17,Commission,0.035,
1035,Betty Martin,Ambassador,815.0,,,1767,2020-06-04 00:00:00,Active,,5.37,Commission,0.035,
1036,Andrew Roberts,Cashier,815.0,,,1767,2022-05-15 00:00:00,Active,,3.42,Commission,0.015,
1037,Jonathan Thompson,Senior Ambassador,815.0,,,1767,2021-02-01 00:00:00,Terminated,2023-06-04 00:00:00,4.7,Commission,0.04,
1038,Barbara Williams,Lead,815.0,,,1767,2021-11-01 00:00:00,Active,,3.96,Commission,0.05,
1039,Jessica Martinez,Lead,815.0,,,1767,2019-08-08 00:00:00,Active,,6.19,Commission,0.06,
1040,Mark Kelly,Cashier,254.0,,,1768,2024-03-08 00:00:00,Active,,1.61,Commission,0.0125,
1041,Rebecca Parker,Cashier,254.0,,,1768,2024-04-25 00:00:00,Active,,1.48,Commission,0.0125,
1042,Kimberly Young,Cashier,254.0,,,1768,2019-11-16 00:00:00,Active,,5.92,Commission,0.0175,
1043,Angela Phillips,Cashier,254.0,,,1768,2025-06-07 00:00:00,Active,,0.36,Commission,0.01,
1044,Cynthia Kelly,Ambassador,254.0,,,1768,2018-11-22 00:00:00,Active,,6.9,Commission,0.035,
1045,Cynthia Evans,Ambassador,254.0,,,1768,2022-05-14 00:00:00,Active,,3.43,Commission,0.03,
1046,Shirley Ramos,Cashier,254.0,,,1768,2019-06-22 00:00:00,Active,,6.32,Commission,0.0175,
1047,Melissa Richardson,Cashier,254.0,,,1768,2021-04-13 00:00:00,Active,,4.51,Commission,0.015,
1048,Elizabeth Lewis,Cashier,911.0,,,1769,2023-07-12 00:00:00,Active,,2.26,Commission,0.0125,
1049,Carol Wilson,Ambassador,911.0,,,1769,2025-07-21 00:00:00,Active,,0.24,Commission,0.02,
1050,George Flores,Cashier,911.0,,,1769,2024-08-18 00:00:00,Terminated,2025-03-17 00:00:00,1.16,Commission,0.0125,
1051,Kevin Rodriguez,Ambassador,911.0,,,1769,2024-03-18 00:00:00,Active,,1.58,Commission,0.025,
1052,Joseph Walker,Senior Ambassador,911.0,,,1769,2023-10-30 00:00:00,Active,,1.96,Commission,0.035,
1053,Jason King,Cashier,911.0,,,1769,2019-09-24 00:00:00,Terminated,2022-09-12 00:00:00,6.06,Commission,0.0175,
1054,Timothy Thompson,Cashier,911.0,,,1769,2021-04-26 00:00:00,Active,,4.47,Commission,0.015,
1055,Michelle Morales,Ambassador,911.0,,,1769,2020-03-27 00:00:00,Active,,5.56,Commission,0.035,
1056,Richard Edwards,Ambassador,911.0,,,1769,2025-05-11 00:00:00,Active,,0.43,Commission,0.02,
1057,Sarah Richardson,Senior Ambassador,911.0,,,1769,2023-06-26 00:00:00,Active,,2.31,Commission,0.035,
1058,Cynthia Anderson,Cashier,911.0,,,1769,2023-05-20 00:00:00,Active,,2.41,Commission,0.0125,
1059,Brandon Ramirez,Ambassador,806.0,,,1770,2021-04-09 00:00:00,Active,,4.52,Commission,0.03,
1060,Larry Adams,Ambassador,806.0,,,1770,2020-12-25 00:00:00,Active,,4.81,Commission,0.03,
1061,Jeffrey Edwards,Cashier,806.0,,,1770,2019-04-26 00:00:00,Terminated,2025-06-26 00:00:00,6.48,Commission,0.0175,
1062,Karen Baker,Ambassador,806.0,,,1770,2022-02-01 00:00:00,Active,,3.7,Commission,0.03,
1063,Kimberly Martin,Ambassador,806.0,,,1770,2019-07-13 00:00:00,Active,,6.26,Commission,0.035,
1064,Susan Johnson,Cashier,806.0,,,1770,2023-09-29 00:00:00,Terminated,2023-12-07 00:00:00,2.05,Commission,0.0125,
1065,George Ortiz,Ambassador,806.0,,,1770,2018-02-07 00:00:00,Active,,7.69,Commission,0.035,
1066,Paul Young,Senior Ambassador,806.0,,,1770,2015-10-04 00:00:00,Active,,10.03,Commission,0.045,
1067,Emma Rodriguez,Cashier,806.0,,,1770,2016-10-06 00:00:00,Terminated,2019-11-10 00:00:00,9.03,Commission,0.0175,
1068,Sandra White,Senior Ambassador,806.0,,,1770,2016-11-15 00:00:00,Active,,8.92,Commission,0.045,
1069,Kathleen Thompson,Ambassador,806.0,,,1770,2017-08-12 00:00:00,Active,,8.18,Commission,0.035,
1070,Anna Richardson,Cashier,56.0,,,1771,2019-06-17 00:00:00,Active,,6.33,Commission,0.0175,
1071,Jessica Scott,Lead,56.0,,,1771,2020-04-27 00:00:00,Active,,5.47,Commission,0.06,
1072,Lisa Mitchell,Ambassador,56.0,,,1771,2024-01-18 00:00:00,Active,,1.74,Commission,0.025,
1073,William Campbell,Ambassador,56.0,,,1771,2024-04-05 00:00:00,Active,,1.53,Commission,0.025,
1074,Richard Parker,Cashier,56.0,,,1771,2019-08-29 00:00:00,Active,,6.13,Commission,0.0175,
1075,Jacob Thomas,Cashier,979.0,,,1772,2015-04-27 00:00:00,Active,,10.47,Commission,0.0175,
1076,Pamela Ramirez,Lead,979.0,,,1772,2022-01-12 00:00:00,Terminated,2023-07-02 00:00:00,3.76,Commission,0.05,
1077,Laura Ortiz,Lead,979.0,,,1772,2021-09-12 00:00:00,Terminated,2025-03-18 00:00:00,4.09,Commission,0.05,
1078,Joshua Wright,Senior Ambassador,979.0,,,1772,2018-08-25 00:00:00,Terminated,2018-11-10 00:00:00,7.14,Commission,0.045,
1079,Joshua Taylor,Cashier,979.0,,,1772,2014-08-23 00:00:00,Active,,11.15,Commission,0.0175,
1080,Laura Johnson,Cashier,979.0,,,1772,2018-05-09 00:00:00,Active,,7.44,Commission,0.0175,
1081,Helen Green,Senior Ambassador,979.0,,,1772,2023-07-19 00:00:00,Terminated,2024-10-22 00:00:00,2.25,Commission,0.035,
1082,Deborah Bailey,Cashier,979.0,,,1772,2014-05-10 00:00:00,Active,,11.44,Commission,0.0175,
1083,Nicholas Evans,Ambassador,979.0,,,1772,2020-09-01 00:00:00,Active,,5.12,Commission,0.035,
1084,Kathleen Lee,Ambassador,979.0,,,1772,2020-04-29 00:00:00,Active,,5.47,Commission,0.035,
1085,Carol Reed,Cashier,550.0,,,1773,2014-02-07 00:00:00,Terminated,2021-10-03 00:00:00,11.69,Commission,0.0175,
1086,Jacob Mitchell,Cashier,550.0,,,1773,2014-07-26 00:00:00,Active,,11.23,Commission,0.0175,
1087,Andrew Richardson,Cashier,550.0,,,1773,2018-04-19 00:00:00,Active,,7.49,Commission,0.0175,
1088,Scott Allen,Ambassador,550.0,,,1773,2023-11-12 00:00:00,Active,,1.93,Commission,0.025,
1089,Susan Richardson,Cashier,550.0,,,1773,2014-03-31 00:00:00,Active,,11.55,Commission,0.0175,
1090,Brian Morales,Senior Ambassador,550.0,,,1773,2024-09-15 00:00:00,Terminated,2025-02-04 00:00:00,1.08,Commission,0.035,
1091,John Morgan,Ambassador,550.0,,,1773,2025-07-03 00:00:00,Active,,0.29,Commission,0.02,
1092,Donald White,Ambassador,550.0,,,1773,2025-04-08 00:00:00,Active,,0.52,Commission,0.02,
1093,Charles Richardson,Cashier,402.0,,,1774,2013-06-14 00:00:00,Terminated,2019-05-16 00:00:00,12.34,Commission,0.0175,
1094,Linda Ortiz,Cashier,402.0,,,1774,2023-03-13 00:00:00,Active,,2.6,Commission,0.0125,
1095,Sandra Bailey,Ambassador,402.0,,,1774,2017-08-05 00:00:00,Active,,8.2,Commission,0.035,
1096,Joseph Murphy,Cashier,402.0,,,1774,2021-09-09 00:00:00,Terminated,2025-10-15 00:00:00,4.1,Commission,0.015,
1097,Kimberly Ramos,Cashier,402.0,,,1774,2017-12-28 00:00:00,Terminated,2024-10-22 00:00:00,7.8,Commission,0.0175,
1098,Brandon Thompson,Ambassador,473.0,,,1775,2013-07-14 00:00:00,Active,,12.26,Commission,0.035,
1099,Joseph Cruz,Cashier,473.0,,,1775,2021-03-14 00:00:00,Active,,4.59,Commission,0.015,
1100,Kathleen Rogers,Ambassador,473.0,,,1775,2023-12-19 00:00:00,Active,,1.83,Commission,0.025,
1101,Kevin Perez,Cashier,473.0,,,1775,2013-12-15 00:00:00,Terminated,2020-07-10 00:00:00,11.84,Commission,0.0175,
1102,Joseph Lee,Cashier,473.0,,,1775,2014-12-24 00:00:00,Active,,10.81,Commission,0.0175,
1103,Joshua White,Cashier,473.0,,,1775,2015-02-08 00:00:00,Terminated,2023-04-18 00:00:00,10.69,Commission,0.0175,
1104,Dorothy Gutierrez,Cashier,473.0,,,1775,2023-01-22 00:00:00,Active,,2.73,Commission,0.0125,
1105,Jennifer Cooper,Cashier,473.0,,,1775,2014-04-30 00:00:00,Terminated,2024-03-01 00:00:00,11.46,Commission,0.0175,
1106,Anna Ortiz,Ambassador,473.0,,,1775,2017-11-09 00:00:00,Active,,7.93,Commission,0.035,
1107,Thomas Hernandez,Cashier,473.0,,,1775,2013-11-12 00:00:00,Active,,11.93,Commission,0.0175,
1108,Nancy Cruz,Cashier,288.0,,,1776,2022-01-03 00:00:00,Active,,3.78,Commission,0.015,
1109,Brian Collins,Ambassador,288.0,,,1776,2020-12-20 00:00:00,Active,,4.82,Commission,0.03,
1110,Kathleen Scott,Cashier,288.0,,,1776,2025-10-10 00:00:00,Active,,0.02,Commission,0.01,
1111,Jennifer Hernandez,Cashier,288.0,,,1776,2017-11-15 00:00:00,Active,,7.92,Commission,0.0175,
1112,Shirley Harris,Senior Ambassador,288.0,,,1776,2024-08-20 00:00:00,Active,,1.16,Commission,0.035,
1113,Paul Howard,Ambassador,610.0,,,1777,2023-03-08 00:00:00,Active,,2.61,Commission,0.025,
1114,Nicholas Jackson,Ambassador,610.0,,,1777,2018-07-17 00:00:00,Active,,7.25,Commission,0.035,
1115,Melissa Jones,Cashier,610.0,,,1777,2022-08-21 00:00:00,Active,,3.15,Commission,0.015,
1116,Steven Ramos,Cashier,610.0,,,1777,2017-01-13 00:00:00,Terminated,2020-12-04 00:00:00,8.76,Commission,0.0175,
1117,Thomas Lewis,Ambassador,610.0,,,1777,2021-06-26 00:00:00,Terminated,2024-03-16 00:00:00,4.31,Commission,0.03,
1118,Daniel Gonzalez,Senior Ambassador,67.0,,,1778,2021-05-10 00:00:00,Active,,4.44,Commission,0.04,
1119,Margaret Clark,Ambassador,67.0,,,1778,2020-09-17 00:00:00,Active,,5.08,Commission,0.035,
1120,Amanda Harris,Cashier,67.0,,,1778,2018-11-04 00:00:00,Active,,6.95,Commission,0.0175,
1121,Michelle Lewis,Ambassador,67.0,,,1778,2022-05-01 00:00:00,Active,,3.46,Commission,0.03,
1122,Edward Kim,Cashier,67.0,,,1778,2024-07-14 00:00:00,Active,,1.26,Commission,0.0125,
1123,Scott Cook,Lead,67.0,,,1778,2019-09-24 00:00:00,Active,,6.06,Commission,0.06,
1124,Ryan Williams,Lead,67.0,,,1778,2020-09-02 00:00:00,Terminated,2024-04-26 00:00:00,5.12,Commission,0.06,
1125,Mark Perez,Cashier,67.0,,,1778,2018-09-02 00:00:00,Terminated,2024-06-28 00:00:00,7.12,Commission,0.0175,
1126,Mark Martinez,Lead,89.0,,,1779,2017-04-29 00:00:00,Active,,8.47,Commission,0.06,
1127,Sarah Flores,Cashier,89.0,,,1779,2023-08-12 00:00:00,Terminated,2024-10-17 00:00:00,2.18,Commission,0.0125,
1128,Ronald Moore,Ambassador,89.0,,,1779,2017-07-30 00:00:00,Active,,8.21,Commission,0.035,
1129,David Cook,Cashier,89.0,,,1779,2017-08-22 00:00:00,Active,,8.15,Commission,0.0175,
1130,Justin Richardson,Cashier,89.0,,,1779,2024-04-22 00:00:00,Active,,1.48,Commission,0.0125,
1131,Elizabeth Morgan,Senior Ambassador,89.0,,,1779,2017-09-18 00:00:00,Active,,8.08,Commission,0.045,
1132,Deborah Morgan,Cashier,89.0,,,1779,2019-01-24 00:00:00,Terminated,2019-10-31 00:00:00,6.73,Commission,0.0175,
1133,Cynthia Peterson,Cashier,89.0,,,1779,2025-08-23 00:00:00,Active,,0.15,Commission,0.01,
1134,George Phillips,Cashier,89.0,,,1779,2017-09-25 00:00:00,Active,,8.06,Commission,0.0175,
1135,Michael King,Cashier,89.0,,,1779,2025-05-24 00:00:00,Terminated,2025-08-20 00:00:00,0.4,Commission,0.01,
1136,Sandra Collins,Cashier,89.0,,,1779,2016-03-01 00:00:00,Active,,9.63,Commission,0.0175,
1137,Jennifer Rodriguez,Cashier,898.0,,,1780,2019-09-08 00:00:00,Active,,6.11,Commission,0.0175,
1138,Stephanie White,Cashier,898.0,,,1780,2020-02-03 00:00:00,Terminated,2025-10-13 00:00:00,5.7,Commission,0.0175,
1139,Timothy King,Ambassador,898.0,,,1780,2025-10-02 00:00:00,Active,,0.04,Commission,0.02,
1140,Rebecca Jackson,Cashier,898.0,,,1780,2025-08-28 00:00:00,Active,,0.13,Commission,0.01,
1141,Emily Morales,Cashier,898.0,,,1780,2020-11-26 00:00:00,Active,,4.89,Commission,0.015,
1142,Laura Smith,Cashier,21.0,,,1781,2021-04-24 00:00:00,Active,,4.48,Commission,0.015,
1143,Justin Carter,Senior Ambassador,21.0,,,1781,2022-02-06 00:00:00,Active,,3.69,Commission,0.04,
1144,James Lewis,Cashier,21.0,,,1781,2024-12-22 00:00:00,Terminated,2025-07-18 00:00:00,0.82,Commission,0.01,
1145,Pamela Martin,Senior Ambassador,21.0,,,1781,2021-04-30 00:00:00,Active,,4.46,Commission,0.04,
1146,Larry Ramos,Cashier,21.0,,,1781,2019-01-08 00:00:00,Active,,6.77,Commission,0.0175,
1147,Nicole Allen,Cashier,594.0,,,1782,2019-04-19 00:00:00,Active,,6.49,Commission,0.0175,
1148,Scott Gonzalez,Ambassador,594.0,,,1782,2023-10-22 00:00:00,Terminated,2025-06-15 00:00:00,1.99,Commission,0.025,
1149,Jennifer Phillips,Cashier,594.0,,,1782,2021-12-03 00:00:00,Terminated,2023-02-14 00:00:00,3.87,Commission,0.015,
1150,Karen Roberts,Senior Ambassador,594.0,,,1782,2020-05-18 00:00:00,Terminated,2021-05-16 00:00:00,5.41,Commission,0.045,
1151,Ryan Cooper,Cashier,594.0,,,1782,2019-04-14 00:00:00,Active,,6.51,Commission,0.0175,
1152,Nancy Martin,Cashier,594.0,,,1782,2022-09-04 00:00:00,Active,,3.12,Commission,0.015,
1153,Brandon Martin,Cashier,594.0,,,1782,2024-11-28 00:00:00,Active,,0.88,Commission,0.01,
1154,Karen Allen,Cashier,594.0,,,1782,2021-12-27 00:00:00,Active,,3.8,Commission,0.015,
1155,Emma Cruz,Lead,594.0,,,1782,2018-01-19 00:00:00,Active,,7.74,Commission,0.06,
1156,George Hernandez,Cashier,71.0,,,1783,2024-05-16 00:00:00,Terminated,2025-03-03 00:00:00,1.42,Commission,0.0125,
1157,Angela Stewart,Senior Ambassador,71.0,,,1783,2018-12-05 00:00:00,Active,,6.86,Commission,0.045,
1158,Anna King,Cashier,71.0,,,1783,2017-06-19 00:00:00,Terminated,2019-07-19 00:00:00,8.33,Commission,0.0175,
1159,Brandon Jones,Ambassador,71.0,,,1783,2021-06-12 00:00:00,Terminated,2024-01-06 00:00:00,4.35,Commission,0.03,
1160,Emma Diaz,Lead,71.0,,,1783,2012-06-19 00:00:00,Active,,13.33,Commission,0.06,
1161,Emily Murphy,Cashier,71.0,,,1783,2015-01-01 00:00:00,Terminated,2016-10-18 00:00:00,10.79,Commission,0.0175,
1162,Lisa Ramos,Ambassador,71.0,,,1783,2016-11-05 00:00:00,Terminated,2022-07-01 00:00:00,8.95,Commission,0.035,
1163,Kenneth Gomez,Senior Ambassador,71.0,,,1783,2013-10-22 00:00:00,Terminated,2017-12-15 00:00:00,11.98,Commission,0.045,
1164,Anthony Hernandez,Ambassador,71.0,,,1783,2015-09-09 00:00:00,Terminated,2018-01-21 00:00:00,10.1,Commission,0.035,
1165,Mark Rodriguez,Cashier,71.0,,,1783,2021-10-21 00:00:00,Active,,3.99,Commission,0.015,
1166,Paul Evans,Cashier,71.0,,,1783,2023-09-09 00:00:00,Active,,2.1,Commission,0.0125,
1167,Larry Robinson,Ambassador,222.0,,,1784,2022-02-10 00:00:00,Active,,3.68,Commission,0.03,
1168,William Ramirez,Cashier,222.0,,,1784,2020-06-19 00:00:00,Active,,5.33,Commission,0.0175,
1169,Susan Robinson,Ambassador,222.0,,,1784,2022-05-26 00:00:00,Active,,3.39,Commission,0.03,
1170,Jason Roberts,Cashier,222.0,,,1784,2021-05-03 00:00:00,Active,,4.45,Commission,0.015,
1171,Michelle Morris,Cashier,222.0,,,1784,2022-11-27 00:00:00,Terminated,2024-05-16 00:00:00,2.89,Commission,0.0125,
1172,George Kim,Ambassador,222.0,,,1784,2023-07-12 00:00:00,Terminated,2025-06-11 00:00:00,2.26,Commission,0.025,
1173,David Campbell,Cashier,222.0,,,1784,2021-04-01 00:00:00,Active,,4.54,Commission,0.015,
1174,Ashley Flores,Ambassador,222.0,,,1784,2021-09-24 00:00:00,Terminated,2024-11-10 00:00:00,4.06,Commission,0.03,
1175,Carol Flores,Cashier,222.0,,,1784,2020-06-28 00:00:00,Active,,5.3,Commission,0.0175,
1176,Stephen White,Cashier,222.0,,,1784,2024-12-02 00:00:00,Active,,0.87,Commission,0.01,
1177,Stephanie Green,Senior Ambassador,770.0,,,1785,2021-03-05 00:00:00,Terminated,2021-07-05 00:00:00,4.62,Commission,0.04,
1178,Stephen Martinez,Ambassador,770.0,,,1785,2022-11-04 00:00:00,Terminated,2025-01-19 00:00:00,2.95,Commission,0.025,
1179,Betty Parker,Cashier,770.0,,,1785,2020-07-03 00:00:00,Active,,5.29,Commission,0.0175,
1180,Anthony Richardson,Ambassador,770.0,,,1785,2024-08-02 00:00:00,Active,,1.21,Commission,0.025,
1181,Emma Perez,Cashier,770.0,,,1785,2025-08-24 00:00:00,Terminated,2025-10-10 00:00:00,0.15,Commission,0.01,
1182,Mark Scott,Cashier,770.0,,,1785,2020-11-08 00:00:00,Terminated,2025-06-25 00:00:00,4.94,Commission,0.015,
1183,Patricia Thomas,Cashier,770.0,,,1785,2024-07-16 00:00:00,Active,,1.25,Commission,0.0125,
1184,Anthony Hill,Ambassador,770.0,,,1785,2023-11-28 00:00:00,Active,,1.88,Commission,0.025,
1185,Edward Hall,Ambassador,770.0,,,1785,2022-06-27 00:00:00,Active,,3.31,Commission,0.03,
1186,Karen Moore,Ambassador,770.0,,,1785,2023-01-23 00:00:00,Active,,2.73,Commission,0.025,
1187,Sandra Hernandez,Cashier,199.0,,,1786,2020-05-26 00:00:00,Active,,5.39,Commission,0.0175,
1188,Jason Hill,Cashier,199.0,,,1786,2019-06-11 00:00:00,Active,,6.35,Commission,0.0175,
1189,Elizabeth Lopez,Senior Ambassador,199.0,,,1786,2022-05-13 00:00:00,Active,,3.43,Commission,0.04,
1190,Larry Campbell,Ambassador,199.0,,,1786,2020-11-08 00:00:00,Active,,4.94,Commission,0.03,
1191,Elizabeth Hall,Cashier,199.0,,,1786,2025-04-22 00:00:00,Active,,0.49,Commission,0.01,
1192,Timothy Sanchez,Cashier,199.0,,,1786,2025-06-20 00:00:00,Active,,0.32,Commission,0.01,
1193,Margaret Lewis,Cashier,199.0,,,1786,2019-04-20 00:00:00,Active,,6.49,Commission,0.0175,
1194,Brenda Smith,Cashier,199.0,,,1786,2018-12-25 00:00:00,Terminated,2020-04-18 00:00:00,6.81,Commission,0.0175,
1195,Sandra Lewis,Lead,199.0,,,1786,2019-09-03 00:00:00,Active,,6.12,Commission,0.06,
1196,Stephanie Jackson,Cashier,199.0,,,1786,2025-08-13 00:00:00,Active,,0.18,Commission,0.01,
1197,Emma Walker,Cashier,464.0,,,1787,2018-10-15 00:00:00,Active,,7.0,Commission,0.0175,
1198,Dorothy Reyes,Senior Ambassador,464.0,,,1787,2018-12-26 00:00:00,Active,,6.81,Commission,0.045,
1199,Michelle Cooper,Senior Ambassador,464.0,,,1787,2023-10-27 00:00:00,Active,,1.97,Commission,0.035,
1200,Matthew Ortiz,Ambassador,464.0,,,1787,2023-11-25 00:00:00,Active,,1.89,Commission,0.025,
1201,Stephen Jones,Cashier,464.0,,,1787,2025-09-20 00:00:00,Active,,0.07,Commission,0.01,
1202,Nicole Ramos,Ambassador,464.0,,,1787,2019-11-15 00:00:00,Terminated,2021-01-23 00:00:00,5.92,Commission,0.035,
1203,James Richardson,Lead,578.0,,,1788,2020-02-08 00:00:00,Terminated,2021-07-16 00:00:00,5.69,Commission,0.06,
1204,Rebecca Gomez,Cashier,578.0,,,1788,2025-03-09 00:00:00,Terminated,2025-06-04 00:00:00,0.61,Commission,0.01,
1205,Joseph Ward,Ambassador,578.0,,,1788,2023-10-17 00:00:00,Active,,2.0,Commission,0.025,
1206,Ronald Gutierrez,Ambassador,578.0,,,1788,2021-06-08 00:00:00,Active,,4.36,Commission,0.03,
1207,Paul Jackson,Cashier,578.0,,,1788,2017-09-03 00:00:00,Active,,8.12,Commission,0.0175,
1208,Cynthia Garcia,Cashier,578.0,,,1788,2018-07-18 00:00:00,Active,,7.25,Commission,0.0175,
1209,Gary Howard,Cashier,578.0,,,1788,2025-10-10 00:00:00,Active,,0.02,Commission,0.01,
1210,David Peterson,Ambassador,578.0,,,1788,2022-11-12 00:00:00,Active,,2.93,Commission,0.025,
1211,Susan Jones,Cashier,603.0,,,1789,2016-03-07 00:00:00,Active,,9.61,Commission,0.0175,
1212,Margaret Garcia,Cashier,603.0,,,1789,2017-10-12 00:00:00,Active,,8.01,Commission,0.0175,
1213,Steven Miller,Cashier,603.0,,,1789,2024-09-25 00:00:00,Active,,1.06,Commission,0.0125,
1214,Jacob Diaz,Ambassador,603.0,,,1789,2020-09-10 00:00:00,Terminated,2024-11-28 00:00:00,5.1,Commission,0.035,
1215,Ryan Anderson,Cashier,603.0,,,1789,2022-04-16 00:00:00,Active,,3.5,Commission,0.015,
1216,Eric Lewis,Senior Ambassador,603.0,,,1789,2017-01-02 00:00:00,Active,,8.79,Commission,0.045,
1217,Justin Cruz,Ambassador,603.0,,,1789,2020-11-04 00:00:00,Active,,4.95,Commission,0.03,
1218,Helen Hall,Cashier,642.0,,,1790,2019-07-19 00:00:00,Active,,6.25,Commission,0.0175,
1219,Matthew Torres,Cashier,642.0,,,1790,2021-05-08 00:00:00,Active,,4.44,Commission,0.015,
1220,Betty White,Cashier,642.0,,,1790,2017-08-15 00:00:00,Terminated,2022-09-18 00:00:00,8.17,Commission,0.0175,
1221,Nancy Ward,Cashier,642.0,,,1790,2024-11-25 00:00:00,Active,,0.89,Commission,0.01,
1222,Elizabeth Campbell,Ambassador,642.0,,,1790,2021-08-09 00:00:00,Terminated,2023-04-12 00:00:00,4.19,Commission,0.03,
1223,Susan Morris,Cashier,642.0,,,1790,2016-12-27 00:00:00,Active,,8.8,Commission,0.0175,
1224,Edward Nguyen,Cashier,642.0,,,1790,2021-03-23 00:00:00,Active,,4.57,Commission,0.015,
1225,Anna Parker,Cashier,164.0,,,1791,2019-02-03 00:00:00,Terminated,2020-09-28 00:00:00,6.7,Commission,0.0175,
1226,Deborah Rogers,Cashier,164.0,,,1791,2025-05-27 00:00:00,Active,,0.39,Commission,0.01,
1227,Larry Allen,Senior Ambassador,164.0,,,1791,2016-12-16 00:00:00,Terminated,2022-08-21 00:00:00,8.83,Commission,0.045,
1228,Lisa Phillips,Cashier,164.0,,,1791,2025-01-06 00:00:00,Active,,0.78,Commission,0.01,
1229,Brandon Flores,Ambassador,164.0,,,1791,2022-05-10 00:00:00,Active,,3.44,Commission,0.03,
1230,Emma Taylor,Ambassador,164.0,,,1791,2021-06-21 00:00:00,Terminated,2025-03-04 00:00:00,4.32,Commission,0.03,
1231,Susan Allen,Cashier,164.0,,,1791,2024-11-13 00:00:00,Active,,0.92,Commission,0.01,
1232,Helen Gutierrez,Senior Ambassador,164.0,,,1791,2017-07-26 00:00:00,Active,,8.22,Commission,0.045,
1233,Emma King,Ambassador,164.0,,,1791,2023-10-27 00:00:00,Active,,1.97,Commission,0.025,
1234,Brandon Smith,Ambassador,164.0,,,1791,2013-04-08 00:00:00,Terminated,2015-05-18 00:00:00,12.52,Commission,0.035,
1235,Andrew Stewart,Cashier,538.0,,,1792,2017-04-15 00:00:00,Active,,8.5,Commission,0.0175,
1236,Jessica Turner,Cashier,538.0,,,1792,2016-07-03 00:00:00,Active,,9.29,Commission,0.0175,
1237,Robert Walker,Cashier,538.0,,,1792,2020-06-09 00:00:00,Active,,5.35,Commission,0.0175,
1238,Jennifer Davis,Cashier,538.0,,,1792,2023-11-03 00:00:00,Active,,1.95,Commission,0.0125,
1239,Sarah Walker,Senior Ambassador,538.0,,,1792,2020-01-02 00:00:00,Active,,5.79,Commission,0.045,
1240,Emma Smith,Cashier,538.0,,,1792,2021-05-22 00:00:00,Active,,4.4,Commission,0.015,
1241,Pamela Evans,Senior Ambassador,538.0,,,1792,2024-04-06 00:00:00,Active,,1.53,Commission,0.035,
1242,Emily Brown,Cashier,538.0,,,1792,2020-04-23 00:00:00,Active,,5.48,Commission,0.0175,
1243,Dorothy Cruz,Cashier,949.0,,,1793,2024-08-04 00:00:00,Active,,1.2,Commission,0.0125,
1244,James White,Cashier,949.0,,,1793,2025-04-16 00:00:00,Active,,0.5,Commission,0.01,
1245,Kenneth Moore,Cashier,949.0,,,1793,2022-01-07 00:00:00,Active,,3.77,Commission,0.015,
1246,Jonathan Turner,Cashier,949.0,,,1793,2018-06-13 00:00:00,Active,,7.34,Commission,0.0175,
1247,Jason Morales,Ambassador,949.0,,,1793,2024-03-31 00:00:00,Active,,1.54,Commission,0.025,
1248,Patricia Flores,Ambassador,949.0,,,1793,2023-06-30 00:00:00,Active,,2.3,Commission,0.025,
1249,Nancy Rivera,Senior Ambassador,949.0,,,1793,2017-11-02 00:00:00,Terminated,2017-12-04 00:00:00,7.95,Commission,0.045,
1250,Carol Rogers,Ambassador,949.0,,,1793,2023-05-11 00:00:00,Active,,2.43,Commission,0.025,
1251,Edward Bailey,Cashier,717.0,,,1794,2015-09-20 00:00:00,Active,,10.07,Commission,0.0175,
1252,Elizabeth Peterson,Ambassador,717.0,,,1794,2019-10-12 00:00:00,Terminated,2025-03-10 00:00:00,6.01,Commission,0.035,
1253,Daniel Green,Lead,717.0,,,1794,2016-06-24 00:00:00,Active,,9.31,Commission,0.06,
1254,Stephanie Stewart,Ambassador,717.0,,,1794,2024-03-23 00:00:00,Active,,1.57,Commission,0.025,
1255,Christopher Wright,Senior Ambassador,717.0,,,1794,2020-07-14 00:00:00,Terminated,2022-03-09 00:00:00,5.26,Commission,0.045,
1256,Brandon Clark,Senior Ambassador,713.0,,,1795,2022-02-10 00:00:00,Active,,3.68,Commission,0.04,
1257,Margaret Morales,Cashier,713.0,,,1795,2021-03-03 00:00:00,Active,,4.62,Commission,0.015,
1258,Mark Mitchell,Senior Ambassador,713.0,,,1795,2024-08-09 00:00:00,Terminated,2025-10-17 00:00:00,1.19,Commission,0.035,
1259,David Ramos,Cashier,713.0,,,1795,2025-05-19 00:00:00,Terminated,2025-08-11 00:00:00,0.41,Commission,0.01,
1260,Angela Williams,Ambassador,713.0,,,1795,2023-09-25 00:00:00,Active,,2.06,Commission,0.025,
1261,Patricia Anderson,Cashier,713.0,,,1795,2023-05-19 00:00:00,Terminated,2024-01-18 00:00:00,2.41,Commission,0.0125,
1262,Cynthia Thompson,Cashier,16.0,,,1796,2024-11-03 00:00:00,Active,,0.95,Commission,0.01,
1263,John Gutierrez,Cashier,16.0,,,1796,2025-06-09 00:00:00,Active,,0.35,Commission,0.01,
1264,William Rivera,Ambassador,16.0,,,1796,2025-03-09 00:00:00,Active,,0.61,Commission,0.02,
1265,Charles Nguyen,Cashier,16.0,,,1796,2022-11-26 00:00:00,Active,,2.89,Commission,0.0125,
1266,Joshua Jones,Cashier,16.0,,,1796,2022-10-01 00:00:00,Active,,3.04,Commission,0.015,
1267,Eric Hill,Cashier,16.0,,,1796,2021-06-18 00:00:00,Terminated,2025-03-24 00:00:00,4.33,Commission,0.015,
1268,Stephen Campbell,Cashier,16.0,,,1796,2020-09-07 00:00:00,Terminated,2024-12-04 00:00:00,5.11,Commission,0.0175,
1269,Brandon Nelson,Cashier,16.0,,,1796,2023-08-04 00:00:00,Active,,2.2,Commission,0.0125,
1270,Daniel Nguyen,Cashier,19.0,,,1797,2018-12-01 00:00:00,Active,,6.88,Commission,0.0175,
1271,Donald Hall,Ambassador,19.0,,,1797,2019-02-02 00:00:00,Active,,6.7,Commission,0.035,
1272,Eric Scott,Cashier,19.0,,,1797,2012-07-21 00:00:00,Active,,13.24,Commission,0.0175,
1273,Melissa Gutierrez,Cashier,19.0,,,1797,2020-03-14 00:00:00,Active,,5.59,Commission,0.0175,
1274,Carol Jackson,Cashier,19.0,,,1797,2017-02-26 00:00:00,Active,,8.64,Commission,0.0175,
1275,Michael Ward,Ambassador,19.0,,,1797,2014-04-13 00:00:00,Active,,11.51,Commission,0.035,
1276,Gary Adams,Cashier,19.0,,,1797,2020-02-08 00:00:00,Active,,5.69,Commission,0.0175,
1277,Susan Wright,Ambassador,869.0,,,1798,2025-06-04 00:00:00,Terminated,2025-06-27 00:00:00,0.37,Commission,0.02,
1278,Susan Lewis,Ambassador,869.0,,,1798,2024-04-11 00:00:00,Active,,1.51,Commission,0.025,
1279,Kimberly Nelson,Ambassador,869.0,,,1798,2014-08-02 00:00:00,Active,,11.21,Commission,0.035,
1280,Gary Robinson,Cashier,869.0,,,1798,2017-02-09 00:00:00,Active,,8.68,Commission,0.0175,
1281,George Wilson,Cashier,869.0,,,1798,2019-08-27 00:00:00,Terminated,2020-06-17 00:00:00,6.14,Commission,0.0175,
1282,John Kelly,Cashier,869.0,,,1798,2018-04-19 00:00:00,Active,,7.49,Commission,0.0175,
1283,Joshua Harris,Ambassador,869.0,,,1798,2019-08-21 00:00:00,Active,,6.16,Commission,0.035,
1284,Cynthia Flores,Cashier,669.0,,,1799,2016-07-10 00:00:00,Active,,9.27,Commission,0.0175,
1285,Amanda King,Cashier,669.0,,,1799,2017-11-24 00:00:00,Active,,7.89,Commission,0.0175,
1286,Angela Morris,Senior Ambassador,669.0,,,1799,2021-04-19 00:00:00,Active,,4.49,Commission,0.04,
1287,Larry Davis,Cashier,669.0,,,1799,2015-11-11 00:00:00,Terminated,2025-01-08 00:00:00,9.93,Commission,0.0175,
1288,Amanda Hernandez,Ambassador,669.0,,,1799,2022-06-22 00:00:00,Active,,3.32,Commission,0.03,
1289,Rebecca Flores,Ambassador,669.0,,,1799,2022-04-22 00:00:00,Active,,3.49,Commission,0.03,
1290,Sharon Lopez,Cashier,669.0,,,1799,2018-10-06 00:00:00,Active,,7.03,Commission,0.0175,
1291,Nicholas Reed,Senior Ambassador,669.0,,,1799,2014-11-04 00:00:00,Active,,10.95,Commission,0.045,
1292,Margaret Wright,Cashier,669.0,,,1799,2016-12-05 00:00:00,Active,,8.86,Commission,0.0175,
1293,Amy Morris,Cashier,669.0,,,1799,2017-01-12 00:00:00,Active,,8.76,Commission,0.0175,
1294,Amanda Martinez,Cashier,314.0,,,1800,2018-03-27 00:00:00,Active,,7.56,Commission,0.0175,
1295,Mark Baker,Ambassador,314.0,,,1800,2016-04-22 00:00:00,Terminated,2025-08-12 00:00:00,9.48,Commission,0.035,
1296,Thomas Davis,Ambassador,314.0,,,1800,2020-07-10 00:00:00,Active,,5.27,Commission,0.035,
1297,Sarah Gomez,Ambassador,314.0,,,1800,2019-12-20 00:00:00,Active,,5.82,Commission,0.035,
1298,Jennifer Martin,Ambassador,314.0,,,1800,2021-12-01 00:00:00,Active,,3.87,Commission,0.03,
1299,Jonathan Miller,Ambassador,314.0,,,1800,2016-06-03 00:00:00,Terminated,2025-07-05 00:00:00,9.37,Commission,0.035,
1300,Michael Diaz,Cashier,314.0,,,1800,2019-03-12 00:00:00,Active,,6.6,Commission,0.0175,
1301,Shirley Allen,Senior Ambassador,314.0,,,1800,2016-03-05 00:00:00,Active,,9.62,Commission,0.045,
1302,Nicole Gomez,Cashier,314.0,,,1800,2019-08-25 00:00:00,Active,,6.14,Commission,0.0175,
1303,Scott Cooper,Senior Ambassador,314.0,,,1800,2023-10-09 00:00:00,Active,,2.02,Commission,0.035,
1304,Larry Ortiz,Ambassador,440.0,,,1801,2022-04-22 00:00:00,Active,,3.49,Commission,0.03,
1305,Melissa Howard,Senior Ambassador,440.0,,,1801,2021-08-15 00:00:00,Active,,4.17,Commission,0.04,
1306,Laura Martin,Cashier,440.0,,,1801,2022-09-30 00:00:00,Active,,3.04,Commission,0.015,
1307,Charles Peterson,Ambassador,440.0,,,1801,2021-03-16 00:00:00,Terminated,2023-12-20 00:00:00,4.59,Commission,0.03,
1308,Mark Kim,Ambassador,440.0,,,1801,2024-01-01 00:00:00,Active,,1.79,Commission,0.025,
1309,Anna Stewart,Ambassador,440.0,,,1801,2020-05-02 00:00:00,Active,,5.46,Commission,0.035,
1310,Linda Lewis,Lead,440.0,,,1801,2018-11-15 00:00:00,Terminated,2024-02-19 00:00:00,6.92,Commission,0.06,
1311,Richard Rogers,Cashier,440.0,,,1801,2018-09-26 00:00:00,Active,,7.06,Commission,0.0175,
1312,Jacob Smith,Cashier,440.0,,,1801,2022-11-13 00:00:00,Active,,2.92,Commission,0.0125,
1313,Jason Morgan,Cashier,440.0,,,1801,2023-07-21 00:00:00,Terminated,2024-01-28 00:00:00,2.24,Commission,0.0125,
1314,Kenneth Rivera,Cashier,440.0,,,1801,2024-03-15 00:00:00,Terminated,2025-04-06 00:00:00,1.59,Commission,0.0125,
1315,Ashley Hernandez,Cashier,440.0,,,1801,2023-12-27 00:00:00,Active,,1.8,Commission,0.0125,
1316,Pamela Torres,Cashier,455.0,,,1802,2021-07-24 00:00:00,Active,,4.23,Commission,0.015,
1317,Nancy Davis,Cashier,455.0,,,1802,2023-08-31 00:00:00,Active,,2.13,Commission,0.0125,
1318,Linda Phillips,Senior Ambassador,455.0,,,1802,2020-06-26 00:00:00,Active,,5.31,Commission,0.045,
1319,Laura Gonzalez,Ambassador,455.0,,,1802,2022-04-29 00:00:00,Terminated,2025-02-10 00:00:00,3.47,Commission,0.03,
1320,Betty Brown,Cashier,455.0,,,1802,2025-01-02 00:00:00,Active,,0.79,Commission,0.01,
1321,Nicole Scott,Cashier,455.0,,,1802,2021-05-02 00:00:00,Terminated,2022-06-22 00:00:00,4.46,Commission,0.015,
1322,Margaret Evans,Ambassador,455.0,,,1802,2022-01-21 00:00:00,Terminated,2023-07-27 00:00:00,3.73,Commission,0.03,
1323,Donna Campbell,Ambassador,455.0,,,1802,2025-02-02 00:00:00,Active,,0.7,Commission,0.02,
1324,Justin Cooper,Cashier,455.0,,,1802,2020-10-09 00:00:00,Active,,5.02,Commission,0.0175,
1325,Stephen Turner,Ambassador,455.0,,,1802,2023-06-29 00:00:00,Active,,2.3,Commission,0.025,
1326,Kevin Cook,Cashier,661.0,,,1803,2025-07-29 00:00:00,Active,,0.22,Commission,0.01,
1327,Nicole Gonzalez,Cashier,661.0,,,1803,2020-07-14 00:00:00,Active,,5.26,Commission,0.0175,
1328,Stephen Harris,Ambassador,661.0,,,1803,2021-04-01 00:00:00,Active,,4.54,Commission,0.03,
1329,Deborah Scott,Cashier,661.0,,,1803,2018-07-25 00:00:00,Active,,7.23,Commission,0.0175,
1330,Eric Phillips,Cashier,661.0,,,1803,2025-05-12 00:00:00,Active,,0.43,Commission,0.01,
1331,Charles Green,Cashier,661.0,,,1803,2022-02-01 00:00:00,Active,,3.7,Commission,0.015,
1332,Kevin Scott,Cashier,922.0,,,1804,2020-11-27 00:00:00,Active,,4.88,Commission,0.015,
1333,Jacob Lewis,Cashier,922.0,,,1804,2021-07-06 00:00:00,Active,,4.28,Commission,0.015,
1334,John Rodriguez,Ambassador,922.0,,,1804,2021-08-28 00:00:00,Active,,4.13,Commission,0.03,
1335,Kenneth Kim,Ambassador,922.0,,,1804,2020-09-19 00:00:00,Terminated,2023-01-19 00:00:00,5.07,Commission,0.035,
1336,Joseph Cooper,Senior Ambassador,922.0,,,1804,2017-06-17 00:00:00,Terminated,2024-10-31 00:00:00,8.33,Commission,0.045,
1337,Gary Reyes,Ambassador,922.0,,,1804,2025-01-12 00:00:00,Terminated,2025-09-20 00:00:00,0.76,Commission,0.02,
1338,Sharon Mitchell,Ambassador,922.0,,,1804,2020-11-30 00:00:00,Active,,4.88,Commission,0.03,
1339,Robert Peterson,Lead,922.0,,,1804,2017-03-28 00:00:00,Terminated,2025-07-11 00:00:00,8.55,Commission,0.06,
1340,Karen Wright,Ambassador,659.0,,,1805,2021-06-16 00:00:00,Active,,4.33,Commission,0.03,
1341,James Campbell,Cashier,659.0,,,1805,2025-09-07 00:00:00,Active,,0.11,Commission,0.01,
1342,Donald Torres,Lead,659.0,,,1805,2022-06-20 00:00:00,Active,,3.32,Commission,0.05,
1343,Sharon Harris,Senior Ambassador,659.0,,,1805,2022-09-21 00:00:00,Active,,3.07,Commission,0.04,
1344,Patricia Sanchez,Cashier,659.0,,,1805,2024-03-03 00:00:00,Active,,1.62,Commission,0.0125,
1345,Larry Garcia,Cashier,659.0,,,1805,2024-04-10 00:00:00,Terminated,2024-06-28 00:00:00,1.52,Commission,0.0125,
1346,Anna Harris,Cashier,659.0,,,1805,2025-03-14 00:00:00,Active,,0.59,Commission,0.01,
1347,Brandon Stewart,Ambassador,58.0,,,1806,2021-11-15 00:00:00,Terminated,2024-06-05 00:00:00,3.92,Commission,0.03,
1348,Charles Smith,Ambassador,58.0,,,1806,2024-09-23 00:00:00,Active,,1.06,Commission,0.025,
1349,Amanda Thomas,Ambassador,58.0,,,1806,2023-08-15 00:00:00,Active,,2.17,Commission,0.025,
1350,Christopher Martin,Ambassador,58.0,,,1806,2025-02-18 00:00:00,Active,,0.66,Commission,0.02,
1351,Michael Lee,Cashier,58.0,,,1806,2023-12-28 00:00:00,Terminated,2025-07-27 00:00:00,1.8,Commission,0.0125,
1352,Andrew Hill,Ambassador,58.0,,,1806,2023-05-17 00:00:00,Active,,2.42,Commission,0.025,
1353,Scott Cox,Senior Ambassador,327.0,,,1807,2019-12-15 00:00:00,Terminated,2021-07-23 00:00:00,5.84,Commission,0.045,
1354,Ronald Torres,Cashier,327.0,,,1807,2023-03-24 00:00:00,Active,,2.57,Commission,0.0125,
1355,Barbara Torres,Ambassador,327.0,,,1807,2023-01-04 00:00:00,Active,,2.78,Commission,0.025,
1356,Ryan Mitchell,Cashier,327.0,,,1807,2018-07-11 00:00:00,Active,,7.27,Commission,0.0175,
1357,Nancy Ramos,Cashier,327.0,,,1807,2023-09-24 00:00:00,Terminated,2025-04-04 00:00:00,2.06,Commission,0.0125,
1358,Kimberly Nguyen,Ambassador,327.0,,,1807,2018-09-13 00:00:00,Active,,7.09,Commission,0.035,
1359,Timothy Nelson,Cashier,327.0,,,1807,2019-11-17 00:00:00,Active,,5.91,Commission,0.0175,
1360,Mark Reed,Cashier,958.0,,,1808,2020-08-16 00:00:00,Active,,5.17,Commission,0.0175,
1361,Christopher Collins,Ambassador,958.0,,,1808,2018-03-15 00:00:00,Active,,7.59,Commission,0.035,
1362,Barbara Reed,Ambassador,958.0,,,1808,2020-11-26 00:00:00,Terminated,2021-02-18 00:00:00,4.89,Commission,0.03,
1363,Mary Evans,Ambassador,958.0,,,1808,2018-08-14 00:00:00,Terminated,2019-09-22 00:00:00,7.17,Commission,0.035,
1364,Emma Carter,Ambassador,958.0,,,1808,2025-05-19 00:00:00,Active,,0.41,Commission,0.02,
1365,Emily Ward,Cashier,958.0,,,1808,2024-04-28 00:00:00,Active,,1.47,Commission,0.0125,
1366,James Kim,Ambassador,958.0,,,1808,2020-02-08 00:00:00,Active,,5.69,Commission,0.035,
1367,Pamela Ortiz,Lead,958.0,,,1808,2018-07-30 00:00:00,Active,,7.21,Commission,0.06,
1368,Karen Flores,Lead,958.0,,,1808,2020-10-05 00:00:00,Active,,5.03,Commission,0.06,
1369,Jeffrey King,Cashier,129.0,,,1809,2022-05-25 00:00:00,Active,,3.4,Commission,0.015,
1370,Nicole Evans,Ambassador,129.0,,,1809,2018-12-21 00:00:00,Active,,6.82,Commission,0.035,
1371,Elizabeth Rogers,Lead,129.0,,,1809,2015-08-26 00:00:00,Active,,10.14,Commission,0.06,
1372,Gary Harris,Ambassador,129.0,,,1809,2019-07-20 00:00:00,Terminated,2025-01-30 00:00:00,6.24,Commission,0.035,
1373,Carol Scott,Ambassador,129.0,,,1809,2021-06-30 00:00:00,Active,,4.3,Commission,0.03,
1374,Pamela Anderson,Ambassador,129.0,,,1809,2022-10-11 00:00:00,Active,,3.01,Commission,0.03,
1375,Jonathan Johnson,Ambassador,129.0,,,1809,2016-07-09 00:00:00,Terminated,2018-07-14 00:00:00,9.27,Commission,0.035,
1376,Betty King,Senior Ambassador,129.0,,,1809,2016-01-28 00:00:00,Active,,9.72,Commission,0.045,
1377,John Parker,Ambassador,129.0,,,1809,2016-06-10 00:00:00,Terminated,2017-03-21 00:00:00,9.35,Commission,0.035,
1378,Joseph Roberts,Lead,960.0,,,1810,2019-05-05 00:00:00,Active,,6.45,Commission,0.06,
1379,Helen Gonzalez,Ambassador,960.0,,,1810,2023-03-10 00:00:00,Terminated,2024-04-04 00:00:00,2.6,Commission,0.025,
1380,Melissa Hill,Cashier,960.0,,,1810,2022-03-16 00:00:00,Active,,3.59,Commission,0.015,
1381,Daniel Lee,Lead,960.0,,,1810,2017-02-02 00:00:00,Active,,8.7,Commission,0.06,
1382,Kimberly Hernandez,Ambassador,960.0,,,1810,2020-03-12 00:00:00,Active,,5.6,Commission,0.035,
1383,Paul Sanchez,Cashier,960.0,,,1810,2013-06-01 00:00:00,Active,,12.38,Commission,0.0175,
1384,Rebecca Brown,Ambassador,960.0,,,1810,2016-12-06 00:00:00,Active,,8.86,Commission,0.035,
1385,Dorothy Ward,Cashier,960.0,,,1810,2025-02-28 00:00:00,Terminated,2025-07-24 00:00:00,0.63,Commission,0.01,
1386,Scott Peterson,Cashier,960.0,,,1810,2021-12-12 00:00:00,Active,,3.84,Commission,0.015,
1387,Jonathan Brown,Cashier,893.0,,,1811,2025-03-20 00:00:00,Terminated,2025-07-03 00:00:00,0.58,Commission,0.01,
1388,Betty Green,Cashier,893.0,,,1811,2019-04-08 00:00:00,Active,,6.52,Commission,0.0175,
1389,Joshua Gutierrez,Ambassador,893.0,,,1811,2020-08-27 00:00:00,Terminated,2025-08-08 00:00:00,5.14,Commission,0.035,
1390,Amy Carter,Cashier,893.0,,,1811,2019-10-29 00:00:00,Active,,5.97,Commission,0.0175,
1391,Amy Campbell,Cashier,893.0,,,1811,2023-07-31 00:00:00,Terminated,2025-04-01 00:00:00,2.21,Commission,0.0125,
1392,Anna Garcia,Senior Ambassador,893.0,,,1811,2016-06-13 00:00:00,Active,,9.34,Commission,0.045,
1393,Kimberly Diaz,Cashier,893.0,,,1811,2025-04-22 00:00:00,Active,,0.49,Commission,0.01,
1394,Stephanie Scott,Cashier,893.0,,,1811,2018-07-25 00:00:00,Active,,7.23,Commission,0.0175,
1395,Margaret Martin,Cashier,893.0,,,1811,2015-02-14 00:00:00,Active,,10.67,Commission,0.0175,
1396,Thomas Rodriguez,Cashier,436.0,,,1812,2021-12-19 00:00:00,Active,,3.83,Commission,0.015,
1397,Stephen King,Cashier,436.0,,,1812,2018-11-22 00:00:00,Active,,6.9,Commission,0.0175,
1398,Emily Perez,Ambassador,436.0,,,1812,2023-04-05 00:00:00,Active,,2.53,Commission,0.025,
1399,Stephen Thompson,Cashier,436.0,,,1812,2023-03-28 00:00:00,Terminated,2025-02-15 00:00:00,2.55,Commission,0.0125,
1400,Deborah Diaz,Cashier,436.0,,,1812,2020-05-22 00:00:00,Terminated,2021-09-15 00:00:00,5.4,Commission,0.0175,
1401,Matthew Miller,Ambassador,436.0,,,1812,2017-07-17 00:00:00,Terminated,2021-04-23 00:00:00,8.25,Commission,0.035,
1402,John Turner,Cashier,296.0,,,1813,2017-04-15 00:00:00,Active,,8.5,Commission,0.0175,
1403,Kathleen Gomez,Lead,296.0,,,1813,2019-10-30 00:00:00,Active,,5.96,Commission,0.06,
1404,Kimberly Lee,Cashier,296.0,,,1813,2016-09-01 00:00:00,Terminated,2022-11-10 00:00:00,9.12,Commission,0.0175,
1405,Daniel Diaz,Cashier,296.0,,,1813,2018-02-02 00:00:00,Active,,7.7,Commission,0.0175,
1406,Donald Davis,Ambassador,296.0,,,1813,2018-05-13 00:00:00,Active,,7.43,Commission,0.035,
1407,Joseph Anderson,Ambassador,296.0,,,1813,2018-08-08 00:00:00,Terminated,2022-04-23 00:00:00,7.19,Commission,0.035,
1408,Shirley Bailey,Cashier,296.0,,,1813,2019-07-02 00:00:00,Active,,6.29,Commission,0.0175,
1409,Donald Morales,Cashier,296.0,,,1813,2018-09-27 00:00:00,Active,,7.05,Commission,0.0175,
1410,James Baker,Cashier,296.0,,,1813,2023-09-09 00:00:00,Active,,2.1,Commission,0.0125,
1411,Carol Evans,Senior Ambassador,611.0,,,1814,2014-02-01 00:00:00,Active,,11.7,Commission,0.045,
1412,Joseph Cook,Cashier,611.0,,,1814,2022-12-07 00:00:00,Active,,2.86,Commission,0.0125,
1413,Brenda Parker,Senior Ambassador,611.0,,,1814,2023-06-22 00:00:00,Terminated,2024-09-05 00:00:00,2.32,Commission,0.035,
1414,Anthony Evans,Cashier,611.0,,,1814,2018-03-22 00:00:00,Terminated,2025-07-26 00:00:00,7.57,Commission,0.0175,
1415,Angela Cooper,Ambassador,611.0,,,1814,2023-03-21 00:00:00,Terminated,2024-01-08 00:00:00,2.57,Commission,0.025,
1416,Barbara Lopez,Ambassador,611.0,,,1814,2014-06-22 00:00:00,Active,,11.32,Commission,0.035,
1417,Andrew Jackson,Cashier,611.0,,,1814,2017-10-16 00:00:00,Active,,8.0,Commission,0.0175,
1418,Nicholas Peterson,Ambassador,611.0,,,1814,2019-08-10 00:00:00,Active,,6.19,Commission,0.035,
1419,Christopher Anderson,Cashier,611.0,,,1814,2017-10-31 00:00:00,Active,,7.96,Commission,0.0175,
1420,Nicholas Ortiz,Cashier,438.0,,,1815,2024-02-23 00:00:00,Active,,1.65,Commission,0.0125,
1421,Carol Allen,Cashier,438.0,,,1815,2024-11-23 00:00:00,Terminated,2025-03-28 00:00:00,0.9,Commission,0.01,
1422,Sarah Wilson,Ambassador,438.0,,,1815,2025-07-26 00:00:00,Active,,0.22,Commission,0.02,
1423,Jennifer Brown,Cashier,438.0,,,1815,2025-03-12 00:00:00,Terminated,2025-05-01 00:00:00,0.6,Commission,0.01,
1424,Jason Rogers,Lead,438.0,,,1815,2020-10-11 00:00:00,Active,,5.01,Commission,0.06,
1425,Patricia Clark,Cashier,438.0,,,1815,2023-08-09 00:00:00,Terminated,2025-05-21 00:00:00,2.19,Commission,0.0125,
1426,Margaret Phillips,Ambassador,438.0,,,1815,2018-08-02 00:00:00,Active,,7.21,Commission,0.035,
1427,Brandon Young,Cashier,438.0,,,1815,2022-07-20 00:00:00,Active,,3.24,Commission,0.015,
1428,Ryan Turner,Cashier,438.0,,,1815,2023-06-09 00:00:00,Terminated,2025-05-14 00:00:00,2.36,Commission,0.0125,
1429,Mary Ramirez,Cashier,355.0,,,1816,2021-06-10 00:00:00,Active,,4.35,Commission,0.015,
1430,Laura Roberts,Ambassador,355.0,,,1816,2016-01-10 00:00:00,Active,,9.77,Commission,0.035,
1431,Kimberly Gonzalez,Cashier,355.0,,,1816,2017-05-26 00:00:00,Active,,8.39,Commission,0.0175,
1432,Amy Williams,Senior Ambassador,355.0,,,1816,2019-08-27 00:00:00,Active,,6.14,Commission,0.045,
1433,Patricia Stewart,Senior Ambassador,355.0,,,1816,2013-09-11 00:00:00,Active,,12.1,Commission,0.045,
1434,Thomas Johnson,Cashier,355.0,,,1816,2014-04-05 00:00:00,Active,,11.53,Commission,0.0175,
1435,Kenneth Johnson,Ambassador,355.0,,,1816,2021-07-13 00:00:00,Active,,4.26,Commission,0.03,
1436,Linda Howard,Ambassador,355.0,,,1816,2015-12-03 00:00:00,Terminated,2018-05-26 00:00:00,9.87,Commission,0.035,
1437,Stephanie Wilson,Ambassador,819.0,,,1817,2025-01-09 00:00:00,Terminated,2025-05-26 00:00:00,0.77,Commission,0.02,
1438,Amanda Reyes,Ambassador,819.0,,,1817,2021-10-27 00:00:00,Active,,3.97,Commission,0.03,
1439,Helen Edwards,Cashier,819.0,,,1817,2023-01-17 00:00:00,Active,,2.75,Commission,0.0125,
1440,Patricia Campbell,Ambassador,819.0,,,1817,2015-10-18 00:00:00,Active,,10.0,Commission,0.035,
1441,Brandon King,Ambassador,819.0,,,1817,2023-09-16 00:00:00,Active,,2.08,Commission,0.025,
1442,Brandon Reed,Cashier,813.0,,,1818,2022-04-28 00:00:00,Terminated,2024-09-13 00:00:00,3.47,Commission,0.015,
1443,John Garcia,Cashier,813.0,,,1818,2022-01-06 00:00:00,Active,,3.78,Commission,0.015,
1444,Emily Anderson,Cashier,813.0,,,1818,2022-05-30 00:00:00,Active,,3.38,Commission,0.015,
1445,Timothy Jones,Cashier,813.0,,,1818,2019-01-02 00:00:00,Active,,6.79,Commission,0.0175,
1446,Margaret Thomas,Ambassador,813.0,,,1818,2023-04-14 00:00:00,Active,,2.51,Commission,0.025,
1447,Mark Evans,Ambassador,813.0,,,1818,2021-05-15 00:00:00,Active,,4.42,Commission,0.03,
1448,Eric Evans,Cashier,705.0,,,1819,2025-01-05 00:00:00,Active,,0.78,Commission,0.01,
1449,Pamela Sanchez,Ambassador,705.0,,,1819,2020-10-17 00:00:00,Terminated,2022-10-30 00:00:00,5.0,Commission,0.035,
1450,Mark Morris,Lead,705.0,,,1819,2021-07-26 00:00:00,Active,,4.22,Commission,0.05,
1451,Emma Richardson,Cashier,705.0,,,1819,2020-11-13 00:00:00,Active,,4.92,Commission,0.015,
1452,Michelle Cruz,Ambassador,705.0,,,1819,2022-07-15 00:00:00,Terminated,2023-04-28 00:00:00,3.26,Commission,0.03,
1453,Rebecca Wright,Ambassador,705.0,,,1819,2022-08-22 00:00:00,Active,,3.15,Commission,0.03,
1454,Jason Lopez,Cashier,555.0,,,1820,2025-06-26 00:00:00,Active,,0.31,Commission,0.01,
1455,Donald Clark,Cashier,555.0,,,1820,2016-01-12 00:00:00,Active,,9.76,Commission,0.0175,
1456,Charles Young,Cashier,555.0,,,1820,2020-11-07 00:00:00,Terminated,2024-10-09 00:00:00,4.94,Commission,0.015,
1457,Donna Turner,Senior Ambassador,555.0,,,1820,2016-11-18 00:00:00,Active,,8.91,Commission,0.045,
1458,Sandra Gutierrez,Cashier,555.0,,,1820,2025-02-03 00:00:00,Terminated,2025-08-27 00:00:00,0.7,Commission,0.01,
1459,Helen Morgan,Cashier,555.0,,,1820,2022-04-14 00:00:00,Active,,3.51,Commission,0.015,
1460,Ashley Hill,Cashier,555.0,,,1820,2018-09-12 00:00:00,Active,,7.09,Commission,0.0175,
1461,Ryan Adams,Ambassador,555.0,,,1820,2021-04-21 00:00:00,Active,,4.49,Commission,0.03,
1462,Carol Cooper,Cashier,70.0,,,1821,2022-07-19 00:00:00,Terminated,2023-03-11 00:00:00,3.24,Commission,0.015,
1463,Brian Green,Cashier,70.0,,,1821,2023-06-03 00:00:00,Active,,2.37,Commission,0.0125,
1464,Mark Morales,Senior Ambassador,70.0,,,1821,2016-09-19 00:00:00,Active,,9.07,Commission,0.045,
1465,Kimberly Anderson,Lead,70.0,,,1821,2017-02-24 00:00:00,Active,,8.64,Commission,0.06,
1466,Amy Jones,Senior Ambassador,70.0,,,1821,2013-05-21 00:00:00,Active,,12.41,Commission,0.045,
1467,Jason Sanchez,Ambassador,70.0,,,1821,2015-05-20 00:00:00,Terminated,2022-07-14 00:00:00,10.41,Commission,0.035,
1468,Amy Young,Senior Ambassador,70.0,,,1821,2015-12-02 00:00:00,Active,,9.87,Commission,0.045,
1469,Matthew Gomez,Cashier,70.0,,,1821,2021-04-21 00:00:00,Active,,4.49,Commission,0.015,
1470,Edward Reyes,Cashier,70.0,,,1821,2018-07-21 00:00:00,Terminated,2023-03-25 00:00:00,7.24,Commission,0.0175,
1471,Kathleen Reyes,Ambassador,70.0,,,1821,2021-02-05 00:00:00,Active,,4.69,Commission,0.03,
1472,Nicole Wilson,Senior Ambassador,945.0,,,1822,2018-10-21 00:00:00,Active,,6.99,Commission,0.045,
1473,Nicholas Williams,Ambassador,945.0,,,1822,2021-07-21 00:00:00,Active,,4.24,Commission,0.03,
1474,Jeffrey Allen,Ambassador,945.0,,,1822,2021-09-16 00:00:00,Active,,4.08,Commission,0.03,
1475,Justin Peterson,Cashier,945.0,,,1822,2020-01-23 00:00:00,Active,,5.73,Commission,0.0175,
1476,Ronald Gonzalez,Senior Ambassador,945.0,,,1822,2021-10-28 00:00:00,Terminated,2023-04-21 00:00:00,3.97,Commission,0.04,
1477,Timothy White,Cashier,945.0,,,1822,2022-11-13 00:00:00,Terminated,2024-12-10 00:00:00,2.92,Commission,0.0125,
1478,Linda Wright,Senior Ambassador,945.0,,,1822,2024-05-18 00:00:00,Active,,1.41,Commission,0.035,
1479,Mary Gutierrez,Cashier,945.0,,,1822,2022-09-06 00:00:00,Active,,3.11,Commission,0.015,
1480,Stephanie Sanchez,Senior Ambassador,945.0,,,1822,2024-02-15 00:00:00,Active,,1.67,Commission,0.035,
1481,Patricia Richardson,Cashier,945.0,,,1822,2022-10-09 00:00:00,Active,,3.02,Commission,0.015,
1482,Daniel Allen,Ambassador,945.0,,,1822,2020-10-04 00:00:00,Active,,5.03,Commission,0.035,
1483,Stephanie Roberts,Lead,908.0,,,1823,2020-11-12 00:00:00,Active,,4.93,Commission,0.05,
1484,Patricia Turner,Cashier,908.0,,,1823,2020-12-26 00:00:00,Active,,4.81,Commission,0.015,
1485,Susan Garcia,Ambassador,908.0,,,1823,2022-08-28 00:00:00,Active,,3.14,Commission,0.03,
1486,Betty Bailey,Cashier,908.0,,,1823,2021-11-12 00:00:00,Active,,3.93,Commission,0.015,
1487,Eric Morgan,Cashier,908.0,,,1823,2025-01-26 00:00:00,Active,,0.72,Commission,0.01,
1488,Emma Nguyen,Ambassador,102.0,,,1824,2021-07-16 00:00:00,Active,,4.25,Commission,0.03,
1489,Matthew Lopez,Ambassador,102.0,,,1824,2024-01-25 00:00:00,Terminated,2024-03-01 00:00:00,1.73,Commission,0.025,
1490,Mary Jackson,Ambassador,102.0,,,1824,2022-12-22 00:00:00,Active,,2.82,Commission,0.025,
1491,Angela Roberts,Senior Ambassador,102.0,,,1824,2022-06-17 00:00:00,Active,,3.33,Commission,0.04,
1492,Lisa Kim,Cashier,102.0,,,1824,2025-07-10 00:00:00,Active,,0.27,Commission,0.01,
1493,Sharon Martinez,Cashier,102.0,,,1824,2016-09-05 00:00:00,Active,,9.11,Commission,0.0175,
1494,Linda Wilson,Ambassador,102.0,,,1824,2020-06-16 00:00:00,Terminated,2023-09-04 00:00:00,5.33,Commission,0.035,
1495,David Scott,Cashier,409.0,,,1825,2025-01-11 00:00:00,Terminated,2025-01-11 00:00:00,0.76,Commission,0.01,
1496,Edward Ward,Ambassador,409.0,,,1825,2021-05-26 00:00:00,Terminated,2022-07-18 00:00:00,4.39,Commission,0.03,
1497,Richard Hill,Cashier,409.0,,,1825,2024-01-10 00:00:00,Active,,1.77,Commission,0.0125,
1498,Elizabeth Jones,Ambassador,409.0,,,1825,2020-08-29 00:00:00,Active,,5.13,Commission,0.035,
1499,Jonathan Cooper,Ambassador,409.0,,,1825,2025-01-15 00:00:00,Active,,0.75,Commission,0.02,
1500,Michael Allen,Ambassador,409.0,,,1825,2024-08-12 00:00:00,Active,,1.18,Commission,0.025,
1501,Scott Harris,Cashier,523.0,,,1826,2017-07-04 00:00:00,Active,,8.29,Commission,0.0175,
1502,Helen Young,Ambassador,523.0,,,1826,2021-01-28 00:00:00,Active,,4.72,Commission,0.03,
1503,Sharon Baker,Lead,523.0,,,1826,2018-12-01 00:00:00,Active,,6.88,Commission,0.06,
1504,Donald Reed,Ambassador,523.0,,,1826,2016-07-02 00:00:00,Active,,9.29,Commission,0.035,
1505,Margaret Cooper,Senior Ambassador,523.0,,,1826,2023-03-04 00:00:00,Active,,2.62,Commission,0.035,
1506,Ryan Edwards,Senior Ambassador,523.0,,,1826,2018-03-08 00:00:00,Active,,7.61,Commission,0.045,
1507,Mark Peterson,Cashier,523.0,,,1826,2021-08-23 00:00:00,Active,,4.15,Commission,0.015,
1508,Daniel Howard,Cashier,523.0,,,1826,2023-03-12 00:00:00,Terminated,2023-05-05 00:00:00,2.6,Commission,0.0125,
1509,Mary Ward,Ambassador,212.0,,,1827,2021-11-28 00:00:00,Active,,3.88,Commission,0.03,
1510,Emma Rogers,Cashier,212.0,,,1827,2023-02-16 00:00:00,Terminated,2023-09-18 00:00:00,2.66,Commission,0.0125,
1511,Steven Young,Cashier,212.0,,,1827,2025-09-18 00:00:00,Active,,0.08,Commission,0.01,
1512,Amanda Robinson,Cashier,212.0,,,1827,2021-11-07 00:00:00,Active,,3.94,Commission,0.015,
1513,Richard Phillips,Cashier,212.0,,,1827,2024-10-17 00:00:00,Active,,1.0,Commission,0.0125,
1514,Linda Turner,Cashier,212.0,,,1827,2025-04-06 00:00:00,Active,,0.53,Commission,0.01,
1515,William Thompson,Cashier,212.0,,,1827,2025-08-11 00:00:00,Active,,0.18,Commission,0.01,
1516,Richard Davis,Ambassador,212.0,,,1827,2020-02-18 00:00:00,Active,,5.66,Commission,0.035,
1517,Paul Morgan,Cashier,212.0,,,1827,2022-01-27 00:00:00,Active,,3.72,Commission,0.015,
1518,Eric Rogers,Cashier,212.0,,,1827,2025-02-06 00:00:00,Active,,0.69,Commission,0.01,
1519,Jennifer Bailey,Ambassador,212.0,,,1827,2024-07-27 00:00:00,Active,,1.22,Commission,0.025,
1520,Emily Stewart,Ambassador,531.0,,,1828,2020-08-12 00:00:00,Active,,5.18,Commission,0.035,
1521,Cynthia Green,Cashier,531.0,,,1828,2017-03-23 00:00:00,Active,,8.57,Commission,0.0175,
1522,Christopher Ortiz,Cashier,531.0,,,1828,2021-03-05 00:00:00,Active,,4.62,Commission,0.015,
1523,Amy Kelly,Senior Ambassador,531.0,,,1828,2020-06-23 00:00:00,Terminated,2021-06-09 00:00:00,5.31,Commission,0.045,
1524,Ryan Davis,Ambassador,531.0,,,1828,2024-10-31 00:00:00,Active,,0.96,Commission,0.02,
1525,Stephen Allen,Ambassador,531.0,,,1828,2024-11-23 00:00:00,Terminated,2025-04-03 00:00:00,0.9,Commission,0.02,
1526,William Lewis,Cashier,50.0,,,1829,2021-07-02 00:00:00,Active,,4.29,Commission,0.015,
1527,Dorothy Ramirez,Lead,50.0,,,1829,2014-03-08 00:00:00,Active,,11.61,Commission,0.06,
1528,Anthony Thompson,Senior Ambassador,50.0,,,1829,2021-09-24 00:00:00,Active,,4.06,Commission,0.04,
1529,Anthony Kelly,Ambassador,50.0,,,1829,2021-10-29 00:00:00,Active,,3.96,Commission,0.03,
1530,Emily Thomas,Cashier,50.0,,,1829,2015-07-29 00:00:00,Active,,10.22,Commission,0.0175,
1531,Edward Gomez,Cashier,50.0,,,1829,2025-02-13 00:00:00,Terminated,2025-05-15 00:00:00,0.67,Commission,0.01,
1532,Jennifer Collins,Ambassador,50.0,,,1829,2022-10-17 00:00:00,Terminated,2024-02-19 00:00:00,3.0,Commission,0.03,
1533,Ronald Bailey,Cashier,50.0,,,1829,2024-04-02 00:00:00,Active,,1.54,Commission,0.0125,
1534,Mary Collins,Lead,50.0,,,1829,2018-10-03 00:00:00,Active,,7.04,Commission,0.06,
1535,Gary Collins,Ambassador,50.0,,,1829,2018-04-24 00:00:00,Active,,7.48,Commission,0.035,
1536,Susan Clark,Cashier,50.0,,,1829,2021-09-03 00:00:00,Terminated,2025-01-16 00:00:00,4.12,Commission,0.015,
1537,Pamela Lewis,Ambassador,984.0,,,1830,2023-08-26 00:00:00,Active,,2.14,Commission,0.025,
1538,Stephanie Howard,Cashier,984.0,,,1830,2022-08-06 00:00:00,Terminated,2023-05-10 00:00:00,3.2,Commission,0.015,
1539,Jacob Garcia,Ambassador,984.0,,,1830,2021-09-18 00:00:00,Active,,4.08,Commission,0.03,
1540,Donna Ward,Cashier,984.0,,,1830,2024-01-03 00:00:00,Terminated,2025-03-30 00:00:00,1.79,Commission,0.0125,
1541,Amanda White,Ambassador,984.0,,,1830,2024-07-26 00:00:00,Active,,1.22,Commission,0.025,
1542,Barbara Jackson,Senior Ambassador,360.0,,,1831,2022-12-06 00:00:00,Active,,2.86,Commission,0.035,
1543,Justin Flores,Ambassador,360.0,,,1831,2015-08-12 00:00:00,Terminated,2017-10-02 00:00:00,10.18,Commission,0.035,
1544,Michelle Parker,Cashier,360.0,,,1831,2020-09-23 00:00:00,Active,,5.06,Commission,0.0175,
1545,Jessica Johnson,Cashier,360.0,,,1831,2024-09-13 00:00:00,Active,,1.09,Commission,0.0125,
1546,Kevin Robinson,Lead,360.0,,,1831,2018-07-01 00:00:00,Active,,7.29,Commission,0.06,
1547,Jessica Allen,Senior Ambassador,360.0,,,1831,2017-02-15 00:00:00,Terminated,2024-04-11 00:00:00,8.67,Commission,0.045,
1548,Linda Smith,Ambassador,360.0,,,1831,2021-07-21 00:00:00,Active,,4.24,Commission,0.03,
1549,Stephanie Taylor,Cashier,360.0,,,1831,2025-07-27 00:00:00,Active,,0.22,Commission,0.01,
1550,David White,Ambassador,360.0,,,1831,2022-05-17 00:00:00,Active,,3.42,Commission,0.03,
1551,Emily Nguyen,Senior Ambassador,360.0,,,1831,2017-06-12 00:00:00,Active,,8.35,Commission,0.045,
1552,Jessica Stewart,Cashier,360.0,,,1831,2024-01-20 00:00:00,Active,,1.74,Commission,0.0125,
1553,Amanda Davis,Cashier,926.0,,,1832,2022-02-15 00:00:00,Terminated,2022-10-31 00:00:00,3.67,Commission,0.015,
1554,Charles Gutierrez,Senior Ambassador,926.0,,,1832,2022-02-27 00:00:00,Terminated,2025-04-24 00:00:00,3.63,Commission,0.04,
1555,Dorothy Mitchell,Cashier,926.0,,,1832,2016-07-03 00:00:00,Active,,9.29,Commission,0.0175,
1556,Jacob Kim,Ambassador,926.0,,,1832,2015-09-23 00:00:00,Active,,10.06,Commission,0.035,
1557,Brandon Parker,Cashier,926.0,,,1832,2017-06-08 00:00:00,Active,,8.36,Commission,0.0175,
1558,Elizabeth Scott,Senior Ambassador,926.0,,,1832,2024-08-03 00:00:00,Active,,1.2,Commission,0.035,
1559,Steven Collins,Cashier,316.0,,,1833,2020-04-21 00:00:00,Active,,5.49,Commission,0.0175,
1560,Laura Rodriguez,Cashier,316.0,,,1833,2021-01-31 00:00:00,Active,,4.71,Commission,0.015,
1561,Pamela Nguyen,Cashier,316.0,,,1833,2021-11-29 00:00:00,Terminated,2023-03-29 00:00:00,3.88,Commission,0.015,
1562,William Hernandez,Cashier,316.0,,,1833,2022-06-14 00:00:00,Active,,3.34,Commission,0.015,
1563,Ronald Cox,Senior Ambassador,316.0,,,1833,2024-05-21 00:00:00,Active,,1.4,Commission,0.035,
1564,Jason Cox,Cashier,316.0,,,1833,2025-02-02 00:00:00,Terminated,2025-04-10 00:00:00,0.7,Commission,0.01,
1565,Brenda Bailey,Ambassador,814.0,,,1834,2024-07-31 00:00:00,Active,,1.21,Commission,0.025,
1566,James Gutierrez,Cashier,814.0,,,1834,2023-05-02 00:00:00,Active,,2.46,Commission,0.0125,
1567,Matthew Evans,Cashier,814.0,,,1834,2024-01-22 00:00:00,Active,,1.73,Commission,0.0125,
1568,Jason Reyes,Cashier,814.0,,,1834,2022-04-07 00:00:00,Active,,3.53,Commission,0.015,
1569,Edward Peterson,Cashier,814.0,,,1834,2022-07-27 00:00:00,Terminated,2024-02-15 00:00:00,3.22,Commission,0.015,
1570,Larry Gonzalez,Cashier,814.0,,,1834,2024-10-16 00:00:00,Active,,1.0,Commission,0.0125,
1571,Jennifer Richardson,Senior Ambassador,814.0,,,1834,2023-11-08 00:00:00,Active,,1.94,Commission,0.035,
1572,Dorothy King,Ambassador,814.0,,,1834,2024-10-08 00:00:00,Active,,1.02,Commission,0.025,
1573,Helen Collins,Ambassador,814.0,,,1834,2025-01-05 00:00:00,Terminated,2025-08-24 00:00:00,0.78,Commission,0.02,
1574,Laura Garcia,Cashier,615.0,,,1835,2025-06-26 00:00:00,Active,,0.31,Commission,0.01,
1575,Joseph Richardson,Cashier,615.0,,,1835,2019-05-17 00:00:00,Terminated,2020-01-13 00:00:00,6.42,Commission,0.0175,
1576,Shirley Jackson,Cashier,615.0,,,1835,2024-03-11 00:00:00,Active,,1.6,Commission,0.0125,
1577,Emily Cox,Ambassador,615.0,,,1835,2020-12-06 00:00:00,Active,,4.86,Commission,0.03,
1578,Patricia Roberts,Cashier,615.0,,,1835,2018-12-21 00:00:00,Terminated,2025-02-21 00:00:00,6.82,Commission,0.0175,
1579,Timothy Bailey,Senior Ambassador,615.0,,,1835,2019-07-10 00:00:00,Terminated,2019-09-07 00:00:00,6.27,Commission,0.045,
1580,Anna Morris,Ambassador,227.0,,,1836,2018-12-22 00:00:00,Active,,6.82,Commission,0.035,
1581,Jason Martin,Senior Ambassador,227.0,,,1836,2021-03-20 00:00:00,Active,,4.58,Commission,0.04,
1582,Michelle Taylor,Ambassador,227.0,,,1836,2021-12-12 00:00:00,Active,,3.84,Commission,0.03,
1583,Rebecca Sanchez,Cashier,227.0,,,1836,2023-12-01 00:00:00,Active,,1.88,Commission,0.0125,
1584,Karen Reyes,Cashier,227.0,,,1836,2022-08-28 00:00:00,Active,,3.14,Commission,0.015,
1585,Anthony Collins,Ambassador,209.0,,,1837,2023-06-11 00:00:00,Active,,2.35,Commission,0.025,
1586,Mary Diaz,Cashier,209.0,,,1837,2020-09-09 00:00:00,Active,,5.1,Commission,0.0175,
1587,Eric Ortiz,Cashier,209.0,,,1837,2020-04-19 00:00:00,Terminated,2021-01-23 00:00:00,5.49,Commission,0.0175,
1588,Emma Davis,Senior Ambassador,209.0,,,1837,2016-10-23 00:00:00,Active,,8.98,Commission,0.045,
1589,Robert Roberts,Ambassador,209.0,,,1837,2015-08-01 00:00:00,Active,,10.21,Commission,0.035,
1590,Steven Perez,Cashier,209.0,,,1837,2025-02-10 00:00:00,Active,,0.68,Commission,0.01,
1591,Helen Nguyen,Cashier,209.0,,,1837,2024-11-12 00:00:00,Active,,0.93,Commission,0.01,
1592,Dorothy Peterson,Ambassador,209.0,,,1837,2023-12-15 00:00:00,Active,,1.84,Commission,0.025,
1593,Deborah Reyes,Cashier,209.0,,,1837,2015-04-27 00:00:00,Active,,10.47,Commission,0.0175,
1594,Rebecca Lopez,Lead,209.0,,,1837,2015-04-10 00:00:00,Active,,10.52,Commission,0.06,
1595,Robert King,Senior Ambassador,334.0,,,1838,2021-06-11 00:00:00,Active,,4.35,Commission,0.04,
1596,Jacob Cox,Cashier,334.0,,,1838,2021-08-20 00:00:00,Active,,4.16,Commission,0.015,
1597,Eric Cox,Ambassador,334.0,,,1838,2020-04-23 00:00:00,Active,,5.48,Commission,0.035,
1598,Christopher Hernandez,Cashier,334.0,,,1838,2024-03-13 00:00:00,Terminated,2025-03-17 00:00:00,1.59,Commission,0.0125,
1599,David Baker,Cashier,334.0,,,1838,2021-08-19 00:00:00,Active,,4.16,Commission,0.015,
1600,Gary Morris,Cashier,788.0,,,1839,2021-02-28 00:00:00,Active,,4.63,Commission,0.015,
1601,Stephanie Gonzalez,Ambassador,788.0,,,1839,2021-05-16 00:00:00,Active,,4.42,Commission,0.03,
1602,Patricia Morris,Senior Ambassador,788.0,,,1839,2024-10-13 00:00:00,Active,,1.01,Commission,0.035,
1603,Mark Rivera,Cashier,788.0,,,1839,2024-07-03 00:00:00,Active,,1.29,Commission,0.0125,
1604,Brian Taylor,Cashier,788.0,,,1839,2025-08-20 00:00:00,Active,,0.16,Commission,0.01,
1605,Margaret Perez,Cashier,788.0,,,1839,2019-08-16 00:00:00,Active,,6.17,Commission,0.0175,
1606,Charles Morris,Cashier,788.0,,,1839,2025-05-03 00:00:00,Active,,0.45,Commission,0.01,
1607,Nancy Johnson,Ambassador,788.0,,,1839,2022-11-12 00:00:00,Active,,2.93,Commission,0.025,
1608,Laura Evans,Ambassador,788.0,,,1839,2023-03-09 00:00:00,Terminated,2024-09-18 00:00:00,2.61,Commission,0.025,
1609,Karen Green,Cashier,788.0,,,1839,2025-03-12 00:00:00,Active,,0.6,Commission,0.01,
1610,Anthony Scott,Lead,766.0,,,1840,2022-09-28 00:00:00,Active,,3.05,Commission,0.05,
1611,Joshua Smith,Cashier,766.0,,,1840,2020-01-04 00:00:00,Terminated,2022-07-19 00:00:00,5.78,Commission,0.0175,
1612,Christopher Hall,Senior Ambassador,766.0,,,1840,2023-08-19 00:00:00,Active,,2.16,Commission,0.035,
1613,Dorothy Taylor,Cashier,766.0,,,1840,2023-01-21 00:00:00,Active,,2.74,Commission,0.0125,
1614,Kenneth Harris,Cashier,766.0,,,1840,2022-10-12 00:00:00,Active,,3.01,Commission,0.015,
1615,Anthony Ortiz,Senior Ambassador,766.0,,,1840,2020-12-31 00:00:00,Active,,4.79,Commission,0.04,
1616,Eric King,Ambassador,766.0,,,1840,2022-06-11 00:00:00,Terminated,2025-05-06 00:00:00,3.35,Commission,0.03,
1617,Nancy King,Cashier,766.0,,,1840,2025-02-06 00:00:00,Active,,0.69,Commission,0.01,
1618,Angela Turner,RVP,,,East,,2013-08-18 00:00:00,Active,,12.16,Salary,,165000
1619,Brenda Kelly,RVP,,,Midwest,,2014-03-21 00:00:00,Active,,11.57,Salary,,165000
1620,Dorothy Murphy,RVP,,,South,,2019-09-23 00:00:00,Active,,6.06,Salary,,165000
1621,Jennifer Flores,RVP,,,Southwest,,2012-08-10 00:00:00,Active,,13.18,Salary,,165000
1622,Deborah Carter,RVP,,,West,,2016-12-06 00:00:00,Active,,8.86,Salary,,165000
1623,Timothy Cook,AVP,,East-1,East,1618,2025-03-09 00:00:00,Active,,0.61,Salary,,85000
1624,Rebecca Moore,AVP,,East-2,East,1618,2021-08-25 00:00:00,Active,,4.14,Salary,,100000
1625,Shirley Thompson,AVP,,East-3,East,1618,2021-02-06 00:00:00,Active,,4.69,Salary,,100000
1626,Eric Martin,AVP,,Midwest-1,Midwest,1619,2017-08-09 00:00:00,Active,,8.19,Salary,,110000
1627,Kimberly Rodriguez,AVP,,Midwest-2,Midwest,1619,2017-02-25 00:00:00,Active,,8.64,Salary,,110000
1628,Sandra Anderson,AVP,,Midwest-3,Midwest,1619,2017-04-21 00:00:00,Active,,8.49,Salary,,110000
1629,Joseph Adams,AVP,,Midwest-4,Midwest,1619,2015-05-01 00:00:00,Active,,10.46,Salary,,110000
1630,David Turner,AVP,,South-1,South,1620,2016-02-14 00:00:00,Active,,9.67,Salary,,110000
1631,Jennifer Morgan,AVP,,South-2,South,1620,2020-01-23 00:00:00,Active,,5.73,Salary,,110000
1632,Emma Ramirez,AVP,,South-3,South,1620,2017-02-18 00:00:00,Active,,8.66,Salary,,110000
1633,Emma Morris,AVP,,Southwest-1,Southwest,1621,2016-04-14 00:00:00,Active,,9.51,Salary,,110000
1634,David Phillips,AVP,,Southwest-2,Southwest,1621,2019-09-10 00:00:00,Active,,6.1,Salary,,110000
1635,Mary Rivera,AVP,,Southwest-3,Southwest,1621,2013-09-15 00:00:00,Active,,12.09,Salary,,110000
1636,Timothy Young,AVP,,West-1,West,1622,2020-08-23 00:00:00,Active,,5.15,Salary,,110000
1637,William Lopez,AVP,,West-2,West,1622,2014-07-12 00:00:00,Active,,11.26,Salary,,110000
1638,Timothy Martin,AVP,,West-3,West,1622,2011-10-17 00:00:00,Active,,14.0,Salary,,110000
1639,Shirley Gonzalez,AVP,,West-4,West,1622,2024-08-03 00:00:00,Active,,1.2,Salary,,92000
1640,Pamela Hill,AVP,,West-5,West,1622,2024-08-18 00:00:00,Active,,1.16,Salary,,92000
1641,Stephanie Campbell,Store Manager,84.0,East-1,East,1623,2022-09-11 00:00:00,Active,,3.1,Salary,,60000
1642,Karen Garcia,Store Manager,122.0,Southwest-1,Southwest,1633,2021-06-24 00:00:00,Active,,4.31,Salary,,60000
1643,Laura Baker,Store Manager,725.0,West-4,West,1639,2023-11-04 00:00:00,Active,,1.95,Salary,,56000
1644,Rebecca Harris,Store Manager,6.0,West-1,West,1636,2017-07-27 00:00:00,Active,,8.22,Salary,,65000
1645,Kimberly Mitchell,Store Manager,192.0,South-1,South,1630,2024-03-22 00:00:00,Active,,1.57,Salary,,56000
1646,Karen Jones,Store Manager,178.0,West-1,West,1636,2022-12-17 00:00:00,Active,,2.83,Salary,,56000
1647,Donald Moore,Store Manager,498.0,Southwest-2,Southwest,1634,2021-08-23 00:00:00,Active,,4.15,Salary,,60000
1648,Ronald Sanchez,Store Manager,589.0,Southwest-2,Southwest,1634,2024-12-12 00:00:00,Active,,0.84,Salary,,52000
1649,Joseph Parker,Store Manager,36.0,South-1,South,1630,2024-11-03 00:00:00,Active,,0.95,Salary,,52000
1650,Stephanie Parker,Store Manager,318.0,Midwest-2,Midwest,1627,2023-07-12 00:00:00,Active,,2.26,Salary,,56000
1651,Sarah Morales,Store Manager,269.0,Southwest-1,Southwest,1633,2021-11-18 00:00:00,Active,,3.91,Salary,,60000
1652,Amanda Williams,Store Manager,375.0,West-2,West,1637,2017-11-08 00:00:00,Active,,7.94,Salary,,65000
1653,Linda Hill,Store Manager,758.0,East-3,East,1625,2023-07-05 00:00:00,Active,,2.28,Salary,,56000
1654,Jonathan Carter,Store Manager,831.0,East-3,East,1625,2025-06-20 00:00:00,Active,,0.32,Salary,,52000
1655,Amy Diaz,Store Manager,508.0,East-2,East,1624,2022-12-16 00:00:00,Active,,2.83,Salary,,56000
1656,Laura Flores,Store Manager,118.0,Midwest-1,Midwest,1626,2017-02-09 00:00:00,Active,,8.68,Salary,,65000
1657,Sharon Miller,Store Manager,184.0,Midwest-1,Midwest,1626,2018-05-22 00:00:00,Active,,7.4,Salary,,65000
1658,Mark Robinson,Store Manager,544.0,West-3,West,1638,2019-05-28 00:00:00,Active,,6.39,Salary,,65000
1659,Kathleen Smith,Store Manager,942.0,South-3,South,1632,2023-03-28 00:00:00,Active,,2.55,Salary,,56000
1660,Richard Wright,Store Manager,870.0,Midwest-4,Midwest,1629,2016-12-17 00:00:00,Active,,8.83,Salary,,65000
1661,Rebecca Morris,Store Manager,250.0,South-1,South,1630,2021-05-11 00:00:00,Active,,4.43,Salary,,60000
1662,Larry Howard,Store Manager,852.0,Midwest-4,Midwest,1629,2022-07-04 00:00:00,Active,,3.29,Salary,,60000
1663,Patricia Jones,Store Manager,270.0,Midwest-2,Midwest,1627,2025-08-19 00:00:00,Active,,0.16,Salary,,52000
1664,William Roberts,Store Manager,902.0,Midwest-4,Midwest,1629,2023-06-26 00:00:00,Active,,2.31,Salary,,56000
1665,Betty Williams,Store Manager,649.0,South-2,South,1631,2021-07-15 00:00:00,Active,,4.26,Salary,,60000
1666,Susan Nguyen,Store Manager,303.0,South-1,South,1630,2024-05-26 00:00:00,Active,,1.39,Salary,,56000
1667,John Roberts,Store Manager,953.0,West-5,West,1640,2014-09-07 00:00:00,Active,,11.11,Salary,,65000
1668,Jennifer Ortiz,Store Manager,625.0,Southwest-2,Southwest,1634,2024-03-13 00:00:00,Active,,1.59,Salary,,56000
1669,Michelle Thompson,Store Manager,267.0,West-1,West,1636,2021-09-07 00:00:00,Active,,4.11,Salary,,60000
1670,Scott Hill,Store Manager,768.0,South-2,South,1631,2025-09-19 00:00:00,Active,,0.07,Salary,,52000
1671,Pamela Bailey,Store Manager,383.0,West-2,West,1637,2025-05-09 00:00:00,Active,,0.44,Salary,,52000
1672,Donald Howard,Store Manager,491.0,Southwest-2,Southwest,1634,2025-07-22 00:00:00,Active,,0.24,Salary,,52000
1673,Sandra Morales,Store Manager,858.0,Southwest-3,Southwest,1635,2017-04-26 00:00:00,Active,,8.47,Salary,,65000
1674,Kimberly Cruz,Store Manager,795.0,South-2,South,1631,2021-05-25 00:00:00,Active,,4.39,Salary,,60000
1675,Jason Young,Store Manager,417.0,West-2,West,1637,2023-03-01 00:00:00,Active,,2.63,Salary,,56000
1676,Kevin Ward,Store Manager,425.0,East-2,East,1624,2024-05-09 00:00:00,Active,,1.44,Salary,,56000
1677,Donna Cook,Store Manager,450.0,West-3,West,1638,2023-05-22 00:00:00,Active,,2.4,Salary,,56000
1678,Margaret Moore,Store Manager,96.0,East-1,East,1623,2017-03-29 00:00:00,Active,,8.55,Salary,,65000
1679,Kathleen Sanchez,Store Manager,404.0,Southwest-2,Southwest,1634,2017-02-19 00:00:00,Active,,8.65,Salary,,65000
1680,Pamela Hall,Store Manager,285.0,West-2,West,1637,2013-10-08 00:00:00,Active,,12.02,Salary,,65000
1681,Charles Walker,Store Manager,882.0,West-5,West,1640,2015-08-21 00:00:00,Active,,10.16,Salary,,65000
1682,James Rodriguez,Store Manager,394.0,Midwest-2,Midwest,1627,2020-08-05 00:00:00,Active,,5.2,Salary,,65000
1683,Thomas Flores,Store Manager,149.0,Midwest-1,Midwest,1626,2020-01-19 00:00:00,Active,,5.74,Salary,,65000
1684,John Hill,Store Manager,33.0,East-1,East,1623,2016-04-25 00:00:00,Active,,9.48,Salary,,65000
1685,Michael Campbell,Store Manager,888.0,East-3,East,1625,2019-01-03 00:00:00,Active,,6.78,Salary,,65000
1686,Margaret Rodriguez,Store Manager,719.0,West-4,West,1639,2014-03-31 00:00:00,Active,,11.55,Salary,,65000
1687,Matthew Campbell,Store Manager,799.0,South-2,South,1631,2021-09-06 00:00:00,Active,,4.11,Salary,,60000
1688,John Martinez,Store Manager,818.0,West-4,West,1639,2022-02-05 00:00:00,Active,,3.69,Salary,,60000
1689,Mark Gutierrez,Store Manager,170.0,West-1,West,1636,2015-12-21 00:00:00,Active,,9.82,Salary,,65000
1690,Nicole Anderson,Store Manager,630.0,East-2,East,1624,2022-03-10 00:00:00,Active,,3.6,Salary,,60000
1691,Scott Anderson,Store Manager,8.0,Southwest-1,Southwest,1633,2019-01-26 00:00:00,Active,,6.72,Salary,,65000
1692,Timothy Mitchell,Store Manager,341.0,West-2,West,1637,2017-12-10 00:00:00,Active,,7.85,Salary,,65000
1693,Richard Richardson,Store Manager,332.0,Southwest-1,Southwest,1633,2020-11-26 00:00:00,Active,,4.89,Salary,,60000
1694,Ashley Clark,Store Manager,525.0,South-1,South,1630,2021-10-09 00:00:00,Active,,4.02,Salary,,60000
1695,Mark Howard,Store Manager,909.0,West-5,West,1640,2023-02-28 00:00:00,Active,,2.63,Salary,,56000
1696,Joseph Kim,Store Manager,784.0,Southwest-3,Southwest,1635,2021-01-24 00:00:00,Active,,4.73,Salary,,60000
1697,Donna Miller,Store Manager,27.0,West-1,West,1636,2018-07-03 00:00:00,Active,,7.29,Salary,,65000
1698,Dorothy Jones,Store Manager,847.0,South-3,South,1632,2022-02-25 00:00:00,Active,,3.64,Salary,,60000
1699,Jason Garcia,Store Manager,400.0,Southwest-2,Southwest,1634,2016-11-01 00:00:00,Active,,8.96,Salary,,65000
1700,David Collins,Store Manager,34.0,West-1,West,1636,2023-09-25 00:00:00,Active,,2.06,Salary,,56000
1701,Robert Robinson,Store Manager,617.0,South-2,South,1631,2013-02-16 00:00:00,Active,,12.66,Salary,,65000
1702,Elizabeth Sanchez,Store Manager,845.0,Midwest-4,Midwest,1629,2022-10-03 00:00:00,Active,,3.04,Salary,,60000
1703,Nicole Taylor,Store Manager,641.0,Midwest-3,Midwest,1628,2021-03-07 00:00:00,Active,,4.61,Salary,,60000
1704,Linda Campbell,Store Manager,763.0,Midwest-3,Midwest,1628,2024-07-17 00:00:00,Active,,1.25,Salary,,56000
1705,Jason Davis,Store Manager,500.0,Southwest-2,Southwest,1634,2014-07-14 00:00:00,Active,,11.26,Salary,,65000
1706,Jacob Baker,Store Manager,966.0,West-5,West,1640,2022-04-28 00:00:00,Active,,3.47,Salary,,60000
1707,Patricia Jackson,Store Manager,241.0,South-1,South,1630,2012-06-30 00:00:00,Active,,13.3,Salary,,65000
1708,Eric Richardson,Store Manager,177.0,Southwest-1,Southwest,1633,2021-08-19 00:00:00,Active,,4.16,Salary,,60000
1709,Betty Ortiz,Store Manager,305.0,West-2,West,1637,2020-05-21 00:00:00,Active,,5.4,Salary,,65000
1710,John Flores,Store Manager,537.0,East-2,East,1624,2020-07-22 00:00:00,Active,,5.24,Salary,,65000
1711,Susan Gonzalez,Store Manager,657.0,West-4,West,1639,2025-07-10 00:00:00,Active,,0.27,Salary,,52000
1712,Michael Cruz,Store Manager,584.0,Midwest-3,Midwest,1628,2020-05-13 00:00:00,Active,,5.43,Salary,,65000
1713,Christopher Edwards,Store Manager,302.0,West-2,West,1637,2017-06-30 00:00:00,Active,,8.3,Salary,,65000
1714,William Torres,Store Manager,115.0,Midwest-1,Midwest,1626,2022-04-23 00:00:00,Active,,3.48,Salary,,60000
1715,Brian Moore,Store Manager,443.0,West-3,West,1638,2018-12-19 00:00:00,Active,,6.83,Salary,,65000
1716,Mary Torres,Store Manager,734.0,Midwest-3,Midwest,1628,2017-01-16 00:00:00,Active,,8.75,Salary,,65000
1717,Thomas Lopez,Store Manager,895.0,Midwest-4,Midwest,1629,2025-01-18 00:00:00,Active,,0.74,Salary,,52000
1718,Lisa Turner,Store Manager,201.0,South-1,South,1630,2016-03-22 00:00:00,Active,,9.57,Salary,,65000
1719,Barbara Morris,Store Manager,741.0,Southwest-3,Southwest,1635,2023-03-09 00:00:00,Active,,2.61,Salary,,56000
1720,Emma Brown,Store Manager,664.0,Midwest-3,Midwest,1628,2025-03-01 00:00:00,Active,,0.63,Salary,,52000
1721,Brandon Diaz,Store Manager,326.0,East-2,East,1624,2019-03-28 00:00:00,Active,,6.55,Salary,,65000
1722,Andrew Davis,Store Manager,561.0,South-2,South,1631,2015-07-20 00:00:00,Active,,10.24,Salary,,65000
1723,Anthony Peterson,Store Manager,889.0,Midwest-4,Midwest,1629,2013-09-14 00:00:00,Active,,12.09,Salary,,65000
1724,Donald Turner,Store Manager,83.0,West-1,West,1636,2025-04-09 00:00:00,Active,,0.52,Salary,,52000
1725,Emily Cruz,Store Manager,182.0,Midwest-1,Midwest,1626,2018-11-16 00:00:00,Active,,6.92,Salary,,65000
1726,George Thompson,Store Manager,972.0,Southwest-3,Southwest,1635,2018-02-20 00:00:00,Active,,7.65,Salary,,65000
1727,William Kim,Store Manager,12.0,East-1,East,1623,2025-06-03 00:00:00,Active,,0.37,Salary,,52000
1728,Patricia Wilson,Store Manager,973.0,Southwest-3,Southwest,1635,2019-02-18 00:00:00,Active,,6.66,Salary,,65000
1729,Jennifer Anderson,Store Manager,932.0,East-3,East,1625,2024-01-02 00:00:00,Active,,1.79,Salary,,56000
1730,Brandon Ortiz,Store Manager,687.0,East-3,East,1625,2021-02-03 00:00:00,Active,,4.7,Salary,,60000
1731,Nicole Garcia,Store Manager,613.0,South-2,South,1631,2020-06-06 00:00:00,Active,,5.36,Salary,,65000
1732,James Smith,Store Manager,359.0,West-2,West,1637,2021-12-22 00:00:00,Active,,3.82,Salary,,60000
1733,Sharon Richardson,Store Manager,527.0,Midwest-3,Midwest,1628,2016-10-02 00:00:00,Active,,9.04,Salary,,65000
1734,Kathleen Richardson,Store Manager,670.0,East-2,East,1624,2022-12-22 00:00:00,Active,,2.82,Salary,,56000
1735,Barbara Smith,Store Manager,874.0,South-3,South,1632,2017-06-12 00:00:00,Active,,8.35,Salary,,65000
1736,Jason Baker,Store Manager,912.0,Southwest-3,Southwest,1635,2016-01-31 00:00:00,Active,,9.71,Salary,,65000
1737,Elizabeth Rodriguez,Store Manager,200.0,Midwest-2,Midwest,1627,2019-10-31 00:00:00,Active,,5.96,Salary,,65000
1738,Kimberly Brown,Store Manager,567.0,South-2,South,1631,2016-09-07 00:00:00,Active,,9.11,Salary,,65000
1739,Brenda Johnson,Store Manager,108.0,East-1,East,1623,2024-04-29 00:00:00,Active,,1.47,Salary,,56000
1740,Kenneth Adams,Store Manager,801.0,Midwest-4,Midwest,1629,2021-12-17 00:00:00,Active,,3.83,Salary,,60000
1741,Jeffrey Harris,Store Manager,247.0,South-1,South,1630,2021-08-24 00:00:00,Active,,4.15,Salary,,60000
1742,Nicole Campbell,Store Manager,367.0,Midwest-2,Midwest,1627,2022-05-03 00:00:00,Active,,3.46,Salary,,60000
1743,Melissa Martinez,Store Manager,897.0,Midwest-4,Midwest,1629,2023-11-20 00:00:00,Active,,1.91,Salary,,56000
1744,Stephanie Hernandez,Store Manager,981.0,East-3,East,1625,2013-10-21 00:00:00,Active,,11.99,Salary,,65000
1745,Thomas Murphy,Store Manager,885.0,Southwest-3,Southwest,1635,2023-04-22 00:00:00,Active,,2.49,Salary,,56000
1746,Ryan Kelly,Store Manager,557.0,South-1,South,1630,2022-07-12 00:00:00,Active,,3.26,Salary,,60000
1747,Nicholas Morales,Store Manager,24.0,East-1,East,1623,2018-12-14 00:00:00,Active,,6.84,Salary,,65000
1748,Melissa Phillips,Store Manager,576.0,Midwest-3,Midwest,1628,2023-10-13 00:00:00,Active,,2.01,Salary,,56000
1749,Daniel Baker,Store Manager,925.0,South-3,South,1632,2015-10-28 00:00:00,Active,,9.97,Salary,,65000
1750,Christopher Torres,Store Manager,575.0,West-3,West,1638,2012-06-11 00:00:00,Active,,13.35,Salary,,65000
1751,Jonathan Cruz,Store Manager,866.0,West-5,West,1640,2025-05-12 00:00:00,Active,,0.43,Salary,,52000
1752,Rebecca Green,Store Manager,321.0,West-2,West,1637,2016-07-16 00:00:00,Active,,9.25,Salary,,65000
1753,Stephanie Williams,Store Manager,647.0,West-4,West,1639,2022-01-08 00:00:00,Active,,3.77,Salary,,60000
1754,Thomas Jackson,Store Manager,974.0,South-3,South,1632,2012-09-13 00:00:00,Active,,13.09,Salary,,65000
1755,Kimberly Williams,Store Manager,992.0,West-5,West,1640,2016-07-17 00:00:00,Active,,9.25,Salary,,65000
1756,Deborah Brown,Store Manager,809.0,West-4,West,1639,2020-12-02 00:00:00,Active,,4.87,Salary,,60000
1757,Amy Cruz,Store Manager,39.0,Southwest-1,Southwest,1633,2020-09-27 00:00:00,Active,,5.05,Salary,,65000
1758,Anna Lewis,Store Manager,571.0,West-3,West,1638,2021-07-18 00:00:00,Active,,4.25,Salary,,60000
1759,Amy Adams,Store Manager,502.0,West-3,West,1638,2023-09-14 00:00:00,Active,,2.09,Salary,,56000
1760,Sarah Miller,Store Manager,204.0,East-1,East,1623,2020-06-07 00:00:00,Active,,5.36,Salary,,65000
1761,Ashley Baker,Store Manager,821.0,West-5,West,1640,2023-07-06 00:00:00,Active,,2.28,Salary,,56000
1762,Larry Lopez,Store Manager,324.0,West-2,West,1637,2023-03-05 00:00:00,Active,,2.62,Salary,,56000
1763,Timothy Morris,Store Manager,674.0,West-4,West,1639,2020-01-23 00:00:00,Active,,5.73,Salary,,65000
1764,Angela Thompson,Store Manager,591.0,South-2,South,1631,2014-09-11 00:00:00,Active,,11.1,Salary,,65000
1765,James Bailey,Store Manager,281.0,Midwest-2,Midwest,1627,2025-10-12 00:00:00,Active,,0.01,Salary,,52000
1766,Stephanie Johnson,Store Manager,790.0,Midwest-4,Midwest,1629,2020-04-10 00:00:00,Active,,5.52,Salary,,65000
1767,Ryan Miller,Store Manager,815.0,South-3,South,1632,2020-12-23 00:00:00,Active,,4.81,Salary,,60000
1768,Sandra Ramirez,Store Manager,254.0,West-1,West,1636,2020-07-05 00:00:00,Active,,5.28,Salary,,65000
1769,Jeffrey Evans,Store Manager,911.0,Southwest-3,Southwest,1635,2025-03-24 00:00:00,Active,,0.56,Salary,,52000
1770,Stephen Green,Store Manager,806.0,Midwest-4,Midwest,1629,2017-01-23 00:00:00,Active,,8.73,Salary,,65000
1771,Kevin Ramos,Store Manager,56.0,Midwest-1,Midwest,1626,2025-05-11 00:00:00,Active,,0.43,Salary,,52000
1772,Laura Jackson,Store Manager,979.0,South-3,South,1632,2023-03-23 00:00:00,Active,,2.57,Salary,,56000
1773,George Stewart,Store Manager,550.0,South-1,South,1630,2023-03-06 00:00:00,Active,,2.62,Salary,,56000
1774,Elizabeth Turner,Store Manager,402.0,Midwest-3,Midwest,1628,2015-10-21 00:00:00,Active,,9.99,Salary,,65000
1775,Kevin Morgan,Store Manager,473.0,South-1,South,1630,2025-05-04 00:00:00,Active,,0.45,Salary,,52000
1776,Christopher Jackson,Store Manager,288.0,Midwest-2,Midwest,1627,2025-01-06 00:00:00,Active,,0.78,Salary,,52000
1777,Anna Lee,Store Manager,610.0,Midwest-3,Midwest,1628,2019-03-11 00:00:00,Active,,6.6,Salary,,65000
1778,Emma Morales,Store Manager,67.0,West-1,West,1636,2020-02-10 00:00:00,Active,,5.68,Salary,,65000
1779,Dorothy Walker,Store Manager,89.0,Midwest-1,Midwest,1626,2024-01-29 00:00:00,Active,,1.71,Salary,,56000
1780,Ryan Diaz,Store Manager,898.0,East-3,East,1625,2021-04-13 00:00:00,Active,,4.51,Salary,,60000
1781,Donald Robinson,Store Manager,21.0,Midwest-1,Midwest,1626,2021-10-09 00:00:00,Active,,4.02,Salary,,60000
1782,Brian Jackson,Store Manager,594.0,West-3,West,1638,2018-11-29 00:00:00,Active,,6.88,Salary,,65000
1783,Emma Reyes,Store Manager,71.0,Midwest-1,Midwest,1626,2024-08-14 00:00:00,Active,,1.17,Salary,,56000
1784,Linda Perez,Store Manager,222.0,Midwest-2,Midwest,1627,2021-10-23 00:00:00,Active,,3.98,Salary,,60000
1785,Mary Richardson,Store Manager,770.0,West-4,West,1639,2021-10-14 00:00:00,Active,,4.01,Salary,,60000
1786,Richard Scott,Store Manager,199.0,West-1,West,1636,2024-10-02 00:00:00,Active,,1.04,Salary,,56000
1787,Stephen Baker,Store Manager,464.0,West-3,West,1638,2021-06-15 00:00:00,Active,,4.34,Salary,,60000
1788,Rebecca Smith,Store Manager,578.0,East-2,East,1624,2020-09-19 00:00:00,Active,,5.07,Salary,,65000
1789,Steven Allen,Store Manager,603.0,Southwest-2,Southwest,1634,2018-09-14 00:00:00,Active,,7.09,Salary,,65000
1790,Stephanie Morales,Store Manager,642.0,West-4,West,1639,2020-07-22 00:00:00,Active,,5.24,Salary,,65000
1791,Sharon Jackson,Store Manager,164.0,Southwest-1,Southwest,1633,2016-01-20 00:00:00,Active,,9.74,Salary,,65000
1792,Christopher Roberts,Store Manager,538.0,West-3,West,1638,2022-06-14 00:00:00,Active,,3.34,Salary,,60000
1793,Shirley Cox,Store Manager,949.0,East-3,East,1625,2021-09-13 00:00:00,Active,,4.09,Salary,,60000
1794,Steven Thompson,Store Manager,717.0,Southwest-3,Southwest,1635,2025-01-13 00:00:00,Active,,0.76,Salary,,52000
1795,Barbara Roberts,Store Manager,713.0,West-4,West,1639,2021-01-23 00:00:00,Active,,4.73,Salary,,60000
1796,Paul Kim,Store Manager,16.0,East-1,East,1623,2020-12-06 00:00:00,Active,,4.86,Salary,,60000
1797,Anthony Gonzalez,Store Manager,19.0,Midwest-1,Midwest,1626,2018-10-31 00:00:00,Active,,6.96,Salary,,65000
1798,Kenneth Reyes,Store Manager,869.0,East-3,East,1625,2017-11-12 00:00:00,Active,,7.93,Salary,,65000
1799,Steven Lopez,Store Manager,669.0,South-2,South,1631,2017-04-18 00:00:00,Active,,8.5,Salary,,65000
1800,Barbara Perez,Store Manager,314.0,Midwest-2,Midwest,1627,2015-03-22 00:00:00,Active,,10.57,Salary,,65000
1801,Anthony Wilson,Store Manager,440.0,West-3,West,1638,2024-09-09 00:00:00,Active,,1.1,Salary,,56000
1802,Robert Kelly,Store Manager,455.0,Midwest-3,Midwest,1628,2022-03-03 00:00:00,Active,,3.62,Salary,,60000
1803,Sharon Young,Store Manager,661.0,South-2,South,1631,2019-10-30 00:00:00,Active,,5.96,Salary,,65000
1804,Timothy Brown,Store Manager,922.0,South-3,South,1632,2024-03-16 00:00:00,Active,,1.59,Salary,,56000
1805,Larry Hernandez,Store Manager,659.0,Southwest-2,Southwest,1634,2019-11-04 00:00:00,Active,,5.95,Salary,,65000
1806,Nancy Murphy,Store Manager,58.0,Midwest-1,Midwest,1626,2025-01-15 00:00:00,Active,,0.75,Salary,,52000
1807,Jacob Murphy,Store Manager,327.0,Midwest-2,Midwest,1627,2019-06-07 00:00:00,Active,,6.36,Salary,,65000
1808,Carol Anderson,Store Manager,958.0,West-5,West,1640,2020-09-12 00:00:00,Active,,5.09,Salary,,65000
1809,Shirley Reyes,Store Manager,129.0,East-1,East,1623,2019-09-29 00:00:00,Active,,6.05,Salary,,65000
1810,Jennifer Campbell,Store Manager,960.0,West-5,West,1640,2014-01-08 00:00:00,Active,,11.77,Salary,,65000
1811,Laura Torres,Store Manager,893.0,Southwest-3,Southwest,1635,2023-02-09 00:00:00,Active,,2.68,Salary,,56000
1812,Amy Thompson,Store Manager,436.0,Southwest-2,Southwest,1634,2018-06-09 00:00:00,Active,,7.35,Salary,,65000
1813,Jessica Lopez,Store Manager,296.0,Southwest-1,Southwest,1633,2021-03-01 00:00:00,Active,,4.63,Salary,,60000
1814,Ronald Jones,Store Manager,611.0,Southwest-2,Southwest,1634,2024-07-15 00:00:00,Active,,1.25,Salary,,56000
1815,Helen Kelly,Store Manager,438.0,South-1,South,1630,2023-01-28 00:00:00,Active,,2.72,Salary,,56000
1816,Jeffrey Kelly,Store Manager,355.0,Southwest-1,Southwest,1633,2017-04-17 00:00:00,Active,,8.5,Salary,,65000
1817,Nicole Lee,Store Manager,819.0,South-3,South,1632,2015-07-20 00:00:00,Active,,10.24,Salary,,65000
1818,Sharon Gonzalez,Store Manager,813.0,East-3,East,1625,2021-01-24 00:00:00,Active,,4.73,Salary,,60000
1819,Christopher Ramos,Store Manager,705.0,Southwest-3,Southwest,1635,2021-09-15 00:00:00,Active,,4.09,Salary,,60000
1820,Brandon Scott,Store Manager,555.0,East-2,East,1624,2023-10-07 00:00:00,Active,,2.03,Salary,,56000
1821,Kathleen Flores,Store Manager,70.0,Southwest-1,Southwest,1633,2015-09-08 00:00:00,Active,,10.11,Salary,,65000
1822,Brian Miller,Store Manager,945.0,West-5,West,1640,2020-04-01 00:00:00,Active,,5.54,Salary,,65000
1823,David Morales,Store Manager,908.0,South-3,South,1632,2022-03-22 00:00:00,Active,,3.57,Salary,,60000
1824,Paul Lewis,Store Manager,102.0,East-1,East,1623,2017-12-04 00:00:00,Active,,7.87,Salary,,65000
1825,Barbara Lee,Store Manager,409.0,West-2,West,1637,2019-08-25 00:00:00,Active,,6.14,Salary,,65000
1826,Emily Sanchez,Store Manager,523.0,Southwest-2,Southwest,1634,2019-01-10 00:00:00,Active,,6.77,Salary,,65000
1827,Pamela White,Store Manager,212.0,West-1,West,1636,2022-02-14 00:00:00,Active,,3.67,Salary,,60000
1828,Lisa Brown,Store Manager,531.0,East-2,East,1624,2020-04-29 00:00:00,Active,,5.47,Salary,,65000
1829,Barbara Ward,Store Manager,50.0,Southwest-1,Southwest,1633,2018-11-05 00:00:00,Active,,6.95,Salary,,65000
1830,Joseph Ortiz,Store Manager,984.0,West-5,West,1640,2024-03-01 00:00:00,Active,,1.63,Salary,,56000
1831,Karen Gonzalez,Store Manager,360.0,West-2,West,1637,2023-05-31 00:00:00,Active,,2.38,Salary,,56000
1832,Larry Scott,Store Manager,926.0,Midwest-4,Midwest,1629,2023-02-19 00:00:00,Active,,2.66,Salary,,56000
1833,Helen Mitchell,Store Manager,316.0,East-2,East,1624,2022-10-03 00:00:00,Active,,3.04,Salary,,60000
1834,Robert Cook,Store Manager,814.0,South-3,South,1632,2022-09-19 00:00:00,Active,,3.08,Salary,,60000
1835,Dorothy Thompson,Store Manager,615.0,West-3,West,1638,2020-05-14 00:00:00,Active,,5.42,Salary,,65000
1836,Shirley Brown,Store Manager,227.0,Midwest-2,Midwest,1627,2024-06-20 00:00:00,Active,,1.32,Salary,,56000
1837,Helen Wilson,Store Manager,209.0,West-1,West,1636,2024-06-28 00:00:00,Active,,1.3,Salary,,56000
1838,Andrew Nguyen,Store Manager,334.0,Southwest-1,Southwest,1633,2022-09-19 00:00:00,Active,,3.08,Salary,,60000
1839,Pamela King,Store Manager,788.0,West-4,West,1639,2025-07-20 00:00:00,Active,,0.24,Salary,,52000
1840,Jonathan Hernandez,Store Manager,766.0,Midwest-3,Midwest,1628,2024-06-20 00:00:00,Active,,1.32,Salary,,56000
