Product Key,Product Name,Product Type,Product Family,Product Line,Product Group,Product Description,Sku Number,Price,Product Status,Product Notes,Updated At,Updated By,Proposed Price,Vendor Key
1,"1-60"" Class (59.5"" Diag.)   LED   2160p",Entertainment,High Definition TV,4K Ultra,LG,"60"" Class (59.5"" Diag.)   LED   2160p",HD1548890480,109.5,Discontinue,Not selling well,2022-03-02 18:55:03,alfonso@sigmacomputing.com,5.0,9
2,"2-65"" Class (64.5"" Diag.)   LED   2160p",Entertainment,High Definition TV,4K Ultra,Samsung,"65"" Class (64.5"" Diag.)   LED   2160p",HD2146525053,1054.5,Active Mature,Not selling,2022-02-09 22:09:40,brendon@sigmacomputing.com,377.0,9
3,"3-55"" Class (54.6"" Diag.)   LED   2160p",Entertainment,High Definition TV,4K Ultra,Samsung,"55"" Class (54.6"" Diag.)   LED   2160p",HD6650036963,167.5,Discontinue,Not selling in the south,2021-12-21 22:39:01,tyler@sigmacomputing.com,0.0,9
4,"4-50"" Class (49.5"" Diag.)   LED   2160p",Entertainment,High Definition TV,4K Ultra,Samsung,"50"" Class (49.5"" Diag.)   LED   2160p",HD8931451202,167.5,End of Life,Not Selling,2021-05-05 19:54:21,tyler@sigmacomputing.com,2000.0,9
5,"5-60"" Class (60"" Diag.)   LED   2160p",Entertainment,High Definition TV,4K Ultra,Samsung,"60"" Class (60"" Diag.)   LED   2160p",HD2741903687,293.5,Active Mature,Not ,2021-07-22 21:41:20,ali@sigmacomputing.com,1546.0,10
6,"6-65"" Class (64.5"" Diag.)   LED   Curved",Entertainment,High Definition TV,4K Ultra,Samsung,"65"" Class (64.5"" Diag.)   LED   Curved",HD7754047458,162.0,Active Mature,Top seller,2021-06-18 14:36:39,tyler@sigmacomputing.com,300.0,10
7,"7-55"" Class (54.6"" Diag.)   LED   2160p",Entertainment,High Definition TV,4K Ultra,Samsung,"55"" Class (54.6"" Diag.)   LED   2160p",HD5471457577,419.5,Active,selling very well,2022-03-02 19:37:29,tyler@sigmacomputing.com,1.0,20
8,"8-55"" Class (54.6"" Diag.)   LED   Curved",Entertainment,High Definition TV,4K Ultra,Samsung,"55"" Class (54.6"" Diag.)   LED   Curved",HD7350004591,172.5,Active,Not performing well v2,2021-03-23 19:20:11,tyler@sigmacomputing.com,0.0,20
9,"9-55"" Class (54.6"" Diag.)   LED   2160p",Entertainment,High Definition TV,4K Ultra,Samsung,"55"" Class (54.6"" Diag.)   LED   2160p",HD3763175147,109.5,Active Mature,Size is wrong,2021-07-07 15:14:40,tyler@sigmacomputing.com,150.0,9
10,"10-60"" Class (60"" Diag.)   LED   2160p",Entertainment,High Definition TV,4K Ultra,Samsung,"60"" Class (60"" Diag.)   LED   2160p",HD1134786088,456.0,Active,This size is popular,2021-09-01 20:06:55,sofie@sigmacomputing.com,0.0,9
11,"11-40"" Class (40"" Diag.)   LED   2160p",Entertainment,High Definition TV,4K Ultra,Samsung,"40"" Class (40"" Diag.)   LED   2160p",HD3597731336,109.5,End of Life,Reach out to Michael,2021-02-03 18:08:53,zack@sigmacomputing.com,120.0,9
12,"12-50"" Class (49.5"" Diag.)   LED   2160p",Entertainment,High Definition TV,4K Ultra,Samsung,"50"" Class (49.5"" Diag.)   LED   2160p",HD1537819291,1159.5,End of Life,Discontinuing,2021-09-16 20:57:20,sofie@sigmacomputing.com,400.0,10
13,"13-65"" Class (64.5"" Diag.)   LED   Curved",Entertainment,High Definition TV,4K Ultra,Samsung,"65"" Class (64.5"" Diag.)   LED   Curved",HD4172546894,1002.0,End of Life,WE've seen sales pick up for this,2021-11-05 15:08:14,sofie@sigmacomputing.com,1100.0,5
14,"14-AQUOS   50"" Class (49.6"" Diag.)   LED",Entertainment,High Definition TV,4K Ultra,Sharp,"AQUOS   50"" Class (49.6"" Diag.)   LED",HD7300946701,99.0,Active Mature,Broken,2021-06-10 13:20:44,sofie@sigmacomputing.com,,10
15,"15-65"" Class (64.5"" Diag.)   LED   2160p",Entertainment,High Definition TV,4K Ultra,Sony,"65"" Class (64.5"" Diag.)   LED   2160p",HD5813347913,592.5,Active Mature,Rob has details,2021-06-23 14:20:18,tyler@sigmacomputing.com,,10
16,"16-65"" Class (64.5"" Diag.)   LED   2160p",Entertainment,High Definition TV,4K Ultra,Sony,"65"" Class (64.5"" Diag.)   LED   2160p",HD9298577865,183.0,Discontinue,Ask Amanda,2021-08-16 20:43:01,sofie@sigmacomputing.com,100.0,9
17,"17-55"" Class (54.6"" Diag.)   LED   2160p",Entertainment,High Definition TV,4K Ultra,Sony,"55"" Class (54.6"" Diag.)   LED   2160p",HD7112342227,109.5,Active,Not selling in US,2022-05-12 14:05:53,sofie@sigmacomputing.com,,9
18,"18-49"" Class (48.5"" Diag.)   LED   2160p",Entertainment,High Definition TV,4K Ultra,Sony,"49"" Class (48.5"" Diag.)   LED   2160p",HD8923795038,120.0,Discontinue,Size is not popular,2022-05-12 14:05:55,sofie@sigmacomputing.com,33.0,18
19,"19-65"" Class (64 1/2"" Diag.)   LED",Entertainment,High Definition TV,4K Ultra,Sony,"65"" Class (64 1/2"" Diag.)   LED",HD7567573683,1117.5,Active Mature,Other similar sizes sell better,2021-06-15 18:54:30,sofie@sigmacomputing.com,,9
20,"20-55"" Class (54.6"" Diag.)   LED   2160p",Entertainment,High Definition TV,4K Ultra,Sony,"55"" Class (54.6"" Diag.)   LED   2160p",HD5962551993,235.5,Active,Large sell,2022-05-12 14:05:53,sofie@sigmacomputing.com,,10
21,"21-M Series   43"" Class (42.5"" Diag.)",Entertainment,High Definition TV,4K Ultra,VIZIO,"M Series   43"" Class (42.5"" Diag.)",HD2604566011,886.5,Discontinue,Other similar sizes sell better,2021-09-01 20:06:56,sofie@sigmacomputing.com,200.0,20
22,"22-M Series   50"" Class (49.5"" Diag.)",Entertainment,High Definition TV,4K Ultra,VIZIO,"M Series   50"" Class (49.5"" Diag.)",HD5082493409,52.0,Active,Other similar sizes sell better,2021-03-23 19:06:20,tyler@sigmacomputing.com,,10
23,"23-M Series   55"" Class (55"" Diag.)",Entertainment,High Definition TV,4K Ultra,VIZIO,"M Series   55"" Class (55"" Diag.)",HD2346469246,172.5,Discontinue,No sales in the past 3 months,2021-03-23 19:06:21,tyler@sigmacomputing.com,,10
24,"24-60"" Class (60"" Diag.)   LED   2160p",Entertainment,High Definition TV,4K Ultra,VIZIO,"60"" Class (60"" Diag.)   LED   2160p",HD5000774137,382.5,Discontinue,No sales in the past 3 months,2020-12-17 15:17:24,kristian@sigmacomputing.com,,9
25,"25-M Series   70"" Class (69.5"" Diag.)",Entertainment,High Definition TV,4K Ultra,VIZIO,"M Series   70"" Class (69.5"" Diag.)",HD6548384322,388.0,Active,No sales in the past 3 months,2021-05-05 19:53:36,tyler@sigmacomputing.com,,20
26,"26-48"" Class (47.6"" Diag.)   LED   2160p",Entertainment,High Definition TV,4K Ultra,Samsung,"48"" Class (47.6"" Diag.)   LED   2160p",HD7090510318,335.5,Active,Increased sales,2021-09-16 20:57:22,sofie@sigmacomputing.com,300.0,20
27,"27-55"" Class (54.6"" Diag.)   LED   Curved",Entertainment,High Definition TV,4K Ultra,Samsung,"55"" Class (54.6"" Diag.)   LED   Curved",HD6117938607,529.5,Active,Performing quite well,2021-01-12 16:44:34,kristian@sigmacomputing.com,600.0,20
28,"28-65"" Class (64.5"" Diag.)   2160p   Smart",Entertainment,High Definition TV,4K Ultra,Samsung,"65"" Class (64.5"" Diag.)   2160p   Smart",HD1631775708,482.5,Active,Selling really well right now,2021-01-13 23:32:12,kristian@sigmacomputing.com,600.0,10
29,"29-43"" Class (42.5"" Diag.)   LED   2160p",Entertainment,High Definition TV,4K Ultra,Sony,"43"" Class (42.5"" Diag.)   LED   2160p",HD8655463393,4099.5,End of Life,Hasn't sold in months,2021-06-15 18:54:30,sofie@sigmacomputing.com,0.0,10
30,"30-AQUOS   55"" Class (54.6"" Diag.)   LED",Entertainment,High Definition TV,4K Ultra,Sharp,"AQUOS   55"" Class (54.6"" Diag.)   LED",HD9727896682,214.5,Discontinue,Need to update,2021-06-10 13:20:45,sofie@sigmacomputing.com,2000.0,20
31,"31-75"" Class (74.5"" Diag.)   LED   2160p",Entertainment,High Definition TV,4K Ultra,Sony,"75"" Class (74.5"" Diag.)   LED   2160p",HD1459001333,167.5,Active,Doing great,2021-01-29 22:28:05,kristian@sigmacomputing.com,,2
32,"32-AQUOS   43"" Class (42.5"" Diag.)   LED",Entertainment,High Definition TV,4K Ultra,Sharp,"AQUOS   43"" Class (42.5"" Diag.)   LED",HD7008363701,372.0,Discontinue,Other similar sizes sell better,2021-01-29 18:25:18,kristian@sigmacomputing.com,,10
33,"33-65"" Class (64.5"" Diag.)   LED   2160p",Entertainment,High Definition TV,4K Ultra,LG,"65"" Class (64.5"" Diag.)   LED   2160p",HD9537428815,109.5,Discontinue,Other similar sizes sell better,2021-01-29 18:25:19,kristian@sigmacomputing.com,,20
34,"34-65"" Class (64.5"" Diag.)   OLED   2160p",Entertainment,High Definition TV,4K Ultra,LG,"65"" Class (64.5"" Diag.)   OLED   2160p",HD9234408672,183.0,Discontinue,Been a while since we sold this product,2021-11-05 15:08:15,sofie@sigmacomputing.com,,10
35,"35-55"" Class (54.6"" Diag.)   LED   2160p",Entertainment,High Definition TV,4K Ultra,LG,"55"" Class (54.6"" Diag.)   LED   2160p",HD2674757452,1081.0,Discontinue,Other similar sizes sell better,2021-01-29 18:25:20,kristian@sigmacomputing.com,,10
36,"36-M Series   49"" Class (48.5"" Diag.)",Entertainment,High Definition TV,4K Ultra,VIZIO,"M Series   49"" Class (48.5"" Diag.)",HD9451418499,146.5,Discontinue,Other similar sizes sell better,2021-01-29 18:25:21,kristian@sigmacomputing.com,,9
37,"37-AQUOS   70"" Class (69.5"" Diag.)   LED",Entertainment,High Definition TV,4K Ultra,Sharp,"AQUOS   70"" Class (69.5"" Diag.)   LED",HD5968678406,298.5,Discontinue,Other similar sizes sell better,2021-01-29 18:25:21,kristian@sigmacomputing.com,,10
38,"38-65"" Class (64.5"" Diag.)   LED   Curved",Entertainment,High Definition TV,4K Ultra,Samsung,"65"" Class (64.5"" Diag.)   LED   Curved",HD2103714806,235.5,Discontinue,Other similar sizes sell better,2021-01-29 18:25:22,kristian@sigmacomputing.com,,5
39,"39-48"" Class (47.6"" Diag.)   LED   2160p",Entertainment,High Definition TV,4K Ultra,Samsung,"48"" Class (47.6"" Diag.)   LED   2160p",HD6253016043,487.5,Discontinue,Other similar sizes sell better,2021-01-29 18:25:22,kristian@sigmacomputing.com,,9
40,"40-AQUOS   70"" Class (69.5"" Diag.)   LED",Entertainment,High Definition TV,4K Ultra,Sharp,"AQUOS   70"" Class (69.5"" Diag.)   LED",HD3366775583,178.0,Active,"Going well, raise price",2021-02-10 20:41:04,kristian@sigmacomputing.com,200.0,9
41,"41-75"" Class (74.5"" Diag.)   2160p   Smart",Entertainment,High Definition TV,4K Ultra,Samsung,"75"" Class (74.5"" Diag.)   2160p   Smart",HD4198235110,1201.5,Active,Other similar sizes sell better,2021-10-19 14:49:52,tyler@sigmacomputing.com,1300.0,8
42,"42-49"" Class (48.5"" Diag.)   LED   2160p",Entertainment,High Definition TV,4K Ultra,LG,"49"" Class (48.5"" Diag.)   LED   2160p",HD4492844679,445.5,Discontinue,Other similar sizes sell better,2021-05-24 19:11:23,kristian@sigmacomputing.com,,10
43,"43-60"" Class (60"" Diag.)   2160p   Smart",Entertainment,High Definition TV,4K Ultra,Samsung,"60"" Class (60"" Diag.)   2160p   Smart",HD8794936157,304.0,Discontinue,Other similar sizes sell better,2021-05-24 19:11:24,kristian@sigmacomputing.com,350.0,20
44,"44-65"" Class (64.5"" Diag.)   LED Curved   2160p",Entertainment,High Definition TV,4K Ultra,Samsung,"65"" Class (64.5"" Diag.)   LED Curved   2160p",HD9113323444,183.0,Discontinue,not performing well,2021-03-01 16:19:50,kristian@sigmacomputing.com,,20
45,"45-M Series   65"" Class (65"" Diag.)",Entertainment,High Definition TV,4K Ultra,VIZIO,"M Series   65"" Class (65"" Diag.)",HD3007615801,561.0,Discontinue,Product not performing well,2021-03-16 16:14:54,kristian@sigmacomputing.com,400.0,10
46,"46-55"" Class (54.6"" Diag.)   OLED   Curved",Entertainment,High Definition TV,4K Ultra,LG,"55"" Class (54.6"" Diag.)   OLED   Curved",HD9464003565,115.0,Discontinue,not performing well,2021-05-03 23:21:30,kristian@sigmacomputing.com,,9
47,"47-55"" Class (54.6"" Diag.)   OLED   2160p",Entertainment,High Definition TV,4K Ultra,LG,"55"" Class (54.6"" Diag.)   OLED   2160p",HD7358852923,697.5,Discontinue,not performing well,2021-05-03 23:21:31,kristian@sigmacomputing.com,800.0,20
48,"48-55"" Class (54 1/2"" Diag.)   LED",Entertainment,High Definition TV,4K Ultra,Sony,"55"" Class (54 1/2"" Diag.)   LED",HD3268621924,739.5,Discontinue,not performing well,2021-05-03 23:21:32,kristian@sigmacomputing.com,,20
49,"49-65"" Class (64.5"" Diag.)   LED   2160p",Entertainment,High Definition TV,4K Ultra,LG,"65"" Class (64.5"" Diag.)   LED   2160p",HD5058069237,109.5,Discontinue,not performing well,2021-05-03 23:21:33,kristian@sigmacomputing.com,,9
50,"50-60"" Class (59.5"" Diag.)   LED   2160p",Entertainment,High Definition TV,4K Ultra,LG,"60"" Class (59.5"" Diag.)   LED   2160p",HD6064108683,325.0,Discontinue,Other similar sizes sell better,2021-05-24 19:11:25,kristian@sigmacomputing.com,50.0,10
51,51-Case for Apple® iPod® touch 5th and 6th Generation   Clear,Music,Audio,Accessories,LifeProof,Case for Apple® iPod® touch 5th and 6th Generation   Clear,AU4305167904,225.0,Discontinue,This is End of Life,2022-04-13 18:40:47,brendon@sigmacomputing.com,0.0,18
52,52-Plus Portable Bluetooth Speaker   Gray,Music,Audio,Accessories,Jam,Plus Portable Bluetooth Speaker   Gray,AU5099854196,109.5,End of Life,Thios is end of life,2022-04-13 22:50:45,brendon@sigmacomputing.com,0.0,16
53,53-Apple MFi Certified 15W Vehicle Charger with 30 Pin Cable and USB Port   Black,Music,Audio,Accessories,Insignia™,Apple MFi Certified 15W Vehicle Charger with 30 Pin Cable and USB Port   Black,AU4045937571,204.0,Active,hello,2021-10-19 20:31:52,max@sigmacomputing.com,,4
54,54-Protector Case for 5th Generation Apple® iPod® touch   Black,Music,Audio,Accessories,Griffin Technology,Protector Case for 5th Generation Apple® iPod® touch   Black,AU6359167765,183.0,End of Life,notes,2022-05-18 23:57:26,brendon@sigmacomputing.com,1000.0,4
55,55-Defender Carrying Case for iPod   Punked,Music,Audio,Accessories,OtterBox,Defender Carrying Case for iPod   Punked,AU1893762919,619.0,Active Mature,gfdsfgjlihgdf,2021-04-28 22:46:47,brendon@sigmacomputing.com,50.0,18
56,56-Survivor Case for 5th Generation Apple® iPod® touch   Black/Blue,Music,Audio,Accessories,Griffin Technology,Survivor Case for 5th Generation Apple® iPod® touch   Black/Blue,AU8357848313,902.5,Active,Way too expensive,2022-05-26 21:07:37,kristian@sigmacomputing.com,100.0,4
57,57-4' Micro USB Charge and Sync Cable,Music,Audio,Accessories,Platinum,4' Micro USB Charge and Sync Cable,AU4643407806,115.0,Discontinue,Nobody buying,2022-05-26 21:07:38,kristian@sigmacomputing.com,,18
58,58-4' Twist Lightning Charge and Sync Cable,Music,Audio,Accessories,Modal,4' Twist Lightning Charge and Sync Cable,AU6669297627,167.5,Active Mature,Hello!,2021-08-13 16:34:08,brendon@sigmacomputing.com,100.0,18
59,59-3' 3.5mm Audio Cable   Purple,Music,Audio,Accessories,Insignia™,3' 3.5mm Audio Cable   Purple,AU1834270411,230.5,,,,,,4
60,60-SoundLink® Mini Bluetooth Speaker Travel Bag   Black,Music,Audio,Accessories,Bose®,SoundLink® Mini Bluetooth Speaker Travel Bag   Black,AU1270231225,162.0,,,,,,4
61,61-Apple MFi Certified 4' Touch On LED Lightning Charge and Sync Cable,Music,Audio,Accessories,Platinum,Apple MFi Certified 4' Touch On LED Lightning Charge and Sync Cable,AU1783438430,52.0,,,,,,18
62,62-FM Direct Adapter   Black,Music,Audio,Accessories,SiriusXM,FM Direct Adapter   Black,AU1982871762,435.0,,,,,,18
63,63-Screen Protector for Apple® iPod® touch 5th Generation   Clear,Music,Audio,Accessories,ZAGG,Screen Protector for Apple® iPod® touch 5th Generation   Clear,AU9988507615,214.5,,,,,,16
64,64-Trainer Armband for 7th Generation Apple® iPod® nano   Black,Music,Audio,Accessories,Griffin Technology,Trainer Armband for 7th Generation Apple® iPod® nano   Black,AU4375750271,991.5,Active Mature,hello,2021-09-08 22:13:44,brendon@sigmacomputing.com,1000.0,14
65,65-Survivor Slim Case for Apple® iPod® touch 5th Generation   Turquoise/Lemon,Music,Audio,Accessories,Griffin Technology,Survivor Slim Case for Apple® iPod® touch 5th Generation   Turquoise/Lemon,AU7718986623,115.0,,,,,,16
66,66-Plus Portable Bluetooth Speaker   Pink,Music,Audio,Accessories,Jam,Plus Portable Bluetooth Speaker   Pink,AU3804222826,120.0,,,,,,4
67,67-BluJax 3.5mm Bluetooth Adapter   Black,Music,Audio,Accessories,iSimple,BluJax 3.5mm Bluetooth Adapter   Black,AU9630063456,52.0,,,,,,18
68,68-KaZoo Case for 5th Generation Apple® iPod® touch   Black,Music,Audio,Accessories,Griffin Technology,KaZoo Case for 5th Generation Apple® iPod® touch   Black,AU9908703792,99.0,,,,,,16
69,69-InvisibleSHIELD HD for 5th Generation Apple® iPod® touch   Clear,Music,Audio,Accessories,ZAGG,InvisibleSHIELD HD for 5th Generation Apple® iPod® touch   Clear,AU8259168716,403.5,Active,free form test,2021-09-17 15:53:07,brendon@sigmacomputing.com,20000.0,18
70,70-freqOUT pro FM Transmitter   Black,Music,Audio,Accessories,Scosche,freqOUT pro FM Transmitter   Black,AU6188325811,545.5,,,,,,16
71,71-Character Support Stand for Pill Speakers   Blue,Music,Audio,Accessories,Beats by Dr. Dre,Character Support Stand for Pill Speakers   Blue,AU4789980313,529.5,,,,,,18
72,72-Blustream Bluetooth FM Modulator   Black,Music,Audio,Accessories,iSimple,Blustream Bluetooth FM Modulator   Black,AU1574406148,529.5,,,,,,18
73,73-JamKast FM Transmitter for Select Apple® iPod® and iPhone® Models   Black,Music,Audio,Accessories,iSimple,JamKast FM Transmitter for Select Apple® iPod® and iPhone® Models   Black,AU9364988842,262.0,Active,free text field,2021-12-13 22:18:23,brendon@sigmacomputing.com,50000.0,4
74,74-5' 3.5mm Audio Cable   Black/Red,Music,Audio,Accessories,Platinum,5' 3.5mm Audio Cable   Black/Red,AU9568142807,298.5,,,,,,4
75,75-Survivor Case for 5th Generation Apple® iPod® touch   Black,Music,Audio,Accessories,Griffin Technology,Survivor Case for 5th Generation Apple® iPod® touch   Black,AU7125816116,529.5,,,,,,4
76,76-4' Twist Lightning Charge and Sync Cable,Music,Audio,Accessories,Modal,4' Twist Lightning Charge and Sync Cable,AU9738436629,430.0,,,,,,18
77,77-3' 3.5mm Audio Cable   Green,Music,Audio,Accessories,Insignia™,3' 3.5mm Audio Cable   Green,AU4689840609,708.0,,,,,,4
78,78-BOOM Wireless Bluetooth Speaker   Black,Music,Audio,Accessories,UE,BOOM Wireless Bluetooth Speaker   Black,AU3665356685,178.0,,,,,,16
79,79-Character Support Stand for Pill Speakers   Pink,Music,Audio,Accessories,Beats by Dr. Dre,Character Support Stand for Pill Speakers   Pink,AU2394336553,146.5,,,,,,4
80,80-Boost Up 2 Port Swivel Charger and Outlet   White,Music,Audio,Accessories,Belkin,Boost Up 2 Port Swivel Charger and Outlet   White,AU4378281522,440.5,Active Mature,Text notes,2021-10-19 21:24:03,brendon@sigmacomputing.com,1000.0,4
81,81-4GB* Wearable Sports MP3 Player   Black,Music,Audio,Accessories,Sony,4GB* Wearable Sports MP3 Player   Black,AU8770752639,62.5,,,,,,18
82,82-BluStream Bluetooth Factory Radio Module   Black,Music,Audio,Accessories,iSimple,BluStream Bluetooth Factory Radio Module   Black,AU8001591363,403.5,,,,,,13
83,83-Stanmore Bluetooth Speaker   Black,Music,Audio,Accessories,Marshall,Stanmore Bluetooth Speaker   Black,AU1080745048,613.5,,,,,,16
84,84-420W Portable Party Speaker System with Apple® iPod® and iPhone® Dock   Black,Music,Audio,Accessories,Sony,420W Portable Party Speaker System with Apple® iPod® and iPhone® Dock   Black,AU8529598590,1222.5,,,,,,18
85,85-Survivor Case for 5th Generation Apple® iPod® touch   Pink/White,Music,Audio,Accessories,Griffin Technology,Survivor Case for 5th Generation Apple® iPod® touch   Pink/White,AU6381889692,335.5,,,,,,9
86,86-EaseFit Plus Armband for Apple® iPhone® 5   Black,Music,Audio,Accessories,Belkin,EaseFit Plus Armband for Apple® iPhone® 5   Black,AU6325065762,540.0,,,,,,18
87,87-Bullfrogz Case for Apple® iPod® touch 5th Generation   Black/Green,Music,Audio,Accessories,iFrogz,Bullfrogz Case for Apple® iPod® touch 5th Generation   Black/Green,AU1653395705,162.0,,,,,,16
88,88-CallJax 3.5mm Audio Cable   Black,Music,Audio,Accessories,iSimple,CallJax 3.5mm Audio Cable   Black,AU7158935337,304.0,,,,,,18
89,89-Call Jax Plus 3.5mm Audio Cable   Black,Music,Audio,Accessories,iSimple,Call Jax Plus 3.5mm Audio Cable   Black,AU2109848570,708.0,,,,,,4
90,90-SoundLink® Mini Bluetooth Speaker Soft Cover   Gray,Music,Audio,Accessories,Bose®,SoundLink® Mini Bluetooth Speaker Soft Cover   Gray,AU7247574737,1611.0,,,,,,18
91,91-Classic Portable Bluetooth Wireless Speaker   Blueberry,Music,Audio,Accessories,Jam,Classic Portable Bluetooth Wireless Speaker   Blueberry,AU4351617381,498.0,,,,,,4
92,92-Survivor Case for Apple® iPod® touch 5th Generation   Purple/Zebra,Music,Audio,Accessories,Griffin Technology,Survivor Case for Apple® iPod® touch 5th Generation   Purple/Zebra,AU3223789783,304.0,,,,,,18
93,93-Courier Clip Case for Apple® iPod® nano 7th Generation   Black,Music,Audio,Accessories,Griffin Technology,Courier Clip Case for Apple® iPod® nano 7th Generation   Black,AU5156485880,109.5,,,,,,4
94,94-3' USB to Micro USB Cable,Music,Audio,Accessories,Beats by Dr. Dre,3' USB to Micro USB Cable,AU9946725044,892.0,,,,,,16
95,95-SoundDock® Series III Digital Music System   Black,Music,Audio,Accessories,Bose®,SoundDock® Series III Digital Music System   Black,AU4873968187,62.5,,,,,,4
96,96-PowerBlock Micro Wall Charger for Select Apple® Devices   White,Music,Audio,Accessories,Griffin Technology,PowerBlock Micro Wall Charger for Select Apple® Devices   White,AU4713463751,671.5,,,,,,4
97,97-CD Boombox with FM Radio and Apple® iPhone® and iPod® Dock   Black/Gray,Music,Audio,Accessories,Insignia™,CD Boombox with FM Radio and Apple® iPhone® and iPod® Dock   Black/Gray,AU1293932906,151.5,,,,,,4
98,98-Survivor Slim Case for 5th Generation Apple® iPod® touch   Black,Music,Audio,Accessories,Griffin Technology,Survivor Slim Case for 5th Generation Apple® iPod® touch   Black,AU6475403505,120.0,,,,,,18
99,99-2 in 1 Case for Apple® iPod® nano 7th Generation,Music,Audio,Accessories,Griffin Technology,2 in 1 Case for Apple® iPod® nano 7th Generation,AU2134055630,2440.5,,,,,,16
100,100-flatOUT 3' Auxiliary Audio Cable   Black,Music,Audio,Accessories,Scosche,flatOUT 3' Auxiliary Audio Cable   Black,AU1829789662,1054.5,Discontinue,This is disocntued,2022-01-07 21:44:03,brendon@sigmacomputing.com,0.0,18
101,101-Galaxy Note5 4G LTE with 32GB Memory Cell Phone   Black Sapphire (AT&T),Mobiles,Smart Phones,AT&T,Samsung,Galaxy Note5 4G LTE with 32GB Memory Cell Phone   Black Sapphire (AT&T),SP5995820917,325.0,,,,,,3
102,102-Galaxy Note5 4G LTE with 64GB Memory Cell Phone   Black Sapphire (AT&T),Mobiles,Smart Phones,AT&T,Samsung,Galaxy Note5 4G LTE with 64GB Memory Cell Phone   Black Sapphire (AT&T),SP5620533613,272.5,,,,,,11
103,103-iPhone 6s 64GB   Space Gray (AT&T),Mobiles,Smart Phones,AT&T,Apple,iPhone 6s 64GB   Space Gray (AT&T),SP1144893711,1033.5,,,,,,3
104,104-Galaxy Note5 4G LTE with 32GB Memory Cell Phone   White Pearl (AT&T),Mobiles,Smart Phones,AT&T,Samsung,Galaxy Note5 4G LTE with 32GB Memory Cell Phone   White Pearl (AT&T),SP9748854615,115.0,,,,,,11
105,105-iPhone 6s 64GB   Rose Gold (AT&T),Mobiles,Smart Phones,AT&T,Apple,iPhone 6s 64GB   Rose Gold (AT&T),SP4621173559,592.5,,,,,,3
106,106-iPhone 6s Plus 64GB   Space Gray (AT&T),Mobiles,Smart Phones,AT&T,Apple,iPhone 6s Plus 64GB   Space Gray (AT&T),SP3203656258,109.5,,,,,,3
107,107-iPhone 6s Plus 64GB   Rose Gold (AT&T),Mobiles,Smart Phones,AT&T,Apple,iPhone 6s Plus 64GB   Rose Gold (AT&T),SP5389259648,251.5,,,,,,3
108,108-iPhone 6s 16GB   Space Gray (AT&T),Mobiles,Smart Phones,AT&T,Apple,iPhone 6s 16GB   Space Gray (AT&T),SP1419400234,1117.5,,,,,,3
109,109-iPhone 6s 16GB   Rose Gold (AT&T),Mobiles,Smart Phones,AT&T,Apple,iPhone 6s 16GB   Rose Gold (AT&T),SP7767938264,571.5,,,,,,11
110,110-iPhone 6s 64GB   Silver (AT&T),Mobiles,Smart Phones,AT&T,Apple,iPhone 6s 64GB   Silver (AT&T),SP8659273938,183.0,,,,,,3
111,111-iPhone 6s 64GB   Gold (AT&T),Mobiles,Smart Phones,AT&T,Apple,iPhone 6s 64GB   Gold (AT&T),SP1046336000,99.0,,,,,,3
112,112-iPhone 6s Plus 64GB   Gold (AT&T),Mobiles,Smart Phones,AT&T,Apple,iPhone 6s Plus 64GB   Gold (AT&T),SP4812459551,1642.5,,,,,,18
113,113-iPhone 6s Plus 64GB   Silver (AT&T),Mobiles,Smart Phones,AT&T,Apple,iPhone 6s Plus 64GB   Silver (AT&T),SP2525285358,57.0,,,,,,3
114,114-Gear S Smartwatch 40mm Chrome AT&T   Black Urethane,Mobiles,Smart Phones,AT&T,Samsung,Gear S Smartwatch 40mm Chrome AT&T   Black Urethane,SP8379591651,529.5,,,,,,11
115,115-Galaxy S6 4G with 32GB Memory Cell Phone   Black Sapphire (AT&T),Mobiles,Smart Phones,AT&T,Samsung,Galaxy S6 4G with 32GB Memory Cell Phone   Black Sapphire (AT&T),SP3959149155,734.5,,,,,,18
116,116-iPhone 6 16GB   Space Gray (AT&T),Mobiles,Smart Phones,AT&T,Apple,iPhone 6 16GB   Space Gray (AT&T),SP5068815542,792.0,,,,,,19
117,117-iPhone 6s Plus 16GB   Rose Gold (AT&T),Mobiles,Smart Phones,AT&T,Apple,iPhone 6s Plus 16GB   Rose Gold (AT&T),SP6926206238,288.0,,,,,,11
118,118-iPhone 6s 16GB   Gold (AT&T),Mobiles,Smart Phones,AT&T,Apple,iPhone 6s 16GB   Gold (AT&T),SP7977917639,99.0,,,,,,3
119,119-iPhone 6s Plus 128GB   Space Gray (AT&T),Mobiles,Smart Phones,AT&T,Apple,iPhone 6s Plus 128GB   Space Gray (AT&T),SP5949762657,582.0,,,,,,3
120,120-Galaxy S6 edge+ 4G LTE with 32GB Memory Cell Phone   Gold Platinum (AT&T),Mobiles,Smart Phones,AT&T,Samsung,Galaxy S6 edge+ 4G LTE with 32GB Memory Cell Phone   Gold Platinum (AT&T),SP6518382100,162.0,,,,,,18
121,121-iPhone 6s Plus 16GB   Space Gray (AT&T),Mobiles,Smart Phones,AT&T,Apple,iPhone 6s Plus 16GB   Space Gray (AT&T),SP4490633099,151.5,,,,,,11
122,122-Galaxy S6 4G with 32GB Memory Cell Phone   Gold Platinum (AT&T),Mobiles,Smart Phones,AT&T,Samsung,Galaxy S6 4G with 32GB Memory Cell Phone   Gold Platinum (AT&T),SP1877550717,372.0,,,,,,11
123,123-Galaxy S6 Active 4G with 32GB Memory Cell Phone   Gray (AT&T),Mobiles,Smart Phones,AT&T,Samsung,Galaxy S6 Active 4G with 32GB Memory Cell Phone   Gray (AT&T),SP4441994260,482.5,,,,,,11
124,124-iPhone 6s 128GB   Space Gray (AT&T),Mobiles,Smart Phones,AT&T,Apple,iPhone 6s 128GB   Space Gray (AT&T),SP9917636382,871.0,,,,,,11
125,125-iPhone 6 64GB   Space Gray (AT&T),Mobiles,Smart Phones,AT&T,Apple,iPhone 6 64GB   Space Gray (AT&T),SP4339673001,1054.5,,,,,,11
126,126-iPhone 6s 16GB   Silver (AT&T),Mobiles,Smart Phones,AT&T,Apple,iPhone 6s 16GB   Silver (AT&T),SP1910435339,109.5,,,,,,12
127,127-Galaxy S6 edge 4G with 32GB Memory Cell Phone   Gold Platinum (AT&T),Mobiles,Smart Phones,AT&T,Samsung,Galaxy S6 edge 4G with 32GB Memory Cell Phone   Gold Platinum (AT&T),SP6359666575,151.5,,,,,,11
128,128-iPhone 6s Plus 16GB   Gold (AT&T),Mobiles,Smart Phones,AT&T,Apple,iPhone 6s Plus 16GB   Gold (AT&T),SP7209706328,251.5,,,,,,18
129,129-V10 4G with 64GB Memory Cell Phone   Black (AT&T),Mobiles,Smart Phones,AT&T,LG,V10 4G with 64GB Memory Cell Phone   Black (AT&T),SP6411802536,1474.5,,,,,,11
130,130-iPhone 6 16GB   Silver (AT&T),Mobiles,Smart Phones,AT&T,Apple,iPhone 6 16GB   Silver (AT&T),SP1526799597,235.5,,,,,,3
131,131-Galaxy S6 4G with 32GB Memory Cell Phone   White Pearl (AT&T),Mobiles,Smart Phones,AT&T,Samsung,Galaxy S6 4G with 32GB Memory Cell Phone   White Pearl (AT&T),SP5178879318,183.0,,,,,,11
132,132-iPhone 6s Plus 128GB   Rose Gold (AT&T),Mobiles,Smart Phones,AT&T,Apple,iPhone 6s Plus 128GB   Rose Gold (AT&T),SP4919063657,592.5,,,,,,11
133,133-Galaxy S6 edge+ 4G LTE with 32GB Memory Cell Phone   Black Sapphire (AT&T),Mobiles,Smart Phones,AT&T,Samsung,Galaxy S6 edge+ 4G LTE with 32GB Memory Cell Phone   Black Sapphire (AT&T),SP8322117139,1159.5,,,,,,3
134,134-iPhone 6 Plus 64GB   Space Gray (AT&T),Mobiles,Smart Phones,AT&T,Apple,iPhone 6 Plus 64GB   Space Gray (AT&T),SP5068933521,235.5,,,,,,18
135,135-Galaxy S6 Active 4G with 32GB Memory Cell Phone   Camo Blue (AT&T),Mobiles,Smart Phones,AT&T,Samsung,Galaxy S6 Active 4G with 32GB Memory Cell Phone   Camo Blue (AT&T),SP9418830286,99.0,,,,,,11
136,136-Galaxy S6 edge+ 4G LTE with 64GB Memory Cell Phone   Gold Platinum (AT&T),Mobiles,Smart Phones,AT&T,Samsung,Galaxy S6 edge+ 4G LTE with 64GB Memory Cell Phone   Gold Platinum (AT&T),SP5221148877,283.0,,,,,,3
137,137-G4 4G with 32GB Memory Cell Phone   Black Titanium (AT&T),Mobiles,Smart Phones,AT&T,LG,G4 4G with 32GB Memory Cell Phone   Black Titanium (AT&T),SP7484661733,592.5,,,,,,4
138,138-iPhone 6s Plus 16GB   Silver (AT&T),Mobiles,Smart Phones,AT&T,Apple,iPhone 6s Plus 16GB   Silver (AT&T),SP3849234455,1075.5,,,,,,18
139,139-Gear S Smartwatch 40mm Chrome AT&T   White Urethane,Mobiles,Smart Phones,AT&T,Samsung,Gear S Smartwatch 40mm Chrome AT&T   White Urethane,SP5913350985,1201.5,,,,,,11
140,140-Galaxy S6 edge 4G with 32GB Memory Cell Phone   Black Sapphire (AT&T),Mobiles,Smart Phones,AT&T,Samsung,Galaxy S6 edge 4G with 32GB Memory Cell Phone   Black Sapphire (AT&T),SP1622487022,1096.5,,,,,,3
141,141-iPhone 6 Plus 16GB   Space Gray (AT&T),Mobiles,Smart Phones,AT&T,Apple,iPhone 6 Plus 16GB   Space Gray (AT&T),SP7228920029,482.5,,,,,,3
142,142-Galaxy S6 4G with 64GB Memory Cell Phone   Black Sapphire (AT&T),Mobiles,Smart Phones,AT&T,Samsung,Galaxy S6 4G with 64GB Memory Cell Phone   Black Sapphire (AT&T),SP2400788673,529.5,,,,,,3
143,143-Galaxy S6 edge 4G with 32GB Memory Cell Phone   White Pearl (AT&T),Mobiles,Smart Phones,AT&T,Samsung,Galaxy S6 edge 4G with 32GB Memory Cell Phone   White Pearl (AT&T),SP6030760038,1180.5,,,,,,18
144,144-iPhone 6s 128GB   Silver (AT&T),Mobiles,Smart Phones,AT&T,Apple,iPhone 6s 128GB   Silver (AT&T),SP2084217952,1075.5,,,,,,11
145,145-Galaxy Note5 4G LTE with 64GB Memory Cell Phone   White Pearl (AT&T),Mobiles,Smart Phones,AT&T,Samsung,Galaxy Note5 4G LTE with 64GB Memory Cell Phone   White Pearl (AT&T),SP5262543930,304.0,,,,,,18
146,146-iPhone 6s 128GB   Gold (AT&T),Mobiles,Smart Phones,AT&T,Apple,iPhone 6s 128GB   Gold (AT&T),SP6691918167,151.5,,,,,,3
147,147-iPhone 6s Plus 128GB   Gold (AT&T),Mobiles,Smart Phones,AT&T,Apple,iPhone 6s Plus 128GB   Gold (AT&T),SP3600057359,1548.0,,,,,,3
148,148-iPhone 6s Plus 128GB   Silver (AT&T),Mobiles,Smart Phones,AT&T,Apple,iPhone 6s Plus 128GB   Silver (AT&T),SP6091310150,214.5,,,,,,11
149,149-Galaxy S6 edge+ 4G LTE with 64GB Memory Cell Phone   Black Sapphire (AT&T),Mobiles,Smart Phones,AT&T,Samsung,Galaxy S6 edge+ 4G LTE with 64GB Memory Cell Phone   Black Sapphire (AT&T),SP7987322538,823.5,,,,,,3
150,150-Galaxy S6 4G with 64GB Memory Cell Phone   White Pearl (AT&T),Mobiles,Smart Phones,AT&T,Samsung,Galaxy S6 4G with 64GB Memory Cell Phone   White Pearl (AT&T),SP6349334679,335.5,,,,,,3
151,151-4' Twist Lightning Charge and Sync Cable,Music,Audio,Bluetooth Speakers,Modal,4' Twist Lightning Charge and Sync Cable,AU4377882214,487.5,,,,,,7
152,152-3' 3.5mm Audio Cable   Green,Music,Audio,Bluetooth Speakers,Insignia™,3' 3.5mm Audio Cable   Green,AU4177329962,430.0,,,,,,4
153,153-BOOM Wireless Bluetooth Speaker   Black,Music,Audio,Bluetooth Speakers,UE,BOOM Wireless Bluetooth Speaker   Black,AU4224050006,3469.5,,,,,,16
154,154-Character Support Stand for Pill Speakers   Pink,Music,Audio,Bluetooth Speakers,Beats by Dr. Dre,Character Support Stand for Pill Speakers   Pink,AU8313629862,57.0,,,,,,4
155,155-Boost Up 2 Port Swivel Charger and Outlet   White,Music,Audio,Bluetooth Speakers,Belkin,Boost Up 2 Port Swivel Charger and Outlet   White,AU6921948961,178.0,,,,,,16
156,156-4GB* Wearable Sports MP3 Player   Black,Music,Audio,Bluetooth Speakers,Sony,4GB* Wearable Sports MP3 Player   Black,AU9317867347,298.5,,,,,,18
157,157-BluStream Bluetooth Factory Radio Module   Black,Music,Audio,Bluetooth Speakers,iSimple,BluStream Bluetooth Factory Radio Module   Black,AU7060405363,178.0,,,,,,4
158,158-Stanmore Bluetooth Speaker   Black,Music,Audio,Bluetooth Speakers,Marshall,Stanmore Bluetooth Speaker   Black,AU7358297212,183.0,Active,This is now active,2021-06-29 23:10:06,brendon@sigmacomputing.com,50.0,4
159,159-420W Portable Party Speaker System with Apple® iPod® and iPhone® Dock   Black,Music,Audio,Bluetooth Speakers,Sony,420W Portable Party Speaker System with Apple® iPod® and iPhone® Dock   Black,AU6285433668,120.0,,,,,,18
160,160-Survivor Case for 5th Generation Apple® iPod® touch   Pink/White,Music,Audio,Bluetooth Speakers,Griffin Technology,Survivor Case for 5th Generation Apple® iPod® touch   Pink/White,AU3701900942,325.0,,,,,,16
161,161-EaseFit Plus Armband for Apple® iPhone® 5   Black,Music,Audio,Bluetooth Speakers,Belkin,EaseFit Plus Armband for Apple® iPhone® 5   Black,AU8915126556,2062.5,,,,,,4
162,162-Bullfrogz Case for Apple® iPod® touch 5th Generation   Black/Green,Music,Audio,Bluetooth Speakers,iFrogz,Bullfrogz Case for Apple® iPod® touch 5th Generation   Black/Green,AU2616821500,62.5,,,,,,18
163,163-CallJax 3.5mm Audio Cable   Black,Music,Audio,Bluetooth Speakers,iSimple,CallJax 3.5mm Audio Cable   Black,AU8617906372,214.5,,,,,,1
164,164-Call Jax Plus 3.5mm Audio Cable   Black,Music,Audio,Bluetooth Speakers,iSimple,Call Jax Plus 3.5mm Audio Cable   Black,AU2994503401,230.5,,,,,,16
165,165-SoundLink® Mini Bluetooth Speaker Soft Cover   Gray,Music,Audio,Bluetooth Speakers,Bose®,SoundLink® Mini Bluetooth Speaker Soft Cover   Gray,AU3270554258,1222.5,,,,,,18
166,166-Classic Portable Bluetooth Wireless Speaker   Blueberry,Music,Audio,Bluetooth Speakers,Jam,Classic Portable Bluetooth Wireless Speaker   Blueberry,AU7262139821,734.5,,,,,,18
167,167-Survivor Case for Apple® iPod® touch 5th Generation   Purple/Zebra,Music,Audio,Bluetooth Speakers,Griffin Technology,Survivor Case for Apple® iPod® touch 5th Generation   Purple/Zebra,AU5818456579,162.0,,,,,,4
168,168-Courier Clip Case for Apple® iPod® nano 7th Generation   Black,Music,Audio,Bluetooth Speakers,Griffin Technology,Courier Clip Case for Apple® iPod® nano 7th Generation   Black,AU6261539963,514.0,,,,,,16
169,169-3' USB to Micro USB Cable,Music,Audio,Bluetooth Speakers,Beats by Dr. Dre,3' USB to Micro USB Cable,AU1708646498,356.5,,,,,,4
170,170-SoundDock® Series III Digital Music System   Black,Music,Audio,Bluetooth Speakers,Bose®,SoundDock® Series III Digital Music System   Black,AU9152842614,146.5,,,,,,4
171,171-PowerBlock Micro Wall Charger for Select Apple® Devices   White,Music,Audio,Bluetooth Speakers,Griffin Technology,PowerBlock Micro Wall Charger for Select Apple® Devices   White,AU3442119726,172.5,,,,,,18
172,172-CD Boombox with FM Radio and Apple® iPhone® and iPod® Dock   Black/Gray,Music,Audio,Bluetooth Speakers,Insignia™,CD Boombox with FM Radio and Apple® iPhone® and iPod® Dock   Black/Gray,AU1969153988,1291.0,,,,,,4
173,173-Survivor Slim Case for 5th Generation Apple® iPod® touch   Black,Music,Audio,Bluetooth Speakers,Griffin Technology,Survivor Slim Case for 5th Generation Apple® iPod® touch   Black,AU5763866547,162.0,,,,,,16
174,174-2 in 1 Case for Apple® iPod® nano 7th Generation,Music,Audio,Bluetooth Speakers,Griffin Technology,2 in 1 Case for Apple® iPod® nano 7th Generation,AU7017566791,970.5,,,,,,16
175,175-flatOUT 3' Auxiliary Audio Cable   Black,Music,Audio,Bluetooth Speakers,Scosche,flatOUT 3' Auxiliary Audio Cable   Black,AU5536584353,1138.5,,,,,,18
176,176-SoundLink® Mini Bluetooth Speaker II   Carbon,Music,Audio,Bluetooth Speakers,Bose®,SoundLink® Mini Bluetooth Speaker II   Carbon,AU2127114291,120.0,,,,,,16
177,177-SoundLink® Color Bluetooth Speaker   Black,Music,Audio,Bluetooth Speakers,Bose®,SoundLink® Color Bluetooth Speaker   Black,AU1927665291,162.0,,,,,,4
178,178-iStream Universal Bluetooth Audio Receiver   Black,Music,Audio,Bluetooth Speakers,Aluratek,iStream Universal Bluetooth Audio Receiver   Black,AU7856265071,172.5,,,,,,6
179,179-PLAY:1 2 Room Wireless Speaker Starter Set (Pair)   Black,Music,Audio,Bluetooth Speakers,SONOS,PLAY:1 2 Room Wireless Speaker Starter Set (Pair)   Black,AU9390292554,146.5,,,,,,16
180,180-Chromecast Audio   Black,Music,Audio,Bluetooth Speakers,Google,Chromecast Audio   Black,AU2989419212,109.5,,,,,,18
181,181-Pill 2.0 Portable Bluetooth Speaker   Black,Music,Audio,Bluetooth Speakers,Beats by Dr. Dre,Pill 2.0 Portable Bluetooth Speaker   Black,AU7730183668,603.0,,,,,,16
182,182-Portable Bluetooth Stereo Speaker   Black,Music,Audio,Bluetooth Speakers,Insignia™,Portable Bluetooth Stereo Speaker   Black,AU8118366287,356.5,,,,,,18
183,183-SoundLink® Portable Bluetooth Speaker III   Silver/Black,Music,Audio,Bluetooth Speakers,Bose®,SoundLink® Portable Bluetooth Speaker III   Silver/Black,AU3573133240,241.0,,,,,,15
184,184-SoundLink® Mini Bluetooth Speaker II   Pearl,Music,Audio,Bluetooth Speakers,Bose®,SoundLink® Mini Bluetooth Speaker II   Pearl,AU3782792930,199.0,,,,,,16
185,185-Bluetooth Audio Transmitter   White,Music,Audio,Bluetooth Speakers,Aluratek,Bluetooth Audio Transmitter   White,AU9405996786,414.0,,,,,,16
186,186-Flip 3 Portable Bluetooth Speaker   Black,Music,Audio,Bluetooth Speakers,JBL,Flip 3 Portable Bluetooth Speaker   Black,AU2201153837,246.0,,,,,,16
187,187-Plus Wireless Speaker   Dark Blue,Music,Audio,Bluetooth Speakers,Jam,Plus Wireless Speaker   Dark Blue,AU5139515055,1075.5,,,,,,18
188,188-SoundLink® Color Bluetooth Speaker   Blue,Music,Audio,Bluetooth Speakers,Bose®,SoundLink® Color Bluetooth Speaker   Blue,AU9381291586,592.5,,,,,,16
189,189-SoundLink® Color Bluetooth Speaker   Mint,Music,Audio,Bluetooth Speakers,Bose®,SoundLink® Color Bluetooth Speaker   Mint,AU4809636000,115.0,,,,,,16
190,190-Mini Life Jacket Bluetooth Speaker   Blue,Music,Audio,Bluetooth Speakers,Altec Lansing,Mini Life Jacket Bluetooth Speaker   Blue,AU8699848099,319.5,,,,,,18
191,191-Beats Pill+ Speaker   Black,Music,Audio,Bluetooth Speakers,Beats by Dr. Dre,Beats Pill+ Speaker   Black,AU5171775582,220.0,,,,,,16
192,192-SoundLink® Color Bluetooth Speaker   Red,Music,Audio,Bluetooth Speakers,Bose®,SoundLink® Color Bluetooth Speaker   Red,AU5749740600,487.5,,,,,,16
193,193-Neutron Wireless Suction Speaker   Gray,Music,Audio,Bluetooth Speakers,HMDX,Neutron Wireless Suction Speaker   Gray,AU9548435450,146.5,,,,,,18
194,194-Charge 2+ Portable Wireless Stereo Speaker   Black,Music,Audio,Bluetooth Speakers,JBL,Charge 2+ Portable Wireless Stereo Speaker   Black,AU8898186271,193.5,,,,,,4
195,195-Pill 2.0 Portable Bluetooth Speaker   Red,Music,Audio,Bluetooth Speakers,Beats by Dr. Dre,Pill 2.0 Portable Bluetooth Speaker   Red,AU4439036287,115.0,,,,,,18
196,196-Clip+ Portable Bluetooth Speaker   Black,Music,Audio,Bluetooth Speakers,JBL,Clip+ Portable Bluetooth Speaker   Black,AU1092463514,2314.5,,,,,,16
197,197-Mini Life Jacket Bluetooth Speaker   Red,Music,Audio,Bluetooth Speakers,Altec Lansing,Mini Life Jacket Bluetooth Speaker   Red,AU4354323078,162.0,,,,,,16
198,198-Portable Bluetooth Stereo Speaker   Blue,Music,Audio,Bluetooth Speakers,Insignia™,Portable Bluetooth Stereo Speaker   Blue,AU2476215232,1464.0,,,,,,18
199,199-Pill 2.0 Portable Bluetooth Speaker   White,Music,Audio,Bluetooth Speakers,Beats by Dr. Dre,Pill 2.0 Portable Bluetooth Speaker   White,AU6998449524,99.0,,,,,,16
200,200-Hangtime Wireless Bluetooth Speaker   Black,Music,Audio,Bluetooth Speakers,HMDX,Hangtime Wireless Bluetooth Speaker   Black,AU6996145573,519.0,,,,,,16
201,"201-55"" Class (54.6"" Diag.)   OLED   Curved",Entertainment,TV & Home Theater,Curved TV,LG,"55"" Class (54.6"" Diag.)   OLED   Curved",TV9434188276,172.5,,,,,,17
202,"202-65"" Class (64.5"" Diag.)   OLED   Curved",Entertainment,TV & Home Theater,Curved TV,LG,"65"" Class (64.5"" Diag.)   OLED   Curved",TV2317141001,745.0,,,,,,17
203,"203-65"" Class (64.5"" Diag.)   LED   Curved",Entertainment,TV & Home Theater,Curved TV,Samsung,"65"" Class (64.5"" Diag.)   LED   Curved",TV7006488542,298.5,Active,,2021-10-19 20:32:23,max@sigmacomputing.com,,17
204,"204-55"" Class (54.6"" Diag.)   LED   Curved",Entertainment,TV & Home Theater,Curved TV,Samsung,"55"" Class (54.6"" Diag.)   LED   Curved",TV7022945509,472.0,,,,,,17
205,"205-65"" Class (64.5"" Diag.)   LED   Curved",Entertainment,TV & Home Theater,Curved TV,Samsung,"65"" Class (64.5"" Diag.)   LED   Curved",TV8775079649,178.0,End of Life,,2021-10-19 17:00:15,max@sigmacomputing.com,,8
206,"206-55"" Class (54.6"" Diag.)   LED   Curved",Entertainment,TV & Home Theater,Curved TV,Samsung,"55"" Class (54.6"" Diag.)   LED   Curved",TV2965351606,199.0,,,,,,17
207,"207-65"" Class (64.5"" Diag.)   LED   Curved",Entertainment,TV & Home Theater,Curved TV,Samsung,"65"" Class (64.5"" Diag.)   LED   Curved",TV6277875628,109.5,,,,,,17
208,"208-65"" Class (64.5"" Diag.)   LED Curved   2160p",Entertainment,TV & Home Theater,Curved TV,Samsung,"65"" Class (64.5"" Diag.)   LED Curved   2160p",TV7122939904,62.5,,foobar,2021-10-19 17:00:15,max@sigmacomputing.com,,12
209,"209-78"" Class (78"" Diag.)   LED   Curved",Entertainment,TV & Home Theater,Curved TV,Samsung,"78"" Class (78"" Diag.)   LED   Curved",TV7850178250,304.0,,,,,,17
210,"210-55"" Class (54.6"" Diag.)   LED   Curved",Entertainment,TV & Home Theater,Curved TV,Samsung,"55"" Class (54.6"" Diag.)   LED   Curved",TV8836052237,272.5,,,,,,17
211,"211-78"" Class (78"" Diag.) – LED   Curved   2160p",Entertainment,TV & Home Theater,Curved TV,Samsung,"78"" Class (78"" Diag.) – LED   Curved   2160p",TV4628710639,792.0,,,,,,8
212,"212-48"" Class (47.6"" Diag.)   LED   Curved",Entertainment,TV & Home Theater,Curved TV,Samsung,"48"" Class (47.6"" Diag.)   LED   Curved",TV4532511185,393.0,,,,,,17
213,"213-78"" Class (78"" Diag.)   LED   Curved",Entertainment,TV & Home Theater,Curved TV,Samsung,"78"" Class (78"" Diag.)   LED   Curved",TV5597153849,162.0,,,,,,8
214,"214-88"" Class (88"" Diag.)   LED   Curved",Entertainment,TV & Home Theater,Curved TV,Samsung,"88"" Class (88"" Diag.)   LED   Curved",TV3540424075,902.5,,,,,,17
215,"215-88"" Class (88"" Diag.)   LED   Curved",Entertainment,TV & Home Theater,Curved TV,Samsung,"88"" Class (88"" Diag.)   LED   Curved",TV1204358087,582.0,,,,,,8
216,"216-78"" Class (78"" Diag.)   LED   Curved",Entertainment,TV & Home Theater,Curved TV,Samsung,"78"" Class (78"" Diag.)   LED   Curved",TV3496618455,162.0,,,,,,17
217,"217-55"" Class (54 5/8"" Diag.)   LED",Entertainment,TV & Home Theater,Curved TV,Samsung,"55"" Class (54 5/8"" Diag.)   LED",TV6857059530,414.0,,,,,,17
218,"218-65"" Class (64 1/2"" Diag.)   LED",Entertainment,TV & Home Theater,Curved TV,Samsung,"65"" Class (64 1/2"" Diag.)   LED",TV3834400120,52.0,,,,,,17
219,"219-55"" Class (54 5/8"" Diag.)   LED",Entertainment,TV & Home Theater,Curved TV,Samsung,"55"" Class (54 5/8"" Diag.)   LED",TV1037508619,151.5,,,,,,8
220,"220-48"" Class (47 5/8"" Diag.)   LED",Entertainment,TV & Home Theater,Curved TV,Samsung,"48"" Class (47 5/8"" Diag.)   LED",TV4965764950,430.0,,,,,,8
221,"221-55"" Class (54 5/8"" Diag.)   LED",Entertainment,TV & Home Theater,Curved TV,Samsung,"55"" Class (54 5/8"" Diag.)   LED",TV9574337334,178.0,,,,,,17
222,"222-65"" Class (64.5"" Diag.)   LED   Curved",Entertainment,TV & Home Theater,Curved TV,Samsung,"65"" Class (64.5"" Diag.)   LED   Curved",TV7798770807,199.0,,,,,,17
223,"223-50"" Class (49.7"" Diag.)   LED   1080p",Entertainment,TV & Home Theater,Curved TV,Sharp,"50"" Class (49.7"" Diag.)   LED   1080p",TV7907234816,214.5,,,,,,8
224,"224-M Series   70"" Class (69.5"" Diag.)",Entertainment,TV & Home Theater,Curved TV,VIZIO,"M Series   70"" Class (69.5"" Diag.)",TV9943197759,52.0,,,,,,17
225,"225-E Series   28"" Class (27""",Entertainment,TV & Home Theater,Curved TV,VIZIO,"E Series   28"" Class (27""",TV5667477881,241.0,,,,,,17
226,"226-48"" Class (47.6"" Diag.)   LED   2160p",Entertainment,TV & Home Theater,Curved TV,Samsung,"48"" Class (47.6"" Diag.)   LED   2160p",TV4608435186,62.5,,,,,,8
227,"227-65"" Class (64.5"" Diag.)   LED   1080p",Entertainment,TV & Home Theater,Curved TV,VIZIO,"65"" Class (64.5"" Diag.)   LED   1080p",TV7679900773,561.0,Discontinue,,2020-10-21 19:42:32,alfonso@sigmacomputing.com,,8
228,"228-55"" Class (54.6"" Diag.)   LED   Curved",Entertainment,TV & Home Theater,Curved TV,Samsung,"55"" Class (54.6"" Diag.)   LED   Curved",TV9911840828,304.0,,,,,,17
229,"229-65"" Class (64.5"" Diag.)   2160p   Smart",Entertainment,TV & Home Theater,Curved TV,Samsung,"65"" Class (64.5"" Diag.)   2160p   Smart",TV1405524335,178.0,,,,,,8
230,"230-50"" Class (49.5 Diag.)   LED   1080p",Entertainment,TV & Home Theater,Curved TV,Hisense,"50"" Class (49.5 Diag.)   LED   1080p",TV1563248967,172.5,,,,,,17
231,"231-AQUOS   55"" Class (54.6"" Diag.)   LED",Entertainment,TV & Home Theater,Curved TV,Sharp,"AQUOS   55"" Class (54.6"" Diag.)   LED",TV1969950738,634.5,,,,,,17
232,"232-E Series 32"" Class (32"" Diag.)   LED",Entertainment,TV & Home Theater,Curved TV,VIZIO,"E Series 32"" Class (32"" Diag.)   LED",TV5946024481,582.0,,,,,,17
233,"233-43"" Class (42.5"" Diag.)   LED   2160p",Entertainment,TV & Home Theater,Curved TV,Sony,"43"" Class (42.5"" Diag.)   LED   2160p",TV3449485060,109.5,,,,,,11
234,"234-AQUOS   55"" Class (54.6"" Diag.)   LED",Entertainment,TV & Home Theater,Curved TV,Sharp,"AQUOS   55"" Class (54.6"" Diag.)   LED",TV2252664294,272.5,,,,,,8
235,"235-50"" Class (49.5"" Diag.)   LED   1080p",Entertainment,TV & Home Theater,Curved TV,LG,"50"" Class (49.5"" Diag.)   LED   1080p",TV5857645640,230.5,,,,,,17
236,"236-40"" Class (40"" Diag.)   LED   1080p",Entertainment,TV & Home Theater,Curved TV,Hisense,"40"" Class (40"" Diag.)   LED   1080p",TV8062391019,5464.5,Active Mature,This product is hot,2021-10-19 16:53:51,tyler@sigmacomputing.com,,8
237,"237-75"" Class (74.5"" Diag.)   LED   2160p",Entertainment,TV & Home Theater,Curved TV,Sony,"75"" Class (74.5"" Diag.)   LED   2160p",TV9511537022,2320.0,Active,,2021-10-19 16:56:36,tyler@sigmacomputing.com,,19
238,"238-50"" Class (49.5"" Diag.)   LED   1080p",Entertainment,TV & Home Theater,Curved TV,Sony,"50"" Class (49.5"" Diag.)   LED   1080p",TV3661358579,241.0,,,,,,17
239,"239-AQUOS   43"" Class (42.5"" Diag.)   LED",Entertainment,TV & Home Theater,Curved TV,Sharp,"AQUOS   43"" Class (42.5"" Diag.)   LED",TV5938494444,1117.5,,This product is selling well,2021-10-19 22:27:40,tyler@sigmacomputing.com,,17
240,"240-65"" Class (64.5"" Diag.)   LED   2160p",Entertainment,TV & Home Theater,Curved TV,LG,"65"" Class (64.5"" Diag.)   LED   2160p",TV8768814633,162.0,,,,,,8
241,"241-65"" Class (64.5"" Diag.)   OLED   2160p",Entertainment,TV & Home Theater,Curved TV,LG,"65"" Class (64.5"" Diag.)   OLED   2160p",TV7752971448,1238.5,,,,,,8
242,"242-55"" Class (54.6"" Diag.)   LED   1080p",Entertainment,TV & Home Theater,Curved TV,LG,"55"" Class (54.6"" Diag.)   LED   1080p",TV8458475729,246.0,,,,,,17
243,"243-55"" Class (54.6"" Diag.)   LED   2160p",Entertainment,TV & Home Theater,Curved TV,LG,"55"" Class (54.6"" Diag.)   LED   2160p",TV2867816788,57.0,,,,,,8
244,"244-M Series   49"" Class (48.5"" Diag.)",Entertainment,TV & Home Theater,Curved TV,VIZIO,"M Series   49"" Class (48.5"" Diag.)",TV1133492957,482.5,,,,,,17
245,"245-AQUOS   70"" Class (69.5"" Diag.)   LED",Entertainment,TV & Home Theater,Curved TV,Sharp,"AQUOS   70"" Class (69.5"" Diag.)   LED",TV1878188327,319.5,,,,,,17
246,"246-65"" Class (64.5"" Diag.)   LED   Curved",Entertainment,TV & Home Theater,Curved TV,Samsung,"65"" Class (64.5"" Diag.)   LED   Curved",TV6693396666,99.0,,,,,,8
247,247-19.5Portable Touch Screen All in,Computers,Computers & Tablets,Desktops,Asus,19.5Portable Touch Screen All in,CT3789850006,151.5,,,2021-06-11 16:58:44,todd@sigmacomputing.com,150.0,1
248,248-21.5Touch Screen All In,Computers,Computers & Tablets,Desktops,Asus,21.5Touch Screen All In,CT9776393587,57.0,,,2021-06-11 16:58:45,todd@sigmacomputing.com,150.0,8
249,249-Inspiron 23.8Touch Screen All In,Computers,Computers & Tablets,Desktops,Dell,Inspiron 23.8Touch Screen All In,CT6360680509,162.0,,,2021-06-11 16:58:45,todd@sigmacomputing.com,150.0,8
250,250-Inspiron 23.8All In One,Computers,Computers & Tablets,Desktops,Dell,Inspiron 23.8All In One,CT5679960582,272.5,,,2021-06-11 16:58:46,todd@sigmacomputing.com,150.0,10
251,251-Inspiron 19.5Portable Touch Screen All In,Computers,Computers & Tablets,Desktops,Dell,Inspiron 19.5Portable Touch Screen All In,CT2668275292,498.0,,,2021-06-11 16:58:47,todd@sigmacomputing.com,150.0,10
252,252-Inspiron 19.5Portable Touch Screen All In,Computers,Computers & Tablets,Desktops,Dell,Inspiron 19.5Portable Touch Screen All In,CT3975392702,288.0,,,,,,1
253,253-19.45All in One,Computers,Computers & Tablets,Desktops,HP,19.45All in One,CT2457288477,304.0,,,,,,1
254,254-Pavilion 23Touch Screen All In,Computers,Computers & Tablets,Desktops,HP,Pavilion 23Touch Screen All In,CT4698415187,115.0,,,,,,1
255,255-Pavilion 21.5Touch Screen All In,Computers,Computers & Tablets,Desktops,HP,Pavilion 21.5Touch Screen All In,CT7459038985,109.5,,,,,,10
256,256-Pavilion 23Touch Screen All In,Computers,Computers & Tablets,Desktops,HP,Pavilion 23Touch Screen All In,CT2550360943,4336.0,,,,,,8
257,257-Pavilion 23Touch Screen All In,Computers,Computers & Tablets,Desktops,HP,Pavilion 23Touch Screen All In,CT7769932574,151.5,,,,,,1
258,258-19.45All In One,Computers,Computers & Tablets,Desktops,HP,19.45All In One,CT5009663409,498.0,,,,,,1
259,259-21.5Touch Screen All In,Computers,Computers & Tablets,Desktops,Lenovo,21.5Touch Screen All In,CT2624354757,382.5,,,,,,1
260,260-21.5All In One,Computers,Computers & Tablets,Desktops,Lenovo,21.5All In One,CT1679660667,235.5,,,,,,1
261,261-21.5All In One,Computers,Computers & Tablets,Desktops,Lenovo,21.5All In One,CT8425344555,146.5,,,,,,8
262,262-ENVY 27Touch Screen All In,Computers,Computers & Tablets,Desktops,HP,ENVY 27Touch Screen All In,CT4639576066,477.0,,,,,,10
263,263-Inspiron 23.8All In One,Computers,Computers & Tablets,Desktops,Dell,Inspiron 23.8All In One,CT2433329599,109.5,,,,,,8
264,"264-27"" iMac® with Retina 5K display   Intel Core i5 (3.2GHz)   8GB Memory",Computers,Computers & Tablets,Desktops,Apple,"27"" iMac® with Retina 5K display   Intel Core i5 (3.2GHz)   8GB Memory",CT5813846456,120.0,,,,,,10
265,265-Inspiron 19.5Portable Touch Screen All In,Computers,Computers & Tablets,Desktops,Dell,Inspiron 19.5Portable Touch Screen All In,CT9841845457,540.0,,,,,,1
266,266-Desktop   Intel Core i7   8GB Memory,Computers,Computers & Tablets,Desktops,iBUYPOWER,Desktop   Intel Core i7   8GB Memory,CT2967618389,167.5,,,,,,1
267,267-IdeaCentre 23.84K Ultra HD Touch Screen All In,Computers,Computers & Tablets,Desktops,Lenovo,IdeaCentre 23.84K Ultra HD Touch Screen All In,CT9713544500,120.0,,,,,,10
268,268-ENVY Desktop   Intel Core i7   16GB Memory,Computers,Computers & Tablets,Desktops,HP,ENVY Desktop   Intel Core i7   16GB Memory,CT1241712347,839.5,,,,,,8
269,269-Pavilion 21.5Touch Screen All In,Computers,Computers & Tablets,Desktops,HP,Pavilion 21.5Touch Screen All In,CT2972569943,109.5,,,,,,10
270,270-Pavilion 23Touch Screen All In,Computers,Computers & Tablets,Desktops,HP,Pavilion 23Touch Screen All In,CT4693807809,178.0,,,,,,10
271,271-19.5Portable Touch Screen All in,Computers,Computers & Tablets,Desktops,Asus,19.5Portable Touch Screen All in,CT4638483089,682.0,,,,,,8
272,272-Inspiron 19.5Portable Touch Screen All In,Computers,Computers & Tablets,Desktops,Dell,Inspiron 19.5Portable Touch Screen All In,CT7564156748,162.0,,,,,,10
273,273-SHIELD Pro   Black,Computers,Computers & Tablets,Desktops,NVIDIA,SHIELD Pro   Black,CT1332664751,162.0,,,,,,17
274,274-IdeaCentre 300s Desktop   Intel Core i5   8GB Memory,Computers,Computers & Tablets,Desktops,Lenovo,IdeaCentre 300s Desktop   Intel Core i5   8GB Memory,CT4011286927,214.5,,,,,,10
275,275-Gamer Ultra Desktop   AMD FX Series,Computers,Computers & Tablets,Desktops,CyberPowerPC,Gamer Ultra Desktop   AMD FX Series,CT8827478977,62.5,,,,,,8
276,276-Inspiron 23Touch Screen All In,Computers,Computers & Tablets,Desktops,Dell,Inspiron 23Touch Screen All In,CT7482159029,193.5,,,,,,3
277,277-Inspiron Desktop   Intel Celeron   2GB Memory,Computers,Computers & Tablets,Desktops,Dell,Inspiron Desktop   Intel Celeron   2GB Memory,CT7638547239,288.0,,,,,,10
278,278-Inspiron Desktop   Intel Pentium   4GB Memory,Computers,Computers & Tablets,Desktops,Dell,Inspiron Desktop   Intel Pentium   4GB Memory,CT7303893024,1180.5,,,,,,10
279,"279-27"" iMac® with Retina 5K display   Intel Core i5 (3.3GHz)   8GB Memory",Computers,Computers & Tablets,Desktops,Apple,"27"" iMac® with Retina 5K display   Intel Core i5 (3.3GHz)   8GB Memory",CT8701663922,99.0,,,,,,1
280,280-Pavilion 23Touch Screen All In,Computers,Computers & Tablets,Desktops,HP,Pavilion 23Touch Screen All In,CT5370546105,503.5,,,,,,1
281,281-Pavilion Desktop   Intel Core i3   8GB Memory,Computers,Computers & Tablets,Desktops,HP,Pavilion Desktop   Intel Core i3   8GB Memory,CT4724305338,272.5,,,,,,10
282,282-ENVY 23Touch Screen All In,Computers,Computers & Tablets,Desktops,HP,ENVY 23Touch Screen All In,CT1125491363,561.0,,,,,,8
283,283-Desktop   AMD A10 Series,Computers,Computers & Tablets,Desktops,Asus,Desktop   AMD A10 Series,CT3721911168,162.0,,,,,,19
284,284-Pavilion Desktop   Intel Pentium   4GB Memory,Computers,Computers & Tablets,Desktops,HP,Pavilion Desktop   Intel Pentium   4GB Memory,CT2324979199,183.0,,,,,,8
285,285-Slimline Desktop   Intel Pentium   4GB Memory,Computers,Computers & Tablets,Desktops,HP,Slimline Desktop   Intel Pentium   4GB Memory,CT4818434108,120.0,,,,,,1
286,286-Desktop   Intel Core i5   8GB Memory,Computers,Computers & Tablets,Desktops,Asus,Desktop   Intel Core i5   8GB Memory,CT3064614683,519.0,,,,,,8
287,287-21.5IPS LED HD Monitor   Black,Computers,Computers & Tablets,Desktops,Lenovo,21.5IPS LED HD Monitor   Black,CT6845192561,272.5,,,,,,20
288,"288-27"" LED Curved HD Monitor   Black",Computers,Computers & Tablets,Desktops,Samsung,"27"" LED Curved HD Monitor   Black",CT6596585801,178.0,,,,,,1
289,289-24IPS HD Monitor   Black,Computers,Computers & Tablets,Desktops,LG,24IPS HD Monitor   Black,CT1548810065,1138.5,,,,,,10
290,"290-21.5"" LED HD Monitor   Black",Computers,Computers & Tablets,Desktops,Asus,"21.5"" LED HD Monitor   Black",CT9595895962,120.0,,,,,,1
291,"291-27"" Widescreen Flat Panel LED HD Monitor   Black",Computers,Computers & Tablets,Desktops,AOC,"27"" Widescreen Flat Panel LED HD Monitor   Black",CT1580291319,477.0,,,,,,10
292,292-21.5IPS LCD HD Monitor   Black,Computers,Computers & Tablets,Desktops,Acer,21.5IPS LCD HD Monitor   Black,CT8381741551,167.5,,,,,,1
293,"293-24"" LED HD Monitor   Black",Computers,Computers & Tablets,Desktops,Asus,"24"" LED HD Monitor   Black",CT3571906564,613.5,,,,,,8
294,"294-21.5"" LED HD Touch Screen Monitor   Black",Computers,Computers & Tablets,Desktops,Dell,"21.5"" LED HD Touch Screen Monitor   Black",CT1692407873,172.5,,,,,,10
295,295-19.5HD Touch Screen Monitor   Black,Computers,Computers & Tablets,Desktops,Asus,19.5HD Touch Screen Monitor   Black,CT9298379174,283.0,,,,,,1
296,296-UltraSharp U2715H 27IPS LED HD Monitor   Black,Computers,Computers & Tablets,Desktops,Dell,UltraSharp U2715H 27IPS LED HD Monitor   Black,CT2583625859,298.5,,,,,,8
297,297-EarPods™ with Remote and Mic   White,Music,Audio,Headphones,Apple,EarPods™ with Remote and Mic   White,AU9208921406,109.5,,,,,,18
298,298-Powerbeats2 Wireless Earbud Headphones   Black/Red,Music,Audio,Headphones,Beats by Dr. Dre,Powerbeats2 Wireless Earbud Headphones   Black/Red,AU5819806160,5491.0,,,,,,16
299,299-Flat Aux Stereo Audio Cable   Black,Music,Audio,Headphones,Griffin Technology,Flat Aux Stereo Audio Cable   Black,AU8012592728,162.0,,,,,,16
300,300-3' 3.5mm Stereo Auxiliary Cable   White,Music,Audio,Headphones,Griffin Technology,3' 3.5mm Stereo Auxiliary Cable   White,AU8220154836,1159.5,,,,,,18
301,301-Bluetooth Headphones   Gray,Music,Audio,Headphones,Insignia,Bluetooth Headphones   Gray,AU8708113738,120.0,,,,,,18
302,302-Earbud Headphones   White,Music,Audio,Headphones,Insignia™,Earbud Headphones   White,AU1742747320,57.0,,,,,,4
303,303-3' 3.5mm Audio Cable   White,Music,Audio,Headphones,Insignia™,3' 3.5mm Audio Cable   White,AU3843990561,671.5,,,,,,4
304,304-Over the Ear Wireless Headphones,Music,Audio,Headphones,Insignia™,Over the Ear Wireless Headphones,AU6510262449,671.5,,,,,,18
305,305-3' 3.5mm Audio Cable   Black,Music,Audio,Headphones,Insignia™,3' 3.5mm Audio Cable   Black,AU7364247562,109.5,,,,,,16
306,306-Gummy Plus In Ear Headphones   Black,Music,Audio,Headphones,JVC,Gummy Plus In Ear Headphones   Black,AU3914937425,571.5,,,,,,4
307,307-Sport Clip On Earbud Headphones   Black,Music,Audio,Headphones,JVC,Sport Clip On Earbud Headphones   Black,AU8383806579,109.5,,,,,,4
308,308-Tone Infinim Wireless Earbud Headphones   Metallic Silver,Music,Audio,Headphones,LG,Tone Infinim Wireless Earbud Headphones   Metallic Silver,AU2449331303,115.0,,,,,,19
309,309-Tone Pro Bluetooth Headset   Black,Music,Audio,Headphones,LG,Tone Pro Bluetooth Headset   Black,AU3531292937,120.0,,,,,,18
310,310-Tone Ultra Bluetooth Stereo Headset   Black,Music,Audio,Headphones,LG,Tone Ultra Bluetooth Stereo Headset   Black,AU2042435303,792.0,,,,,,16
311,311-Tone Pro Bluetooth Headset   Blue,Music,Audio,Headphones,LG,Tone Pro Bluetooth Headset   Blue,AU3718595762,256.5,,,,,,3
312,312-Ink'd 2 Earbud Headphones   Black,Music,Audio,Headphones,Skullcandy,Ink'd 2 Earbud Headphones   Black,AU9365792821,445.5,,,,,,16
313,313-Ink'd 2 Earbud Headphones   Red/Black,Music,Audio,Headphones,Skullcandy,Ink'd 2 Earbud Headphones   Red/Black,AU2260918438,109.5,,,,,,16
314,314-EX Series Earbud Headphones   Black,Music,Audio,Headphones,Sony,EX Series Earbud Headphones   Black,AU2274092936,183.0,,,,,,18
315,315-ZX Series On Ear Headphones   Black,Music,Audio,Headphones,Sony,ZX Series On Ear Headphones   Black,AU8214074018,225.0,,,,,,4
316,316-Wireless FM Over the Ear Headphones,Music,Audio,Headphones,Sony,Wireless FM Over the Ear Headphones,AU6873105314,57.0,,,,,,16
317,317-EX Series Earbud Headphones   White,Music,Audio,Headphones,Sony,EX Series Earbud Headphones   White,AU2399604101,435.0,,,,,,18
318,318-Noise Canceling Over the,Music,Audio,Headphones,Sony,Noise Canceling Over the,AU3140865826,167.5,,,,,,18
319,319-EX Earbud Headphones   White,Music,Audio,Headphones,Sony,EX Earbud Headphones   White,AU3980818202,204.0,,,,,,4
320,320-ZX Series On Ear Headphones   White,Music,Audio,Headphones,Sony,ZX Series On Ear Headphones   White,AU2878977250,57.0,,,,,,18
321,321-Earbud Headphones   Black,Music,Audio,Headphones,Sony,Earbud Headphones   Black,AU3224005044,167.5,,,,,,18
322,322-Gumy Plus Earbud Headphones   Black,Music,Audio,Headphones,JVC,Gumy Plus Earbud Headphones   Black,AU2177510244,62.5,,,,,,4
323,323-Fix Earbud Headphones   Black/Chrome,Music,Audio,Headphones,Skullcandy,Fix Earbud Headphones   Black/Chrome,AU8667499201,62.5,,,,,,18
324,324-QuietComfort® 25 Acoustic Noise Cancelling™ Headphones (iOS)   Triple Black,Music,Audio,Headphones,Bose®,QuietComfort® 25 Acoustic Noise Cancelling™ Headphones (iOS)   Triple Black,AU6862108473,902.5,,,,,,18
325,325-Uproar On Ear Headphones   Black,Music,Audio,Headphones,Skullcandy,Uproar On Ear Headphones   Black,AU9631661714,172.5,,,,,,16
326,326-6' Flat Auxiliary Stereo Audio Cable   Black,Music,Audio,Headphones,Griffin Technology,6' Flat Auxiliary Stereo Audio Cable   Black,AU4454128101,99.0,,,,,,16
327,327-20' Headphone Extension Cable and Adapter Kit   Black,Music,Audio,Headphones,Insignia™,20' Headphone Extension Cable and Adapter Kit   Black,AU1116361482,120.0,,,,,,16
328,328-Ink'd 2 Earbud Headphones   Blue/Black,Music,Audio,Headphones,Skullcandy,Ink'd 2 Earbud Headphones   Blue/Black,AU6383529412,288.0,,,,,,13
329,329-Earbud Headphones   Black,Music,Audio,Headphones,Sony,Earbud Headphones   Black,AU6427398419,109.5,,,,,,4
330,330-X2 Wireless Earbud Headphones   Midnight,Music,Audio,Headphones,Jaybird,X2 Wireless Earbud Headphones   Midnight,AU3784789145,52.0,,,,,,18
331,331-Powerbeats² Wireless Headphones   Black,Music,Audio,Headphones,Beats by Dr. Dre,Powerbeats² Wireless Headphones   Black,AU9428187151,361.5,,,,,,16
332,332-Smokin' Buds 2 Earbud Headphones   Black/Red/Orange,Music,Audio,Headphones,Skullcandy,Smokin' Buds 2 Earbud Headphones   Black/Red/Orange,AU6124471627,225.0,,,,,,4
333,333-Step Up EX Series Earbud Headphones   Black,Music,Audio,Headphones,Sony,Step Up EX Series Earbud Headphones   Black,AU2389006686,167.5,,,,,,18
334,334-urBeats Earbud Headphones   Black,Music,Audio,Headphones,Beats by Dr. Dre,urBeats Earbud Headphones   Black,AU5913007464,120.0,,,,,,16
335,335-Gumy Earbud Headphones   Black,Music,Audio,Headphones,JVC,Gumy Earbud Headphones   Black,AU8085320490,293.5,,,,,,18
336,336-EX Series Earbud Headphones   Black,Music,Audio,Headphones,Sony,EX Series Earbud Headphones   Black,AU7461584699,241.0,,,,,,11
337,337-Ink'd 2 Earbud Headphones   Black/Mint,Music,Audio,Headphones,Skullcandy,Ink'd 2 Earbud Headphones   Black/Mint,AU3726740474,482.5,,,,,,16
338,338-4.5' 3.5mm Audio Cable   Red,Music,Audio,Headphones,Beats by Dr. Dre,4.5' 3.5mm Audio Cable   Red,AU1786012460,361.5,,,,,,16
339,339-SoundLink® Around Ear Wireless Headphones II   Black,Music,Audio,Headphones,Bose®,SoundLink® Around Ear Wireless Headphones II   Black,AU2842856939,99.0,,,,,,4
340,340-On Ear Headphones   Black,Music,Audio,Headphones,Sony,On Ear Headphones   Black,AU9129555081,965.5,,,,,,16
341,341-Transit Mini Wireless Earbud Headphones   Gray,Music,Audio,Headphones,Jam,Transit Mini Wireless Earbud Headphones   Gray,AU6985833751,304.0,,,,,,4
342,342-Gumy Earbud Headphones   White,Music,Audio,Headphones,JVC,Gumy Earbud Headphones   White,AU8769602453,1054.5,,,,,,6
343,343-EX Series Earbud Headphones   Violet,Music,Audio,Headphones,Sony,EX Series Earbud Headphones   Violet,AU2468164348,162.0,,,,,,16
344,344-EX Series Earbud Headphones   Blue,Music,Audio,Headphones,Sony,EX Series Earbud Headphones   Blue,AU6133663640,99.0,,,,,,16
345,345-Step Wireless Earbud Headphones   Black,Music,Audio,Headphones,Jabra,Step Wireless Earbud Headphones   Black,AU6419550314,115.0,,,,,,18
346,346-Survivor AUX 4' Auxiliary Audio Cable   Blue,Music,Audio,Headphones,Griffin Technology,Survivor AUX 4' Auxiliary Audio Cable   Blue,AU7619949561,115.0,,,,,,4
347,347-Geek Squad Certified Refurbished iPod nano® 16GB MP3 Player (8th Generation   Latest Model)   Silver,Music,Refurbished MP3,iPods,Apple,Geek Squad Certified Refurbished iPod nano® 16GB MP3 Player (8th Generation   Latest Model)   Silver,RM1510239178,708.0,,,,,,1
348,348-Geek Squad Certified Refurbished iPod nano® 16GB MP3 Player (8th Generation   Latest Model)   Blue,Music,Refurbished MP3,iPods,Apple,Geek Squad Certified Refurbished iPod nano® 16GB MP3 Player (8th Generation   Latest Model)   Blue,RM2997215111,340.5,,,,,,10
349,349-Geek Squad Certified Refurbished iPod touch® 16GB MP3 Player (6th Generation   Latest Model)   Silver,Music,Refurbished MP3,iPods,Apple,Geek Squad Certified Refurbished iPod touch® 16GB MP3 Player (6th Generation   Latest Model)   Silver,RM5268239480,120.0,,,,,,16
350,350-Geek Squad Certified Refurbished iPod touch® 16GB MP3 Player (6th Generation   Latest Model)   Blue,Music,Refurbished MP3,iPods,Apple,Geek Squad Certified Refurbished iPod touch® 16GB MP3 Player (6th Generation   Latest Model)   Blue,RM5531979619,319.5,,,,,,16
351,351-Geek Squad Certified Refurbished iPod nano® 16GB MP3 Player (8th Generation   Latest Model)   Space Gray,Music,Refurbished MP3,iPods,Apple,Geek Squad Certified Refurbished iPod nano® 16GB MP3 Player (8th Generation   Latest Model)   Space Gray,RM1798155155,57.0,,,,,,1
352,352-Geek Squad Certified Refurbished iPod nano® 16GB MP3 Player (8th Generation   Latest Model)   Gold,Music,Refurbished MP3,iPods,Apple,Geek Squad Certified Refurbished iPod nano® 16GB MP3 Player (8th Generation   Latest Model)   Gold,RM7849818339,214.5,,,,,,1
353,353-Geek Squad Certified Refurbished iPod touch® 16GB MP3 Player (6th Generation   Latest Model)   Space Gray,Music,Refurbished MP3,iPods,Apple,Geek Squad Certified Refurbished iPod touch® 16GB MP3 Player (6th Generation   Latest Model)   Space Gray,RM3544173413,498.0,,,,,,10
354,354-Geek Squad Certified Refurbished iPod touch® 16GB MP3 Player (6th Generation   Latest Model)   Gold,Music,Refurbished MP3,iPods,Apple,Geek Squad Certified Refurbished iPod touch® 16GB MP3 Player (6th Generation   Latest Model)   Gold,RM7727052092,230.5,,,,,,10
355,355-iPod nano® 16GB MP3 Player (8th Generation   Latest Model)   Gold,Music,MP3 Player,iPods,Apple,iPod nano® 16GB MP3 Player (8th Generation   Latest Model)   Gold,MP8070711672,288.0,,,,,,20
356,356-iPod touch® 32GB MP3 Player (6th Generation   Latest Model)   Space Gray,Music,MP3 Player,iPods,Apple,iPod touch® 32GB MP3 Player (6th Generation   Latest Model)   Space Gray,MP7715392931,823.5,,,,,,3
357,357-iPod touch® 32GB MP3 Player (6th Generation   Latest Model)   Gold,Music,MP3 Player,iPods,Apple,iPod touch® 32GB MP3 Player (6th Generation   Latest Model)   Gold,MP4726222726,356.5,,,,,,12
358,358-iPod touch® 16GB MP3 Player (6th Generation   Latest Model)   Blue,Music,MP3 Player,iPods,Apple,iPod touch® 16GB MP3 Player (6th Generation   Latest Model)   Blue,MP1711239863,235.5,,,,,,17
359,359-iPod touch® 16GB MP3 Player (6th Generation   Latest Model)   Space Gray,Music,MP3 Player,iPods,Apple,iPod touch® 16GB MP3 Player (6th Generation   Latest Model)   Space Gray,MP8484965111,398.5,,,,,,20
360,360-iPod nano® 16GB MP3 Player (8th Generation   Latest Model)   Space Gray,Music,MP3 Player,iPods,Apple,iPod nano® 16GB MP3 Player (8th Generation   Latest Model)   Space Gray,MP7630705083,178.0,,,,,,20
361,361-iPod touch® 16GB MP3 Player (6th Generation   Latest Model)   Pink,Music,MP3 Player,iPods,Apple,iPod touch® 16GB MP3 Player (6th Generation   Latest Model)   Pink,MP2632973577,1180.5,,,,,,20
362,362-iPod touch® 32GB MP3 Player (6th Generation   Latest Model)   Blue,Music,MP3 Player,iPods,Apple,iPod touch® 32GB MP3 Player (6th Generation   Latest Model)   Blue,MP9592536908,99.0,,,,,,18
363,363-iPod nano® 16GB MP3 Player (8th Generation   Latest Model)   Blue,Music,MP3 Player,iPods,Apple,iPod nano® 16GB MP3 Player (8th Generation   Latest Model)   Blue,MP7281076736,183.0,,,,,,20
364,364-iPod touch® 16GB MP3 Player (6th Generation   Latest Model)   Gold,Music,MP3 Player,iPods,Apple,iPod touch® 16GB MP3 Player (6th Generation   Latest Model)   Gold,MP2496955146,256.5,,,,,,20
365,365-iPod touch® 64GB MP3 Player (6th Generation   Latest Model)   Space Gray,Music,MP3 Player,iPods,Apple,iPod touch® 64GB MP3 Player (6th Generation   Latest Model)   Space Gray,MP2007989006,871.0,,,,,,20
366,366-iPod shuffle® 2GB MP3 Player (6th Generation   Latest Model)   Pink,Music,MP3 Player,iPods,Apple,iPod shuffle® 2GB MP3 Player (6th Generation   Latest Model)   Pink,MP5992268869,246.0,,,,,,20
367,367-iPod touch® 16GB MP3 Player (6th Generation   Latest Model)   Silver,Music,MP3 Player,iPods,Apple,iPod touch® 16GB MP3 Player (6th Generation   Latest Model)   Silver,MP3885025629,172.5,,,,,,3
368,368-iPod touch® 64GB MP3 Player (6th Generation   Latest Model)   White/Silver,Music,MP3 Player,iPods,Apple,iPod touch® 64GB MP3 Player (6th Generation   Latest Model)   White/Silver,MP3364196549,115.0,,,,,,2
369,369-iPod shuffle® 2GB MP3 Player (6th Generation   Latest Model)   Gold,Music,MP3 Player,iPods,Apple,iPod shuffle® 2GB MP3 Player (6th Generation   Latest Model)   Gold,MP2298722800,613.5,,,,,,5
370,370-iPod touch® 32GB MP3 Player (6th Generation   Latest Model)   Pink,Music,MP3 Player,iPods,Apple,iPod touch® 32GB MP3 Player (6th Generation   Latest Model)   Pink,MP5417740938,619.0,,,,,,3
371,371-Walkman 64 GB Flash Portable Media Player   Silver,Music,MP3 Player,iPods,Sony,Walkman 64 GB Flash Portable Media Player   Silver,MP3840944975,592.5,,,,,,20
372,372-$15 iTunes Gift Card   Blue/Purple,Music,MP3 Player,iPods,Apple,$15 iTunes Gift Card   Blue/Purple,MP1974518266,120.0,,,,,,20
373,373-$25 iTunes Gift Card   Orange,Music,MP3 Player,iPods,Apple,$25 iTunes Gift Card   Orange,MP6486220239,52.0,,,,,,20
374,374-$100 iTunes Gift Card   Purple/Pink/Orange,Music,MP3 Player,iPods,Apple,$100 iTunes Gift Card   Purple/Pink/Orange,MP9305927611,1201.5,,,,,,3
375,375-$50 iTunes Gift Card   Green,Music,MP3 Player,iPods,Apple,$50 iTunes Gift Card   Green,MP8539902817,692.5,,,,,,20
376,376-$10 iTunes Gift Cards (3 Pack)   Pink,Music,MP3 Player,iPods,Apple,$10 iTunes Gift Cards (3 Pack)   Pink,MP2514651806,540.0,,,,,,3
377,377-iPod nano® 16GB MP3 Player (8th Generation   Latest Model)   Space Gray,Music,MP3 Player,iPods,Apple,iPod nano® 16GB MP3 Player (8th Generation   Latest Model)   Space Gray,MP6607378649,99.0,,,,,,3
378,378-iPod touch® 16GB MP3 Player (6th Generation   Latest Model)   Blue,Music,MP3 Player,iPods,Apple,iPod touch® 16GB MP3 Player (6th Generation   Latest Model)   Blue,MP5862152673,325.0,,,,,,3
379,379-iPod nano® 16GB MP3 Player (8th Generation   Latest Model)   Blue,Music,MP3 Player,iPods,Apple,iPod nano® 16GB MP3 Player (8th Generation   Latest Model)   Blue,MP3406612445,529.5,,,,,,3
380,380-iPod touch® 16GB MP3 Player (6th Generation   Latest Model)   Space Gray,Music,MP3 Player,iPods,Apple,iPod touch® 16GB MP3 Player (6th Generation   Latest Model)   Space Gray,MP5960064729,62.5,,,,,,3
381,381-iPod nano® 16GB MP3 Player (8th Generation   Latest Model)   Gold,Music,MP3 Player,iPods,Apple,iPod nano® 16GB MP3 Player (8th Generation   Latest Model)   Gold,MP7638492709,718.5,,,,,,3
382,382-iPod touch® 16GB MP3 Player (6th Generation   Latest Model)   Pink,Music,MP3 Player,iPods,Apple,iPod touch® 16GB MP3 Player (6th Generation   Latest Model)   Pink,MP6788803109,230.5,,,,,,3
383,383-iPod touch® 64GB MP3 Player (6th Generation   Latest Model)   Space Gray,Music,MP3 Player,iPods,Apple,iPod touch® 64GB MP3 Player (6th Generation   Latest Model)   Space Gray,MP2963463769,99.0,,,,,,20
384,384-iPod touch® 32GB MP3 Player (6th Generation   Latest Model)   Space Gray,Music,MP3 Player,iPods,Apple,iPod touch® 32GB MP3 Player (6th Generation   Latest Model)   Space Gray,MP1333998214,361.5,,,,,,3
385,385-iPod shuffle® 2GB MP3 Player (6th Generation   Latest Model)   White & Silver,Music,MP3 Player,iPods,Apple,iPod shuffle® 2GB MP3 Player (6th Generation   Latest Model)   White & Silver,MP6548724357,151.5,,,,,,3
386,386-iPod touch® 32GB MP3 Player (6th Generation   Latest Model)   Blue,Music,MP3 Player,iPods,Apple,iPod touch® 32GB MP3 Player (6th Generation   Latest Model)   Blue,MP8025301219,445.5,,,,,,8
387,387-iPod touch® 16GB MP3 Player (6th Generation   Latest Model)   Gold,Music,MP3 Player,iPods,Apple,iPod touch® 16GB MP3 Player (6th Generation   Latest Model)   Gold,MP2734310910,1238.5,,,,,,12
388,388-iPod touch® 32GB MP3 Player (6th Generation   Latest Model)   Pink,Music,MP3 Player,iPods,Apple,iPod touch® 32GB MP3 Player (6th Generation   Latest Model)   Pink,MP9985928148,487.5,,,,,,3
389,389-iPod shuffle® 2GB MP3 Player (6th Generation   Latest Model)   Blue,Music,MP3 Player,iPods,Apple,iPod shuffle® 2GB MP3 Player (6th Generation   Latest Model)   Blue,MP8174580055,283.0,,,,,,3
390,390-iPod nano® 16GB MP3 Player (8th Generation   Latest Model)   Silver,Music,MP3 Player,iPods,Apple,iPod nano® 16GB MP3 Player (8th Generation   Latest Model)   Silver,MP3576921944,120.0,,,,,,3
391,391-iPod touch® 32GB MP3 Player (6th Generation   Latest Model)   Gold,Music,MP3 Player,iPods,Apple,iPod touch® 32GB MP3 Player (6th Generation   Latest Model)   Gold,MP1085475413,109.5,,,,,,3
392,392-iPod touch® 16GB MP3 Player (6th Generation   Latest Model)   Silver,Music,MP3 Player,iPods,Apple,iPod touch® 16GB MP3 Player (6th Generation   Latest Model)   Silver,MP6359244568,115.0,,,,,,6
393,393-iPod touch® 32GB MP3 Player (6th Generation   Latest Model)   Silver,Music,MP3 Player,iPods,Apple,iPod touch® 32GB MP3 Player (6th Generation   Latest Model)   Silver,MP9181007541,949.5,,,,,,20
394,394-iPod nano® 16GB MP3 Player (8th Generation   Latest Model)   Pink,Music,MP3 Player,iPods,Apple,iPod nano® 16GB MP3 Player (8th Generation   Latest Model)   Pink,MP5351656798,550.5,,,,,,20
395,395-iPod touch® 64GB MP3 Player (6th Generation   Latest Model)   Gold,Music,MP3 Player,iPods,Apple,iPod touch® 64GB MP3 Player (6th Generation   Latest Model)   Gold,MP1105819907,1054.5,,,,,,20
396,396-iPod shuffle® 2GB MP3 Player (6th Generation   Latest Model)   Gold,Music,MP3 Player,iPods,Apple,iPod shuffle® 2GB MP3 Player (6th Generation   Latest Model)   Gold,MP5347531110,514.0,,,,,,3
397,"397-MacBook® Pro   15.4"" Display   Intel Core i7",Computers,Computers & Tablets,Laptops,Apple,"MacBook® Pro   15.4"" Display   Intel Core i7",CT4940693319,162.0,,,,,,1
398,398-Surface Book 2 in 1 13.5Touch,Computers,Computers & Tablets,Laptops,Microsoft,Surface Book 2 in 1 13.5Touch,CT2933842761,167.5,,,,,,1
399,399-Satellite Radius 14Touch Screen Laptop   Intel Core i3,Computers,Computers & Tablets,Laptops,Toshiba,Satellite Radius 14Touch Screen Laptop   Intel Core i3,CT1829708603,1138.5,,,,,,8
400,400-ENVY 17.3Touch Screen Laptop   Intel Core i7,Computers,Computers & Tablets,Laptops,HP,ENVY 17.3Touch Screen Laptop   Intel Core i7,CT4596483816,267.0,,,,,,11
401,"401-MacBook Air® (Latest Model)   13.3"" Display   Intel Core i5",Computers,Computers & Tablets,Laptops,Apple,"MacBook Air® (Latest Model)   13.3"" Display   Intel Core i5",CT2911929875,146.5,,,,,,8
402,"402-MacBook® Pro   Intel Core i5   13.3"" Display",Computers,Computers & Tablets,Laptops,Apple,"MacBook® Pro   Intel Core i5   13.3"" Display",CT3411724256,871.0,,,,,,1
403,"403-Inspiron 14"" Laptop   Intel Celeron   2GB Memory",Computers,Computers & Tablets,Laptops,Dell,"Inspiron 14"" Laptop   Intel Celeron   2GB Memory",CT9924459865,99.0,,,,,,10
404,"404-Stream 11.6"" Laptop   Intel Celeron   2GB Memory",Computers,Computers & Tablets,Laptops,HP,"Stream 11.6"" Laptop   Intel Celeron   2GB Memory",CT8492408515,340.5,,,,,,1
405,405-Flip 2 in 1 10.1Touch,Computers,Computers & Tablets,Laptops,Asus,Flip 2 in 1 10.1Touch,CT4494043487,241.0,,,,,,10
406,"406-Surface 3   10.8""   Intel Atom",Computers,Computers & Tablets,Laptops,Microsoft,"Surface 3   10.8""   Intel Atom",CT6706490545,162.0,,,,,,10
407,"407-13.3"" Chromebook 2   Intel Celeron   4GB Memory",Computers,Computers & Tablets,Laptops,Toshiba,"13.3"" Chromebook 2   Intel Celeron   4GB Memory",CT5400764855,57.0,,,,,,8
408,408-Aspire R14 2 in 1 14Touch,Computers,Computers & Tablets,Laptops,Acer,Aspire R14 2 in 1 14Touch,CT2483291503,1117.5,,,,,,19
409,"409-MacBook®   12"" Display   Intel Core M",Computers,Computers & Tablets,Laptops,Apple,"MacBook®   12"" Display   Intel Core M",CT7955377034,1138.5,,,,,,8
410,"410-Surface Pro 3   12""   Intel Core i3",Computers,Computers & Tablets,Laptops,Microsoft,"Surface Pro 3   12""   Intel Core i3",CT9570224287,52.0,,,,,,8
411,411-Satellite Radius 11.6Touch Screen Laptop   Intel Pentium,Computers,Computers & Tablets,Laptops,Toshiba,Satellite Radius 11.6Touch Screen Laptop   Intel Pentium,CT7279289235,970.5,,,,,,1
412,412-Flex 3 2 in 1 11.6Touch,Computers,Computers & Tablets,Laptops,Lenovo,Flex 3 2 in 1 11.6Touch,CT8218261107,745.0,,,,,,1
413,413-Edge 2 15.62 in 1 Touch,Computers,Computers & Tablets,Laptops,Lenovo,Edge 2 15.62 in 1 Touch,CT2949031406,304.0,,,,,,8
414,414-Inspiron 13.3Touch Screen Laptop   Intel Core i5,Computers,Computers & Tablets,Laptops,Dell,Inspiron 13.3Touch Screen Laptop   Intel Core i5,CT7788066134,5464.5,,,,,,1
415,"415-MacBook Pro with Retina display (Latest Model)   13.3"" Display   8GB Memory",Computers,Computers & Tablets,Laptops,Apple,"MacBook Pro with Retina display (Latest Model)   13.3"" Display   8GB Memory",CT5170625551,298.5,,,,,,8
416,416-Surface Book 2 in 1 13.5Touch,Computers,Computers & Tablets,Laptops,Microsoft,Surface Book 2 in 1 13.5Touch,CT7094405528,178.0,,,,,,8
417,417-2 in 1 15.6Touch,Computers,Computers & Tablets,Laptops,Asus,2 in 1 15.6Touch,CT9300231452,115.0,,,,,,1
418,418-Surface Book 2 in 1 13.5Touch,Computers,Computers & Tablets,Laptops,Microsoft,Surface Book 2 in 1 13.5Touch,CT8062888359,477.0,,,,,,10
419,419-Yoga 2 2 in 1 11.6Touch,Computers,Computers & Tablets,Laptops,Lenovo,Yoga 2 2 in 1 11.6Touch,CT9004823529,1138.5,,,,,,10
420,420-Inspiron 15.6Touch Screen Laptop   Intel Core i5,Computers,Computers & Tablets,Laptops,Dell,Inspiron 15.6Touch Screen Laptop   Intel Core i5,CT7375637437,162.0,,,,,,1
421,"421-14"" Chromebook   Intel Celeron   2GB Memory",Computers,Computers & Tablets,Laptops,HP,"14"" Chromebook   Intel Celeron   2GB Memory",CT5806033929,241.0,,,,,,1
422,422-ENVY 17.3Touch Screen Laptop   Intel Core i7,Computers,Computers & Tablets,Laptops,HP,ENVY 17.3Touch Screen Laptop   Intel Core i7,CT9129157252,550.5,,,,,,8
423,423-Satellite Radius 2 in 1 15.6Touch,Computers,Computers & Tablets,Laptops,Toshiba,Satellite Radius 2 in 1 15.6Touch,CT7815110097,871.0,,,,,,10
424,424-ENVY x360 2 in 1 15.6Touch,Computers,Computers & Tablets,Laptops,HP,ENVY x360 2 in 1 15.6Touch,CT8910435004,172.5,,,,,,1
425,425-Inspiron 11.6Touch Screen Laptop   Intel Core i3,Computers,Computers & Tablets,Laptops,Dell,Inspiron 11.6Touch Screen Laptop   Intel Core i3,CT2250546729,272.5,,,,,,8
426,426-Surface Book 2 in 1 13.5Touch,Computers,Computers & Tablets,Laptops,Microsoft,Surface Book 2 in 1 13.5Touch,CT1761511706,1527.0,,,,,,10
427,"427-G50 15.6"" Laptop   Intel Core i3   4GB Memory",Computers,Computers & Tablets,Laptops,Lenovo,"G50 15.6"" Laptop   Intel Core i3   4GB Memory",CT3486636250,246.0,,,,,,10
428,428-Yoga 900 13.32 in 1 Touch,Computers,Computers & Tablets,Laptops,Lenovo,Yoga 900 13.32 in 1 Touch,CT8661171881,545.5,,,,,,10
429,429-Yoga 900 13.32 in 1 Touch,Computers,Computers & Tablets,Laptops,Lenovo,Yoga 900 13.32 in 1 Touch,CT7291294434,839.5,,,,,,10
430,"430-Surface Pro 4   12.3""   128GB",Computers,Computers & Tablets,Laptops,Microsoft,"Surface Pro 4   12.3""   128GB",CT7026383228,298.5,,,,,,8
431,431-Inspiron 2 in 1 13.3Touch,Computers,Computers & Tablets,Laptops,Dell,Inspiron 2 in 1 13.3Touch,CT2374731534,246.0,,,,,,1
432,432-2 in 1 13.3Touch,Computers,Computers & Tablets,Laptops,Asus,2 in 1 13.3Touch,CT3977847955,120.0,,,,,,1
433,"433-Surface 3   10.8""   Intel Atom",Computers,Computers & Tablets,Laptops,Microsoft,"Surface 3   10.8""   Intel Atom",CT3480031756,2188.5,,,,,,1
434,"434-15.6"" Chromebook   Intel Celeron   4GB Memory",Computers,Computers & Tablets,Laptops,Acer,"15.6"" Chromebook   Intel Celeron   4GB Memory",CT3828180336,162.0,,,,,,1
435,"435-MacBook®   12"" Display   Intel Core M",Computers,Computers & Tablets,Laptops,Apple,"MacBook®   12"" Display   Intel Core M",CT4606947889,892.0,,,,,,1
436,"436-Star Wars Special Edition 15.6"" Laptop   Intel Core i7   8GB Memory",Computers,Computers & Tablets,Laptops,HP,"Star Wars Special Edition 15.6"" Laptop   Intel Core i7   8GB Memory",CT5103790018,619.0,,,,,,10
437,437-Edge 2 15.62 in 1 Touch,Computers,Computers & Tablets,Laptops,Lenovo,Edge 2 15.62 in 1 Touch,CT6609190085,57.0,,,,,,10
438,"438-11.6"" Chromebook 2   Intel Celeron   2GB Memory",Computers,Computers & Tablets,Laptops,Samsung,"11.6"" Chromebook 2   Intel Celeron   2GB Memory",CT7217599640,146.5,,,,,,10
439,439-Spectre x360 2 in 1 13.3Touch,Computers,Computers & Tablets,Laptops,HP,Spectre x360 2 in 1 13.3Touch,CT6192629426,57.0,,,,,,8
440,440-Satellite Radius 2 in 1 15.64K Ultra HD Touch,Computers,Computers & Tablets,Laptops,Toshiba,Satellite Radius 2 in 1 15.64K Ultra HD Touch,CT8111155516,1002.0,,,,,,1
441,"441-G51 15.6"" Laptop   AMD A8 Series",Computers,Computers & Tablets,Laptops,Lenovo,"G51 15.6"" Laptop   AMD A8 Series",CT3189572270,172.5,,,,,,1
442,442-Inspiron 7000 Series 2 in 1 15.6Touch,Computers,Computers & Tablets,Laptops,Dell,Inspiron 7000 Series 2 in 1 15.6Touch,CT4691394613,435.0,,,,,,10
443,443-2 in 1 13.3Touch,Computers,Computers & Tablets,Laptops,Asus,2 in 1 13.3Touch,CT4737533741,115.0,,,,,,1
444,"444-Aspire 15.6"" Laptop   Intel Celeron   4GB Memory",Computers,Computers & Tablets,Laptops,Acer,"Aspire 15.6"" Laptop   Intel Celeron   4GB Memory",CT7592497775,109.5,,,,,,10
445,445-Yoga 2 2 in 1 11.6Touch,Computers,Computers & Tablets,Laptops,Lenovo,Yoga 2 2 in 1 11.6Touch,CT8938703660,682.0,,,,,,8
446,446-Flex 3 2 in 1 11.6Touch,Computers,Computers & Tablets,Laptops,Lenovo,Flex 3 2 in 1 11.6Touch,CT6854395112,146.5,,,,,,8
447,"447-40"" Class (40"" Diag.)   LED   1080p",Entertainment,Energy Star TV,LED TV,Insignia,"40"" Class (40"" Diag.)   LED   1080p",ES7356021698,377.5,,,,,,11
448,"448-19"" Class (18.5"" Diag.)   LED   720p",Entertainment,Energy Star TV,LED TV,Insignia™,"19"" Class (18.5"" Diag.)   LED   720p",ES4703301578,146.5,,,,,,11
449,"449-32"" Class (31 1/2"" Diag.)   LED",Entertainment,Energy Star TV,LED TV,Insignia™,"32"" Class (31 1/2"" Diag.)   LED",ES6868546069,230.5,,,,,,11
450,"450-39"" Class (38.5"" Diag.)   LED   720p",Entertainment,Energy Star TV,LED TV,Insignia™,"39"" Class (38.5"" Diag.)   LED   720p",ES3021853006,419.5,,,,,,18
451,"451-48"" Class (47.6"" Diag.)   LED   1080p",Entertainment,Energy Star TV,LED TV,Insignia™,"48"" Class (47.6"" Diag.)   LED   1080p",ES8954140216,178.0,,,,,,11
452,"452-32"" Class (31.5"" Diag.)   LED   1080p",Entertainment,Energy Star TV,LED TV,Insignia™,"32"" Class (31.5"" Diag.)   LED   1080p",ES9674264871,1212.0,Discontinue,dog ops,2021-10-19 17:01:31,max@sigmacomputing.com,,17
453,"453-32"" Class (31.5"" Diag.)   LED   720p",Entertainment,Energy Star TV,LED TV,Insignia™,"32"" Class (31.5"" Diag.)   LED   720p",ES9225982925,146.5,,,,,,11
454,"454-65"" Class (64.5"" Diag.)   LED   2160p",Entertainment,Energy Star TV,LED TV,Samsung,"65"" Class (64.5"" Diag.)   LED   2160p",ES4289058851,871.0,,,,,,11
455,"455-55"" Class (54.6"" Diag.)   LED   2160p",Entertainment,Energy Star TV,LED TV,Samsung,"55"" Class (54.6"" Diag.)   LED   2160p",ES3545123519,178.0,,,,,,10
456,"456-48"" Class (47.6"" Diag.)   LED   1080p",Entertainment,Energy Star TV,LED TV,Samsung,"48"" Class (47.6"" Diag.)   LED   1080p",ES3455710582,388.0,,,,,,11
457,"457-50"" Class (49.5"" Diag.)   LED   2160p",Entertainment,Energy Star TV,LED TV,Samsung,"50"" Class (49.5"" Diag.)   LED   2160p",ES9345949919,472.0,,,,,,18
458,"458-40"" Class (40"" Diag.)   LED   1080p",Entertainment,Energy Star TV,LED TV,Samsung,"40"" Class (40"" Diag.)   LED   1080p",ES1337765341,855.0,,,,,,18
459,"459-60"" Class (60"" Diag.)   LED   2160p",Entertainment,Energy Star TV,LED TV,Samsung,"60"" Class (60"" Diag.)   LED   2160p",ES2949948684,519.0,,,,,,11
460,"460-48"" Class (47.6"" Diag.)   LED   1080p",Entertainment,Energy Star TV,LED TV,Samsung,"48"" Class (47.6"" Diag.)   LED   1080p",ES6836353135,3354.0,,dog ops,2021-10-19 17:01:32,max@sigmacomputing.com,,18
461,"461-28"" Class (27 1/2"" Diag.)   LED",Entertainment,Energy Star TV,LED TV,Samsung,"28"" Class (27 1/2"" Diag.)   LED",ES8851617738,288.0,,,,,,11
462,"462-65"" Class (64.5"" Diag.)   LED   Curved",Entertainment,Energy Star TV,LED TV,Samsung,"65"" Class (64.5"" Diag.)   LED   Curved",ES4052897139,151.5,,,,,,11
463,"463-32"" Class (31.5"" Diag.)   LED   1080p",Entertainment,Energy Star TV,LED TV,Samsung,"32"" Class (31.5"" Diag.)   LED   1080p",ES6121781883,503.5,,,,,,11
464,"464-32"" Class (31 1/2"" Diag.)   LED",Entertainment,Energy Star TV,LED TV,Samsung,"32"" Class (31 1/2"" Diag.)   LED",ES8606467761,1768.5,,cat ops,2021-10-19 22:32:09,tyler@sigmacomputing.com,,11
465,"465-40"" Class (39 1/2"" Diag.)   LED",Entertainment,Energy Star TV,LED TV,Samsung,"40"" Class (39 1/2"" Diag.)   LED",ES9810253760,298.5,,,,,,11
466,"466-32"" Class (31.5"" Diag.)   LED   1080p",Entertainment,Energy Star TV,LED TV,Samsung,"32"" Class (31.5"" Diag.)   LED   1080p",ES7256608229,241.0,,,,,,18
467,"467-32"" Class (31.5"" Diag.)   LED   720p",Entertainment,Energy Star TV,LED TV,Samsung,"32"" Class (31.5"" Diag.)   LED   720p",ES2000489123,162.0,,,,,,15
468,"468-32"" Class (31.5"" Diag.)   LED   1080p",Entertainment,TV & Home Theater,LED TV,Sharp,"32"" Class (31.5"" Diag.)   LED   1080p",TV4413587822,498.0,,,,,,17
469,"469-65"" Class (64.5"" Diag.)   LED   2160p",Entertainment,TV & Home Theater,LED TV,Sony,"65"" Class (64.5"" Diag.)   LED   2160p",TV8887968832,624.0,,,,,,8
470,"470-43"" Class (42.5"" Diag.)   LED   1080p",Entertainment,TV & Home Theater,LED TV,Toshiba,"43"" Class (42.5"" Diag.)   LED   1080p",TV4903340673,62.5,,,,,,8
471,"471-28"" Class (27.5"" Diag.)   LED   720p",Entertainment,TV & Home Theater,LED TV,Toshiba,"28"" Class (27.5"" Diag.)   LED   720p",TV9456455157,167.5,,,,,,17
472,"472-24"" Class (23.8"" Diag.)   LED   1080p",Entertainment,TV & Home Theater,LED TV,Insignia™,"24"" Class (23.8"" Diag.)   LED   1080p",TV2514728097,3280.5,Active,Test,2021-10-19 22:39:12,tyler@sigmacomputing.com,,11
473,"473-32"" Class (31.5"" Diag.)   LED   1080p",Entertainment,TV & Home Theater,LED TV,Insignia™,"32"" Class (31.5"" Diag.)   LED   1080p",TV2806115309,718.5,,,,,,17
474,"474-55"" Class (54.6"" Diag.)   LED   2160p",Entertainment,TV & Home Theater,LED TV,Samsung,"55"" Class (54.6"" Diag.)   LED   2160p",TV9404581382,1201.5,,doggo ops,2021-10-19 17:01:32,max@sigmacomputing.com,,17
475,"475-60"" Class (59.5"" Diag.)   LED   2160p",Entertainment,TV & Home Theater,LED TV,LG,"60"" Class (59.5"" Diag.)   LED   2160p",TV6687547489,167.5,,,,,,17
476,"476-24"" Class (23 5/8"" Diag.)   LED",Entertainment,TV & Home Theater,LED TV,Samsung,"24"" Class (23 5/8"" Diag.)   LED",TV8975360666,120.0,,,,,,8
477,"477-65"" Class (64.5"" Diag.)   LED   2160p",Entertainment,TV & Home Theater,LED TV,Sony,"65"" Class (64.5"" Diag.)   LED   2160p",TV1121089964,288.0,,,,,,17
478,"478-55"" Class (54.6"" Diag.)   LED   1080p",Entertainment,TV & Home Theater,LED TV,Toshiba,"55"" Class (54.6"" Diag.)   LED   1080p",TV9712219983,356.5,,,,,,8
479,"479-AQUOS   50"" Class (49.6"" Diag.)   LED",Entertainment,TV & Home Theater,LED TV,Sharp,"AQUOS   50"" Class (49.6"" Diag.)   LED",TV1632225426,897.0,,,,,,17
480,"480-43"" Class (42.6"" Diag.)   LED   1080p",Entertainment,TV & Home Theater,LED TV,Sharp,"43"" Class (42.6"" Diag.)   LED   1080p",TV3509574653,251.5,,,,,,8
481,"481-40"" Class (39.5"" Diag.)   LED   1080p",Entertainment,TV & Home Theater,LED TV,Toshiba,"40"" Class (39.5"" Diag.)   LED   1080p",TV2458544377,356.5,,,,,,17
482,"482-55"" Class (54.6"" Diag.)   LED   Curved",Entertainment,TV & Home Theater,LED TV,Samsung,"55"" Class (54.6"" Diag.)   LED   Curved",TV1723840296,62.5,,,,,,8
483,"483-55"" Class (54.6"" Diag.)   LED   2160p",Entertainment,TV & Home Theater,LED TV,Sony,"55"" Class (54.6"" Diag.)   LED   2160p",TV8344450855,172.5,,,,,,17
484,"484-40"" Class (40"" Diag.)   LED   1080p",Entertainment,TV & Home Theater,LED TV,Samsung,"40"" Class (40"" Diag.)   LED   1080p",TV4744226021,115.0,,,,,,17
485,"485-E Series 55"" Class (54.6"" Diag.)   LED",Entertainment,TV & Home Theater,LED TV,VIZIO,"E Series 55"" Class (54.6"" Diag.)   LED",TV9617360919,949.5,,,,,,8
486,"486-E Series   24"" Class (23""",Entertainment,TV & Home Theater,LED TV,VIZIO,"E Series   24"" Class (23""",TV9804333343,745.0,,,,,,17
487,"487-32"" Class (31.5"" Diag.)   LED   720p",Entertainment,TV & Home Theater,LED TV,Insignia,"32"" Class (31.5"" Diag.)   LED   720p",TV4323273355,540.0,,,,,,17
488,"488-55"" Class (54.6"" Diag.)   LED   2160p",Entertainment,TV & Home Theater,LED TV,Samsung,"55"" Class (54.6"" Diag.)   LED   2160p",TV6777977446,99.0,,,,,,5
489,"489-32"" Class (31.5"" Diag.)   LED   1080p",Entertainment,TV & Home Theater,LED TV,VIZIO,"32"" Class (31.5"" Diag.)   LED   1080p",TV4621765119,482.5,,,,,,8
490,"490-55"" Class (54.6"" Diag.)   LED   1080p",Entertainment,TV & Home Theater,LED TV,Samsung,"55"" Class (54.6"" Diag.)   LED   1080p",TV9412027417,178.0,,,,,,8
491,"491-24"" Class (23.6"" Diag.)   LED   720p",Entertainment,TV & Home Theater,LED TV,Insignia,"24"" Class (23.6"" Diag.)   LED   720p",TV3379423808,1674.0,,,2021-10-19 22:27:40,tyler@sigmacomputing.com,,8
492,"492-60"" Class (60"" Diag.)   LED   2160p",Entertainment,TV & Home Theater,LED TV,Samsung,"60"" Class (60"" Diag.)   LED   2160p",TV6277254495,167.5,,,,,,17
493,"493-E Series 50"" Class (49.5"" Diag.)   LED",Entertainment,TV & Home Theater,LED TV,VIZIO,"E Series 50"" Class (49.5"" Diag.)   LED",TV1002734565,172.5,,,,,,8
494,"494-49"" Class (48.5"" Diag.)   LED   1080p",Entertainment,TV & Home Theater,LED TV,Toshiba,"49"" Class (48.5"" Diag.)   LED   1080p",TV4392455970,62.5,,,,,,8
495,"495-32"" Class (31.5"" Diag.)   LED   720p",Entertainment,TV & Home Theater,LED TV,Westinghouse,"32"" Class (31.5"" Diag.)   LED   720p",TV7595029498,540.0,,,,,,8
496,"496-60"" Class (60"" Diag.)   LED   1080p",Entertainment,TV & Home Theater,LED TV,VIZIO,"60"" Class (60"" Diag.)   LED   1080p",TV8770618289,172.5,,,,,,8
497,497-EF 50mm f/1.8 STM Standard Lens   Black,Photography,Camera Accessories,Lenses,Canon,EF 50mm f/1.8 STM Standard Lens   Black,CA8075263648,57.0,,,,,,12
498,498-EF S 55 250mm f/4,Photography,Camera Accessories,Lenses,Canon,EF S 55 250mm f/4,CA3834845261,225.0,,,,,,20
499,499-EF S 24mm f/2.8 STM Standard Lens for Canon APS C Cameras,Photography,Camera Accessories,Lenses,Canon,EF S 24mm f/2.8 STM Standard Lens for Canon APS C Cameras,CA5748984493,1138.5,,,,,,12
500,500-EF 75–300mm f/4–5.6 III Telephoto Zoom Lens   Black,Photography,Camera Accessories,Lenses,Canon,EF 75–300mm f/4–5.6 III Telephoto Zoom Lens   Black,CA9752243988,151.5,,,,,,12
501,501-EF 85mm f/1.8 USM Medium Telephoto Lens   Black,Photography,Camera Accessories,Lenses,Canon,EF 85mm f/1.8 USM Medium Telephoto Lens   Black,CA4472120280,120.0,,,,,,20
502,502-EF S 10 18mm f/4.5,Photography,Camera Accessories,Lenses,Canon,EF S 10 18mm f/4.5,CA3972006309,1485.0,,,,,,20
503,503-EF 24 70mm f/2.8L II USM Standard Zoom Lens   Black,Photography,Camera Accessories,Lenses,Canon,EF 24 70mm f/2.8L II USM Standard Zoom Lens   Black,CA5857942852,225.0,Active,,2022-01-13 23:29:29,alfonso@sigmacomputing.com,,13
504,504-EF 50mm f/1.4 USM Standard Lens   Black,Photography,Camera Accessories,Lenses,Canon,EF 50mm f/1.4 USM Standard Lens   Black,CA2146663842,808.0,,,,,,20
505,505-EF 35mm f/2 IS USM Wide Angle Lens   Black,Photography,Camera Accessories,Lenses,Canon,EF 35mm f/2 IS USM Wide Angle Lens   Black,CA4678313366,267.0,,,,,,2
506,506-EF 70 200mm f/2.8L IS II USM Telephoto Zoom Lens   White,Photography,Camera Accessories,Lenses,Canon,EF 70 200mm f/2.8L IS II USM Telephoto Zoom Lens   White,CA4249627759,335.5,,,,,,13
507,507-EF 50mm f/1.2L USM Standard Lens   Black,Photography,Camera Accessories,Lenses,Canon,EF 50mm f/1.2L USM Standard Lens   Black,CA8608690167,167.5,,,,,,13
508,508-AF S NIKKOR 50mm f/1.8G Standard Lens   Black,Photography,Camera Accessories,Lenses,Nikon,AF S NIKKOR 50mm f/1.8G Standard Lens   Black,CA9910300178,120.0,,,,,,13
509,509-AF S DX NIKKOR 35mm f/1.8G Standard Lens   Black,Photography,Camera Accessories,Lenses,Nikon,AF S DX NIKKOR 35mm f/1.8G Standard Lens   Black,CA3157596007,183.0,,,,,,12
510,510-AF S DX NIKKOR 55 300mm f/4.5,Photography,Camera Accessories,Lenses,Nikon,AF S DX NIKKOR 55 300mm f/4.5,CA4619047348,115.0,,,,,,20
511,511-AF S NIKKOR 200 500mm f/5.6E ED VR Super Telephoto Zoom Lens,Photography,Camera Accessories,Lenses,Nikon,AF S NIKKOR 200 500mm f/5.6E ED VR Super Telephoto Zoom Lens,CA4661975987,115.0,,,,,,12
512,512-AF S DX NIKKOR 18 140mm f/3.5,Photography,Camera Accessories,Lenses,Nikon,AF S DX NIKKOR 18 140mm f/3.5,CA1732531689,991.5,,,,,,20
513,513-AF S NIKKOR 85mm f/1.8G Medium Telephoto Lens   Black,Photography,Camera Accessories,Lenses,Nikon,AF S NIKKOR 85mm f/1.8G Medium Telephoto Lens   Black,CA9978195493,99.0,,,,,,20
514,514-AF S VR Zoom Nikkor 70,Photography,Camera Accessories,Lenses,Nikon,AF S VR Zoom Nikkor 70,CA2649087338,99.0,,,,,,20
515,515-AF S DX NIKKOR 55 200mm f/4.5,Photography,Camera Accessories,Lenses,Nikon,AF S DX NIKKOR 55 200mm f/4.5,CA5025105601,582.0,,,,,,13
516,516-AF NIKKOR 50mm f/1.8D Standard Lens   Black,Photography,Camera Accessories,Lenses,Nikon,AF NIKKOR 50mm f/1.8D Standard Lens   Black,CA9050029730,304.0,,,,,,13
517,517-55 210mm f/4.5 6.3 Telephoto Lens for Most Sony Alpha E,Photography,Camera Accessories,Lenses,Sony,55 210mm f/4.5 6.3 Telephoto Lens for Most Sony Alpha E,CA3413680074,120.0,,,,,,13
518,518-50mm f/1.8 OSS Prime Lens for Select Sony Alpha E mount Cameras   Black,Photography,Camera Accessories,Lenses,Sony,50mm f/1.8 OSS Prime Lens for Select Sony Alpha E mount Cameras   Black,CA2588286575,304.0,,,,,,20
519,519-55 210mm f/4.5 6.3 E,Photography,Camera Accessories,Lenses,Sony,55 210mm f/4.5 6.3 E,CA4594792518,162.0,,,,,,12
520,520-FE 28mm f/2 E Mount Prime Lens   Black,Photography,Camera Accessories,Lenses,Sony,FE 28mm f/2 E Mount Prime Lens   Black,CA9574502918,440.5,,,,,,20
521,521-35mm f/1.8 Prime Lens for Most NEX E Mount Cameras   Black,Photography,Camera Accessories,Lenses,Sony,35mm f/1.8 Prime Lens for Most NEX E Mount Cameras   Black,CA2106942174,162.0,,,,,,12
522,522-EOS Rebel SL1 DSLR Camera with EF S 18 55mm f/3.5,Photography,Camera Accessories,Lenses,Canon,EOS Rebel SL1 DSLR Camera with EF S 18 55mm f/3.5,CA4550007755,309.0,,,,,,20
523,523-Bundle EOS Rebel T5i with EF S 18 55mm IS STM Kit,Photography,Camera Accessories,Lenses,Canon,Bundle EOS Rebel T5i with EF S 18 55mm IS STM Kit,CA7603846548,109.5,,,,,,12
524,524-D3200 DSLR Camera with 18 55mm VR Lens   Black,Photography,Camera Accessories,Lenses,Nikon,D3200 DSLR Camera with 18 55mm VR Lens   Black,CA4948476935,183.0,,,,,,12
525,525-Bundle Coolpix P530 Digital Camera,Photography,Camera Accessories,Lenses,Nikon,Bundle Coolpix P530 Digital Camera,CA7984057695,487.5,,,,,,4
526,526-D3300 DSLR Camera with 18 55mm VR Lens   Red,Photography,Camera Accessories,Lenses,Nikon,D3300 DSLR Camera with 18 55mm VR Lens   Red,CA3271927729,109.5,,,,,,20
527,527-D7200 DSLR Camera with 18 140mm Lens   Black,Photography,Camera Accessories,Lenses,Nikon,D7200 DSLR Camera with 18 140mm Lens   Black,CA3188263445,304.0,,,,,,12
528,528-EOS Rebel T5i DSLR Camera (Body Only)   Black,Photography,Camera Accessories,Lenses,Canon,EOS Rebel T5i DSLR Camera (Body Only)   Black,CA7727937462,335.5,,,,,,12
529,529-EOS 7D Mark II DSLR Camera (Body Only)   Black,Photography,Camera Accessories,Lenses,Canon,EOS 7D Mark II DSLR Camera (Body Only)   Black,CA9908528953,1453.5,,,,,,20
530,530-EOS 70D DSLR Camera with EF S 18 135mm STM Lens Video Creator Kit,Photography,Camera Accessories,Lenses,Canon,EOS 70D DSLR Camera with EF S 18 135mm STM Lens Video Creator Kit,CA9256283855,109.5,,,,,,20
531,531-EOS T6i DSLR Camera with EF S 18 55mm STM Lens Video Creator Kit,Photography,Camera Accessories,Lenses,Canon,EOS T6i DSLR Camera with EF S 18 55mm STM Lens Video Creator Kit,CA9062982178,172.5,,,,,,13
532,532-EOS Rebel T5i DSLR Camera with 18 55mm IS STM and 55 250mm IS II Lenses,Photography,Camera Accessories,Lenses,Canon,EOS Rebel T5i DSLR Camera with 18 55mm IS STM and 55 250mm IS II Lenses,CA3886436516,115.0,,,,,,20
533,533-EOS Rebel T5i DSLR Camera with 18 135mm IS STM Lens   Black,Photography,Camera Accessories,Lenses,Canon,EOS Rebel T5i DSLR Camera with 18 135mm IS STM Lens   Black,CA5490556525,235.5,,,,,,20
534,534-Bundle EOS Rebel T6i Wi Fi Digital SLR Camera & EF S 18,Photography,Camera Accessories,Lenses,Canon,Bundle EOS Rebel T6i Wi Fi Digital SLR Camera & EF S 18,CA8381119934,162.0,,,,,,13
535,535-D7100 DSLR Camera with 18 140mm VR Lens   Black,Photography,Camera Accessories,Lenses,Nikon,D7100 DSLR Camera with 18 140mm VR Lens   Black,CA1470342426,146.5,,,,,,12
536,536-EOS 5D Mark III DSLR Camera with 24 70mm f/4L IS Lens   Black,Photography,Camera Accessories,Lenses,Canon,EOS 5D Mark III DSLR Camera with 24 70mm f/4L IS Lens   Black,CA3173662432,109.5,,,,,,12
537,537-D5300 DSLR Camera with 18 55mm VR Lens   Red,Photography,Camera Accessories,Lenses,Nikon,D5300 DSLR Camera with 18 55mm VR Lens   Red,CA1194559113,1033.5,,,,,,13
538,538-D5300 DSLR Camera with 18 55mm VR Lens   Gray,Photography,Camera Accessories,Lenses,Nikon,D5300 DSLR Camera with 18 55mm VR Lens   Gray,CA2877481665,2577.0,,,,,,20
539,539-EOS Rebel T6i DSLR Camera with EF S 18 135mm IS STM Lens,Photography,Camera Accessories,Lenses,Canon,EOS Rebel T6i DSLR Camera with EF S 18 135mm IS STM Lens,CA1276881667,178.0,,,,,,13
540,540-EOS Rebel SL1 Camera+EF S 18 55 IS STM Lens+32GB+Battery+Case+Flash+Tele/Wide Lenses+Tripod+Acc Kit,Photography,Camera Accessories,Lenses,Canon,EOS Rebel SL1 Camera+EF S 18 55 IS STM Lens+32GB+Battery+Case+Flash+Tele/Wide Lenses+Tripod+Acc Kit,CA8504418977,146.5,,,,,,13
541,541-D610 DSLR Camera (Body Only)   Black,Photography,Camera Accessories,Lenses,Nikon,D610 DSLR Camera (Body Only)   Black,CA1020535311,823.5,,,,,,13
542,542-D5300 DSLR Camera (Body Only)   Black,Photography,Camera Accessories,Lenses,Nikon,D5300 DSLR Camera (Body Only)   Black,CA4621734751,52.0,,,,,,20
543,543-D5500 DSLR Camera (Body Only)   Red,Photography,Camera Accessories,Lenses,Nikon,D5500 DSLR Camera (Body Only)   Red,CA4860125238,162.0,,,,,,13
544,544-EOS Rebel T6i DSLR Camera (Body Only)   Black,Photography,Camera Accessories,Lenses,Canon,EOS Rebel T6i DSLR Camera (Body Only)   Black,CA9861444060,167.5,,,,,,20
545,545-D3300 DSLR Camera with 18 55mm VR Lens   Gray,Photography,Camera Accessories,Lenses,Nikon,D3300 DSLR Camera with 18 55mm VR Lens   Gray,CA9818940954,109.5,,,,,,20
546,546-D3200 DSLR Camera with 18 55mm VR II and 55 200mm VR II Lenses,Photography,Camera Accessories,Lenses,Nikon,D3200 DSLR Camera with 18 55mm VR II and 55 200mm VR II Lenses,CA1318220856,183.0,,,,,,12
547,547-EF 100mm f/2.8L Macro IS USM Lens   Black,Photography,Camera Accessories,Lenses,Canon,EF 100mm f/2.8L Macro IS USM Lens   Black,CA6586313111,466.5,,,,,,13
548,548-AF S NIKKOR 70 200mm f/2.8G ED VR II Telephoto Zoom Lens,Photography,Camera Accessories,Lenses,Nikon,AF S NIKKOR 70 200mm f/2.8G ED VR II Telephoto Zoom Lens,CA7605291039,325.0,,,,,,12
549,549-AF S NIKKOR 50mm f/1.4G Standard Lens   Black,Photography,Camera Accessories,Lenses,Nikon,AF S NIKKOR 50mm f/1.4G Standard Lens   Black,CA5137591445,283.0,,,,,,12
550,550-AF S NIKKOR 28 300mm f/3.5,Photography,Camera Accessories,Lenses,Nikon,AF S NIKKOR 28 300mm f/3.5,CA5764393267,109.5,,,,,,12
551,551-AF S NIKKOR 24 85mm f/3.5,Photography,Camera Accessories,Lenses,Nikon,AF S NIKKOR 24 85mm f/3.5,CA9264787720,225.0,,,,,,20
552,552-AF S DX NIKKOR 18 300mm f/3.5,Photography,Camera Accessories,Lenses,Nikon,AF S DX NIKKOR 18 300mm f/3.5,CA7461071791,99.0,,,,,,13
553,553-EF S 18 200mm f/3.5,Photography,Camera Accessories,Lenses,Canon,EF S 18 200mm f/3.5,CA6149062774,734.5,,,,,,13
554,554-AF S DX NIKKOR 10 24mm f/3.5,Photography,Camera Accessories,Lenses,Nikon,AF S DX NIKKOR 10 24mm f/3.5,CA9580315475,1222.5,,,,,,13
555,555-AF S DX Micro NIKKOR 40mm f/2.8G Macro Lens,Photography,Camera Accessories,Lenses,Nikon,AF S DX Micro NIKKOR 40mm f/2.8G Macro Lens,CA6654645326,1800.0,,,,,,13
556,556-Sonnar T FE 55mm f/1.8 ZA Lens for Most Sony a7 Series Cameras   Black,Photography,Camera Accessories,Lenses,Sony,Sonnar T FE 55mm f/1.8 ZA Lens for Most Sony a7 Series Cameras   Black,CA1170101193,162.0,,,,,,7
557,557-EF 17 40mm f/4L USM Ultra Wide Zoom Lens,Photography,Camera Accessories,Lenses,Canon,EF 17 40mm f/4L USM Ultra Wide Zoom Lens,CA1250799519,445.5,,,,,,20
558,558-Refurbished  55 300mm f/4.5,Photography,Camera Accessories,Lenses,Nikon,Refurbished  55 300mm f/4.5,CA8226745804,361.5,,,,,,20
559,559-EF 50mm f/1.8 II Standard Lens   Black,Photography,Camera Accessories,Lenses,Canon,EF 50mm f/1.8 II Standard Lens   Black,CA1784158807,298.5,,,,,,13
560,560-AF S NIKKOR 35mm f/1.8G ED Prime Lens for Select Nikon DSLR Cameras   Black,Photography,Camera Accessories,Lenses,Nikon,AF S NIKKOR 35mm f/1.8G ED Prime Lens for Select Nikon DSLR Cameras   Black,CA9356307763,115.0,,,,,,13
561,561-USB 2.0 SD/MMC Memory Card Reader   Black,Photography,Camera Accessories,Memory Cards,Insignia™,USB 2.0 SD/MMC Memory Card Reader   Black,CA2461819870,750.0,,,,,,12
562,562-USB 2.0 Multiformat Memory Card Reader   Black,Photography,Camera Accessories,Memory Cards,Insignia™,USB 2.0 Multiformat Memory Card Reader   Black,CA9753394061,2062.5,,,,,,20
563,563-USB 3.0 Multiformat Memory Card Reader   Black,Photography,Camera Accessories,Memory Cards,Insignia™,USB 3.0 Multiformat Memory Card Reader   Black,CA9130886219,529.5,,,,,,20
564,564-EVO+ 32GB microSDHC Class 10 UHS 1 Memory Card   Red/White,Photography,Camera Accessories,Memory Cards,Samsung,EVO+ 32GB microSDHC Class 10 UHS 1 Memory Card   Red/White,CA7102049014,151.5,,,,,,12
565,565-EVO+ 64GB microSDHC Class 10 UHS 1 Memory Card   Red/White,Photography,Camera Accessories,Memory Cards,Samsung,EVO+ 64GB microSDHC Class 10 UHS 1 Memory Card   Red/White,CA3792277320,272.5,,,,,,13
566,566-16GB microSD Class 10 UHS 1 Memory Card   Orange,Photography,Camera Accessories,Memory Cards,Samsung,16GB microSD Class 10 UHS 1 Memory Card   Orange,CA6414996380,477.0,,,,,,16
567,567-PRO+ 32GB microSDXC Class 10 UHS 1 Memory Card   Black/White,Photography,Camera Accessories,Memory Cards,Samsung,PRO+ 32GB microSDXC Class 10 UHS 1 Memory Card   Black/White,CA7834310656,424.5,,,,,,18
568,568-EVO+ 128GB microSDHC Class 10 UHS 1 Memory Card   Red/White,Photography,Camera Accessories,Memory Cards,Samsung,EVO+ 128GB microSDHC Class 10 UHS 1 Memory Card   Red/White,CA1948828607,298.5,,,,,,13
569,569-PRO+ 64GB microSDXC Class 10 UHS 1 Memory Card   Black/White,Photography,Camera Accessories,Memory Cards,Samsung,PRO+ 64GB microSDXC Class 10 UHS 1 Memory Card   Black/White,CA4338150983,2026.0,,,,,,12
570,570-Ultra Plus 32GB microSDHC Class 10 UHS 1 Memory Card   Gray/Red,Photography,Camera Accessories,Memory Cards,SanDisk,Ultra Plus 32GB microSDHC Class 10 UHS 1 Memory Card   Gray/Red,CA2004146305,1831.5,,,,,,20
571,571-Ultra Plus 32GB SDHC Class 10 UHS 1 Memory Card   Black/Gray/Red,Photography,Camera Accessories,Memory Cards,SanDisk,Ultra Plus 32GB SDHC Class 10 UHS 1 Memory Card   Black/Gray/Red,CA5770617104,99.0,,,,,,20
572,572-16GB SDHC Memory Card   Blue,Photography,Camera Accessories,Memory Cards,SanDisk,16GB SDHC Memory Card   Blue,CA4425376664,120.0,,,,,,20
573,573-Ultra Plus 64GB microSDXC Class 10 UHS 1 Memory Card   Gray/Red,Photography,Camera Accessories,Memory Cards,SanDisk,Ultra Plus 64GB microSDXC Class 10 UHS 1 Memory Card   Gray/Red,CA9249228682,8835.0,,,,,,20
574,574-Ultra Plus 64GB SDXC Class 10 UHS 1 Memory Card   Black/Gray/Red,Photography,Camera Accessories,Memory Cards,SanDisk,Ultra Plus 64GB SDXC Class 10 UHS 1 Memory Card   Black/Gray/Red,CA3185553315,120.0,,,,,,20
575,575-Ultra Plus 16GB SDHC Class 10 UHS 1 Memory Card   Black/Gray/Red,Photography,Camera Accessories,Memory Cards,SanDisk,Ultra Plus 16GB SDHC Class 10 UHS 1 Memory Card   Black/Gray/Red,CA5068857871,151.5,,,,,,1
576,576-Extreme PLUS 64GB microSDXC UHS I Class U 1 Memory Card,Photography,Camera Accessories,Memory Cards,SanDisk,Extreme PLUS 64GB microSDXC UHS I Class U 1 Memory Card,CA5672749520,120.0,,,,,,12
577,577-Extreme PLUS 32GB SDHC UHS I Memory Card   Black,Photography,Camera Accessories,Memory Cards,SanDisk,Extreme PLUS 32GB SDHC UHS I Memory Card   Black,CA3842871513,251.5,,,,,,20
578,578-Ultra Plus 16GB microSDHC Class 10 UHS 1 Memory Card   Gray/Red,Photography,Camera Accessories,Memory Cards,SanDisk,Ultra Plus 16GB microSDHC Class 10 UHS 1 Memory Card   Gray/Red,CA6824170955,603.0,,,,,,20
579,579-Extreme PLUS 32GB microSDHC UHS I Class U 1 Memory Card,Photography,Camera Accessories,Memory Cards,SanDisk,Extreme PLUS 32GB microSDHC UHS I Class U 1 Memory Card,CA2565787811,734.5,,,,,,2
580,580-Extreme PLUS 64GB SDXC Memory Card   Black/Gold,Photography,Camera Accessories,Memory Cards,SanDisk,Extreme PLUS 64GB SDXC Memory Card   Black/Gold,CA8368307640,335.5,,,,,,20
581,581-Ultra 8GB microSDHC UHS I Class 10 Memory Card   Gray/Red,Photography,Camera Accessories,Memory Cards,SanDisk,Ultra 8GB microSDHC UHS I Class 10 Memory Card   Gray/Red,CA8988918546,146.5,,,,,,20
582,582-Ultra 8GB SDHC UHS I Class 10 Memory Card   Black/Gray/Red,Photography,Camera Accessories,Memory Cards,SanDisk,Ultra 8GB SDHC UHS I Class 10 Memory Card   Black/Gray/Red,CA5241807230,99.0,,,,,,12
583,583-Ultra 128GB microSDXC Class 10 Memory Card   Gray/Red,Photography,Camera Accessories,Memory Cards,SanDisk,Ultra 128GB microSDXC Class 10 Memory Card   Gray/Red,CA2937240087,199.0,,,,,,17
584,584-Ultra Plus 32GB microSDHC Class 10 Memory Card   Red/Gray,Photography,Camera Accessories,Memory Cards,SanDisk,Ultra Plus 32GB microSDHC Class 10 Memory Card   Red/Gray,CA2803466682,172.5,,,,,,20
585,585-Extreme 32GB CF Memory Card   Black/Gold,Photography,Camera Accessories,Memory Cards,SanDisk,Extreme 32GB CF Memory Card   Black/Gold,CA5060516698,120.0,,,,,,12
586,586-Extreme Pro 32GB SDHC Memory Card   Black/Red,Photography,Camera Accessories,Memory Cards,SanDisk,Extreme Pro 32GB SDHC Memory Card   Black/Red,CA5075308212,1579.5,,,,,,20
587,587-Extreme PLUS 16GB High Definition Secure Digital High Capacity (SDHC) Memory Card   Black/Gold,Photography,Camera Accessories,Memory Cards,SanDisk,Extreme PLUS 16GB High Definition Secure Digital High Capacity (SDHC) Memory Card   Black/Gold,CA8122329091,99.0,,,,,,6
588,588-Extreme Pro 64GB SDXC UHS I Memory Card   Black/Red,Photography,Camera Accessories,Memory Cards,SanDisk,Extreme Pro 64GB SDXC UHS I Memory Card   Black/Red,CA2278068649,172.5,,,,,,13
589,589-Ultra Plus 64GB microSDXC Class 10 UHS 1 Memory Card   Red/Gray,Photography,Camera Accessories,Memory Cards,SanDisk,Ultra Plus 64GB microSDXC Class 10 UHS 1 Memory Card   Red/Gray,CA2531163025,823.5,,,,,,13
590,590-Extreme 128GB SDXC UHS 1 Memory Card   Black,Photography,Camera Accessories,Memory Cards,SanDisk,Extreme 128GB SDXC UHS 1 Memory Card   Black,CA3721603220,162.0,,,,,,12
591,591-Ultra Plus 16GB microSDHC Class 10 Memory Card   Red/Gray,Photography,Camera Accessories,Memory Cards,SanDisk,Ultra Plus 16GB microSDHC Class 10 Memory Card   Red/Gray,CA8580975921,235.5,,,,,,13
592,592-Extreme PLUS 16GB microSDHC UHS I Class U 1 Memory Card,Photography,Camera Accessories,Memory Cards,SanDisk,Extreme PLUS 16GB microSDHC UHS I Class U 1 Memory Card,CA6678025152,267.0,,,,,,12
593,593-Pixtor 32GB SDHC Class 10 Memory Card   Black/Red,Photography,Camera Accessories,Memory Cards,SanDisk,Pixtor 32GB SDHC Class 10 Memory Card   Black/Red,CA5981376597,62.5,,,,,,12
594,594-Ultra Plus 128GB microSDXC Class 10 UHS 1 Memory Card   Black,Photography,Camera Accessories,Memory Cards,SanDisk,Ultra Plus 128GB microSDXC Class 10 UHS 1 Memory Card   Black,CA7878027930,99.0,,,,,,13
595,595-Pro Elite 32GB SDHC Class 10 Memory Card   Black,Photography,Camera Accessories,Memory Cards,PNY,Pro Elite 32GB SDHC Class 10 Memory Card   Black,CA9159343559,109.5,,,,,,20
596,596-Pixtor 16GB microSDHC Class 10 Memory Card   Gray/Red,Photography,Camera Accessories,Memory Cards,SanDisk,Pixtor 16GB microSDHC Class 10 Memory Card   Gray/Red,CA3759763326,120.0,,,,,,12
597,597-Pixtor 32GB microSDHC Class 10 Memory Card   Gray/Red,Photography,Camera Accessories,Memory Cards,SanDisk,Pixtor 32GB microSDHC Class 10 Memory Card   Gray/Red,CA1311120862,1180.5,,,,,,13
598,598-Pixtor 16GB SDHC Class 10 Memory Card   Black/Red,Photography,Camera Accessories,Memory Cards,SanDisk,Pixtor 16GB SDHC Class 10 Memory Card   Black/Red,CA6417638482,120.0,,,,,,8
599,599-Ultra 16GB CF Memory Card   Black/Gray,Photography,Camera Accessories,Memory Cards,SanDisk,Ultra 16GB CF Memory Card   Black/Gray,CA5697672768,304.0,,,,,,20
600,600-Extreme 64GB CF Memory Card   Black/Gold,Photography,Camera Accessories,Memory Cards,SanDisk,Extreme 64GB CF Memory Card   Black/Gold,CA1999636320,571.5,,,,,,20
601,601-Pixtor 64GB microSDXC Class 10 Memory Card   Gray/Red,Photography,Camera Accessories,Memory Cards,SanDisk,Pixtor 64GB microSDXC Class 10 Memory Card   Gray/Red,CA2272685680,1096.5,,,,,,12
602,602-32GB microSDHC Class 10 UHS I/U3 Memory Card   Multi,Photography,Camera Accessories,Memory Cards,PNY,32GB microSDHC Class 10 UHS I/U3 Memory Card   Multi,CA7535449521,393.0,,,,,,13
603,603-Pixtor 64GB SDXC Class 10 UHS 1 Memory Card   Black/Red,Photography,Camera Accessories,Memory Cards,SanDisk,Pixtor 64GB SDXC Class 10 UHS 1 Memory Card   Black/Red,CA9355467830,115.0,,,,,,13
604,604-128GB microSDHC Class 10 UHS I/U1 Memory Card   Multi,Photography,Camera Accessories,Memory Cards,PNY,128GB microSDHC Class 10 UHS I/U1 Memory Card   Multi,CA7718556223,272.5,,,,,,20
605,605-Pixtor Advanced 32GB SDHC Class 10 UHS 3 Memory Card   Black/Gold,Photography,Camera Accessories,Memory Cards,SanDisk,Pixtor Advanced 32GB SDHC Class 10 UHS 3 Memory Card   Black/Gold,CA3228453494,603.0,,,,,,12
606,606-Memory Card Wallet   Black,Photography,Camera Accessories,Memory Cards,Insignia™,Memory Card Wallet   Black,CA4419013345,115.0,,,,,,13
607,607-Extreme Pro 32GB CF Memory Card   Black,Photography,Camera Accessories,Memory Cards,SanDisk,Extreme Pro 32GB CF Memory Card   Black,CA9182427664,225.0,,,,,,20
608,608-Pixtor Advanced 64GB microSDXC Class 10 UHS 3 Memory Card   Red/Gold,Photography,Camera Accessories,Memory Cards,SanDisk,Pixtor Advanced 64GB microSDXC Class 10 UHS 3 Memory Card   Red/Gold,CA3439449537,99.0,,,,,,13
609,609-Fi   Mobi 16GB SDHC Memory Card   Orange,Photography,Camera Accessories,Memory Cards,Eye,Fi   Mobi 16GB SDHC Memory Card   Orange,CA3321126963,970.5,,,,,,20
610,610-Pixtor Advanced 64GB SDXC Class 10 UHS 3 Memory Card   Black/Gold,Photography,Camera Accessories,Memory Cards,SanDisk,Pixtor Advanced 64GB SDXC Class 10 UHS 3 Memory Card   Black/Gold,CA6913935583,1096.5,,,,,,12
611,"611-S200HQL 19.5"" LED Monitor   Black",Computers,Computers & Tablets,Monitors,Acer,"S200HQL 19.5"" LED Monitor   Black",CT8035804748,183.0,,,,,,8
612,612-H6 Series 23IPS LED HD Monitor   Black,Computers,Computers & Tablets,Monitors,Acer,H6 Series 23IPS LED HD Monitor   Black,CT2699934403,288.0,,,,,,10
613,"613-27"" LED HD Monitor   Black",Computers,Computers & Tablets,Monitors,Acer,"27"" LED HD Monitor   Black",CT5594586580,293.5,,,,,,1
614,614-21.5IPS LED HD Monitor   Black,Computers,Computers & Tablets,Monitors,AOC,21.5IPS LED HD Monitor   Black,CT4004907556,162.0,,,,,,8
615,"615-19.5"" LED HD Monitor   Black",Computers,Computers & Tablets,Monitors,AOC,"19.5"" LED HD Monitor   Black",CT9964939801,172.5,,,,,,1
616,616-23IPS LED HD Monitor   Black/Silver,Computers,Computers & Tablets,Monitors,AOC,23IPS LED HD Monitor   Black/Silver,CT8308144248,99.0,,,,,,1
617,"617-27"" Widescreen Flat Panel IPS LED HD Monitor   Piano Black/Silver",Computers,Computers & Tablets,Monitors,AOC,"27"" Widescreen Flat Panel IPS LED HD Monitor   Piano Black/Silver",CT5686441945,356.5,,,,,,10
618,"618-23.6"" LED HD Monitor   Black",Computers,Computers & Tablets,Monitors,AOC,"23.6"" LED HD Monitor   Black",CT2473611135,592.5,,,,,,8
619,"619-Thunderbolt 27"" Widescreen LED Monitor   Silver",Computers,Computers & Tablets,Monitors,Apple,"Thunderbolt 27"" Widescreen LED Monitor   Silver",CT2980144875,199.0,,,,,,1
620,620-27IPS LED HD Monitor   Silver,Computers,Computers & Tablets,Monitors,Asus,27IPS LED HD Monitor   Silver,CT6411976399,109.5,,,,,,8
621,"621-24"" LED HD Monitor   Black",Computers,Computers & Tablets,Monitors,Asus,"24"" LED HD Monitor   Black",CT3637993512,267.0,,,,,,10
622,622-S2415H 23.8IPS LED HD Monitor   Black,Computers,Computers & Tablets,Monitors,Dell,S2415H 23.8IPS LED HD Monitor   Black,CT9430353261,424.5,,,,,,10
623,"623-23"" Widescreen Flat Panel IPS LED HD Monitor   Black",Computers,Computers & Tablets,Monitors,Dell,"23"" Widescreen Flat Panel IPS LED HD Monitor   Black",CT1066246726,99.0,,,,,,10
624,624-S2316M 23IPS LED HD Monitor   Black,Computers,Computers & Tablets,Monitors,Dell,S2316M 23IPS LED HD Monitor   Black,CT2764867975,1081.0,,,,,,10
625,625-27HD Monitor   Black,Computers,Computers & Tablets,Monitors,Dell,27HD Monitor   Black,CT4395565293,267.0,,,,,,14
626,626-25IPS LED HD Monitor   Black,Computers,Computers & Tablets,Monitors,HP,25IPS LED HD Monitor   Black,CT5757372358,109.5,,,,,,8
627,627-Pavilion 23IPS LED HD Monitor   Jet Black/Natural Silver,Computers,Computers & Tablets,Monitors,HP,Pavilion 23IPS LED HD Monitor   Jet Black/Natural Silver,CT3323798423,109.5,,,,,,1
628,628-27IPS LED HD Monitor   Black,Computers,Computers & Tablets,Monitors,HP,27IPS LED HD Monitor   Black,CT3689490625,214.5,,,,,,1
629,"629-20"" LED HD Monitor   Silver/Black",Computers,Computers & Tablets,Monitors,HP,"20"" LED HD Monitor   Silver/Black",CT1599284069,109.5,,,,,,8
630,630-23IPS LED HD Monitor   Black,Computers,Computers & Tablets,Monitors,Lenovo,23IPS LED HD Monitor   Black,CT1134695668,183.0,,,,,,10
631,631-29IPS LED HD 21:9 UltraWide Monitor   Black,Computers,Computers & Tablets,Monitors,LG,29IPS LED HD 21:9 UltraWide Monitor   Black,CT8347475252,115.0,,,,,,1
632,"632-21.5"" LED HD Monitor   Glossy Black",Computers,Computers & Tablets,Monitors,Samsung,"21.5"" LED HD Monitor   Glossy Black",CT8467212032,109.5,,,,,,8
633,"633-27"" LED HD Monitor   Glossy Black",Computers,Computers & Tablets,Monitors,Samsung,"27"" LED HD Monitor   Glossy Black",CT3018429823,251.5,,,,,,8
634,"634-UD590 Series 28"" LED 4K UHD Monitor   Black",Computers,Computers & Tablets,Monitors,Samsung,"UD590 Series 28"" LED 4K UHD Monitor   Black",CT5772178429,1915.5,,,,,,8
635,"635-23.6"" LED HD Monitor   Glossy Black",Computers,Computers & Tablets,Monitors,Samsung,"23.6"" LED HD Monitor   Glossy Black",CT6759436690,115.0,,,,,,10
636,"636-21.5"" LED HD Monitor   Black",Computers,Computers & Tablets,Monitors,AOC,"21.5"" LED HD Monitor   Black",CT7559430587,115.0,,,,,,10
637,"637-23.6"" Widescreen LED Monitor   Black",Computers,Computers & Tablets,Monitors,Asus,"23.6"" Widescreen LED Monitor   Black",CT5096325779,167.5,,,,,,6
638,638-E2715HM 27IPS LED HD Monitor   Black,Computers,Computers & Tablets,Monitors,Dell,E2715HM 27IPS LED HD Monitor   Black,CT4843733004,272.5,,,,,,8
639,"639-23"" LCD Monitor   Black",Computers,Computers & Tablets,Monitors,Asus,"23"" LCD Monitor   Black",CT4969118257,162.0,,,,,,17
640,640-P2314H 23IPS LED HD Monitor   Black,Computers,Computers & Tablets,Monitors,Dell,P2314H 23IPS LED HD Monitor   Black,CT4774996561,267.0,,,,,,1
641,"641-19"" Widescreen LED Monitor   Black",Computers,Computers & Tablets,Monitors,Asus,"19"" Widescreen LED Monitor   Black",CT4006244819,1018.0,,,,,,1
642,"642-15.6"" Widescreen Flat Panel USB Powered Portable LED Monitor",Computers,Computers & Tablets,Monitors,AOC,"15.6"" Widescreen Flat Panel USB Powered Portable LED Monitor",CT1981953146,288.0,,,,,,1
643,"643-29"" LED Curved HD 21:9 Ultrawide Monitor   Black",Computers,Computers & Tablets,Monitors,Samsung,"29"" LED Curved HD 21:9 Ultrawide Monitor   Black",CT3803120757,2440.5,,,,,,1
644,"644-34"" Curved HD 21:9 Ultrawide Monitor   Glossy Black",Computers,Computers & Tablets,Monitors,Samsung,"34"" Curved HD 21:9 Ultrawide Monitor   Glossy Black",CT8878437657,1075.5,,,,,,1
645,"645-21.5"" LED HD Touch Screen Monitor   Black",Computers,Computers & Tablets,Monitors,ViewSonic,"21.5"" LED HD Touch Screen Monitor   Black",CT3385614409,288.0,,,,,,8
646,"646-23.6"" LED HD Monitor   Black",Computers,Computers & Tablets,Monitors,ViewSonic,"23.6"" LED HD Monitor   Black",CT3630109664,361.5,,,,,,1
647,"647-17"" LED Monitor   Black",Computers,Computers & Tablets,Monitors,Acer,"17"" LED Monitor   Black",CT4328901576,183.0,,,,,,1
648,648-Pavilion 21.5IPS LED HD Monitor   Jet Black/Natural Silver,Computers,Computers & Tablets,Monitors,HP,Pavilion 21.5IPS LED HD Monitor   Jet Black/Natural Silver,CT6008243671,325.0,,,,,,8
649,"649-P190S 19"" LCD Flat Panel Computer Monitor Display   Black",Computers,Computers & Tablets,Monitors,Dell,"P190S 19"" LCD Flat Panel Computer Monitor Display   Black",CT8901629479,99.0,,,,,,1
650,"650-RL2455HM Widescreen LCD Monitor   Black, Red",Computers,Computers & Tablets,Monitors,BenQ,"RL2455HM Widescreen LCD Monitor   Black, Red",CT8017006477,162.0,,,,,,9
651,651-instax mini 8 Instant Film Camera   Blue,Photography,Cameras & Camcorders,Point & Shoot,Fujifilm,instax mini 8 Instant Film Camera   Blue,CC8739185399,298.5,,,,,,17
652,652-Coolpix S3700 20.1 Megapixel Digital Camera   Silver,Photography,Cameras & Camcorders,Point & Shoot,Nikon,Coolpix S3700 20.1 Megapixel Digital Camera   Silver,CC9971058591,115.0,,,,,,17
653,653-instax mini 8 Instant Film Camera   Pink,Photography,Cameras & Camcorders,Point & Shoot,Fujifilm,instax mini 8 Instant Film Camera   Pink,CC5152572967,151.5,,,,,,7
654,654-instax Mini 8 Instant Film Camera   Raspberry,Photography,Cameras & Camcorders,Point & Shoot,Fujifilm,instax Mini 8 Instant Film Camera   Raspberry,CC8239820060,325.0,,,,,,17
655,655-instax Mini 8 Instant Film Camera   Grape,Photography,Cameras & Camcorders,Point & Shoot,Fujifilm,instax Mini 8 Instant Film Camera   Grape,CC7951716342,970.5,,,,,,17
656,656-XP80 16.4 Megapixel Waterproof Digital Camera   Yellow,Photography,Cameras & Camcorders,Point & Shoot,Fujifilm,XP80 16.4 Megapixel Waterproof Digital Camera   Yellow,CC8314934705,52.0,,,,,,7
657,657-DSC W830 20.1 Megapixel Digital Camera,Photography,Cameras & Camcorders,Point & Shoot,Sony,DSC W830 20.1 Megapixel Digital Camera,CC8710720559,398.5,,,,,,17
658,658-PowerShot ELPH 160 20.0 Megapixel Digital Camera   Silver,Photography,Cameras & Camcorders,Point & Shoot,Canon,PowerShot ELPH 160 20.0 Megapixel Digital Camera   Silver,CC5752094118,167.5,,,,,,7
659,659-Snap 10.0 Megapixel Digital Camera   White,Photography,Cameras & Camcorders,Point & Shoot,Polaroid,Snap 10.0 Megapixel Digital Camera   White,CC4586772433,199.0,,,,,,17
660,660-Coolpix S7000 16.0 Megapixel Digital Camera   Black,Photography,Cameras & Camcorders,Point & Shoot,Nikon,Coolpix S7000 16.0 Megapixel Digital Camera   Black,CC4608203039,115.0,,,,,,17
661,661-instax mini 8 Instant Film Camera   White,Photography,Cameras & Camcorders,Point & Shoot,Fujifilm,instax mini 8 Instant Film Camera   White,CC5327083316,729.0,,,,,,7
662,662-PowerShot ELPH 170 IS 20.0 Megapixel Digital Camera   Blue,Photography,Cameras & Camcorders,Point & Shoot,Canon,PowerShot ELPH 170 IS 20.0 Megapixel Digital Camera   Blue,CC6489978534,57.0,,,,,,13
663,663-PowerShot SX530 HS Digital Camera   Black,Photography,Cameras & Camcorders,Point & Shoot,Canon,PowerShot SX530 HS Digital Camera   Black,CC6138207396,214.5,,,,,,17
664,664-Coolpix S9900 16.0 Megapixel Digital Camera   Black,Photography,Cameras & Camcorders,Point & Shoot,Nikon,Coolpix S9900 16.0 Megapixel Digital Camera   Black,CC8534430282,823.5,,,,,,13
665,665-PowerShot SX610 HS 20.2 Megapixel Digital Camera   Black,Photography,Cameras & Camcorders,Point & Shoot,Canon,PowerShot SX610 HS 20.2 Megapixel Digital Camera   Black,CC3378000657,120.0,,,,,,7
666,666-Coolpix L32 20.1 Megapixel Digital Camera   Red,Photography,Cameras & Camcorders,Point & Shoot,Nikon,Coolpix L32 20.1 Megapixel Digital Camera   Red,CC9154467280,288.0,,,,,,15
667,667-Coolpix L840 16.0 Megapixel Digital Camera   Black,Photography,Cameras & Camcorders,Point & Shoot,Nikon,Coolpix L840 16.0 Megapixel Digital Camera   Black,CC7045873606,214.5,,,,,,5
668,668-PowerShot ELPH 350 HS 20.2 Megapixel Digital Camera   Black,Photography,Cameras & Camcorders,Point & Shoot,Canon,PowerShot ELPH 350 HS 20.2 Megapixel Digital Camera   Black,CC9239437801,970.5,,,,,,17
669,669-Coolpix L840 16.0 Megapixel Digital Camera   Plum,Photography,Cameras & Camcorders,Point & Shoot,Nikon,Coolpix L840 16.0 Megapixel Digital Camera   Plum,CC5527987710,52.0,,,,,,7
670,670-PowerShot SX710 HS 20.3 Megapixel Digital Camera   Black,Photography,Cameras & Camcorders,Point & Shoot,Canon,PowerShot SX710 HS 20.3 Megapixel Digital Camera   Black,CC8976958707,220.0,,,,,,17
671,671-TG 860 16.0 Megapixel Waterproof Digital Camera,Photography,Cameras & Camcorders,Point & Shoot,Olympus,TG 860 16.0 Megapixel Waterproof Digital Camera,CC7921869039,1201.5,,,,,,7
672,672-Coolpix P530 16.1 Megapixel Digital Camera   Black,Photography,Cameras & Camcorders,Point & Shoot,Nikon,Coolpix P530 16.1 Megapixel Digital Camera   Black,CC5485672718,965.5,,,,,,17
673,673-DSC WX350 18.2 Megapixel Digital Camera,Photography,Cameras & Camcorders,Point & Shoot,Sony,DSC WX350 18.2 Megapixel Digital Camera,CC9860081425,1023.0,,,,,,17
674,674-Coolpix AW130 16.0 Megapixel Waterproof Digital Camera   Orange,Photography,Cameras & Camcorders,Point & Shoot,Nikon,Coolpix AW130 16.0 Megapixel Waterproof Digital Camera   Orange,CC8803428575,283.0,,,,,,14
675,675-instax mini 8 Instant Film Camera   Yellow,Photography,Cameras & Camcorders,Point & Shoot,Fujifilm,instax mini 8 Instant Film Camera   Yellow,CC1958910405,718.5,,,,,,17
676,676-Galaxy 2 16.3 Megapixel Digital Camera   White,Photography,Cameras & Camcorders,Point & Shoot,Samsung,Galaxy 2 16.3 Megapixel Digital Camera   White,CC4008907909,361.5,,,,,,17
677,677-WB35F 16.2 Megapixel Digital Camera   White,Photography,Cameras & Camcorders,Point & Shoot,Samsung,WB35F 16.2 Megapixel Digital Camera   White,CC1828821100,298.5,,,,,,17
678,678-PowerShot SX710 HS 20.3 Megapixel Digital Camera   Red,Photography,Cameras & Camcorders,Point & Shoot,Canon,PowerShot SX710 HS 20.3 Megapixel Digital Camera   Red,CC7303230040,2745.0,,,,,,17
679,679-PowerShot G7 X 20.2 Megapixel Digital Camera   Black,Photography,Cameras & Camcorders,Point & Shoot,Canon,PowerShot G7 X 20.2 Megapixel Digital Camera   Black,CC1033507912,1548.0,,,,,,7
680,680-DSC H300 20.1 Megapixel Digital Camera,Photography,Cameras & Camcorders,Point & Shoot,Sony,DSC H300 20.1 Megapixel Digital Camera,CC5923170653,2188.5,,,,,,7
681,681-Cyber shot HX90V 18.2 Megapixel Digital Camera,Photography,Cameras & Camcorders,Point & Shoot,Sony,Cyber shot HX90V 18.2 Megapixel Digital Camera,CC8848700253,482.5,,,,,,17
682,682-TG 4 16.0 Megapixel Waterproof Digital Camera,Photography,Cameras & Camcorders,Point & Shoot,Olympus,TG 4 16.0 Megapixel Waterproof Digital Camera,CC4360736434,991.5,,,,,,7
683,683-Snapcam Wearable Camera,Photography,Cameras & Camcorders,Point & Shoot,iON,Snapcam Wearable Camera,CC8737259113,1705.5,,,,,,12
684,684-JX665 16.0 Megapixel Digital Camera   Indigo Blue,Photography,Cameras & Camcorders,Point & Shoot,Fujifilm,JX665 16.0 Megapixel Digital Camera   Indigo Blue,CC3573284536,167.5,,,,,,17
685,685-Coolpix P610 16.0 Megapixel Digital Camera   Black,Photography,Cameras & Camcorders,Point & Shoot,Nikon,Coolpix P610 16.0 Megapixel Digital Camera   Black,CC9845531899,503.5,,,,,,7
686,686-DSCWX220 18.2 Megapixel Digital Camera   Black,Photography,Cameras & Camcorders,Point & Shoot,Sony,DSCWX220 18.2 Megapixel Digital Camera   Black,CC3182118746,162.0,,,,,,17
687,687-Snapcam Lite Wearable Camera   White,Photography,Cameras & Camcorders,Point & Shoot,iON,Snapcam Lite Wearable Camera   White,CC9715390897,246.0,,,,,,7
688,688-instax mini 8 Instant Film Camera   Black,Photography,Cameras & Camcorders,Point & Shoot,Fujifilm,instax mini 8 Instant Film Camera   Black,CC9439113090,57.0,,,,,,17
689,689-DSC W800 20.1 Megapixel Digital Camera,Photography,Cameras & Camcorders,Point & Shoot,Sony,DSC W800 20.1 Megapixel Digital Camera,CC8933389122,99.0,,,,,,17
690,690-Cyber shot RX100 IV 20.1 Megapixel Digital Camera,Photography,Cameras & Camcorders,Point & Shoot,Sony,Cyber shot RX100 IV 20.1 Megapixel Digital Camera,CC6599009923,151.5,,,,,,7
691,691-PowerShot ELPH 170 IS 20.0 Megapixel Digital Camera   Silver,Photography,Cameras & Camcorders,Point & Shoot,Canon,PowerShot ELPH 170 IS 20.0 Megapixel Digital Camera   Silver,CC6882788958,592.5,,,,,,17
692,692-PowerShot SX60 HS 16.1 Megapixel Digital Camera   Black,Photography,Cameras & Camcorders,Point & Shoot,Canon,PowerShot SX60 HS 16.1 Megapixel Digital Camera   Black,CC5513570549,729.0,,,,,,7
693,693-Z2300W 10.0MP Digital Instant Print Camera   White,Photography,Cameras & Camcorders,Point & Shoot,Polaroid,Z2300W 10.0MP Digital Instant Print Camera   White,CC1558272152,298.5,,,,,,7
694,694-DSC HX400 20.4 Megapixel Digital Camera,Photography,Cameras & Camcorders,Point & Shoot,Sony,DSC HX400 20.4 Megapixel Digital Camera,CC4592623841,251.5,,,,,,17
695,695-PowerShot G5 X 20.2 Megapixel Digital Camera   Black,Photography,Cameras & Camcorders,Point & Shoot,Canon,PowerShot G5 X 20.2 Megapixel Digital Camera   Black,CC1226853902,540.0,,,,,,17
696,696-PowerShot ELPH 160 20.0 Megapixel Digital Camera   White,Photography,Cameras & Camcorders,Point & Shoot,Canon,PowerShot ELPH 160 20.0 Megapixel Digital Camera   White,CC8722046364,230.5,,,,,,7
697,697-PowerShot G9 X 20.2 Megapixel Digital Camera   Silver,Photography,Cameras & Camcorders,Point & Shoot,Canon,PowerShot G9 X 20.2 Megapixel Digital Camera   Silver,CC5808994511,162.0,,,,,,17
698,698-PowerShot G16 12.1 Megapixel Digital Camera   Black,Photography,Cameras & Camcorders,Point & Shoot,Canon,PowerShot G16 12.1 Megapixel Digital Camera   Black,CC5227883442,319.5,,,,,,9
699,699-PowerShot SX410 20.0 Megapixel Digital Camera   Red,Photography,Cameras & Camcorders,Point & Shoot,Canon,PowerShot SX410 20.0 Megapixel Digital Camera   Red,CC2201893397,1033.5,,,,,,7
700,700-CX HD Action Camera   Onyx Black,Photography,Cameras & Camcorders,Point & Shoot,ACTIVEON,CX HD Action Camera   Onyx Black,CC8072932514,3049.5,,,,,,7
701,701-HL 3170CDW Color Laser Printer   Black,Computers,Computers & Tablets,Printers,Brother,HL 3170CDW Color Laser Printer   Black,CT5007298181,645.0,,,,,,8
702,702-MFC 9130CW Digital Color Laser All in,Computers,Computers & Tablets,Printers,Brother,MFC 9130CW Digital Color Laser All in,CT8211553617,99.0,,,,,,8
703,703-MFC 8950DW Wireless Black and,Computers,Computers & Tablets,Printers,Brother,MFC 8950DW Wireless Black and,CT2844253179,340.5,,,,,,8
704,704-WorkForce WF 7620 Wireless Wide Format All,Computers,Computers & Tablets,Printers,Epson,WorkForce WF 7620 Wireless Wide Format All,CT9802035682,57.0,,,,,,14
705,705-WorkForce Pro WP 4020 Wireless Printer   Black,Computers,Computers & Tablets,Printers,Epson,WorkForce Pro WP 4020 Wireless Printer   Black,CT1506314646,57.0,,,,,,1
706,706-LaserJet Pro MFP M127fw Wireless Black and White All,Computers,Computers & Tablets,Printers,HP,LaserJet Pro MFP M127fw Wireless Black and White All,CT8697562553,1117.5,,,,,,8
707,707-LaserJet Pro m451dw Wireless Color Printer   Black/Gray,Computers,Computers & Tablets,Printers,HP,LaserJet Pro m451dw Wireless Color Printer   Black/Gray,CT1284205182,3181.0,,,,,,1
708,708-Officejet Pro 8630 e All in,Computers,Computers & Tablets,Printers,HP,Officejet Pro 8630 e All in,CT4823776839,57.0,,,,,,8
709,709-Officejet Pro X576dw Wireless All In One Printer,Computers,Computers & Tablets,Printers,HP,Officejet Pro X576dw Wireless All In One Printer,CT9114601610,288.0,,,,,,10
710,710-ENVY 5540 Wireless All In One Printer,Computers,Computers & Tablets,Printers,HP,ENVY 5540 Wireless All In One Printer,CT1679214382,241.0,,,,,,8
711,711-PIXMA MG2920 Wireless All In One Printer,Computers,Printing,Printers,Canon,PIXMA MG2920 Wireless All In One Printer,PR8165177177,99.0,,,,,,13
712,712-MFC J485DW Wireless All In,Computers,Printing,Printers,Brother,MFC J485DW Wireless All In,PR4490063892,472.0,,,,,,2
713,713-SELPHY CP910 Wireless Compact Photo Printer   White,Computers,Printing,Printers,Canon,SELPHY CP910 Wireless Compact Photo Printer   White,PR3613694585,178.0,,,,,,2
714,714-Expression Premium XP 830 All In,Computers,Printing,Printers,Epson,Expression Premium XP 830 All In,PR3218207906,288.0,,,,,,13
715,715-WorkForce ET 4550 EcoTank Wireless All In,Computers,Printing,Printers,Epson,WorkForce ET 4550 EcoTank Wireless All In,PR7131799956,109.5,,,,,,20
716,716-PIXMA MG6821 Wireless All In One Printer,Computers,Printing,Printers,Canon,PIXMA MG6821 Wireless All In One Printer,PR2421843024,57.0,,,,,,2
717,717-WorkForce Pro WF 4630 Wireless All In,Computers,Printing,Printers,Epson,WorkForce Pro WF 4630 Wireless All In,PR5879167989,293.5,,,,,,2
718,718-DeskJet 2545 Wireless All In One Printer,Computers,Printing,Printers,HP,DeskJet 2545 Wireless All In One Printer,PR1224167440,99.0,,,,,,13
719,719-ENVY 5530 Wireless e All In,Computers,Printing,Printers,HP,ENVY 5530 Wireless e All In,PR8672774093,199.0,,,,,,2
720,720-MFC L2740DW Wireless Black and,Computers,Printing,Printers,Brother,MFC L2740DW Wireless Black and,PR3844468297,1831.5,,,,,,20
721,721-MFC J885DW Wireless All In,Computers,Printing,Printers,Brother,MFC J885DW Wireless All In,PR3521097120,115.0,,,,,,13
722,722-LaserJet Pro MFP M127fw Wireless Black and White All,Computers,Printing,Printers,HP,LaserJet Pro MFP M127fw Wireless Black and White All,PR2894934603,99.0,,,,,,13
723,723-Laserjet Pro m252dw Wireless Color Printer   Gray,Computers,Printing,Printers,HP,Laserjet Pro m252dw Wireless Color Printer   Gray,PR6329905813,115.0,,,,,,2
724,724-PIXMA MG3620 Wireless All In One Printer,Computers,Printing,Printers,Canon,PIXMA MG3620 Wireless All In One Printer,PR3036441810,498.0,,,,,,13
725,725-WorkForce WF 7620 Wireless Wide Format All,Computers,Printing,Printers,Epson,WorkForce WF 7620 Wireless Wide Format All,PR2855924592,414.0,,,,,,13
726,726-WorkForce WF 100 Mobile Wireless Printer   Black,Computers,Printing,Printers,Epson,WorkForce WF 100 Mobile Wireless Printer   Black,PR7951635235,57.0,,,,,,20
727,727-HL L2320D Black and,Computers,Printing,Printers,Brother,HL L2320D Black and,PR2867634032,193.5,,,,,,20
728,728-Expression ET 2550 EcoTank Wireless All In,Computers,Printing,Printers,Epson,Expression ET 2550 EcoTank Wireless All In,PR3474169991,613.5,,,,,,20
729,729-LaserJet Pro m451dw Wireless Color Printer   Black/Gray,Computers,Printing,Printers,HP,LaserJet Pro m451dw Wireless Color Printer   Black/Gray,PR1548260358,214.5,,,,,,8
730,730-Officejet 100 Wireless Printer   Gray/Black,Computers,Printing,Printers,HP,Officejet 100 Wireless Printer   Gray/Black,PR8732923036,120.0,,,,,,13
731,731-User) (1 Year Subscription)   Windows,Computers,Printing,Printers,Antivirus+ Security 10 (1,User) (1 Year Subscription)   Windows,PR8837839983,293.5,,,,,,13
732,732-HL 3170CDW Color Laser Printer   Black,Computers,Printing,Printers,Brother,HL 3170CDW Color Laser Printer   Black,PR9282729599,1527.0,,,,,,13
733,733-imageCLASS MF212w Wireless Black and White Laser Printer,Computers,Printing,Printers,Canon,imageCLASS MF212w Wireless Black and White Laser Printer,PR9492250477,592.5,,,,,,2
734,734-MFC 9130CW Digital Color Laser All in,Computers,Printing,Printers,Brother,MFC 9130CW Digital Color Laser All in,PR6885372081,241.0,,,,,,2
735,735-Expression Home XP 420 Small in,Computers,Printing,Printers,Epson,Expression Home XP 420 Small in,PR7073340787,109.5,,,,,,2
736,736-ENVY 4520 Wireless All In One Printer,Computers,Printing,Printers,HP,ENVY 4520 Wireless All In One Printer,PR6515365756,1501.0,,,,,,20
737,737-Officejet Pro 6830 Wireless e All In,Computers,Printing,Printers,HP,Officejet Pro 6830 Wireless e All In,PR9915729661,540.0,,,,,,20
738,738-ENVY 5660 Wireless e All In,Computers,Printing,Printers,HP,ENVY 5660 Wireless e All In,PR2424614720,582.0,,,,,,2
739,739-Officejet Pro 8610 e All in,Computers,Printing,Printers,HP,Officejet Pro 8610 e All in,PR6383602034,120.0,,,,,,2
740,740-PIXMA MX492 Wireless All In One Printer,Computers,Printing,Printers,Canon,PIXMA MX492 Wireless All In One Printer,PR1903491983,619.0,,,,,,20
741,741-WorkForce WF 2650 Wireless All In,Computers,Printing,Printers,Epson,WorkForce WF 2650 Wireless All In,PR2321610243,2834.5,,,,,,13
742,742-Officejet 5740 Wireless e All in,Computers,Printing,Printers,HP,Officejet 5740 Wireless e All in,PR2565020351,886.5,,,,,,20
743,743-OfficeJet 4650 Wireless All In One Printer,Computers,Printing,Printers,HP,OfficeJet 4650 Wireless All In One Printer,PR2120240111,230.5,,,,,,2
744,744-WorkForce WF 3620 Wireless All In,Computers,Printing,Printers,Epson,WorkForce WF 3620 Wireless All In,PR2880218645,235.5,,,,,,20
745,745-ENVY 7640 Wireless e All in,Computers,Printing,Printers,HP,ENVY 7640 Wireless e All in,PR2540507804,340.5,,,,,,20
746,746-OfficeJet 3830 Wireless All In One Printer,Computers,Printing,Printers,HP,OfficeJet 3830 Wireless All In One Printer,PR9903505886,109.5,,,,,,20
747,747-PIXMA MX922 Network Ready Wireless All In,Computers,Printing,Printers,Canon,PIXMA MX922 Network Ready Wireless All In,PR7227126666,214.5,,,,,,13
748,748-Officejet Pro 8620 e All in,Computers,Printing,Printers,HP,Officejet Pro 8620 e All in,PR4658079167,361.5,,,,,,2
749,749-LaserJet Pro P1102w Wireless Black and White Printer,Computers,Printing,Printers,HP,LaserJet Pro P1102w Wireless Black and White Printer,PR7904104453,120.0,,,,,,2
750,750-Expression Premium XP 630 All In,Computers,Printing,Printers,Epson,Expression Premium XP 630 All In,PR2400833949,193.5,,,,,,2
751,751-PowerShot ELPH 160 20.0 Megapixel Digital Camera   Silver,Photography,Cameras & Camcorders,SLR Cameras,Canon,PowerShot ELPH 160 20.0 Megapixel Digital Camera   Silver,CC2010064736,1180.5,,,,,,10
752,752-PowerShot ELPH 170 IS 20.0 Megapixel Digital Camera   Blue,Photography,Cameras & Camcorders,SLR Cameras,Canon,PowerShot ELPH 170 IS 20.0 Megapixel Digital Camera   Blue,CC8665148731,335.5,,,,,,16
753,753-PowerShot SX530 HS Digital Camera   Black,Photography,Cameras & Camcorders,SLR Cameras,Canon,PowerShot SX530 HS Digital Camera   Black,CC5566572886,319.5,,,,,,7
754,754-PowerShot SX610 HS 20.2 Megapixel Digital Camera   Black,Photography,Cameras & Camcorders,SLR Cameras,Canon,PowerShot SX610 HS 20.2 Megapixel Digital Camera   Black,CC7133054377,1117.5,,,,,,7
755,755-PowerShot ELPH 350 HS 20.2 Megapixel Digital Camera   Black,Photography,Cameras & Camcorders,SLR Cameras,Canon,PowerShot ELPH 350 HS 20.2 Megapixel Digital Camera   Black,CC8162109989,246.0,,,,,,17
756,756-PowerShot SX710 HS 20.3 Megapixel Digital Camera   Black,Photography,Cameras & Camcorders,SLR Cameras,Canon,PowerShot SX710 HS 20.3 Megapixel Digital Camera   Black,CC8065946590,535.0,,,,,,17
757,757-instax mini 8 Instant Film Camera   Blue,Photography,Cameras & Camcorders,SLR Cameras,Fujifilm,instax mini 8 Instant Film Camera   Blue,CC5858523321,645.0,,,,,,7
758,758-instax mini 8 Instant Film Camera   Pink,Photography,Cameras & Camcorders,SLR Cameras,Fujifilm,instax mini 8 Instant Film Camera   Pink,CC4856097575,445.5,,,,,,17
759,759-instax Mini 8 Instant Film Camera   Raspberry,Photography,Cameras & Camcorders,SLR Cameras,Fujifilm,instax Mini 8 Instant Film Camera   Raspberry,CC7140990250,414.0,,,,,,17
760,760-instax Mini 8 Instant Film Camera   Grape,Photography,Cameras & Camcorders,SLR Cameras,Fujifilm,instax Mini 8 Instant Film Camera   Grape,CC8822623921,183.0,,,,,,7
761,761-XP80 16.4 Megapixel Waterproof Digital Camera   Yellow,Photography,Cameras & Camcorders,SLR Cameras,Fujifilm,XP80 16.4 Megapixel Waterproof Digital Camera   Yellow,CC3330671109,487.5,,,,,,7
762,762-instax mini 8 Instant Film Camera   White,Photography,Cameras & Camcorders,SLR Cameras,Fujifilm,instax mini 8 Instant Film Camera   White,CC7870105494,356.5,,,,,,7
763,763-instax mini 8 Instant Film Camera   Yellow,Photography,Cameras & Camcorders,SLR Cameras,Fujifilm,instax mini 8 Instant Film Camera   Yellow,CC1947858475,235.5,,,,,,17
764,764-Coolpix S3700 20.1 Megapixel Digital Camera   Silver,Photography,Cameras & Camcorders,SLR Cameras,Nikon,Coolpix S3700 20.1 Megapixel Digital Camera   Silver,CC1635447560,214.5,,,,,,7
765,765-Coolpix S7000 16.0 Megapixel Digital Camera   Black,Photography,Cameras & Camcorders,SLR Cameras,Nikon,Coolpix S7000 16.0 Megapixel Digital Camera   Black,CC3210934434,151.5,,,,,,17
766,766-Coolpix S9900 16.0 Megapixel Digital Camera   Black,Photography,Cameras & Camcorders,SLR Cameras,Nikon,Coolpix S9900 16.0 Megapixel Digital Camera   Black,CC4227575031,146.5,,,,,,17
767,767-Coolpix L32 20.1 Megapixel Digital Camera   Red,Photography,Cameras & Camcorders,SLR Cameras,Nikon,Coolpix L32 20.1 Megapixel Digital Camera   Red,CC3646176464,661.0,,,,,,17
768,768-Coolpix L840 16.0 Megapixel Digital Camera   Black,Photography,Cameras & Camcorders,SLR Cameras,Nikon,Coolpix L840 16.0 Megapixel Digital Camera   Black,CC2390234995,120.0,,,,,,17
769,769-Coolpix L840 16.0 Megapixel Digital Camera   Plum,Photography,Cameras & Camcorders,SLR Cameras,Nikon,Coolpix L840 16.0 Megapixel Digital Camera   Plum,CC8716688389,655.5,,,,,,7
770,770-Coolpix P530 16.1 Megapixel Digital Camera   Black,Photography,Cameras & Camcorders,SLR Cameras,Nikon,Coolpix P530 16.1 Megapixel Digital Camera   Black,CC5923567275,162.0,,,,,,17
771,771-Coolpix AW130 16.0 Megapixel Waterproof Digital Camera   Orange,Photography,Cameras & Camcorders,SLR Cameras,Nikon,Coolpix AW130 16.0 Megapixel Waterproof Digital Camera   Orange,CC6035416300,503.5,,,,,,17
772,772-TG 860 16.0 Megapixel Waterproof Digital Camera,Photography,Cameras & Camcorders,SLR Cameras,Olympus,TG 860 16.0 Megapixel Waterproof Digital Camera,CC5502291466,146.5,,,,,,17
773,773-Snap 10.0 Megapixel Digital Camera   White,Photography,Cameras & Camcorders,SLR Cameras,Polaroid,Snap 10.0 Megapixel Digital Camera   White,CC5006792423,178.0,,,,,,17
774,774-DSC W830 20.1 Megapixel Digital Camera,Photography,Cameras & Camcorders,SLR Cameras,Sony,DSC W830 20.1 Megapixel Digital Camera,CC3906999308,325.0,,,,,,16
775,775-DSC WX350 18.2 Megapixel Digital Camera,Photography,Cameras & Camcorders,SLR Cameras,Sony,DSC WX350 18.2 Megapixel Digital Camera,CC7073627272,52.0,,,,,,11
776,776-EOS Rebel SL1 DSLR Camera with EF S 18 55mm f/3.5,Photography,Cameras & Camcorders,SLR Cameras,Canon,EOS Rebel SL1 DSLR Camera with EF S 18 55mm f/3.5,CC3149304413,256.5,,,,,,17
777,777-Bundle EOS Rebel T5i with EF S 18 55mm IS STM Kit,Photography,Cameras & Camcorders,SLR Cameras,Canon,Bundle EOS Rebel T5i with EF S 18 55mm IS STM Kit,CC1925096041,970.5,,,,,,17
778,778-D3200 DSLR Camera with 18 55mm VR Lens   Black,Photography,Cameras & Camcorders,SLR Cameras,Nikon,D3200 DSLR Camera with 18 55mm VR Lens   Black,CC7844364524,913.0,,,,,,7
779,779-Bundle Coolpix P530 Digital Camera,Photography,Cameras & Camcorders,SLR Cameras,Nikon,Bundle Coolpix P530 Digital Camera,CC7268002225,346.0,,,,,,17
780,780-D3300 DSLR Camera with 18 55mm VR Lens   Red,Photography,Cameras & Camcorders,SLR Cameras,Nikon,D3300 DSLR Camera with 18 55mm VR Lens   Red,CC4802504502,346.0,,,,,,7
781,781-D7200 DSLR Camera with 18 140mm Lens   Black,Photography,Cameras & Camcorders,SLR Cameras,Nikon,D7200 DSLR Camera with 18 140mm Lens   Black,CC7369619018,52.0,,,,,,17
782,782-EOS Rebel T5i DSLR Camera (Body Only)   Black,Photography,Cameras & Camcorders,SLR Cameras,Canon,EOS Rebel T5i DSLR Camera (Body Only)   Black,CC3975850884,115.0,,,,,,17
783,783-EOS 7D Mark II DSLR Camera (Body Only)   Black,Photography,Cameras & Camcorders,SLR Cameras,Canon,EOS 7D Mark II DSLR Camera (Body Only)   Black,CC6387514096,251.5,,,,,,17
784,784-EOS 70D DSLR Camera with EF S 18 135mm STM Lens Video Creator Kit,Photography,Cameras & Camcorders,SLR Cameras,Canon,EOS 70D DSLR Camera with EF S 18 135mm STM Lens Video Creator Kit,CC9844406705,115.0,,,,,,12
785,785-EOS T6i DSLR Camera with EF S 18 55mm STM Lens Video Creator Kit,Photography,Cameras & Camcorders,SLR Cameras,Canon,EOS T6i DSLR Camera with EF S 18 55mm STM Lens Video Creator Kit,CC1969052412,172.5,,,,,,17
786,786-EOS Rebel T5i DSLR Camera with 18 55mm IS STM and 55 250mm IS II Lenses,Photography,Cameras & Camcorders,SLR Cameras,Canon,EOS Rebel T5i DSLR Camera with 18 55mm IS STM and 55 250mm IS II Lenses,CC6945435926,120.0,,,,,,9
787,787-EOS Rebel T5i DSLR Camera with 18 135mm IS STM Lens   Black,Photography,Cameras & Camcorders,SLR Cameras,Canon,EOS Rebel T5i DSLR Camera with 18 135mm IS STM Lens   Black,CC8271824405,991.5,,,,,,7
788,788-Bundle EOS Rebel T6i Wi Fi Digital SLR Camera & EF S 18,Photography,Cameras & Camcorders,SLR Cameras,Canon,Bundle EOS Rebel T6i Wi Fi Digital SLR Camera & EF S 18,CC9509253494,57.0,,,,,,17
789,789-D7100 DSLR Camera with 18 140mm VR Lens   Black,Photography,Cameras & Camcorders,SLR Cameras,Nikon,D7100 DSLR Camera with 18 140mm VR Lens   Black,CC8439279703,162.0,,,,,,7
790,790-EOS 5D Mark III DSLR Camera with 24 70mm f/4L IS Lens   Black,Photography,Cameras & Camcorders,SLR Cameras,Canon,EOS 5D Mark III DSLR Camera with 24 70mm f/4L IS Lens   Black,CC2874459457,650.5,,,,,,17
791,791-D5300 DSLR Camera with 18 55mm VR Lens   Red,Photography,Cameras & Camcorders,SLR Cameras,Nikon,D5300 DSLR Camera with 18 55mm VR Lens   Red,CC1987028200,1201.5,,,,,,7
792,792-D5300 DSLR Camera with 18 55mm VR Lens   Gray,Photography,Cameras & Camcorders,SLR Cameras,Nikon,D5300 DSLR Camera with 18 55mm VR Lens   Gray,CC6108934154,267.0,,,,,,7
793,793-EOS Rebel T6i DSLR Camera with EF S 18 135mm IS STM Lens,Photography,Cameras & Camcorders,SLR Cameras,Canon,EOS Rebel T6i DSLR Camera with EF S 18 135mm IS STM Lens,CC1564037896,661.0,,,,,,17
794,794-EOS Rebel SL1 Camera+EF S 18 55 IS STM Lens+32GB+Battery+Case+Flash+Tele/Wide Lenses+Tripod+Acc Kit,Photography,Cameras & Camcorders,SLR Cameras,Canon,EOS Rebel SL1 Camera+EF S 18 55 IS STM Lens+32GB+Battery+Case+Flash+Tele/Wide Lenses+Tripod+Acc Kit,CC7176521743,120.0,,,,,,7
795,795-D610 DSLR Camera (Body Only)   Black,Photography,Cameras & Camcorders,SLR Cameras,Nikon,D610 DSLR Camera (Body Only)   Black,CC2078747870,540.0,,,,,,7
796,796-D5300 DSLR Camera (Body Only)   Black,Photography,Cameras & Camcorders,SLR Cameras,Nikon,D5300 DSLR Camera (Body Only)   Black,CC4264910273,178.0,,,,,,17
797,797-D5500 DSLR Camera (Body Only)   Red,Photography,Cameras & Camcorders,SLR Cameras,Nikon,D5500 DSLR Camera (Body Only)   Red,CC7687084301,671.5,,,,,,17
798,798-EOS Rebel T6i DSLR Camera (Body Only)   Black,Photography,Cameras & Camcorders,SLR Cameras,Canon,EOS Rebel T6i DSLR Camera (Body Only)   Black,CC2708662406,99.0,,,,,,7
799,799-D3300 DSLR Camera with 18 55mm VR Lens   Gray,Photography,Cameras & Camcorders,SLR Cameras,Nikon,D3300 DSLR Camera with 18 55mm VR Lens   Gray,CC6473735818,682.0,,,,,,7
800,800-D3200 DSLR Camera with 18 55mm VR II and 55 200mm VR II Lenses,Photography,Cameras & Camcorders,SLR Cameras,Nikon,D3200 DSLR Camera with 18 55mm VR II and 55 200mm VR II Lenses,CC2569387243,183.0,,,,,,7
801,"801-32"" Class (31.5"" Diag.)   LED   1080p",Entertainment,TV & Home Theater,Smart TV,Insignia™,"32"" Class (31.5"" Diag.)   LED   1080p",TV1474443600,1291.0,,,2021-10-19 22:27:03,tyler@sigmacomputing.com,,8
802,"802-60"" Class (59.5"" Diag.)   LED   2160p",Entertainment,TV & Home Theater,Smart TV,LG,"60"" Class (59.5"" Diag.)   LED   2160p",TV6622745572,99.0,,,,,,8
803,"803-65"" Class (64.5"" Diag.)   LED   2160p",Entertainment,TV & Home Theater,Smart TV,Samsung,"65"" Class (64.5"" Diag.)   LED   2160p",TV9124221573,571.5,,,,,,8
804,"804-55"" Class (54.6"" Diag.)   LED   2160p",Entertainment,TV & Home Theater,Smart TV,Samsung,"55"" Class (54.6"" Diag.)   LED   2160p",TV4034485237,162.0,,,,,,8
805,"805-50"" Class (49.5"" Diag.)   LED   2160p",Entertainment,TV & Home Theater,Smart TV,Samsung,"50"" Class (49.5"" Diag.)   LED   2160p",TV5048787878,377.5,,,,,,4
806,"806-40"" Class (40"" Diag.)   LED   1080p",Entertainment,TV & Home Theater,Smart TV,Samsung,"40"" Class (40"" Diag.)   LED   1080p",TV6120561984,120.0,,,,,,8
807,"807-60"" Class (60"" Diag.)   LED   2160p",Entertainment,TV & Home Theater,Smart TV,Samsung,"60"" Class (60"" Diag.)   LED   2160p",TV7020911187,62.5,,,,,,17
808,"808-48"" Class (47.6"" Diag.)   LED   1080p",Entertainment,TV & Home Theater,Smart TV,Samsung,"48"" Class (47.6"" Diag.)   LED   1080p",TV1731301206,5779.5,,,,,,17
809,"809-28"" Class (27 1/2"" Diag.)   LED",Entertainment,TV & Home Theater,Smart TV,Samsung,"28"" Class (27 1/2"" Diag.)   LED",TV1227978753,5464.5,,,,,,8
810,"810-65"" Class (64.5"" Diag.)   LED   Curved",Entertainment,TV & Home Theater,Smart TV,Samsung,"65"" Class (64.5"" Diag.)   LED   Curved",TV4038053384,62.5,,,,,,8
811,"811-32"" Class (31.5"" Diag.)   LED   1080p",Entertainment,TV & Home Theater,Smart TV,Samsung,"32"" Class (31.5"" Diag.)   LED   1080p",TV8849738230,193.5,,,,,,5
812,"812-32"" Class (31.5"" Diag.)   LED   1080p",Entertainment,TV & Home Theater,Smart TV,Samsung,"32"" Class (31.5"" Diag.)   LED   1080p",TV1293282224,603.0,,,,,,17
813,"813-55"" Class (54.6"" Diag.)   LED   2160p",Entertainment,TV & Home Theater,Smart TV,Samsung,"55"" Class (54.6"" Diag.)   LED   2160p",TV2696767864,151.5,,,,,,8
814,"814-24"" Class (23 5/8"" Diag.)   LED",Entertainment,TV & Home Theater,Smart TV,Samsung,"24"" Class (23 5/8"" Diag.)   LED",TV4324357364,230.5,,,,,,17
815,"815-55"" Class (54.6"" Diag.)   LED   Curved",Entertainment,TV & Home Theater,Smart TV,Samsung,"55"" Class (54.6"" Diag.)   LED   Curved",TV5976042083,109.5,,,,,,13
816,"816-40"" Class (40"" Diag.)   LED   1080p",Entertainment,TV & Home Theater,Smart TV,Samsung,"40"" Class (40"" Diag.)   LED   1080p",TV8384798814,514.0,,,,,,17
817,"817-55"" Class (54.6"" Diag.)   LED   2160p",Entertainment,TV & Home Theater,Smart TV,Samsung,"55"" Class (54.6"" Diag.)   LED   2160p",TV9587963436,162.0,,,,,,8
818,"818-55"" Class (54.6"" Diag.)   LED   1080p",Entertainment,TV & Home Theater,Smart TV,Samsung,"55"" Class (54.6"" Diag.)   LED   1080p",TV3114891214,319.5,,,,,,17
819,"819-AQUOS   50"" Class (49.6"" Diag.)   LED",Entertainment,TV & Home Theater,Smart TV,Sharp,"AQUOS   50"" Class (49.6"" Diag.)   LED",TV6362783823,613.5,,,,,,17
820,"820-43"" Class (42.6"" Diag.)   LED   1080p",Entertainment,TV & Home Theater,Smart TV,Sharp,"43"" Class (42.6"" Diag.)   LED   1080p",TV5112973101,99.0,,,,,,8
821,"821-65"" Class (64.5"" Diag.)   LED   2160p",Entertainment,TV & Home Theater,Smart TV,Sony,"65"" Class (64.5"" Diag.)   LED   2160p",TV1129538538,115.0,,,,,,8
822,"822-55"" Class (54.6"" Diag.)   LED   2160p",Entertainment,TV & Home Theater,Smart TV,Sony,"55"" Class (54.6"" Diag.)   LED   2160p",TV6875123808,991.5,,,,,,17
823,"823-E Series 55"" Class (54.6"" Diag.)   LED",Entertainment,TV & Home Theater,Smart TV,VIZIO,"E Series 55"" Class (54.6"" Diag.)   LED",TV3835242427,99.0,,,,,,17
824,"824-E Series   24"" Class (23""",Entertainment,TV & Home Theater,Smart TV,VIZIO,"E Series   24"" Class (23""",TV7582981770,162.0,,,,,,17
825,"825-32"" Class (31.5"" Diag.)   LED   1080p",Entertainment,TV & Home Theater,Smart TV,VIZIO,"32"" Class (31.5"" Diag.)   LED   1080p",TV8505908778,225.0,,,,,,17
826,"826-48"" Class (47.6"" Diag.)   LED   2160p",Entertainment,TV & Home Theater,Smart TV,Samsung,"48"" Class (47.6"" Diag.)   LED   2160p",TV5094884266,487.5,,,,,,8
827,"827-55"" Class (54.6"" Diag.)   LED   Curved",Entertainment,TV & Home Theater,Smart TV,Samsung,"55"" Class (54.6"" Diag.)   LED   Curved",TV3980391734,582.0,,,,,,5
828,"828-65"" Class (64.5"" Diag.)   2160p   Smart",Entertainment,TV & Home Theater,Smart TV,Samsung,"65"" Class (64.5"" Diag.)   2160p   Smart",TV7946519004,99.0,,,,,,8
829,"829-43"" Class (42.5"" Diag.)   LED   2160p",Entertainment,TV & Home Theater,Smart TV,Sony,"43"" Class (42.5"" Diag.)   LED   2160p",TV6583260597,697.5,,,,,,17
830,"830-AQUOS   55"" Class (54.6"" Diag.)   LED",Entertainment,TV & Home Theater,Smart TV,Sharp,"AQUOS   55"" Class (54.6"" Diag.)   LED",TV3612192428,1180.5,,,,,,17
831,"831-75"" Class (74.5"" Diag.)   LED   2160p",Entertainment,TV & Home Theater,Smart TV,Sony,"75"" Class (74.5"" Diag.)   LED   2160p",TV3725365614,230.5,,,,,,8
832,"832-AQUOS   43"" Class (42.5"" Diag.)   LED",Entertainment,TV & Home Theater,Smart TV,Sharp,"AQUOS   43"" Class (42.5"" Diag.)   LED",TV1172035891,388.0,,,,,,8
833,"833-65"" Class (64.5"" Diag.)   LED   2160p",Entertainment,TV & Home Theater,Smart TV,LG,"65"" Class (64.5"" Diag.)   LED   2160p",TV8841088011,120.0,,,,,,17
834,"834-65"" Class (64.5"" Diag.)   OLED   2160p",Entertainment,TV & Home Theater,Smart TV,LG,"65"" Class (64.5"" Diag.)   OLED   2160p",TV5740396661,167.5,,,,,,17
835,"835-55"" Class (54.6"" Diag.)   LED   2160p",Entertainment,TV & Home Theater,Smart TV,LG,"55"" Class (54.6"" Diag.)   LED   2160p",TV2732544947,115.0,,,,,,8
836,"836-M Series   49"" Class (48.5"" Diag.)",Entertainment,TV & Home Theater,Smart TV,VIZIO,"M Series   49"" Class (48.5"" Diag.)",TV1359270601,535.0,,,,,,17
837,"837-AQUOS   70"" Class (69.5"" Diag.)   LED",Entertainment,TV & Home Theater,Smart TV,Sharp,"AQUOS   70"" Class (69.5"" Diag.)   LED",TV5666804858,298.5,,,,,,17
838,"838-65"" Class (64.5"" Diag.)   LED   Curved",Entertainment,TV & Home Theater,Smart TV,Samsung,"65"" Class (64.5"" Diag.)   LED   Curved",TV8572110499,162.0,,,,,,8
839,"839-48"" Class (47.6"" Diag.)   LED   2160p",Entertainment,TV & Home Theater,Smart TV,Samsung,"48"" Class (47.6"" Diag.)   LED   2160p",TV8111471320,162.0,,,,,,8
840,"840-AQUOS   70"" Class (69.5"" Diag.)   LED",Entertainment,TV & Home Theater,Smart TV,Sharp,"AQUOS   70"" Class (69.5"" Diag.)   LED",TV6515853978,613.5,,,,,,8
841,"841-75"" Class (74.5"" Diag.)   2160p   Smart",Entertainment,TV & Home Theater,Smart TV,Samsung,"75"" Class (74.5"" Diag.)   2160p   Smart",TV8354233570,225.0,,,,,,17
842,"842-49"" Class (48.5"" Diag.)   LED   2160p",Entertainment,TV & Home Theater,Smart TV,LG,"49"" Class (48.5"" Diag.)   LED   2160p",TV3605006014,120.0,,,,,,17
843,"843-60"" Class (60"" Diag.)   2160p   Smart",Entertainment,TV & Home Theater,Smart TV,Samsung,"60"" Class (60"" Diag.)   2160p   Smart",TV4593993883,120.0,,,,,,8
844,"844-65"" Class (64.5"" Diag.)   LED Curved   2160p",Entertainment,TV & Home Theater,Smart TV,Samsung,"65"" Class (64.5"" Diag.)   LED Curved   2160p",TV4016806727,283.0,,,,,,8
845,"845-M Series   65"" Class (65"" Diag.)",Entertainment,TV & Home Theater,Smart TV,VIZIO,"M Series   65"" Class (65"" Diag.)",TV2484678388,120.0,,,,,,8
846,"846-55"" Class (54.6"" Diag.)   OLED   Curved",Entertainment,TV & Home Theater,Smart TV,LG,"55"" Class (54.6"" Diag.)   OLED   Curved",TV1590079937,456.0,,,,,,7
847,"847-55"" Class (54.6"" Diag.)   OLED   2160p",Entertainment,TV & Home Theater,Smart TV,LG,"55"" Class (54.6"" Diag.)   OLED   2160p",TV2230676388,109.5,,,,,,8
848,"848-55"" Class (54 1/2"" Diag.)   LED",Entertainment,TV & Home Theater,Smart TV,Sony,"55"" Class (54 1/2"" Diag.)   LED",TV2621985493,193.5,,,,,,8
849,"849-65"" Class (64.5"" Diag.)   LED   2160p",Entertainment,TV & Home Theater,Smart TV,LG,"65"" Class (64.5"" Diag.)   LED   2160p",TV6302140226,298.5,,,,,,8
850,"850-60"" Class (59.5"" Diag.)   LED   2160p",Entertainment,TV & Home Theater,Smart TV,LG,"60"" Class (59.5"" Diag.)   LED   2160p",TV2383922869,424.5,,,,,,17
851,851-iPhone 6 16GB   Space Gray (Sprint),Mobiles,Smart Phones,Sprint,Apple,iPhone 6 16GB   Space Gray (Sprint),SP8872260279,582.0,,,,,,11
852,852-iPhone 6s 16GB   Rose Gold (Sprint),Mobiles,Smart Phones,Sprint,Apple,iPhone 6s 16GB   Rose Gold (Sprint),SP4173052003,655.5,Active,this is active,2021-11-09 18:52:38,brendon@sigmacomputing.com,2000.0,3
853,853-iPhone 6s 16GB   Space Gray (Sprint),Mobiles,Smart Phones,Sprint,Apple,iPhone 6s 16GB   Space Gray (Sprint),SP6639811599,519.0,,,,,,18
854,854-iPhone 6s 64GB   Rose Gold (Sprint),Mobiles,Smart Phones,Sprint,Apple,iPhone 6s 64GB   Rose Gold (Sprint),SP8627593921,7465.0,,,,,,11
855,855-iPhone 6s 64GB   Space Gray (Sprint),Mobiles,Smart Phones,Sprint,Apple,iPhone 6s 64GB   Space Gray (Sprint),SP1298416517,120.0,,,,,,11
856,856-iPhone 6 16GB   Silver (Sprint),Mobiles,Smart Phones,Sprint,Apple,iPhone 6 16GB   Silver (Sprint),SP8035686254,2314.5,,,,,,18
857,857-iPhone 6s 16GB   Gold (Sprint),Mobiles,Smart Phones,Sprint,Apple,iPhone 6s 16GB   Gold (Sprint),SP2246738798,886.5,,,,,,3
858,858-iPhone 6 16GB   Gold (Sprint),Mobiles,Smart Phones,Sprint,Apple,iPhone 6 16GB   Gold (Sprint),SP1018696929,356.5,,,,,,18
859,859-iPhone 6 64GB   Space Gray (Sprint),Mobiles,Smart Phones,Sprint,Apple,iPhone 6 64GB   Space Gray (Sprint),SP3973946946,1343.5,,,,,,3
860,860-Galaxy Note5 4G LTE with 32GB Memory Cell Phone   Gold (Sprint),Mobiles,Smart Phones,Sprint,Samsung,Galaxy Note5 4G LTE with 32GB Memory Cell Phone   Gold (Sprint),SP9553616168,146.5,,,,,,18
861,861-Galaxy Note5 4G LTE with 32GB Memory Cell Phone   Black Sapphire (Sprint),Mobiles,Smart Phones,Sprint,Samsung,Galaxy Note5 4G LTE with 32GB Memory Cell Phone   Black Sapphire (Sprint),SP1735212092,214.5,,,,,,3
862,862-Galaxy Note5 4G LTE with 32GB Memory Cell Phone   White Pearl (Sprint),Mobiles,Smart Phones,Sprint,Samsung,Galaxy Note5 4G LTE with 32GB Memory Cell Phone   White Pearl (Sprint),SP5532376437,99.0,,,,,,11
863,863-Galaxy Note5 4G LTE with 64GB Memory Cell Phone   Black Sapphire (Sprint),Mobiles,Smart Phones,Sprint,Samsung,Galaxy Note5 4G LTE with 64GB Memory Cell Phone   Black Sapphire (Sprint),SP6848194397,230.5,,,,,,18
864,864-Galaxy S6 with 32GB Memory Cell Phone   Gold (Sprint),Mobiles,Smart Phones,Sprint,Samsung,Galaxy S6 with 32GB Memory Cell Phone   Gold (Sprint),SP6358224893,57.0,,,,,,3
865,865-Galaxy S6 with 32GB Memory Cell Phone   Black (Sprint),Mobiles,Smart Phones,Sprint,Samsung,Galaxy S6 with 32GB Memory Cell Phone   Black (Sprint),SP3511986541,335.5,,,,,,18
866,866-iPhone 6s Plus 64GB   Gold (Sprint),Mobiles,Smart Phones,Sprint,Apple,iPhone 6s Plus 64GB   Gold (Sprint),SP2711416144,540.0,,,,,,3
867,867-iPhone 6s 64GB   Gold (Sprint),Mobiles,Smart Phones,Sprint,Apple,iPhone 6s 64GB   Gold (Sprint),SP8069907735,304.0,,,,,,18
868,868-G4 4G with 32GB Memory Cell Phone   Black Leather (Sprint),Mobiles,Smart Phones,Sprint,LG,G4 4G with 32GB Memory Cell Phone   Black Leather (Sprint),SP6164524927,734.5,,,,,,3
869,869-Galaxy S6 with 32GB Memory Cell Phone   White Pearl (Sprint),Mobiles,Smart Phones,Sprint,Samsung,Galaxy S6 with 32GB Memory Cell Phone   White Pearl (Sprint),SP9203818329,304.0,,,,,,18
870,870-iPhone 6s Plus 64GB   Silver (Sprint),Mobiles,Smart Phones,Sprint,Apple,iPhone 6s Plus 64GB   Silver (Sprint),SP2651919782,335.5,,,,,,9
871,871-Galaxy Note5 4G LTE with 64GB Memory Cell Phone   Gold (Sprint),Mobiles,Smart Phones,Sprint,Samsung,Galaxy Note5 4G LTE with 64GB Memory Cell Phone   Gold (Sprint),SP5654970053,193.5,,,,,,9
872,872-Galaxy S6 edge+ 4G LTE with 32GB Memory Cell Phone   Black Sapphire (Sprint),Mobiles,Smart Phones,Sprint,Samsung,Galaxy S6 edge+ 4G LTE with 32GB Memory Cell Phone   Black Sapphire (Sprint),SP6678861113,57.0,,,,,,6
873,873-iPhone 6 Plus 64GB   Space Gray (Sprint),Mobiles,Smart Phones,Sprint,Apple,iPhone 6 Plus 64GB   Space Gray (Sprint),SP8091951673,120.0,,,,,,11
874,874-iPhone 6s Plus 16GB   Silver (Sprint),Mobiles,Smart Phones,Sprint,Apple,iPhone 6s Plus 16GB   Silver (Sprint),SP8950607689,57.0,,,,,,2
875,875-HTC One (M9) with 32GB Memory Cell Phone   Gray (Sprint),Mobiles,Smart Phones,Sprint,Sprint,HTC One (M9) with 32GB Memory Cell Phone   Gray (Sprint),SP2938311283,109.5,,,,,,3
876,876-Galaxy S6 edge with 32GB Memory Cell Phone   Gold Platinum (Sprint),Mobiles,Smart Phones,Sprint,Samsung,Galaxy S6 edge with 32GB Memory Cell Phone   Gold Platinum (Sprint),SP2038339884,57.0,,,,,,3
877,877-Galaxy S6 edge with 32GB Memory Cell Phone   Black Sapphire (Sprint),Mobiles,Smart Phones,Sprint,Samsung,Galaxy S6 edge with 32GB Memory Cell Phone   Black Sapphire (Sprint),SP3338829023,272.5,,,,,,18
878,878-iPhone 6 64GB   Gold (Sprint),Mobiles,Smart Phones,Sprint,Apple,iPhone 6 64GB   Gold (Sprint),SP7202863201,361.5,,,,,,3
879,879-Galaxy S6 edge with 32GB Memory Cell Phone   White Pearl (Sprint),Mobiles,Smart Phones,Sprint,Samsung,Galaxy S6 edge with 32GB Memory Cell Phone   White Pearl (Sprint),SP4333284368,5779.5,,,,,,18
880,880-Galaxy Note5 4G LTE with 64GB Memory Cell Phone   White Pearl (Sprint),Mobiles,Smart Phones,Sprint,Samsung,Galaxy Note5 4G LTE with 64GB Memory Cell Phone   White Pearl (Sprint),SP5213099205,340.5,,,,,,18
881,881-Galaxy S6 with 64GB Memory Cell Phone   White Pearl (Sprint),Mobiles,Smart Phones,Sprint,Samsung,Galaxy S6 with 64GB Memory Cell Phone   White Pearl (Sprint),SP9264018955,855.0,,,,,,11
882,882-iPhone 6s 128GB   Rose Gold (Sprint),Mobiles,Smart Phones,Sprint,Apple,iPhone 6s 128GB   Rose Gold (Sprint),SP3740746205,52.0,,,,,,18
883,883-Galaxy S6 4G LTE with 32GB Memory Cell Phone   Black (T Mobile),Mobiles,Smart Phones,Sprint,Samsung,Galaxy S6 4G LTE with 32GB Memory Cell Phone   Black (T Mobile),SP5201237094,120.0,,,,,,18
884,884-G Flex 2 with 32GB Memory Cell Phone   Red (Sprint),Mobiles,Smart Phones,Sprint,LG,G Flex 2 with 32GB Memory Cell Phone   Red (Sprint),SP6675377252,514.0,,,,,,18
885,885-iPhone 6 Plus 16GB   Silver (Sprint),Mobiles,Smart Phones,Sprint,Apple,iPhone 6 Plus 16GB   Silver (Sprint),SP5920080817,293.5,,,,,,7
886,886-iPhone 6 Plus 16GB   Gold (Sprint),Mobiles,Smart Phones,Sprint,Apple,iPhone 6 Plus 16GB   Gold (Sprint),SP7795955758,167.5,,,,,,18
887,887-Aquos Cell Phone   Black,Mobiles,Smart Phones,Sprint,Sharp,Aquos Cell Phone   Black,SP5128235709,414.0,,,,,,18
888,888-Galaxy S6 with 64GB Memory Cell Phone   Black Sapphire (Sprint),Mobiles,Smart Phones,Sprint,Samsung,Galaxy S6 with 64GB Memory Cell Phone   Black Sapphire (Sprint),SP8978028800,466.5,,,,,,18
889,889-Galaxy S6 with 64GB Memory Cell Phone   Gold Platinum (Sprint),Mobiles,Smart Phones,Sprint,Samsung,Galaxy S6 with 64GB Memory Cell Phone   Gold Platinum (Sprint),SP3074122645,241.0,,,,,,3
890,890-iPhone 6s 128GB   Space Gray (Sprint),Mobiles,Smart Phones,Sprint,Apple,iPhone 6s 128GB   Space Gray (Sprint),SP4816544523,115.0,,,,,,18
891,891-iPhone 6s Plus 128GB   Rose Gold (Sprint),Mobiles,Smart Phones,Sprint,Apple,iPhone 6s Plus 128GB   Rose Gold (Sprint),SP5688326664,340.5,,,,,,11
892,892-iPhone 6 16GB   Space Gray (T Mobile),Mobiles,Smart Phones,Sprint,Apple,iPhone 6 16GB   Space Gray (T Mobile),SP7737411433,965.5,,,,,,11
893,893-Galaxy S6 edge+ 4G LTE with 64GB Memory Cell Phone   Gold Platinum (Sprint),Mobiles,Smart Phones,Sprint,Samsung,Galaxy S6 edge+ 4G LTE with 64GB Memory Cell Phone   Gold Platinum (Sprint),SP1754995927,797.5,,,,,,18
894,894-iPhone 6s Plus 128GB   Space Gray (Sprint),Mobiles,Smart Phones,Sprint,Apple,iPhone 6s Plus 128GB   Space Gray (Sprint),SP6471084270,193.5,,,,,,18
895,895-iPhone 6s Plus 128GB   Silver (Sprint),Mobiles,Smart Phones,Sprint,Apple,iPhone 6s Plus 128GB   Silver (Sprint),SP2031834293,199.0,,,,,,11
896,896-Galaxy S6 edge with 64GB Memory Cell Phone   White (Sprint),Mobiles,Smart Phones,Sprint,Samsung,Galaxy S6 edge with 64GB Memory Cell Phone   White (Sprint),SP9024220623,146.5,,,,,,18
897,897-iPhone 6 Plus 64GB   Gold (Sprint),Mobiles,Smart Phones,Sprint,Apple,iPhone 6 Plus 64GB   Gold (Sprint),SP6556556998,235.5,,,,,,3
898,898-iPhone 5c 8GB Cell Phone   White (Sprint),Mobiles,Smart Phones,Sprint,Apple,iPhone 5c 8GB Cell Phone   White (Sprint),SP5936277028,361.5,,,,,,18
899,899-Desire 510 Cell Phone   Deep Navy Blue (Sprint),Mobiles,Smart Phones,Sprint,HTC,Desire 510 Cell Phone   Deep Navy Blue (Sprint),SP8444213786,445.5,,,,,,11
900,900-Nexus 6 Cell Phone   Midnight Blue (Sprint),Mobiles,Smart Phones,Sprint,Motorola,Nexus 6 Cell Phone   Midnight Blue (Sprint),SP4531677676,193.5,,,,,,18
901,901-Moto X Cell Phone   Black (Sprint),Mobiles,Smart Phones,Sprint,Motorola,Moto X Cell Phone   Black (Sprint),SP2169848894,235.5,,,,,,11
902,902-Galaxy S6 edge+ 4G LTE with 64GB Memory Cell Phone   Black Sapphire (Sprint),Mobiles,Smart Phones,Sprint,Samsung,Galaxy S6 edge+ 4G LTE with 64GB Memory Cell Phone   Black Sapphire (Sprint),SP6587125807,529.5,,,,,,18
903,903-iPhone 6s Plus 128GB   Gold (Sprint),Mobiles,Smart Phones,Sprint,Apple,iPhone 6s Plus 128GB   Gold (Sprint),SP6779062343,57.0,,,,,,11
904,904-Galaxy S6 edge with 64GB Memory Cell Phone   Black Sapphire (Sprint),Mobiles,Smart Phones,Sprint,Samsung,Galaxy S6 edge with 64GB Memory Cell Phone   Black Sapphire (Sprint),SP7060991893,582.0,,,,,,11
905,905-One (M9) 4G LTE with 32GB Memory Cell Phone   Silver/Gold (Sprint),Mobiles,Smart Phones,Sprint,HTC,One (M9) 4G LTE with 32GB Memory Cell Phone   Silver/Gold (Sprint),SP5053375506,115.0,,,,,,17
906,906-Verve Cell Phone   Gray (Sprint),Mobiles,Smart Phones,Sprint,Kyocera,Verve Cell Phone   Gray (Sprint),SP1955825243,335.5,,,,,,3
907,907-Galaxy S 5 4G LTE with 32GB Memory Cell Phone   Pre Owned,Mobiles,Smart Phones,Sprint,Samsung,Galaxy S 5 4G LTE with 32GB Memory Cell Phone   Pre Owned,SP2094851214,1117.5,,,,,,14
908,908-iPhone 6 64GB   Silver (Sprint),Mobiles,Smart Phones,Sprint,Apple,iPhone 6 64GB   Silver (Sprint),SP8953752975,991.5,,,,,,8
909,909-iPhone 6s 128GB   Gold (Sprint),Mobiles,Smart Phones,Sprint,Apple,iPhone 6s 128GB   Gold (Sprint),SP8123807422,183.0,,,,,,8
910,910-iPhone 6s 128GB   Silver (Sprint),Mobiles,Smart Phones,Sprint,Apple,iPhone 6s 128GB   Silver (Sprint),SP7426507907,445.5,,,,,,18
911,911-Galaxy S6 with 128GB Memory Cell Phone   Black Sapphire (Sprint),Mobiles,Smart Phones,Sprint,Samsung,Galaxy S6 with 128GB Memory Cell Phone   Black Sapphire (Sprint),SP2655788545,325.0,,,,,,11
912,912-Galaxy S6 with 128GB Memory Cell Phone   White Pearl (Sprint),Mobiles,Smart Phones,Sprint,Samsung,Galaxy S6 with 128GB Memory Cell Phone   White Pearl (Sprint),SP4232356381,1075.5,,,,,,18
913,913-Galaxy S6 edge with 64GB Memory Cell Phone   Gold (Sprint),Mobiles,Smart Phones,Sprint,Samsung,Galaxy S6 edge with 64GB Memory Cell Phone   Gold (Sprint),SP7192326356,718.5,,,,,,3
914,914-iPhone® 5s 64GB   Silver (Sprint),Mobiles,Smart Phones,Sprint,Apple,iPhone® 5s 64GB   Silver (Sprint),SP4566675484,115.0,,,,,,18
915,915-LG G4 4G with 32GB Memory Cell Phone   Black Titanium (Sprint),Mobiles,Smart Phones,Sprint,LG,LG G4 4G with 32GB Memory Cell Phone   Black Titanium (Sprint),SP2076586848,645.0,,,,,,3
916,916-iPhone 6 16GB   Space Gray (Verizon Wireless),Mobiles,Smart Phones,Verizon,Apple,iPhone 6 16GB   Space Gray (Verizon Wireless),SP7080128643,178.0,,,,,,18
917,917-iPhone 6s 64GB   Space Gray (Verizon Wireless),Mobiles,Smart Phones,Verizon,Apple,iPhone 6s 64GB   Space Gray (Verizon Wireless),SP2944088365,162.0,,,,,,11
918,918-iPhone 6s 64GB   Rose Gold (Verizon Wireless),Mobiles,Smart Phones,Verizon,Apple,iPhone 6s 64GB   Rose Gold (Verizon Wireless),SP2502738247,304.0,,,,,,11
919,919-iPhone 6s 16GB   Space Gray (Verizon Wireless),Mobiles,Smart Phones,Verizon,Apple,iPhone 6s 16GB   Space Gray (Verizon Wireless),SP6868105353,634.5,,,,,,11
920,920-iPhone 6s 16GB   Rose Gold (Verizon Wireless),Mobiles,Smart Phones,Verizon,Apple,iPhone 6s 16GB   Rose Gold (Verizon Wireless),SP9863432800,398.5,,,,,,18
921,921-iPhone 6s Plus 64GB   Space Gray (Verizon Wireless),Mobiles,Smart Phones,Verizon,Apple,iPhone 6s Plus 64GB   Space Gray (Verizon Wireless),SP4844294644,172.5,,,,,,11
922,922-iPhone 6s Plus 64GB   Rose Gold (Verizon Wireless),Mobiles,Smart Phones,Verizon,Apple,iPhone 6s Plus 64GB   Rose Gold (Verizon Wireless),SP3091768271,298.5,,,,,,11
923,923-iPhone 6 16GB   Silver (Verizon Wireless),Mobiles,Smart Phones,Verizon,Apple,iPhone 6 16GB   Silver (Verizon Wireless),SP7522657620,178.0,,,,,,11
924,924-iPhone 6 64GB   Space Gray (Verizon Wireless),Mobiles,Smart Phones,Verizon,Apple,iPhone 6 64GB   Space Gray (Verizon Wireless),SP1400798141,57.0,,,,,,9
925,925-iPhone 6s 64GB   Gold (Verizon Wireless),Mobiles,Smart Phones,Verizon,Apple,iPhone 6s 64GB   Gold (Verizon Wireless),SP6901957431,99.0,,,,,,11
926,926-iPhone 6s 64GB   Silver (Verizon Wireless),Mobiles,Smart Phones,Verizon,Apple,iPhone 6s 64GB   Silver (Verizon Wireless),SP5461027672,167.5,,,,,,3
927,927-Galaxy Note5 4G LTE with 32GB Memory Cell Phone   Black Sapphire (Verizon Wireless),Mobiles,Smart Phones,Verizon,Samsung,Galaxy Note5 4G LTE with 32GB Memory Cell Phone   Black Sapphire (Verizon Wireless),SP4067494600,288.0,,,,,,18
928,928-Galaxy Note5 4G LTE with 32GB Memory Cell Phone   White Pearl (Verizon Wireless),Mobiles,Smart Phones,Verizon,Samsung,Galaxy Note5 4G LTE with 32GB Memory Cell Phone   White Pearl (Verizon Wireless),SP1463697142,109.5,,,,,,3
929,929-Galaxy Note5 4G LTE with 64GB Memory Cell Phone   Black Sapphire (Verizon Wireless),Mobiles,Smart Phones,Verizon,Samsung,Galaxy Note5 4G LTE with 64GB Memory Cell Phone   Black Sapphire (Verizon Wireless),SP8506336489,823.5,,,,,,3
930,930-Galaxy S6 4G LTE with 32GB Memory Cell Phone   Black Sapphire (Verizon Wireless),Mobiles,Smart Phones,Verizon,Samsung,Galaxy S6 4G LTE with 32GB Memory Cell Phone   Black Sapphire (Verizon Wireless),SP1250271061,193.5,,,,,,18
931,931-Galaxy Note5 4G LTE with 32GB Memory Cell Phone   Black Sapphire (Verizon Wireless),Mobiles,Smart Phones,Verizon,Samsung,Galaxy Note5 4G LTE with 32GB Memory Cell Phone   Black Sapphire (Verizon Wireless),SP5809406234,435.0,,,,,,3
932,932-Galaxy Note5 4G LTE with 32GB Memory Cell Phone   White Pearl (Verizon Wireless),Mobiles,Smart Phones,Verizon,Samsung,Galaxy Note5 4G LTE with 32GB Memory Cell Phone   White Pearl (Verizon Wireless),SP5004947564,839.5,,,,,,18
933,933-Galaxy Note5 4G LTE with 64GB Memory Cell Phone   Black Sapphire (Verizon Wireless),Mobiles,Smart Phones,Verizon,Samsung,Galaxy Note5 4G LTE with 64GB Memory Cell Phone   Black Sapphire (Verizon Wireless),SP4577565287,440.5,,,,,,11
934,934-iPhone 6 16GB   Space Gray (Verizon Wireless),Mobiles,Smart Phones,Verizon,Apple,iPhone 6 16GB   Space Gray (Verizon Wireless),SP1376934186,214.5,,,,,,11
935,935-iPhone 6s 64GB   Space Gray (Verizon Wireless),Mobiles,Smart Phones,Verizon,Apple,iPhone 6s 64GB   Space Gray (Verizon Wireless),SP5720923944,115.0,,,,,,11
936,936-iPhone 6s 64GB   Rose Gold (Verizon Wireless),Mobiles,Smart Phones,Verizon,Apple,iPhone 6s 64GB   Rose Gold (Verizon Wireless),SP7021578369,52.0,,,,,,18
937,937-iPhone 6s 16GB   Space Gray (Verizon Wireless),Mobiles,Smart Phones,Verizon,Apple,iPhone 6s 16GB   Space Gray (Verizon Wireless),SP4201722727,178.0,,,,,,3
938,938-iPhone 6s 16GB   Rose Gold (Verizon Wireless),Mobiles,Smart Phones,Verizon,Apple,iPhone 6s 16GB   Rose Gold (Verizon Wireless),SP7817356799,298.5,,,,,,3
939,939-iPhone 6s Plus 64GB   Space Gray (Verizon Wireless),Mobiles,Smart Phones,Verizon,Apple,iPhone 6s Plus 64GB   Space Gray (Verizon Wireless),SP2661989185,487.5,,,,,,3
940,940-iPhone 6s Plus 64GB   Rose Gold (Verizon Wireless),Mobiles,Smart Phones,Verizon,Apple,iPhone 6s Plus 64GB   Rose Gold (Verizon Wireless),SP6886826733,146.5,,,,,,18
941,941-iPhone 6 16GB   Silver (Verizon Wireless),Mobiles,Smart Phones,Verizon,Apple,iPhone 6 16GB   Silver (Verizon Wireless),SP2970054692,162.0,,,,,,18
942,942-iPhone 6 64GB   Space Gray (Verizon Wireless),Mobiles,Smart Phones,Verizon,Apple,iPhone 6 64GB   Space Gray (Verizon Wireless),SP3588952700,283.0,,,,,,18
943,943-Galaxy S6 4G LTE with 32GB Memory Cell Phone   Black Sapphire (Verizon Wireless),Mobiles,Smart Phones,Verizon,Samsung,Galaxy S6 4G LTE with 32GB Memory Cell Phone   Black Sapphire (Verizon Wireless),SP1122027402,235.5,,,,,,18
944,944-iPhone 6s 64GB   Gold (Verizon Wireless),Mobiles,Smart Phones,Verizon,Apple,iPhone 6s 64GB   Gold (Verizon Wireless),SP1354533321,304.0,,,,,,18
945,945-iPhone 6s 64GB   Silver (Verizon Wireless),Mobiles,Smart Phones,Verizon,Apple,iPhone 6s 64GB   Silver (Verizon Wireless),SP5021156764,115.0,,,,,,11
946,946-iPhone 6s 16GB   Gold (Verizon Wireless),Mobiles,Smart Phones,Verizon,Apple,iPhone 6s 16GB   Gold (Verizon Wireless),SP5894893886,109.5,,,,,,3
947,947-iPhone 6s Plus 64GB   Gold (Verizon Wireless),Mobiles,Smart Phones,Verizon,Apple,iPhone 6s Plus 64GB   Gold (Verizon Wireless),SP8354061000,199.0,,,,,,3
948,948-iPhone 6s 16GB   Silver (Verizon Wireless),Mobiles,Smart Phones,Verizon,Apple,iPhone 6s 16GB   Silver (Verizon Wireless),SP9621683383,251.5,,,,,,3
949,949-iPhone 6s Plus 64GB   Silver (Verizon Wireless),Mobiles,Smart Phones,Verizon,Apple,iPhone 6s Plus 64GB   Silver (Verizon Wireless),SP4740603207,162.0,,,,,,3
950,950-Galaxy S6 edge+ 4G LTE with 32GB Memory Cell Phone   Gold Platinum (Verizon Wireless),Mobiles,Smart Phones,Verizon,Samsung,Galaxy S6 edge+ 4G LTE with 32GB Memory Cell Phone   Gold Platinum (Verizon Wireless),SP5907318054,361.5,,,,,,18
951,951-Galaxy S6 4G LTE with 32GB Memory Cell Phone   Gold (Verizon Wireless),Mobiles,Smart Phones,Verizon,Samsung,Galaxy S6 4G LTE with 32GB Memory Cell Phone   Gold (Verizon Wireless),SP2059309428,650.5,,,,,,11
952,952-Galaxy S6 4G LTE with 32GB Memory Cell Phone   White Pearl (Verizon Wireless),Mobiles,Smart Phones,Verizon,Samsung,Galaxy S6 4G LTE with 32GB Memory Cell Phone   White Pearl (Verizon Wireless),SP6196684399,225.0,,,,,,11
953,953-iPhone 6 Plus 16GB   Space Gray (Verizon Wireless),Mobiles,Smart Phones,Verizon,Apple,iPhone 6 Plus 16GB   Space Gray (Verizon Wireless),SP4696515749,99.0,,,,,,18
954,954-iPhone 6s Plus 16GB   Space Gray (Verizon Wireless),Mobiles,Smart Phones,Verizon,Apple,iPhone 6s Plus 16GB   Space Gray (Verizon Wireless),SP8578824144,151.5,,,,,,18
955,955-V10 4G with 64GB Memory Cell Phone   Black (Verizon Wireless),Mobiles,Smart Phones,Verizon,LG,V10 4G with 64GB Memory Cell Phone   Black (Verizon Wireless),SP7809497717,151.5,,,,,,18
956,956-iPhone 6s 128GB   Space Gray (Verizon Wireless),Mobiles,Smart Phones,Verizon,Apple,iPhone 6s 128GB   Space Gray (Verizon Wireless),SP7002931833,109.5,,,,,,11
957,957-DROID Turbo 2 4G LTE with 32GB Memory Cell Phone   Black Soft Touch (Verizon Wireless),Mobiles,Smart Phones,Verizon,Motorola,DROID Turbo 2 4G LTE with 32GB Memory Cell Phone   Black Soft Touch (Verizon Wireless),SP1000422241,162.0,,,,,,5
958,958-Galaxy S6 edge+ 4G LTE with 32GB Memory Cell Phone   Black Sapphire (Verizon Wireless),Mobiles,Smart Phones,Verizon,Samsung,Galaxy S6 edge+ 4G LTE with 32GB Memory Cell Phone   Black Sapphire (Verizon Wireless),SP4099530637,99.0,,,,,,11
959,959-iPhone 6s Plus 16GB   Rose Gold (Verizon Wireless),Mobiles,Smart Phones,Verizon,Apple,iPhone 6s Plus 16GB   Rose Gold (Verizon Wireless),SP3443312770,1396.0,,,,,,11
960,960-iPhone 6s Plus 16GB   Gold (Verizon Wireless),Mobiles,Smart Phones,Verizon,Apple,iPhone 6s Plus 16GB   Gold (Verizon Wireless),SP9874015963,151.5,,,,,,18
961,961-Galaxy S6 edge 4G LTE with 32GB Memory Cell Phone   Gold Platinum (Verizon Wireless),Mobiles,Smart Phones,Verizon,Samsung,Galaxy S6 edge 4G LTE with 32GB Memory Cell Phone   Gold Platinum (Verizon Wireless),SP4028556882,293.5,,,,,,11
962,962-iPhone 6 Plus 64GB   Space Gray (Verizon Wireless),Mobiles,Smart Phones,Verizon,Apple,iPhone 6 Plus 64GB   Space Gray (Verizon Wireless),SP3255338021,477.0,,,,,,3
963,963-Galaxy S6 edge+ 4G LTE with 64GB Memory Cell Phone   Black Sapphire (Verizon Wireless),Mobiles,Smart Phones,Verizon,Samsung,Galaxy S6 edge+ 4G LTE with 64GB Memory Cell Phone   Black Sapphire (Verizon Wireless),SP7407978468,5191.5,,,,,,11
964,964-Galaxy S6 4G LTE with 64GB Memory Cell Phone   Black Sapphire (Verizon Wireless),Mobiles,Smart Phones,Verizon,Samsung,Galaxy S6 4G LTE with 64GB Memory Cell Phone   Black Sapphire (Verizon Wireless),SP7372170411,115.0,,,,,,11
965,965-iPhone 6s Plus 128GB   Rose Gold (Verizon Wireless),Mobiles,Smart Phones,Verizon,Apple,iPhone 6s Plus 128GB   Rose Gold (Verizon Wireless),SP9578322409,634.5,,,,,,11
966,966-Galaxy S6 edge 4G LTE with 32GB Memory Cell Phone   Black Sapphire (Verizon Wireless),Mobiles,Smart Phones,Verizon,Samsung,Galaxy S6 edge 4G LTE with 32GB Memory Cell Phone   Black Sapphire (Verizon Wireless),SP3268222980,398.5,,,,,,10
967,967-G4 4G with 32GB Memory Cell Phone   Metallic Gray (Verizon Wireless),Mobiles,Smart Phones,Verizon,LG,G4 4G with 32GB Memory Cell Phone   Metallic Gray (Verizon Wireless),SP6108491782,115.0,,,,,,11
968,968-iPhone 6s Plus 16GB   Silver (Verizon Wireless),Mobiles,Smart Phones,Verizon,Apple,iPhone 6s Plus 16GB   Silver (Verizon Wireless),SP8736616313,466.5,,,,,,3
969,969-iPhone 6s Plus 128GB   Gold (Verizon Wireless),Mobiles,Smart Phones,Verizon,Apple,iPhone 6s Plus 128GB   Gold (Verizon Wireless),SP8259931406,288.0,,,,,,3
970,970-iPhone 6 Plus 16GB   Silver (Verizon Wireless),Mobiles,Smart Phones,Verizon,Apple,iPhone 6 Plus 16GB   Silver (Verizon Wireless),SP9911065516,676.5,,,,,,18
971,971-DROID Maxx 2 4G LTE with 16GB Memory Cell Phone   Black/Deep Sea Blue (Verizon Wireless),Mobiles,Smart Phones,Verizon,Motorola,DROID Maxx 2 4G LTE with 16GB Memory Cell Phone   Black/Deep Sea Blue (Verizon Wireless),SP6649620471,456.0,,,,,,3
972,972-One (M9) 4G with 32GB Memory Cell Phone   Gray (Verizon Wireless),Mobiles,Smart Phones,Verizon,HTC,One (M9) 4G with 32GB Memory Cell Phone   Gray (Verizon Wireless),SP3212044458,162.0,,,,,,18
973,973-iPhone 6s Plus 128GB   Space Gray (Verizon Wireless),Mobiles,Smart Phones,Verizon,Apple,iPhone 6s Plus 128GB   Space Gray (Verizon Wireless),SP6676536023,151.5,,,,,,3
974,974-iPhone 6s 128GB   Silver (Verizon Wireless),Mobiles,Smart Phones,Verizon,Apple,iPhone 6s 128GB   Silver (Verizon Wireless),SP9544583360,214.5,,,,,,3
975,975-DROID Turbo 4G LTE with 32GB Memory Cell Phone   Metallic Red (Verizon Wireless),Mobiles,Smart Phones,Verizon,Motorola,DROID Turbo 4G LTE with 32GB Memory Cell Phone   Metallic Red (Verizon Wireless),SP4197678769,178.0,,,,,,18
976,976-G4 Cell Phone   Deep Blue (Verizon Wireless),Mobiles,Smart Phones,Verizon,LG,G4 Cell Phone   Deep Blue (Verizon Wireless),SP9550878860,272.5,,,,,,11
977,977-REVERE 3 Cell Phone   Black (Verizon Wireless),Mobiles,Smart Phones,Verizon,LG,REVERE 3 Cell Phone   Black (Verizon Wireless),SP4378165918,682.0,,,,,,11
978,978-iPhone 6 Plus 64GB   Gold (Verizon Wireless),Mobiles,Smart Phones,Verizon,Apple,iPhone 6 Plus 64GB   Gold (Verizon Wireless),SP9305472454,283.0,,,,,,11
979,979-Xperia Z3V 4G LTE Cell Phone   Black (Verizon Wireless),Mobiles,Smart Phones,Verizon,Sony,Xperia Z3V 4G LTE Cell Phone   Black (Verizon Wireless),SP9666779436,445.5,,,,,,18
980,980-Galaxy S6 edge 4G LTE with 64GB Memory Cell Phone   Black Sapphire (Verizon Wireless),Mobiles,Smart Phones,Verizon,Samsung,Galaxy S6 edge 4G LTE with 64GB Memory Cell Phone   Black Sapphire (Verizon Wireless),SP3917358784,62.5,,,,,,18
981,981-Acoustic Guitar Pickups,Arts & Entertainment,Hobbies & Creative Arts,Musical Instrument & Orchestra Accessories,String Instrument Accessories,Acoustic Guitar Pickups,HC3770468069,115.0,,,,,,17
982,982-Appliques & Patches,Arts & Entertainment,Hobbies & Creative Arts,Arts & Crafts,Art & Crafting Materials,Appliques & Patches,HC5630969659,729.0,,,,,,16
983,983-Art & Craft Paint,Arts & Entertainment,Hobbies & Creative Arts,Arts & Crafts,Art & Crafting Materials,Art & Craft Paint,HC4856623519,99.0,,,,,,4
984,984-Art Brushes,Arts & Entertainment,Hobbies & Creative Arts,Arts & Crafts,Art & Crafting Tools,Art Brushes,HC3957617529,603.0,Discontinue,We ran out on 4/1/2021,2021-04-01 15:39:34,brian.robinson@sigmacomputing.com,,13
985,985-Art Fixatives,Arts & Entertainment,Hobbies & Creative Arts,Arts & Crafts,Art & Crafting Materials,Art Fixatives,HC1358714425,288.0,,,,,,13
986,986-Art Ink,Arts & Entertainment,Hobbies & Creative Arts,Arts & Crafts,Art & Crafting Materials,Art Ink,HC2215135400,1060.0,Discontinue,We ran out on 4/1/2021,2021-04-01 15:39:35,brian.robinson@sigmacomputing.com,,4
987,987-Auto Racing Autographed Paraphernalia,Arts & Entertainment,Hobbies & Creative Arts,Collectibles,Sports Collectibles,Auto Racing Autographed Paraphernalia,HC1208581652,2062.5,,,,,,6
988,988-Auto Racing Fan Accessories,Arts & Entertainment,Hobbies & Creative Arts,Collectibles,Sports Collectibles,Auto Racing Fan Accessories,HC2336819470,115.0,,,,,,4
989,989-Baseball & Softball Autographed Paraphernalia,Arts & Entertainment,Hobbies & Creative Arts,Collectibles,Sports Collectibles,Baseball & Softball Autographed Paraphernalia,HC4277572821,167.5,,,,,,4
990,990-Baseball & Softball Fan Accessories,Arts & Entertainment,Hobbies & Creative Arts,Collectibles,Sports Collectibles,Baseball & Softball Fan Accessories,HC2841542711,99.0,,,,,,16
991,991-Basketball Autographed Paraphernalia,Arts & Entertainment,Hobbies & Creative Arts,Collectibles,Sports Collectibles,Basketball Autographed Paraphernalia,HC9342615295,115.0,,,,,,13
992,992-Basketball Fan Accessories,Arts & Entertainment,Hobbies & Creative Arts,Collectibles,Sports Collectibles,Basketball Fan Accessories,HC3974325191,241.0,,,,,,13
993,993-Bass Drum Beaters,Arts & Entertainment,Hobbies & Creative Arts,Musical Instrument & Orchestra Accessories,Percussion Accessories,Bass Drum Beaters,HC5468610853,356.5,,,,,,16
994,994-Bassoon Care & Cleaning,Arts & Entertainment,Hobbies & Creative Arts,Musical Instrument & Orchestra Accessories,Woodwind Instrument Accessories,Bassoon Care & Cleaning,HC1179353852,183.0,,,,,,13
995,995-Bassoon Cases & Gigbags,Arts & Entertainment,Hobbies & Creative Arts,Musical Instrument & Orchestra Accessories,Woodwind Instrument Accessories,Bassoon Cases & Gigbags,HC8661049025,487.5,,,,,,16
996,996-Bassoon Parts,Arts & Entertainment,Hobbies & Creative Arts,Musical Instrument & Orchestra Accessories,Woodwind Instrument Accessories,Bassoon Parts,HC4386962585,99.0,,,,,,13
997,997-Bassoon Reeds,Arts & Entertainment,Hobbies & Creative Arts,Musical Instrument & Orchestra Accessories,Woodwind Instrument Accessories,Bassoon Reeds,HC1721418979,5779.5,,,,,,13
998,998-Bassoon Stands,Arts & Entertainment,Hobbies & Creative Arts,Musical Instrument & Orchestra Accessories,Woodwind Instrument Accessories,Bassoon Stands,HC2842945378,120.0,,,,,,13
999,999-Bassoon Straps & Supports,Arts & Entertainment,Hobbies & Creative Arts,Musical Instrument & Orchestra Accessories,Woodwind Instrument Accessories,Bassoon Straps & Supports,HC7747474340,871.0,,,,,,16
1000,1000-Batting & Stuffing,Arts & Entertainment,Hobbies & Creative Arts,Arts & Crafts,Art & Crafting Materials,Batting & Stuffing,HC6441952197,246.0,Active Mature,we need to promote this,2022-01-28 21:22:34,brendon@sigmacomputing.com,100.0,4
1001,1001-Beads,Arts & Entertainment,Hobbies & Creative Arts,Arts & Crafts,Art & Crafting Materials,Beads,HC7972145497,288.0,,,,,,4
1002,1002-Beer Pong Tables,Arts & Entertainment,Party & Celebration,Party Supplies,Drinking Games,Beer Pong Tables,PC7475661923,855.0,,,,,,4
1003,1003-Bow Rosin,Arts & Entertainment,Hobbies & Creative Arts,Musical Instrument & Orchestra Accessories,String Instrument Accessories,Bow Rosin,HC1723752697,304.0,,,,,,16
1004,1004-Bows & Yo-Yos,Arts & Entertainment,Hobbies & Creative Arts,Arts & Crafts,Art & Crafting Materials,Bows & Yo-Yos,HC2374146805,487.5,,,,,,3
1005,1005-Boxing Autographed Paraphernalia,Arts & Entertainment,Hobbies & Creative Arts,Collectibles,Sports Collectibles,Boxing Autographed Paraphernalia,HC6046203161,440.5,,,,,,4
1006,1006-Brass Instrument Care Kits,Arts & Entertainment,Hobbies & Creative Arts,Musical Instrument & Orchestra Accessories,Brass Instrument Accessories,Brass Instrument Care Kits,HC9536050659,146.5,,,,,,13
1007,1007-Brass Instrument Cleaners & Sanitizers,Arts & Entertainment,Hobbies & Creative Arts,Musical Instrument & Orchestra Accessories,Brass Instrument Accessories,Brass Instrument Cleaners & Sanitizers,HC8930175482,267.0,,,,,,16
1008,1008-Brass Instrument Cleaning Tools,Arts & Entertainment,Hobbies & Creative Arts,Musical Instrument & Orchestra Accessories,Brass Instrument Accessories,Brass Instrument Cleaning Tools,HC4674590031,120.0,,,,,,4
1009,1009-Brass Instrument Guards,Arts & Entertainment,Hobbies & Creative Arts,Musical Instrument & Orchestra Accessories,Brass Instrument Accessories,Brass Instrument Guards,HC6169592087,52.0,,,,,,4
1010,1010-Brass Instrument Lubricants,Arts & Entertainment,Hobbies & Creative Arts,Musical Instrument & Orchestra Accessories,Brass Instrument Accessories,Brass Instrument Lubricants,HC5456113652,214.5,,,,,,16
1011,1011-Brass Instrument Polishing Cloths,Arts & Entertainment,Hobbies & Creative Arts,Musical Instrument & Orchestra Accessories,Brass Instrument Accessories,Brass Instrument Polishing Cloths,HC1296757542,540.0,,,,,,16
1012,1012-Brayer Rollers,Arts & Entertainment,Hobbies & Creative Arts,Arts & Crafts,Art & Crafting Tools,Brayer Rollers,HC2078913437,283.0,,,,,,3
1013,1013-Buttons & Snaps,Arts & Entertainment,Hobbies & Creative Arts,Arts & Crafts,Art & Crafting Materials,Buttons & Snaps,HC3488222417,109.5,,,,,,16
1014,1014-Capos,Arts & Entertainment,Hobbies & Creative Arts,Musical Instrument & Orchestra Accessories,String Instrument Accessories,Capos,HC9156693361,115.0,Discontinue,We are no longer selling this item,2022-01-28 17:38:21,brendon@sigmacomputing.com,0.0,13
1015,1015-Cardstock & Scrapbooking Paper,Arts & Entertainment,Hobbies & Creative Arts,Arts & Crafts,Art & Crafting Materials,Cardstock & Scrapbooking Paper,HC6948298929,340.5,,,,,,4
1016,1016-Ceramic & Pottery Glazes,Arts & Entertainment,Hobbies & Creative Arts,Arts & Crafts,Art & Crafting Materials,Ceramic & Pottery Glazes,HC2160398770,414.0,,,,,,4
1017,1017-Clarinet Care & Cleaning,Arts & Entertainment,Hobbies & Creative Arts,Musical Instrument & Orchestra Accessories,Woodwind Instrument Accessories,Clarinet Care & Cleaning,HC8328902708,246.0,,,,,,16
1018,1018-Clarinet Cases & Gigbags,Arts & Entertainment,Hobbies & Creative Arts,Musical Instrument & Orchestra Accessories,Woodwind Instrument Accessories,Clarinet Cases & Gigbags,HC8843517195,99.0,,,,,,13
1019,1019-Clarinet Ligatures & Caps,Arts & Entertainment,Hobbies & Creative Arts,Musical Instrument & Orchestra Accessories,Woodwind Instrument Accessories,Clarinet Ligatures & Caps,HC3252929019,214.5,,,,,,4
1020,1020-Clarinet Parts,Arts & Entertainment,Hobbies & Creative Arts,Musical Instrument & Orchestra Accessories,Woodwind Instrument Accessories,Clarinet Parts,HC9239712941,267.0,,,,,,16
1021,1021-Clarinet Pegs & Stands,Arts & Entertainment,Hobbies & Creative Arts,Musical Instrument & Orchestra Accessories,Woodwind Instrument Accessories,Clarinet Pegs & Stands,HC7080476008,267.0,,,,,,4
1022,1022-Clarinet Reeds,Arts & Entertainment,Hobbies & Creative Arts,Musical Instrument & Orchestra Accessories,Woodwind Instrument Accessories,Clarinet Reeds,HC1059793092,172.5,,,,,,13
1023,1023-Clarinet Straps & Supports,Arts & Entertainment,Hobbies & Creative Arts,Musical Instrument & Orchestra Accessories,Woodwind Instrument Accessories,Clarinet Straps & Supports,HC7110906334,115.0,,,,,,4
1024,1024-Clasps & Hooks,Arts & Entertainment,Hobbies & Creative Arts,Arts & Crafts,Art & Crafting Materials,Clasps & Hooks,HC3810606695,340.5,,,,,,4
1025,1025-Claves & Castanets,Arts & Entertainment,Hobbies & Creative Arts,Musical Instruments,Percussion,Claves & Castanets,HC9297875981,304.0,,,,,,4
1026,1026-Clay & Modeling Dough,Arts & Entertainment,Hobbies & Creative Arts,Arts & Crafts,Art & Crafting Materials,Clay & Modeling Dough,HC6517560146,115.0,,,,,,16
1027,1027-Construction Paper,Arts & Entertainment,Hobbies & Creative Arts,Arts & Crafts,Art & Crafting Materials,Construction Paper,HC7187893553,183.0,,,,,,13
1028,1028-Craft & Office Glue,Arts & Entertainment,Hobbies & Creative Arts,Arts & Crafts,Art & Crafting Materials,Craft & Office Glue,HC6140719289,288.0,,,,,,13
1029,1029-Craft & Office Scissors,Arts & Entertainment,Hobbies & Creative Arts,Arts & Crafts,Art & Crafting Tools,Craft & Office Scissors,HC1479181229,57.0,,,,,,16
1030,1030-Craft Cutters & Embossers,Arts & Entertainment,Hobbies & Creative Arts,Arts & Crafts,Art & Crafting Tools,Craft Cutters & Embossers,HC7474496764,199.0,,,,,,13
1031,1031-Craft Dyes,Arts & Entertainment,Hobbies & Creative Arts,Arts & Crafts,Art & Crafting Materials,Craft Dyes,HC1948484057,57.0,,,,,,13
1032,1032-Craft Foam & Styrofoam,Arts & Entertainment,Hobbies & Creative Arts,Arts & Crafts,Art & Crafting Materials,Craft Foam & Styrofoam,HC3226867631,1023.0,,,,,,6
1033,1033-Craft Foil,Arts & Entertainment,Hobbies & Creative Arts,Arts & Crafts,Art & Crafting Materials,Craft Foil,HC3311564260,2734.5,,,,,,16
1034,1034-Craft Knives,Arts & Entertainment,Hobbies & Creative Arts,Arts & Crafts,Art & Crafting Tools,Craft Knives,HC1385091835,109.5,,,,,,16
1035,1035-Craft Magnets,Arts & Entertainment,Hobbies & Creative Arts,Arts & Crafts,Art & Crafting Materials,Craft Magnets,HC1513331514,592.5,,,,,,12
1036,1036-Craft Pipe Cleaners,Arts & Entertainment,Hobbies & Creative Arts,Arts & Crafts,Art & Crafting Materials,Craft Pipe Cleaners,HC3931129776,503.5,,,,,,13
1037,1037-Craft Scoring Tools,Arts & Entertainment,Hobbies & Creative Arts,Arts & Crafts,Art & Crafting Tools,Craft Scoring Tools,HC7886651664,970.5,,,,,,4
1038,1038-Craft Wood & Shapes,Arts & Entertainment,Hobbies & Creative Arts,Arts & Crafts,Art & Crafting Materials,Craft Wood & Shapes,HC2308089338,246.0,,,,,,13
1039,1039-Crafting Canvas,Arts & Entertainment,Hobbies & Creative Arts,Arts & Crafts,Art & Crafting Materials,Crafting Canvas,HC4474716304,109.5,,,,,,13
1040,1040-Crochet Hooks,Arts & Entertainment,Hobbies & Creative Arts,Arts & Crafts,Art & Crafting Tools,Crochet Hooks,HC1201788492,529.5,,,,,,2
1041,1041-Decorative Stamps,Arts & Entertainment,Hobbies & Creative Arts,Arts & Crafts,Art & Crafting Tools,Decorative Stamps,HC6632396314,225.0,,,,,,13
1042,1042-Decorative Stickers,Arts & Entertainment,Hobbies & Creative Arts,Arts & Crafts,Art & Crafting Materials,Decorative Stickers,HC6055976446,241.0,,,,,,4
1043,1043-Decorative Tape,Arts & Entertainment,Hobbies & Creative Arts,Arts & Crafts,Art & Crafting Materials,Decorative Tape,HC1270605257,634.5,,,,,,13
1044,1044-Drafting Compasses,Arts & Entertainment,Hobbies & Creative Arts,Arts & Crafts,Art & Crafting Tools,Drafting Compasses,HC9830879186,592.5,,,,,,15
1045,1045-Drawing & Painting Paper,Arts & Entertainment,Hobbies & Creative Arts,Arts & Crafts,Art & Crafting Materials,Drawing & Painting Paper,HC4764827900,2603.5,,,,,,2
1046,1046-Drum Kit Mounting Hardware,Arts & Entertainment,Hobbies & Creative Arts,Musical Instrument & Orchestra Accessories,Percussion Accessories,Drum Kit Mounting Hardware,HC6633628225,146.5,,,,,,13
1047,1047-Drum Pedals,Arts & Entertainment,Hobbies & Creative Arts,Musical Instrument & Orchestra Accessories,Percussion Accessories,Drum Pedals,HC8645474261,241.0,,,,,,4
1048,1048-Drum Stick & Brush Bags & Holders,Arts & Entertainment,Hobbies & Creative Arts,Musical Instrument & Orchestra Accessories,Percussion Accessories,Drum Stick & Brush Bags & Holders,HC9714985654,172.5,,,,,,4
1049,1049-Elastic,Arts & Entertainment,Hobbies & Creative Arts,Arts & Crafts,Art & Crafting Materials,Elastic,HC5226160252,109.5,,,,,,16
1050,1050-Electric Guitar Pickups,Arts & Entertainment,Hobbies & Creative Arts,Musical Instrument & Orchestra Accessories,String Instrument Accessories,Electric Guitar Pickups,HC3450869418,808.0,,,,,,13
1051,1051-Embossing Heat Tools,Arts & Entertainment,Hobbies & Creative Arts,Arts & Crafts,Art & Crafting Tools,Embossing Heat Tools,HC8317976686,172.5,,,,,,4
1052,1052-Embossing Pens & Styluses,Arts & Entertainment,Hobbies & Creative Arts,Arts & Crafts,Art & Crafting Tools,Embossing Pens & Styluses,HC4431110608,162.0,,,,,,6
1053,1053-Eyelets & Grommets,Arts & Entertainment,Hobbies & Creative Arts,Arts & Crafts,Art & Crafting Materials,Eyelets & Grommets,HC3021566355,57.0,,,,,,16
1054,1054-Fabric,Arts & Entertainment,Hobbies & Creative Arts,Arts & Crafts,Art & Crafting Materials,Fabric,HC1827321585,1054.5,,,,,,16
1055,1055-Feathers,Arts & Entertainment,Hobbies & Creative Arts,Arts & Crafts,Art & Crafting Materials,Feathers,HC4388140285,514.0,,,,,,13
1056,1056-Felting Needles & Machines,Arts & Entertainment,Hobbies & Creative Arts,Arts & Crafts,Art & Crafting Tools,Felting Needles & Machines,HC8205920582,1054.5,,,,,,4
1057,1057-Fiber Cards & Brushes,Arts & Entertainment,Hobbies & Creative Arts,Arts & Crafts,Art & Crafting Tools,Fiber Cards & Brushes,HC6542158422,267.0,,,,,,4
1058,1058-Filling Pellets,Arts & Entertainment,Hobbies & Creative Arts,Arts & Crafts,Art & Crafting Materials,Filling Pellets,HC3683174636,582.0,,,,,,13
1059,1059-Finger & Hand Cymbals,Arts & Entertainment,Hobbies & Creative Arts,Musical Instruments,Percussion,Finger & Hand Cymbals,HC1473954319,1737.0,,,,,,16
1060,1060-Floral Tape,Arts & Entertainment,Hobbies & Creative Arts,Arts & Crafts,Art & Crafting Materials,Floral Tape,HC7006058600,99.0,,,,,,13
1061,1061-Floral Wire,Arts & Entertainment,Hobbies & Creative Arts,Arts & Crafts,Art & Crafting Materials,Floral Wire,HC4383470299,115.0,,,,,,4
1062,1062-Flute Care & Cleaning,Arts & Entertainment,Hobbies & Creative Arts,Musical Instrument & Orchestra Accessories,Woodwind Instrument Accessories,Flute Care & Cleaning,HC6736899214,57.0,,,,,,4
1063,1063-Flute Cases & Gigbags,Arts & Entertainment,Hobbies & Creative Arts,Musical Instrument & Orchestra Accessories,Woodwind Instrument Accessories,Flute Cases & Gigbags,HC7349157203,151.5,,,,,,16
1064,1064-Flute Parts,Arts & Entertainment,Hobbies & Creative Arts,Musical Instrument & Orchestra Accessories,Woodwind Instrument Accessories,Flute Parts,HC5478193644,120.0,,,,,,4
1065,1065-Flute Pegs & Stands,Arts & Entertainment,Hobbies & Creative Arts,Musical Instrument & Orchestra Accessories,Woodwind Instrument Accessories,Flute Pegs & Stands,HC9826408166,571.5,,,,,,16
1066,1066-Football Autographed Paraphernalia,Arts & Entertainment,Hobbies & Creative Arts,Collectibles,Sports Collectibles,Football Autographed Paraphernalia,HC5578098309,109.5,,,,,,4
1067,1067-Football Fan Accessories,Arts & Entertainment,Hobbies & Creative Arts,Collectibles,Sports Collectibles,Football Fan Accessories,HC3079017892,356.5,,,,,,13
1068,1068-Fusible Tape,Arts & Entertainment,Hobbies & Creative Arts,Arts & Crafts,Art & Crafting Materials,Fusible Tape,HC2309050740,1138.5,,,,,,16
1069,1069-Guitar Cases & Gig Bags,Arts & Entertainment,Hobbies & Creative Arts,Musical Instrument & Orchestra Accessories,String Instrument Accessories,Guitar Cases & Gig Bags,HC5444670737,288.0,,,,,,16
1070,1070-Guitar Fittings & Parts,Arts & Entertainment,Hobbies & Creative Arts,Musical Instrument & Orchestra Accessories,String Instrument Accessories,Guitar Fittings & Parts,HC9945453033,246.0,,,,,,15
1071,1071-Guitar Humidifiers,Arts & Entertainment,Hobbies & Creative Arts,Musical Instrument & Orchestra Accessories,String Instrument Accessories,Guitar Humidifiers,HC4259508923,52.0,,,,,,16
1072,1072-Guitar Picks,Arts & Entertainment,Hobbies & Creative Arts,Musical Instrument & Orchestra Accessories,String Instrument Accessories,Guitar Picks,HC2651582384,151.5,,,,,,13
1073,1073-Guitar Slides,Arts & Entertainment,Hobbies & Creative Arts,Musical Instrument & Orchestra Accessories,String Instrument Accessories,Guitar Slides,HC1045298145,283.0,,,,,,13
1074,1074-Guitar Stands,Arts & Entertainment,Hobbies & Creative Arts,Musical Instrument & Orchestra Accessories,String Instrument Accessories,Guitar Stands,HC6604564740,162.0,,,,,,4
1075,1075-Guitar Straps,Arts & Entertainment,Hobbies & Creative Arts,Musical Instrument & Orchestra Accessories,String Instrument Accessories,Guitar Straps,HC7284838026,57.0,,,,,,4
1076,1076-Guitar String Winders,Arts & Entertainment,Hobbies & Creative Arts,Musical Instrument & Orchestra Accessories,String Instrument Accessories,Guitar String Winders,HC7671301987,571.5,,,,,,16
1077,1077-Guitar Strings,Arts & Entertainment,Hobbies & Creative Arts,Musical Instrument & Orchestra Accessories,String Instrument Accessories,Guitar Strings,HC8123629837,178.0,,,,,,4
1078,1078-Guitar Tuning Pegs,Arts & Entertainment,Hobbies & Creative Arts,Musical Instrument & Orchestra Accessories,String Instrument Accessories,Guitar Tuning Pegs,HC9170286471,109.5,,,,,,4
1079,1079-Hand Bells & Chimes,Arts & Entertainment,Hobbies & Creative Arts,Musical Instruments,Percussion,Hand Bells & Chimes,HC5854209003,120.0,,,,,,13
1080,1080-Hand Drums,Arts & Entertainment,Hobbies & Creative Arts,Musical Instruments,Percussion,Hand Drums,HC2005759678,319.5,,,,,,8
1081,1081-Hand Looms,Arts & Entertainment,Hobbies & Creative Arts,Arts & Crafts,Art & Crafting Tools,Hand Looms,HC1023674913,283.0,,,,,,13
1082,1082-Hand Percussion Bags & Cases,Arts & Entertainment,Hobbies & Creative Arts,Musical Instrument & Orchestra Accessories,Percussion Accessories,Hand Percussion Bags & Cases,HC2100727835,1201.5,,,,,,13
1083,1083-Hand Percussion Stands & Mounts,Arts & Entertainment,Hobbies & Creative Arts,Musical Instrument & Orchestra Accessories,Percussion Accessories,Hand Percussion Stands & Mounts,HC9052289713,839.5,,,,,,13
1084,1084-Hand Spindles,Arts & Entertainment,Hobbies & Creative Arts,Arts & Crafts,Art & Crafting Tools,Hand Spindles,HC5090410699,561.0,,,,,,13
1085,1085-Hand-Sewing Needles,Arts & Entertainment,Hobbies & Creative Arts,Arts & Crafts,Art & Crafting Tools,Hand-Sewing Needles,HC6911654900,435.0,,,,,,16
1086,1086-Harmonica Cases,Arts & Entertainment,Hobbies & Creative Arts,Musical Instrument & Orchestra Accessories,Woodwind Instrument Accessories,Harmonica Cases,HC8677964849,624.0,,,,,,13
1087,1087-Harmonica Holders,Arts & Entertainment,Hobbies & Creative Arts,Musical Instrument & Orchestra Accessories,Woodwind Instrument Accessories,Harmonica Holders,HC1203263241,1075.5,,,,,,13
1088,1088-Hockey Autographed Paraphernalia,Arts & Entertainment,Hobbies & Creative Arts,Collectibles,Sports Collectibles,Hockey Autographed Paraphernalia,HC4687408381,519.0,,,,,,13
1089,1089-Hockey Fan Accessories,Arts & Entertainment,Hobbies & Creative Arts,Collectibles,Sports Collectibles,Hockey Fan Accessories,HC2292737798,251.5,,,,,,4
1090,1090-Hook and Loop Fasteners,Arts & Entertainment,Hobbies & Creative Arts,Arts & Crafts,Art & Crafting Materials,Hook and Loop Fasteners,HC5061322434,3049.5,,,,,,16
1091,1091-Ink Pads,Arts & Entertainment,Hobbies & Creative Arts,Arts & Crafts,Art & Crafting Materials,Ink Pads,HC1152771719,214.5,,,,,,16
1092,1092-Interfacing,Arts & Entertainment,Hobbies & Creative Arts,Arts & Crafts,Art & Crafting Materials,Interfacing,HC8275380974,52.0,,,,,,16
1093,1093-Jewelry & Beading Cord,Arts & Entertainment,Hobbies & Creative Arts,Arts & Crafts,Art & Crafting Materials,Jewelry & Beading Cord,HC5801524181,162.0,,,,,,13
1094,1094-Jewelry & Beading Wire,Arts & Entertainment,Hobbies & Creative Arts,Arts & Crafts,Art & Crafting Materials,Jewelry & Beading Wire,HC2407254924,183.0,,,,,,4
1095,1095-Jewelry Findings,Arts & Entertainment,Hobbies & Creative Arts,Arts & Crafts,Art & Crafting Materials,Jewelry Findings,HC1066817727,57.0,Active,free form text,2021-10-14 20:21:20,brendon@sigmacomputing.com,5820.0,16
1096,1096-Knitting Needles,Arts & Entertainment,Hobbies & Creative Arts,Arts & Crafts,Art & Crafting Tools,Knitting Needles,HC4022921832,398.5,,,,,,4
