Store Key,Fiscal Year,Fiscal Period,Budget Sales Amount,Budget Units
6,2021,8,39188.48,28
6,2021,9,71070.85,44
6,2021,10,68262.55,45
6,2021,11,88226.99,58
6,2021,12,62709.53,43
6,2022,1,67749.48,46
6,2022,2,77242.69,57
6,2022,3,70466.86,44
6,2022,4,58455.69,40
6,2022,5,92218.56,58
6,2022,6,60025.73,39
6,2022,7,72973.77,47
6,2022,8,46192.15,49
6,2022,9,81696.74,43
6,2022,10,80932.08,39
6,2022,11,102160.16,65
6,2022,12,74560.6,45
6,2023,1,77781.7,44
6,2023,2,93742.31,58
6,2023,3,85121.26,51
6,2023,4,70039.29,47
6,2023,5,102072.47,50
6,2023,6,65760.41,42
6,2023,7,85599.04,34
6,2023,8,105571.47,37
6,2023,9,82585.76,42
6,2023,10,67227.95,48
6,2023,11,113274.73,78
6,2023,12,82041.08,92
6,2024,1,102183.85,61
6,2024,2,108032.48,72
6,2024,3,91649.54,63
6,2024,4,97905.19,63
6,2024,5,100951.34,81
6,2024,6,84895.18,68
6,2024,7,61749.27,68
6,2024,8,70708.03,92
6,2024,9,65893.73,65
6,2024,10,90458.66,74
6,2024,11,138501.07,92
6,2024,12,153869.2,74
6,2025,1,83971.12,83
6,2025,2,137111.64,84
6,2025,3,127852.0,72
6,2025,4,102107.42,78
6,2025,5,135593.01,98
6,2025,6,105018.35,89
6,2025,7,124995.08,81
6,2025,8,125582.15,105
6,2025,9,110546.37,76
6,2025,10,123651.99,36
8,2021,8,24841.69,17
8,2021,9,29552.18,18
8,2021,10,31044.32,26
8,2021,11,41836.04,30
8,2021,12,31045.69,27
8,2022,1,27611.22,23
8,2022,2,46248.48,29
8,2022,3,37275.1,27
8,2022,4,30236.86,20
8,2022,5,37903.57,34
8,2022,6,25377.82,23
8,2022,7,36856.74,27
8,2022,8,29534.91,29
8,2022,9,34662.83,29
8,2022,10,36627.9,24
8,2022,11,48859.85,27
8,2022,12,35937.37,23
8,2023,1,32130.77,20
8,2023,2,52998.8,31
8,2023,3,42913.87,21
8,2023,4,37555.57,21
8,2023,5,44780.07,30
8,2023,6,29290.49,21
8,2023,7,42109.13,18
8,2023,8,43537.46,21
8,2023,9,37200.63,25
8,2023,10,31247.34,30
8,2023,11,40432.72,64
8,2023,12,38189.4,69
8,2024,1,32977.25,57
8,2024,2,49137.96,74
8,2024,3,28349.09,59
8,2024,4,26638.5,71
8,2024,5,41338.49,77
8,2024,6,39169.84,69
8,2024,7,29508.8,74
8,2024,8,35850.96,96
8,2024,9,36892.92,75
8,2024,10,39373.03,83
8,2024,11,104819.2,110
8,2024,12,107974.89,97
8,2025,1,84587.81,94
8,2025,2,110797.35,120
8,2025,3,108008.39,88
8,2025,4,104473.53,103
8,2025,5,122640.59,123
8,2025,6,103944.34,115
8,2025,7,118466.68,116
8,2025,8,159168.5,157
8,2025,9,131348.01,118
8,2025,10,131252.96,53
12,2021,8,42867.11,37
12,2021,9,101541.56,63
12,2021,10,82585.37,59
12,2021,11,101293.36,78
12,2021,12,88261.38,59
12,2022,1,92992.92,61
12,2022,2,108236.78,71
12,2022,3,82561.31,60
12,2022,4,87500.68,61
12,2022,5,92616.03,67
12,2022,6,86056.28,62
12,2022,7,98536.7,65
12,2022,8,52298.62,75
12,2022,9,113920.33,68
12,2022,10,93897.46,58
12,2022,11,125175.07,81
12,2022,12,100283.63,64
12,2023,1,105356.98,59
12,2023,2,121526.77,72
12,2023,3,95514.09,64
12,2023,4,97011.25,55
12,2023,5,111333.21,75
12,2023,6,102032.81,48
12,2023,7,109481.75,41
12,2023,8,111041.13,53
12,2023,9,98489.71,46
12,2023,10,132670.72,66
12,2023,11,135990.78,78
12,2023,12,89398.09,75
12,2024,1,94644.29,56
12,2024,2,113159.86,80
12,2024,3,101679.32,69
12,2024,4,94628.16,55
12,2024,5,132354.03,76
12,2024,6,61943.11,55
12,2024,7,71420.43,62
12,2024,8,72085.96,73
12,2024,9,78845.42,65
12,2024,10,108264.78,58
12,2024,11,126771.75,69
12,2024,12,121893.11,65
12,2025,1,122239.11,57
12,2025,2,135568.9,71
12,2025,3,100324.94,57
12,2025,4,86829.6,59
12,2025,5,93838.6,79
12,2025,6,100467.85,74
12,2025,7,96589.9,78
12,2025,8,97425.8,96
12,2025,9,89332.42,61
12,2025,10,89896.49,30
16,2021,8,108415.81,63
16,2021,9,184416.58,93
16,2021,10,136085.42,90
16,2021,11,206837.8,122
16,2021,12,181874.79,105
16,2022,1,143093.16,102
16,2022,2,225352.14,126
16,2022,3,162405.0,96
16,2022,4,195047.07,100
16,2022,5,208853.25,124
16,2022,6,159080.61,99
16,2022,7,155100.42,97
16,2022,8,123086.1,129
16,2022,9,209731.99,97
16,2022,10,158654.98,95
16,2022,11,243955.54,122
16,2022,12,206995.62,103
16,2023,1,173138.3,96
16,2023,2,246700.38,128
16,2023,3,180012.9,99
16,2023,4,238805.85,90
16,2023,5,233922.56,133
16,2023,6,192608.39,77
16,2023,7,184742.69,66
16,2023,8,262763.59,78
16,2023,9,187667.05,90
16,2023,10,168688.93,92
16,2023,11,286256.71,126
16,2023,12,187893.32,124
16,2024,1,229874.97,95
16,2024,2,263453.5,116
16,2024,3,211797.37,105
16,2024,4,193926.26,111
16,2024,5,267601.33,129
16,2024,6,162884.6,103
16,2024,7,117138.15,101
16,2024,8,176560.45,141
16,2024,9,150652.58,109
16,2024,10,170109.94,102
16,2024,11,244670.22,142
16,2024,12,244207.72,105
16,2025,1,213924.71,98
16,2025,2,228000.01,122
16,2025,3,199865.56,99
16,2025,4,180970.86,98
16,2025,5,245229.85,123
16,2025,6,195375.41,118
16,2025,7,182181.78,128
16,2025,8,240822.63,180
16,2025,9,192379.59,118
16,2025,10,215109.16,45
19,2021,8,61888.92,59
19,2021,9,90036.49,89
19,2021,10,104549.38,103
19,2021,11,109753.35,122
19,2021,12,114727.18,96
19,2022,1,97636.77,96
19,2022,2,123182.96,117
19,2022,3,108290.83,93
19,2022,4,90730.45,94
19,2022,5,125661.25,114
19,2022,6,101423.02,97
19,2022,7,114313.75,95
19,2022,8,69774.86,120
19,2022,9,109331.8,99
19,2022,10,125608.33,100
19,2022,11,127947.9,115
19,2022,12,128765.76,99
19,2023,1,110379.08,101
19,2023,2,145166.62,119
19,2023,3,128027.34,103
19,2023,4,107150.86,86
19,2023,5,139255.95,118
19,2023,6,120426.95,70
19,2023,7,126226.51,67
19,2023,8,148112.92,85
19,2023,9,122328.95,81
19,2023,10,121822.69,103
19,2023,11,156515.53,118
19,2023,12,118181.88,116
19,2024,1,129749.39,98
19,2024,2,128166.62,116
19,2024,3,125821.1,97
19,2024,4,126966.26,88
19,2024,5,141495.18,119
19,2024,6,92497.11,80
19,2024,7,78769.74,86
19,2024,8,86666.0,106
19,2024,9,100172.16,70
19,2024,10,105143.55,85
19,2024,11,112999.27,116
19,2024,12,115592.46,78
19,2025,1,97958.25,80
19,2025,2,105791.16,104
19,2025,3,87223.15,79
19,2025,4,100599.66,84
19,2025,5,110052.3,96
19,2025,6,77965.81,109
19,2025,7,79398.15,128
19,2025,8,113529.81,145
19,2025,9,76383.86,97
19,2025,10,83401.13,51
21,2021,8,49915.64,44
21,2021,9,85401.33,86
21,2021,10,78728.19,64
21,2021,11,106178.69,95
21,2021,12,61689.43,65
21,2022,1,73668.36,67
21,2022,2,96972.6,89
21,2022,3,82322.76,81
21,2022,4,75311.44,80
21,2022,5,97229.39,88
21,2022,6,92199.09,74
21,2022,7,80982.55,74
21,2022,8,59436.05,96
21,2022,9,93336.41,73
21,2022,10,93046.55,76
21,2022,11,119494.36,102
21,2022,12,73950.45,72
21,2023,1,91314.17,81
21,2023,2,110556.3,97
21,2023,3,97917.04,81
21,2023,4,89149.13,85
21,2023,5,116602.68,92
21,2023,6,113853.45,78
21,2023,7,98647.47,72
21,2023,8,101920.78,98
21,2023,9,95778.05,81
21,2023,10,83489.57,78
21,2023,11,105914.52,105
21,2023,12,92071.01,88
21,2024,1,111532.58,67
21,2024,2,132730.74,69
21,2024,3,122866.66,54
21,2024,4,120201.82,53
21,2024,5,116982.36,57
21,2024,6,98854.01,44
21,2024,7,99033.85,42
21,2024,8,128175.4,37
21,2024,9,100224.73,21
21,2024,10,105082.75,26
21,2024,11,109817.08,26
21,2024,12,96103.87,18
21,2025,1,67161.05,19
21,2025,2,85613.99,24
21,2025,3,54694.66,14
21,2025,4,59553.67,25
21,2025,5,59227.54,25
21,2025,6,51123.54,15
21,2025,7,47273.98,16
21,2025,8,44546.57,17
21,2025,9,28734.8,27
21,2025,10,26758.16,10
24,2021,8,43915.31,36
24,2021,9,87032.09,57
24,2021,10,95900.66,61
24,2021,11,141870.53,89
24,2021,12,100756.68,64
24,2022,1,93693.76,54
24,2022,2,106238.95,70
24,2022,3,89854.67,63
24,2022,4,92842.46,63
24,2022,5,104432.78,73
24,2022,6,101031.46,56
24,2022,7,94027.19,58
24,2022,8,49969.68,74
24,2022,9,100656.69,63
24,2022,10,112298.6,53
24,2022,11,158639.03,67
24,2022,12,119371.6,55
24,2023,1,107093.86,52
24,2023,2,127673.54,71
24,2023,3,105493.57,62
24,2023,4,105657.27,57
24,2023,5,127779.11,77
24,2023,6,118773.62,55
24,2023,7,112658.97,40
24,2023,8,130722.11,41
24,2023,9,99374.24,45
24,2023,10,100728.62,57
24,2023,11,122192.22,67
24,2023,12,104418.8,79
24,2024,1,108221.22,53
24,2024,2,140259.56,84
24,2024,3,110729.32,56
24,2024,4,97643.17,55
24,2024,5,108845.98,84
24,2024,6,91429.83,57
24,2024,7,63855.29,61
24,2024,8,75515.77,74
24,2024,9,73340.72,59
24,2024,10,91684.59,66
24,2024,11,122491.37,77
24,2024,12,133235.73,58
24,2025,1,100178.87,56
24,2025,2,157451.39,79
24,2025,3,110536.74,54
24,2025,4,114745.3,67
24,2025,5,149715.93,68
24,2025,6,101633.13,64
24,2025,7,108297.87,79
24,2025,8,124289.22,103
24,2025,9,109793.44,61
24,2025,10,125305.05,29
27,2021,8,34500.39,12
27,2021,9,46112.22,26
27,2021,10,38149.94,26
27,2021,11,58039.58,33
27,2021,12,59151.0,25
27,2022,1,46640.46,26
27,2022,2,76369.3,40
27,2022,3,52358.39,28
27,2022,4,43093.24,26
27,2022,5,69417.46,37
27,2022,6,66467.44,31
27,2022,7,65303.95,31
27,2022,8,40614.81,42
27,2022,9,51314.76,34
27,2022,10,43915.21,33
27,2022,11,70838.61,43
27,2022,12,74667.84,37
27,2023,1,54061.6,38
27,2023,2,87334.8,57
27,2023,3,58268.43,48
27,2023,4,51063.15,47
27,2023,5,82329.19,53
27,2023,6,75740.99,42
27,2023,7,73437.74,31
27,2023,8,89152.95,43
27,2023,9,67680.12,44
27,2023,10,68734.14,61
27,2023,11,89207.51,72
27,2023,12,78983.73,69
27,2024,1,88529.01,60
27,2024,2,112358.77,81
27,2024,3,103040.53,67
27,2024,4,114813.96,67
27,2024,5,97571.48,91
27,2024,6,79254.11,66
27,2024,7,69780.62,71
27,2024,8,80351.54,91
27,2024,9,108883.45,78
27,2024,10,119361.92,66
27,2024,11,135686.83,84
27,2024,12,151059.09,72
27,2025,1,129795.61,79
27,2025,2,164076.63,91
27,2025,3,150201.02,74
27,2025,4,127422.83,86
27,2025,5,179278.78,82
27,2025,6,156225.21,80
27,2025,7,178974.44,93
27,2025,8,191788.61,110
27,2025,9,168952.29,79
27,2025,10,136490.07,43
33,2023,9,2621.62,3
33,2023,10,26291.44,12
33,2023,11,33484.04,20
33,2023,12,68042.64,29
33,2024,1,54429.52,27
33,2024,2,92108.95,51
33,2024,3,79965.92,41
33,2024,4,82429.08,52
33,2024,5,122234.96,66
33,2024,6,111146.29,69
33,2024,7,136863.21,74
33,2024,8,191921.17,103
33,2024,9,3171.94,95
33,2024,10,30897.02,100
33,2024,11,41672.9,138
33,2024,12,76010.89,110
33,2025,1,65092.17,96
33,2025,2,106139.72,123
33,2025,3,89140.27,103
33,2025,4,101561.58,99
33,2025,5,134575.57,132
33,2025,6,133495.88,110
33,2025,7,154791.67,108
33,2025,8,222169.0,119
33,2025,9,196658.89,114
33,2025,10,233729.15,43
34,2021,8,25195.44,18
34,2021,9,54977.23,32
34,2021,10,60625.25,36
34,2021,11,83150.47,50
34,2021,12,60893.18,39
34,2022,1,65804.24,42
34,2022,2,85466.4,60
34,2022,3,64961.01,41
34,2022,4,84082.01,53
34,2022,5,95116.8,64
34,2022,6,77390.79,47
34,2022,7,93554.85,49
34,2022,8,29050.55,76
34,2022,9,66700.49,69
34,2022,10,72600.43,55
34,2022,11,98694.63,84
34,2022,12,74686.82,68
34,2023,1,77052.04,67
34,2023,2,97156.43,81
34,2023,3,78283.06,72
34,2023,4,103064.64,63
34,2023,5,116792.8,83
34,2023,6,89877.19,63
34,2023,7,112039.74,46
34,2023,8,137189.96,55
34,2023,9,107929.01,60
34,2023,10,115993.59,68
34,2023,11,151764.58,90
34,2023,12,115746.01,93
34,2024,1,139007.16,62
34,2024,2,144482.88,85
34,2024,3,140213.88,66
34,2024,4,124780.13,73
34,2024,5,143786.8,89
34,2024,6,98199.1,77
34,2024,7,81317.6,93
34,2024,8,108539.05,98
34,2024,9,104659.43,72
34,2024,10,130156.0,87
34,2024,11,166179.74,120
34,2024,12,182764.67,88
34,2025,1,98069.42,83
34,2025,2,154798.81,105
34,2025,3,107529.5,95
34,2025,4,145034.58,80
34,2025,5,170387.06,111
34,2025,6,140062.14,104
34,2025,7,185193.04,121
34,2025,8,164447.99,132
34,2025,9,146731.77,97
34,2025,10,169954.91,42
36,2021,8,70506.54,39
36,2021,9,147514.53,82
36,2021,10,111208.11,71
36,2021,11,165167.48,91
36,2021,12,117295.99,67
36,2022,1,146878.33,77
36,2022,2,176604.48,90
36,2022,3,129812.96,83
36,2022,4,145561.63,66
36,2022,5,166295.28,88
36,2022,6,109407.86,67
36,2022,7,149431.47,73
36,2022,8,84573.35,94
36,2022,9,177391.51,69
36,2022,10,136032.77,69
36,2022,11,196397.1,93
36,2022,12,141107.84,77
36,2023,1,177506.56,71
36,2023,2,196818.26,92
36,2023,3,158669.16,82
36,2023,4,165531.86,74
36,2023,5,206558.47,89
36,2023,6,132383.62,74
36,2023,7,175198.58,55
36,2023,8,183688.03,59
36,2023,9,146769.25,62
36,2023,10,164255.16,71
36,2023,11,187982.5,86
36,2023,12,168040.06,91
36,2024,1,162709.41,76
36,2024,2,192980.38,86
36,2024,3,167292.12,67
36,2024,4,163619.14,80
36,2024,5,185508.08,90
36,2024,6,163582.01,75
36,2024,7,111658.07,78
36,2024,8,124071.81,93
36,2024,9,143875.87,73
36,2024,10,155369.21,71
36,2024,11,189310.23,93
36,2024,12,201543.37,90
36,2025,1,157578.74,79
36,2025,2,174828.75,104
36,2025,3,120507.69,91
36,2025,4,162969.26,79
36,2025,5,182897.53,104
36,2025,6,145376.31,98
36,2025,7,158210.58,126
36,2025,8,215160.22,135
36,2025,9,144532.55,96
36,2025,10,143766.88,42
39,2021,8,45059.18,23
39,2021,9,73738.52,47
39,2021,10,76325.89,45
39,2021,11,104062.3,57
39,2021,12,72927.44,51
39,2022,1,71043.67,47
39,2022,2,94345.16,55
39,2022,3,82807.75,47
39,2022,4,70799.52,47
39,2022,5,91591.84,49
39,2022,6,63586.08,40
39,2022,7,74193.99,46
39,2022,8,54164.22,57
39,2022,9,88398.11,53
39,2022,10,91775.63,42
39,2022,11,120244.08,54
39,2022,12,81923.55,52
39,2023,1,85888.72,42
39,2023,2,107883.69,61
39,2023,3,101486.3,43
39,2023,4,84520.63,49
39,2023,5,115681.68,64
39,2023,6,70105.09,43
39,2023,7,83686.11,36
39,2023,8,98247.0,41
39,2023,9,76064.02,38
39,2023,10,77707.53,50
39,2023,11,94654.62,75
39,2023,12,112613.97,91
39,2024,1,77059.26,67
39,2024,2,108574.71,96
39,2024,3,88305.28,81
39,2024,4,86852.65,88
39,2024,5,117119.66,117
39,2024,6,68206.46,104
39,2024,7,71354.5,108
39,2024,8,78112.07,146
39,2024,9,86004.78,119
39,2024,10,86310.61,122
39,2024,11,145025.65,162
39,2024,12,166995.28,124
39,2025,1,120977.69,126
39,2025,2,177239.63,161
39,2025,3,162826.12,130
39,2025,4,135435.23,127
39,2025,5,229747.32,178
39,2025,6,203256.18,153
39,2025,7,186889.09,171
39,2025,8,265839.1,201
39,2025,9,213393.2,161
39,2025,10,206379.37,69
50,2021,8,42520.86,33
50,2021,9,85190.15,54
50,2021,10,99348.09,65
50,2021,11,103452.32,63
50,2021,12,68020.4,54
50,2022,1,87260.23,57
50,2022,2,97333.1,66
50,2022,3,68792.89,53
50,2022,4,81460.03,60
50,2022,5,74128.98,64
50,2022,6,70705.11,55
50,2022,7,84547.96,62
50,2022,8,48804.09,70
50,2022,9,96957.53,53
50,2022,10,122590.39,62
50,2022,11,123661.5,64
50,2022,12,77325.56,51
50,2023,1,99465.89,55
50,2023,2,116749.18,50
50,2023,3,86758.89,49
50,2023,4,92138.61,44
50,2023,5,88398.95,48
50,2023,6,82936.27,31
50,2023,7,101314.15,26
50,2023,8,126291.11,30
50,2023,9,92789.52,29
50,2023,10,106315.81,33
50,2023,11,113947.98,52
50,2023,12,94081.32,43
50,2024,1,77994.95,35
50,2024,2,90774.95,35
50,2024,3,90886.1,29
50,2024,4,74330.88,27
50,2024,5,70842.75,37
50,2024,6,47578.18,26
50,2024,7,42970.98,27
50,2024,8,47660.87,27
50,2024,9,42279.97,23
50,2024,10,52333.74,25
50,2024,11,71267.2,28
50,2024,12,76521.7,18
50,2025,1,51657.59,20
50,2025,2,52976.94,27
50,2025,3,50644.31,22
50,2025,4,43152.56,18
50,2025,5,60623.82,19
50,2025,6,38657.97,24
50,2025,7,37984.36,29
50,2025,8,42536.47,38
50,2025,9,41320.82,28
50,2025,10,43289.83,10
56,2021,8,62780.95,66
56,2021,9,109788.28,95
56,2021,10,116222.99,106
56,2021,11,135127.34,128
56,2021,12,101924.05,88
56,2022,1,112585.51,97
56,2022,2,137841.07,129
56,2022,3,109144.2,93
56,2022,4,120615.89,95
56,2022,5,143983.63,125
56,2022,6,122541.78,98
56,2022,7,105201.97,96
56,2022,8,74445.19,137
56,2022,9,124915.71,109
56,2022,10,142379.29,98
56,2022,11,159062.03,134
56,2022,12,123126.14,93
56,2023,1,134543.33,90
56,2023,2,167996.61,126
56,2023,3,125254.79,106
56,2023,4,136387.97,93
56,2023,5,164756.64,126
56,2023,6,144019.08,85
56,2023,7,124338.95,65
56,2023,8,176082.43,80
56,2023,9,151470.59,76
56,2023,10,139669.05,103
56,2023,11,159252.02,104
56,2023,12,140985.6,100
56,2024,1,124828.13,70
56,2024,2,161335.58,81
56,2024,3,130552.09,63
56,2024,4,123813.19,51
56,2024,5,171879.26,75
56,2024,6,113389.47,49
56,2024,7,69007.18,38
56,2024,8,96045.9,42
56,2024,9,87688.1,35
56,2024,10,129769.84,38
56,2024,11,102450.96,37
56,2024,12,101589.32,26
56,2025,1,73761.12,33
56,2025,2,87570.02,39
56,2025,3,58825.5,26
56,2025,4,62960.73,33
56,2025,5,65246.44,29
56,2025,6,57021.58,48
56,2025,7,28398.66,67
56,2025,8,39396.23,71
56,2025,9,26736.24,39
56,2025,10,35246.03,17
58,2021,8,41832.96,35
58,2021,9,71293.24,65
58,2021,10,59911.4,66
58,2021,11,100188.2,80
58,2021,12,60148.47,51
58,2022,1,78703.56,70
58,2022,2,91066.21,72
58,2022,3,74667.94,60
58,2022,4,72821.69,63
58,2022,5,78392.0,77
58,2022,6,51934.02,52
58,2022,7,83743.76,68
58,2022,8,49244.28,77
58,2022,9,81755.4,63
58,2022,10,73113.29,60
58,2022,11,119130.09,73
58,2022,12,70538.78,63
58,2023,1,89213.58,58
58,2023,2,100756.44,82
58,2023,3,82419.53,64
58,2023,4,90438.88,61
58,2023,5,92615.3,81
58,2023,6,62730.54,64
58,2023,7,100734.52,48
58,2023,8,94125.8,55
58,2023,9,77406.84,60
58,2023,10,80947.86,79
58,2023,11,93288.09,80
58,2023,12,89238.07,81
58,2024,1,75494.51,49
58,2024,2,99451.96,65
58,2024,3,71626.98,59
58,2024,4,70550.88,52
58,2024,5,92955.15,74
58,2024,6,83703.72,49
58,2024,7,54701.65,43
58,2024,8,75468.15,50
58,2024,9,74577.14,42
58,2024,10,98215.39,37
58,2024,11,82049.85,33
58,2024,12,91384.8,28
58,2025,1,60687.63,28
58,2025,2,77024.63,44
58,2025,3,65996.3,23
58,2025,4,49221.2,30
58,2025,5,71760.12,38
58,2025,6,57821.48,38
58,2025,7,36572.63,54
58,2025,8,46671.9,53
58,2025,9,37146.63,31
58,2025,10,34592.06,12
67,2021,8,33904.8,24
67,2021,9,50517.96,29
67,2021,10,52974.0,37
67,2021,11,86212.44,38
67,2021,12,54779.14,34
67,2022,1,85525.46,38
67,2022,2,94228.85,54
67,2022,3,66978.45,41
67,2022,4,72169.63,40
67,2022,5,84574.54,47
67,2022,6,59211.89,35
67,2022,7,70399.6,35
67,2022,8,40116.58,44
67,2022,9,56394.06,38
67,2022,10,61419.18,37
67,2022,11,99122.25,43
67,2022,12,63094.51,40
67,2023,1,97101.32,37
67,2023,2,111118.3,38
67,2023,3,79983.55,41
67,2023,4,81350.64,35
67,2023,5,93429.67,45
67,2023,6,67610.65,33
67,2023,7,83033.87,24
67,2023,8,88113.92,33
67,2023,9,80945.92,34
67,2023,10,82024.73,44
67,2023,11,79811.7,57
67,2023,12,77921.81,76
67,2024,1,105430.67,50
67,2024,2,94359.37,83
67,2024,3,77520.17,61
67,2024,4,82414.48,65
67,2024,5,103805.18,83
67,2024,6,73013.62,72
67,2024,7,56101.75,65
67,2024,8,66237.26,99
67,2024,9,70395.48,71
67,2024,10,82625.01,74
67,2024,11,128370.53,108
67,2024,12,168664.7,77
67,2025,1,109528.99,77
67,2025,2,156257.87,98
67,2025,3,130839.96,80
67,2025,4,139585.89,74
67,2025,5,174951.05,93
67,2025,6,138448.53,77
67,2025,7,148757.94,101
67,2025,8,209982.97,108
67,2025,9,147271.09,79
67,2025,10,151865.85,35
70,2021,8,51975.21,42
70,2021,9,122874.64,75
70,2021,10,89393.84,76
70,2021,11,136978.55,88
70,2021,12,109199.54,67
70,2022,1,103860.86,72
70,2022,2,145273.36,87
70,2022,3,119115.07,80
70,2022,4,104672.32,72
70,2022,5,129401.52,93
70,2022,6,102860.18,64
70,2022,7,105806.41,75
70,2022,8,58728.55,85
70,2022,9,143047.57,72
70,2022,10,108791.18,75
70,2022,11,150261.22,90
70,2022,12,125345.99,75
70,2023,1,128557.37,74
70,2023,2,168766.6,96
70,2023,3,136631.49,79
70,2023,4,127125.24,81
70,2023,5,151569.05,93
70,2023,6,113814.11,60
70,2023,7,127298.52,55
70,2023,8,151595.43,59
70,2023,9,147005.14,56
70,2023,10,108984.82,72
70,2023,11,159935.1,97
70,2023,12,116543.96,99
70,2024,1,121338.82,66
70,2024,2,144333.44,91
70,2024,3,104047.21,77
70,2024,4,131256.19,89
70,2024,5,161088.8,131
70,2024,6,113265.34,110
70,2024,7,98317.26,111
70,2024,8,115878.58,141
70,2024,9,112484.09,142
70,2024,10,112348.81,136
70,2024,11,180515.68,174
70,2024,12,171528.59,139
70,2025,1,128705.79,133
70,2025,2,172761.28,166
70,2025,3,127796.5,151
70,2025,4,145663.64,163
70,2025,5,218875.85,201
70,2025,6,182930.5,175
70,2025,7,198135.58,169
70,2025,8,233545.13,222
70,2025,9,221927.62,158
70,2025,10,247431.22,84
71,2021,8,38030.16,39
71,2021,9,68365.53,65
71,2021,10,74301.07,63
71,2021,11,92675.66,86
71,2021,12,74195.82,61
71,2022,1,67820.77,65
71,2022,2,95018.94,81
71,2022,3,85828.97,61
71,2022,4,69129.91,70
71,2022,5,97383.46,86
71,2022,6,65237.48,62
71,2022,7,62982.47,68
71,2022,8,44142.03,79
71,2022,9,78064.61,55
71,2022,10,90113.33,63
71,2022,11,104166.21,81
71,2022,12,88769.84,61
71,2023,1,78155.47,72
71,2023,2,116240.28,72
71,2023,3,95615.46,71
71,2023,4,86553.59,63
71,2023,5,112920.55,79
71,2023,6,73924.41,63
71,2023,7,76238.46,42
71,2023,8,95964.3,56
71,2023,9,78169.13,56
71,2023,10,86595.41,70
71,2023,11,89453.74,80
71,2023,12,85036.87,81
71,2024,1,75056.32,48
71,2024,2,122882.51,52
71,2024,3,98978.05,44
71,2024,4,94143.89,40
71,2024,5,106477.67,47
71,2024,6,95845.45,42
71,2024,7,55515.84,34
71,2024,8,85280.58,47
71,2024,9,75784.45,35
71,2024,10,111846.59,33
71,2024,11,96542.93,39
71,2024,12,80461.57,30
71,2025,1,48364.8,32
71,2025,2,43719.21,37
71,2025,3,44840.09,33
71,2025,4,38514.5,26
71,2025,5,50656.97,44
71,2025,6,43027.58,45
71,2025,7,38501.69,52
71,2025,8,40531.78,59
71,2025,9,47246.5,34
71,2025,10,31133.12,12
83,2021,8,50283.12,25
83,2021,9,71803.98,44
83,2021,10,93939.25,43
83,2021,11,83048.59,51
83,2021,12,77442.84,36
83,2022,1,75722.54,45
83,2022,2,102469.89,51
83,2022,3,76960.12,50
83,2022,4,83196.72,37
83,2022,5,108625.49,54
83,2022,6,86637.46,39
83,2022,7,70427.76,42
83,2022,8,59705.25,53
83,2022,9,88686.68,43
83,2022,10,114508.05,46
83,2022,11,101963.03,64
83,2022,12,92462.12,55
83,2023,1,91648.39,51
83,2023,2,124887.95,62
83,2023,3,89137.88,61
83,2023,4,98535.68,58
83,2023,5,123796.27,64
83,2023,6,103557.38,42
83,2023,7,85835.12,34
83,2023,8,97428.47,46
83,2023,9,84509.57,46
83,2023,10,85387.47,59
83,2023,11,159753.36,78
83,2023,12,121499.9,74
83,2024,1,124448.87,67
83,2024,2,159130.25,73
83,2024,3,131930.01,60
83,2024,4,111516.86,61
83,2024,5,143923.05,78
83,2024,6,95659.4,70
83,2024,7,84686.83,71
83,2024,8,112064.15,99
83,2024,9,93664.78,91
83,2024,10,148674.09,91
83,2024,11,177985.84,117
83,2024,12,181463.83,103
83,2025,1,136764.32,89
83,2025,2,178767.75,119
83,2025,3,127653.06,89
83,2025,4,142367.52,92
83,2025,5,168842.99,114
83,2025,6,157698.36,111
83,2025,7,158344.33,111
83,2025,8,206137.45,152
83,2025,9,184759.09,104
83,2025,10,197237.18,50
84,2021,8,79980.62,50
84,2021,9,99507.4,65
84,2021,10,120667.05,67
84,2021,11,150422.36,94
84,2021,12,117758.26,68
84,2022,1,133978.0,77
84,2022,2,163541.9,95
84,2022,3,111856.49,69
84,2022,4,118026.52,70
84,2022,5,141942.63,98
84,2022,6,114475.38,71
84,2022,7,139200.49,78
84,2022,8,95284.58,84
84,2022,9,122041.76,67
84,2022,10,142958.64,63
84,2022,11,184841.66,93
84,2022,12,143345.32,74
84,2023,1,156429.28,65
84,2023,2,188810.84,92
84,2023,3,126018.18,67
84,2023,4,135562.03,69
84,2023,5,162834.6,99
84,2023,6,139104.81,61
84,2023,7,160045.41,53
84,2023,8,182973.95,61
84,2023,9,131370.07,48
84,2023,10,139196.07,72
84,2023,11,175238.76,95
84,2023,12,124352.38,85
84,2024,1,126236.82,75
84,2024,2,161220.65,98
84,2024,3,149374.94,77
84,2024,4,140243.28,70
84,2024,5,175765.87,93
84,2024,6,119822.53,66
84,2024,7,101639.47,76
84,2024,8,116260.73,104
84,2024,9,94421.49,67
84,2024,10,123139.83,77
84,2024,11,167901.09,97
84,2024,12,165141.13,66
84,2025,1,126257.87,72
84,2025,2,182931.3,96
84,2025,3,133133.6,74
84,2025,4,130780.81,73
84,2025,5,186253.08,96
84,2025,6,126212.89,82
84,2025,7,126574.86,103
84,2025,8,195836.56,113
84,2025,9,117583.76,77
84,2025,10,138549.59,37
89,2021,8,45874.11,43
89,2021,9,66571.37,71
89,2021,10,74279.51,66
89,2021,11,97824.01,103
89,2021,12,62213.72,66
89,2022,1,82636.33,76
89,2022,2,93481.21,79
89,2022,3,76092.87,73
89,2022,4,72631.4,61
89,2022,5,100349.76,83
89,2022,6,77154.65,68
89,2022,7,68688.07,73
89,2022,8,55988.1,86
89,2022,9,81102.87,72
89,2022,10,85096.7,64
89,2022,11,120895.75,84
89,2022,12,77153.22,72
89,2023,1,94047.9,74
89,2023,2,102865.35,90
89,2023,3,83423.62,71
89,2023,4,82113.5,78
89,2023,5,116531.54,111
89,2023,6,90721.66,69
89,2023,7,82407.95,52
89,2023,8,100857.7,81
89,2023,9,90885.3,77
89,2023,10,84277.83,87
89,2023,11,98635.32,103
89,2023,12,99902.66,95
89,2024,1,85843.77,69
89,2024,2,119091.36,88
89,2024,3,86395.39,66
89,2024,4,93447.94,69
89,2024,5,132539.14,70
89,2024,6,89522.37,56
89,2024,7,72894.04,49
89,2024,8,95234.61,61
89,2024,9,82738.26,40
89,2024,10,97839.48,42
89,2024,11,105797.7,38
89,2024,12,94429.15,36
89,2025,1,77587.46,34
89,2025,2,96972.69,37
89,2025,3,83278.96,31
89,2025,4,61138.54,29
89,2025,5,76445.02,32
89,2025,6,43167.42,50
89,2025,7,50918.96,54
89,2025,8,44944.89,63
89,2025,9,34188.33,35
89,2025,10,35384.16,14
96,2021,8,74817.92,37
96,2021,9,93729.43,60
96,2021,10,125801.47,64
96,2021,11,126598.73,78
96,2021,12,107930.57,57
96,2022,1,101728.79,68
96,2022,2,125521.3,76
96,2022,3,92787.6,66
96,2022,4,92641.54,64
96,2022,5,121247.08,67
96,2022,6,124541.04,61
96,2022,7,94175.6,57
96,2022,8,83532.9,81
96,2022,9,111409.68,61
96,2022,10,141632.54,64
96,2022,11,155260.05,79
96,2022,12,122455.04,58
96,2023,1,123845.7,65
96,2023,2,149938.43,79
96,2023,3,116254.1,67
96,2023,4,109782.32,66
96,2023,5,144285.67,79
96,2023,6,141899.77,49
96,2023,7,114370.8,43
96,2023,8,169440.48,52
96,2023,9,116163.59,49
96,2023,10,127161.1,60
96,2023,11,143079.25,78
96,2023,12,103623.43,75
96,2024,1,111057.98,59
96,2024,2,173498.71,74
96,2024,3,140109.35,64
96,2024,4,135937.64,61
96,2024,5,167487.78,84
96,2024,6,98145.48,62
96,2024,7,88023.02,70
96,2024,8,100257.42,71
96,2024,9,99991.55,64
96,2024,10,119389.24,64
96,2024,11,134002.17,74
96,2024,12,145363.31,61
96,2025,1,121318.24,64
96,2025,2,135141.24,79
96,2025,3,136431.31,66
96,2025,4,126021.23,67
96,2025,5,167499.63,71
96,2025,6,105164.43,69
96,2025,7,114042.28,88
96,2025,8,127987.05,100
96,2025,9,121475.47,68
96,2025,10,115371.47,29
102,2021,8,79830.54,51
102,2021,9,111550.88,88
102,2021,10,117891.33,88
102,2021,11,145945.65,113
102,2021,12,121846.23,75
102,2022,1,118910.93,81
102,2022,2,151370.66,104
102,2022,3,99568.66,73
102,2022,4,105333.92,78
102,2022,5,188436.08,101
102,2022,6,120764.58,79
102,2022,7,145977.79,95
102,2022,8,97150.03,109
102,2022,9,124456.61,86
102,2022,10,135014.79,81
102,2022,11,178598.27,97
102,2022,12,136484.26,86
102,2023,1,143847.59,95
102,2023,2,180762.48,102
102,2023,3,117903.81,80
102,2023,4,125660.75,81
102,2023,5,207555.59,111
102,2023,6,146255.68,71
102,2023,7,166328.46,59
102,2023,8,186832.94,64
102,2023,9,145907.21,76
102,2023,10,138814.91,81
102,2023,11,169893.01,113
102,2023,12,151738.54,102
102,2024,1,152806.22,75
102,2024,2,160168.74,111
102,2024,3,156289.02,88
102,2024,4,133443.42,88
102,2024,5,196679.22,110
102,2024,6,114554.73,83
102,2024,7,108652.61,89
102,2024,8,101527.3,100
102,2024,9,126344.14,77
102,2024,10,127438.91,87
102,2024,11,170194.07,103
102,2024,12,186722.91,79
102,2025,1,137037.14,79
102,2025,2,180662.09,113
102,2025,3,126937.32,84
102,2025,4,133453.75,87
102,2025,5,181768.85,113
102,2025,6,131874.65,89
102,2025,7,158443.07,123
102,2025,8,184822.9,132
102,2025,9,146644.07,91
102,2025,10,145758.44,42
108,2021,8,75724.02,47
108,2021,9,120857.83,79
108,2021,10,121828.13,70
108,2021,11,171768.4,102
108,2021,12,125047.75,80
108,2022,1,101119.47,73
108,2022,2,179840.57,97
108,2022,3,117563.47,77
108,2022,4,135239.41,78
108,2022,5,139255.81,95
108,2022,6,147839.65,81
108,2022,7,120391.75,76
108,2022,8,86069.66,104
108,2022,9,143880.96,80
108,2022,10,135471.3,79
108,2022,11,206052.59,110
108,2022,12,143169.0,75
108,2023,1,123784.55,82
108,2023,2,203566.64,95
108,2023,3,135985.93,69
108,2023,4,149696.47,82
108,2023,5,153087.28,101
108,2023,6,183494.83,70
108,2023,7,136459.42,50
108,2023,8,162732.3,60
108,2023,9,180415.44,68
108,2023,10,157367.17,82
108,2023,11,188548.37,100
108,2023,12,146486.65,88
108,2024,1,161760.36,75
108,2024,2,162514.44,99
108,2024,3,153978.76,88
108,2024,4,146676.55,79
108,2024,5,169852.76,103
108,2024,6,138647.83,86
108,2024,7,86622.92,84
108,2024,8,107855.87,86
108,2024,9,117089.46,79
108,2024,10,134407.48,73
108,2024,11,186020.27,106
108,2024,12,187019.22,71
108,2025,1,146797.74,80
108,2025,2,154260.5,98
108,2025,3,140585.17,76
108,2025,4,136397.93,85
108,2025,5,174227.61,94
108,2025,6,163908.76,92
108,2025,7,150707.04,111
108,2025,8,165179.39,128
108,2025,9,129444.98,94
108,2025,10,139137.4,44
115,2021,8,61804.99,61
115,2021,9,93165.07,94
115,2021,10,93539.9,83
115,2021,11,132989.84,118
115,2021,12,99122.57,91
115,2022,1,93357.52,93
115,2022,2,125680.91,118
115,2022,3,98283.66,101
115,2022,4,103909.66,92
115,2022,5,128184.45,117
115,2022,6,104908.66,93
115,2022,7,112263.66,100
115,2022,8,73934.5,119
115,2022,9,114302.16,90
115,2022,10,105306.64,91
115,2022,11,160030.13,109
115,2022,12,114915.88,89
115,2023,1,113969.33,86
115,2023,2,152814.15,108
115,2023,3,106893.87,88
115,2023,4,124718.75,102
115,2023,5,146656.04,121
115,2023,6,121167.59,89
115,2023,7,130208.01,70
115,2023,8,143325.7,77
115,2023,9,126401.98,80
115,2023,10,118526.51,95
115,2023,11,152295.55,124
115,2023,12,117813.24,114
115,2024,1,126789.78,92
115,2024,2,184820.4,118
115,2024,3,117216.82,88
115,2024,4,144385.25,81
115,2024,5,141558.63,128
115,2024,6,93484.38,92
115,2024,7,105861.62,99
115,2024,8,98947.23,115
115,2024,9,103054.05,90
115,2024,10,123577.68,103
115,2024,11,142295.49,121
115,2024,12,164876.37,94
115,2025,1,117945.82,89
115,2025,2,162933.02,111
115,2025,3,88764.66,87
115,2025,4,107528.47,114
115,2025,5,139379.17,130
115,2025,6,121399.83,114
115,2025,7,113895.03,134
115,2025,8,123684.26,144
115,2025,9,109310.1,94
115,2025,10,101516.92,49
118,2021,8,55421.38,53
118,2021,9,89113.19,89
118,2021,10,87230.78,96
118,2021,11,112912.84,109
118,2021,12,91352.63,92
118,2022,1,102006.77,92
118,2022,2,112052.63,98
118,2022,3,85026.07,88
118,2022,4,85397.16,83
118,2022,5,129065.76,113
118,2022,6,93040.03,83
118,2022,7,85221.15,81
118,2022,8,68917.06,120
118,2022,9,109117.68,83
118,2022,10,105152.35,77
118,2022,11,134655.5,105
118,2022,12,100801.15,84
118,2023,1,115113.8,86
118,2023,2,127231.09,97
118,2023,3,97133.83,90
118,2023,4,99628.45,88
118,2023,5,147305.03,109
118,2023,6,109781.15,68
118,2023,7,98294.22,60
118,2023,8,160759.43,71
118,2023,9,110847.53,81
118,2023,10,103310.35,87
118,2023,11,137025.29,99
118,2023,12,113934.15,110
118,2024,1,112833.57,86
118,2024,2,122029.64,124
118,2024,3,92199.82,90
118,2024,4,105990.36,91
118,2024,5,126704.06,98
118,2024,6,80608.14,93
118,2024,7,63824.74,84
118,2024,8,62747.93,119
118,2024,9,90788.2,96
118,2024,10,88336.9,85
118,2024,11,94368.53,106
118,2024,12,115814.58,93
118,2025,1,86611.76,100
118,2025,2,115027.42,110
118,2025,3,94621.38,81
118,2025,4,76939.58,89
118,2025,5,103844.04,118
118,2025,6,81927.14,110
118,2025,7,71735.45,130
118,2025,8,122413.34,173
118,2025,9,99268.15,112
118,2025,10,80012.12,52
122,2021,8,41316.68,22
122,2021,9,48699.69,37
122,2021,10,46594.35,32
122,2021,11,68674.41,42
122,2021,12,36651.4,24
122,2022,1,46845.89,32
122,2022,2,76316.45,46
122,2022,3,50820.89,32
122,2022,4,46203.08,34
122,2022,5,59202.68,44
122,2022,6,61763.59,32
122,2022,7,47146.91,33
122,2022,8,46942.67,42
122,2022,9,59152.25,37
122,2022,10,56288.81,39
122,2022,11,81371.98,44
122,2022,12,43621.98,34
122,2023,1,57262.64,41
122,2023,2,85169.55,44
122,2023,3,56405.94,35
122,2023,4,51819.73,40
122,2023,5,70704.35,48
122,2023,6,68190.44,32
122,2023,7,57972.07,24
122,2023,8,66906.64,27
122,2023,9,64697.52,38
122,2023,10,69254.82,45
122,2023,11,80154.47,54
122,2023,12,61564.0,63
122,2024,1,71168.7,50
122,2024,2,90474.09,71
122,2024,3,58105.7,69
122,2024,4,65320.76,74
122,2024,5,81474.06,106
122,2024,6,50462.29,85
122,2024,7,41093.62,95
122,2024,8,51411.3,113
122,2024,9,68332.1,91
122,2024,10,76007.7,110
122,2024,11,110042.14,125
122,2024,12,100873.86,94
122,2025,1,87776.03,106
122,2025,2,119041.69,128
122,2025,3,116230.67,104
122,2025,4,123336.48,96
122,2025,5,190059.72,133
122,2025,6,159716.73,105
122,2025,7,171562.91,108
122,2025,8,209606.46,135
122,2025,9,164346.75,107
122,2025,10,198630.35,55
129,2021,8,81945.24,51
129,2021,9,97385.83,76
129,2021,10,121068.31,73
129,2021,11,187477.42,112
129,2021,12,121511.02,83
129,2022,1,125109.52,79
129,2022,2,150771.19,99
129,2022,3,102481.02,69
129,2022,4,109800.11,74
129,2022,5,169951.01,98
129,2022,6,126082.26,85
129,2022,7,121468.44,83
129,2022,8,97543.48,94
129,2022,9,116200.72,82
129,2022,10,145306.63,83
129,2022,11,221721.61,111
129,2022,12,136337.47,83
129,2023,1,147182.84,75
129,2023,2,171522.49,105
129,2023,3,122492.43,78
129,2023,4,129088.24,80
129,2023,5,206116.37,97
129,2023,6,143959.31,65
129,2023,7,140322.52,53
129,2023,8,193498.14,63
129,2023,9,168799.41,56
129,2023,10,143663.95,71
129,2023,11,186420.69,100
129,2023,12,146297.3,103
129,2024,1,140688.15,80
129,2024,2,159073.75,109
129,2024,3,135801.98,76
129,2024,4,133898.1,72
129,2024,5,185144.69,95
129,2024,6,139598.85,92
129,2024,7,87970.16,81
129,2024,8,115080.55,104
129,2024,9,100260.95,84
129,2024,10,122474.04,77
129,2024,11,191768.62,97
129,2024,12,182993.57,86
129,2025,1,135100.04,76
129,2025,2,185293.57,99
129,2025,3,148078.57,79
129,2025,4,136621.55,69
129,2025,5,178805.7,95
129,2025,6,141886.5,106
129,2025,7,136574.12,104
129,2025,8,165900.99,133
129,2025,9,144585.5,97
129,2025,10,132777.5,40
149,2021,8,58153.89,41
149,2021,9,93016.82,67
149,2021,10,78773.54,65
149,2021,11,103156.62,83
149,2021,12,81770.74,73
149,2022,1,78570.39,65
149,2022,2,114374.02,86
149,2022,3,80797.33,75
149,2022,4,80604.39,67
149,2022,5,109285.21,90
149,2022,6,87704.01,74
149,2022,7,88813.85,67
149,2022,8,70060.98,84
149,2022,9,105249.74,61
149,2022,10,94615.32,68
149,2022,11,127400.66,85
149,2022,12,98951.55,68
149,2023,1,92466.99,70
149,2023,2,126334.34,83
149,2023,3,95279.72,67
149,2023,4,99283.45,70
149,2023,5,127223.09,84
149,2023,6,105241.66,56
149,2023,7,107443.22,46
149,2023,8,125989.46,54
149,2023,9,97462.75,54
149,2023,10,109754.9,69
149,2023,11,124543.57,96
149,2023,12,111816.89,92
149,2024,1,110006.38,60
149,2024,2,120118.75,91
149,2024,3,98390.54,68
149,2024,4,95171.85,78
149,2024,5,131800.17,96
149,2024,6,101552.58,75
149,2024,7,70511.65,80
149,2024,8,81295.01,90
149,2024,9,84265.73,83
149,2024,10,109170.18,82
149,2024,11,137382.18,95
149,2024,12,109564.93,76
149,2025,1,84346.23,80
149,2025,2,136548.63,97
149,2025,3,91399.59,75
149,2025,4,83143.28,80
149,2025,5,134728.38,99
149,2025,6,112759.61,84
149,2025,7,88396.57,103
149,2025,8,130405.25,116
149,2025,9,121167.65,83
149,2025,10,103295.71,40
164,2021,8,36139.65,22
164,2021,9,57643.23,37
164,2021,10,70299.56,37
164,2021,11,77000.22,40
164,2021,12,51628.28,31
164,2022,1,43068.54,29
164,2022,2,70029.92,43
164,2022,3,64074.97,31
164,2022,4,54886.94,31
164,2022,5,75778.16,40
164,2022,6,58476.77,32
164,2022,7,60609.32,36
164,2022,8,44354.47,38
164,2022,9,67843.47,33
164,2022,10,77327.08,31
164,2022,11,86330.34,44
164,2022,12,58742.08,35
164,2023,1,50922.9,44
164,2023,2,79362.11,49
164,2023,3,75880.62,34
164,2023,4,59887.78,38
164,2023,5,83559.09,56
164,2023,6,64440.04,35
164,2023,7,72680.16,27
164,2023,8,84969.62,38
164,2023,9,66268.26,31
164,2023,10,71566.82,42
164,2023,11,100278.39,60
164,2023,12,61255.99,62
164,2024,1,83555.46,55
164,2024,2,87445.71,64
164,2024,3,80377.74,58
164,2024,4,76846.66,60
164,2024,5,107214.66,93
164,2024,6,75109.78,78
164,2024,7,70918.46,68
164,2024,8,64376.58,86
164,2024,9,65013.77,88
164,2024,10,75261.8,81
164,2024,11,114165.76,118
164,2024,12,91249.16,81
164,2025,1,97550.74,93
164,2025,2,117784.5,105
164,2025,3,109069.34,86
164,2025,4,123079.75,81
164,2025,5,159285.17,109
164,2025,6,138048.4,94
164,2025,7,136415.38,102
164,2025,8,182737.85,126
164,2025,9,152134.76,92
164,2025,10,138633.47,50
170,2021,8,10828.89,5
170,2021,9,27543.69,15
170,2021,10,32651.73,16
170,2021,11,66483.49,33
170,2021,12,41500.47,22
170,2022,1,58491.02,25
170,2022,2,71067.53,35
170,2022,3,47882.36,21
170,2022,4,48739.26,27
170,2022,5,70522.64,40
170,2022,6,77565.83,41
170,2022,7,52190.06,37
170,2022,8,12648.82,44
170,2022,9,31486.9,38
170,2022,10,36152.38,39
170,2022,11,77254.77,66
170,2022,12,50868.42,52
170,2023,1,71393.19,47
170,2023,2,86791.36,76
170,2023,3,54104.83,53
170,2023,4,60554.01,53
170,2023,5,83576.77,70
170,2023,6,87677.03,54
170,2023,7,58142.43,37
170,2023,8,101625.81,43
170,2023,9,85721.58,53
170,2023,10,73563.38,49
170,2023,11,137383.96,75
170,2023,12,120612.21,75
170,2024,1,121328.73,63
170,2024,2,142084.25,81
170,2024,3,119317.69,60
170,2024,4,116928.86,57
170,2024,5,139080.21,78
170,2024,6,110714.6,60
170,2024,7,87092.05,63
170,2024,8,82123.66,88
170,2024,9,102516.55,64
170,2024,10,125438.9,82
170,2024,11,159045.26,96
170,2024,12,153752.07,70
170,2025,1,151923.93,69
170,2025,2,182076.44,93
170,2025,3,133809.41,74
170,2025,4,139070.15,75
170,2025,5,157871.36,99
170,2025,6,134584.41,88
170,2025,7,124102.65,92
170,2025,8,180233.62,114
170,2025,9,140789.09,77
170,2025,10,167811.6,34
177,2021,8,41958.52,27
177,2021,9,59991.98,41
177,2021,10,55292.82,44
177,2021,11,105375.4,52
177,2021,12,74429.74,45
177,2022,1,53325.87,36
177,2022,2,95270.42,48
177,2022,3,56783.25,40
177,2022,4,63047.65,47
177,2022,5,77508.85,50
177,2022,6,80736.86,41
177,2022,7,60410.29,34
177,2022,8,51405.15,53
177,2022,9,71818.32,35
177,2022,10,60869.05,44
177,2022,11,119956.53,46
177,2022,12,83604.44,38
177,2023,1,65343.74,40
177,2023,2,110859.15,54
177,2023,3,71128.54,44
177,2023,4,77278.73,37
177,2023,5,85277.7,47
177,2023,6,100745.8,41
177,2023,7,69383.95,32
177,2023,8,79296.46,32
177,2023,9,65029.29,36
177,2023,10,73289.64,41
177,2023,11,85289.13,55
177,2023,12,85957.58,65
177,2024,1,76961.32,52
177,2024,2,87348.48,61
177,2024,3,67056.72,57
177,2024,4,64787.38,47
177,2024,5,88860.25,76
177,2024,6,92183.78,65
177,2024,7,62980.14,62
177,2024,8,64594.07,90
177,2024,9,76134.04,71
177,2024,10,77381.69,65
177,2024,11,91748.41,92
177,2024,12,117966.89,72
177,2025,1,108277.19,69
177,2025,2,106155.14,93
177,2025,3,96987.17,72
177,2025,4,75648.08,77
177,2025,5,145656.31,97
177,2025,6,122790.58,69
177,2025,7,128374.73,96
177,2025,8,139550.81,120
177,2025,9,116938.43,84
177,2025,10,121699.57,37
178,2021,8,38414.75,18
178,2021,9,56426.53,30
178,2021,10,54816.36,34
178,2021,11,66382.27,45
178,2021,12,76873.4,37
178,2022,1,102584.47,44
178,2022,2,84060.82,53
178,2022,3,81995.99,40
178,2022,4,96116.42,52
178,2022,5,126230.82,57
178,2022,6,97735.8,52
178,2022,7,86622.01,48
178,2022,8,44373.43,53
178,2022,9,67226.28,51
178,2022,10,63504.9,49
178,2022,11,79515.35,64
178,2022,12,96345.18,50
178,2023,1,121365.4,55
178,2023,2,100422.64,69
178,2023,3,103616.55,60
178,2023,4,111277.79,52
178,2023,5,143771.75,75
178,2023,6,117217.79,50
178,2023,7,102512.91,42
178,2023,8,113271.45,50
178,2023,9,107422.38,50
178,2023,10,94320.43,59
178,2023,11,151881.42,77
178,2023,12,135164.06,89
178,2024,1,127184.97,80
178,2024,2,145641.6,89
178,2024,3,131517.41,75
178,2024,4,120318.69,75
178,2024,5,168803.33,100
178,2024,6,114581.76,72
178,2024,7,96870.09,74
178,2024,8,120694.79,93
178,2024,9,111392.76,76
178,2024,10,163450.04,82
178,2024,11,195786.01,107
178,2024,12,223329.54,86
178,2025,1,164683.97,88
178,2025,2,196768.01,108
178,2025,3,149017.25,75
178,2025,4,157640.98,79
178,2025,5,227416.54,105
178,2025,6,168044.57,92
178,2025,7,180125.17,98
178,2025,8,255730.44,128
178,2025,9,188581.54,92
178,2025,10,184412.2,35
182,2021,8,54031.48,45
182,2021,9,87215.21,69
182,2021,10,101785.48,78
182,2021,11,109921.51,85
182,2021,12,79259.7,62
182,2022,1,97916.11,69
182,2022,2,122058.44,87
182,2022,3,97237.8,77
182,2022,4,88760.73,71
182,2022,5,124309.53,90
182,2022,6,103226.55,80
182,2022,7,78537.94,67
182,2022,8,59940.59,84
182,2022,9,101290.59,77
182,2022,10,122677.85,76
182,2022,11,121220.02,94
182,2022,12,90524.87,66
182,2023,1,114247.47,70
182,2023,2,137166.37,93
182,2023,3,116181.02,72
182,2023,4,97148.73,83
182,2023,5,149773.07,86
182,2023,6,126514.82,63
182,2023,7,91189.08,42
182,2023,8,124786.27,59
182,2023,9,123900.63,54
182,2023,10,102198.46,70
182,2023,11,143749.72,80
182,2023,12,102592.04,75
182,2024,1,110941.83,58
182,2024,2,142484.7,69
182,2024,3,106372.59,40
182,2024,4,128232.63,37
182,2024,5,137375.64,45
182,2024,6,106876.7,41
182,2024,7,58068.98,40
182,2024,8,96734.02,40
182,2024,9,86564.32,29
182,2024,10,101975.57,20
182,2024,11,89576.73,28
182,2024,12,77789.57,26
182,2025,1,51928.23,22
182,2025,2,66108.85,30
182,2025,3,42875.19,16
182,2025,4,36190.75,17
182,2025,5,54045.31,24
182,2025,6,38669.18,26
182,2025,7,44907.4,44
182,2025,8,44893.94,51
182,2025,9,25307.63,35
182,2025,10,15686.7,3
184,2021,8,67100.81,57
184,2021,9,134305.79,93
184,2021,10,106219.83,101
184,2021,11,126918.24,114
184,2021,12,119808.67,89
184,2022,1,122017.71,94
184,2022,2,125201.48,118
184,2022,3,103672.46,95
184,2022,4,117393.41,101
184,2022,5,143035.04,113
184,2022,6,117003.5,94
184,2022,7,116405.92,91
184,2022,8,73893.89,125
184,2022,9,148573.3,88
184,2022,10,120858.34,109
184,2022,11,145712.2,115
184,2022,12,142188.35,97
184,2023,1,140452.74,96
184,2023,2,146496.27,120
184,2023,3,122921.76,92
184,2023,4,137193.09,88
184,2023,5,176150.66,122
184,2023,6,133749.97,83
184,2023,7,137651.98,60
184,2023,8,175367.65,87
184,2023,9,142881.6,82
184,2023,10,149061.08,94
184,2023,11,185556.79,120
184,2023,12,138953.88,137
184,2024,1,143275.05,98
184,2024,2,175242.92,137
184,2024,3,109905.68,94
184,2024,4,107708.6,106
184,2024,5,154245.26,136
184,2024,6,120483.76,101
184,2024,7,77804.07,112
184,2024,8,100685.47,135
184,2024,9,96837.47,109
184,2024,10,115550.57,107
184,2024,11,141888.79,134
184,2024,12,151972.42,107
184,2025,1,141184.25,112
184,2025,2,175775.4,151
184,2025,3,130967.74,114
184,2025,4,138763.32,103
184,2025,5,162888.48,145
184,2025,6,129148.98,132
184,2025,7,152133.42,134
184,2025,8,142976.61,173
184,2025,9,156103.31,107
184,2025,10,137799.57,57
192,2021,8,98588.61,58
192,2021,9,149916.02,91
192,2021,10,180393.63,91
192,2021,11,209723.16,112
192,2021,12,175038.44,91
192,2022,1,163835.58,81
192,2022,2,210724.45,113
192,2022,3,190137.49,91
192,2022,4,173449.82,83
192,2022,5,245367.79,122
192,2022,6,162193.43,90
192,2022,7,171204.15,83
192,2022,8,120949.47,104
192,2022,9,180550.16,95
192,2022,10,226551.17,83
192,2022,11,252106.19,110
192,2022,12,208309.27,80
192,2023,1,202028.07,84
192,2023,2,245390.55,116
192,2023,3,207333.56,96
192,2023,4,201785.11,94
192,2023,5,270117.92,111
192,2023,6,191146.18,71
192,2023,7,190742.69,59
192,2023,8,263338.14,72
192,2023,9,217048.96,80
192,2023,10,196083.21,98
192,2023,11,246263.69,125
192,2023,12,189799.44,122
192,2024,1,171084.63,86
192,2024,2,272716.12,112
192,2024,3,208502.41,88
192,2024,4,228674.69,91
192,2024,5,243831.71,108
192,2024,6,166849.51,86
192,2024,7,142113.63,89
192,2024,8,172156.37,122
192,2024,9,162863.97,84
192,2024,10,196570.35,98
192,2024,11,250715.46,119
192,2024,12,255013.56,94
192,2025,1,188640.4,96
192,2025,2,209267.95,112
192,2025,3,194600.33,87
192,2025,4,205894.4,93
192,2025,5,223197.58,124
192,2025,6,170503.63,110
192,2025,7,180191.18,137
192,2025,8,253790.5,158
192,2025,9,174691.79,112
192,2025,10,192629.35,43
199,2021,8,56794.69,31
199,2021,9,102876.72,63
199,2021,10,99045.72,53
199,2021,11,119989.57,62
199,2021,12,128005.26,56
199,2022,1,113259.92,49
199,2022,2,134715.46,70
199,2022,3,111490.86,62
199,2022,4,102234.24,53
199,2022,5,117144.57,65
199,2022,6,101931.64,60
199,2022,7,97867.74,51
199,2022,8,67031.59,72
199,2022,9,121199.16,62
199,2022,10,112181.17,56
199,2022,11,136913.73,73
199,2022,12,142272.87,56
199,2023,1,134655.78,50
199,2023,2,169764.05,74
199,2023,3,128558.29,52
199,2023,4,124263.62,55
199,2023,5,144866.5,68
199,2023,6,122698.18,53
199,2023,7,114775.38,37
199,2023,8,154034.94,53
199,2023,9,116426.25,53
199,2023,10,86006.56,59
199,2023,11,139879.59,78
199,2023,12,127878.86,90
199,2024,1,124226.17,71
199,2024,2,156481.9,83
199,2024,3,123336.51,74
199,2024,4,104458.5,68
199,2024,5,132249.09,91
199,2024,6,97217.92,68
199,2024,7,81371.5,79
199,2024,8,98684.08,97
199,2024,9,102995.98,74
199,2025,6,163618.26,10
199,2025,7,163935.13,22
199,2025,8,222089.3,28
199,2025,9,159428.61,9
200,2021,8,65008.51,46
200,2021,9,89903.66,73
200,2021,10,101572.7,84
200,2021,11,116789.55,100
200,2021,12,91000.86,77
200,2022,1,93936.95,78
200,2022,2,127640.13,100
200,2022,3,98057.79,86
200,2022,4,104507.42,80
200,2022,5,145575.87,97
200,2022,6,99839.48,72
200,2022,7,99666.52,83
200,2022,8,74161.03,93
200,2022,9,98244.65,82
200,2022,10,113577.31,81
200,2022,11,131449.18,94
200,2022,12,104602.04,76
200,2023,1,109564.42,79
200,2023,2,143015.83,98
200,2023,3,111058.63,81
200,2023,4,118415.89,82
200,2023,5,166325.39,92
200,2023,6,109826.21,65
200,2023,7,111919.47,53
200,2023,8,171314.03,65
200,2023,9,110206.7,80
200,2023,10,114131.35,89
200,2023,11,122435.36,90
200,2023,12,110016.09,102
200,2024,1,97943.72,71
200,2024,2,149846.39,83
200,2024,3,113062.16,67
200,2024,4,116336.14,62
200,2024,5,152334.27,74
200,2024,6,90337.07,58
200,2024,7,74386.39,45
200,2024,8,78257.13,60
200,2024,9,92146.94,45
200,2024,10,103183.15,38
200,2024,11,130944.47,50
200,2024,12,123996.04,34
200,2025,1,98674.9,39
200,2025,2,118359.65,51
200,2025,3,74199.4,38
200,2025,4,84296.38,37
200,2025,5,80799.24,48
200,2025,6,73900.65,53
200,2025,7,54538.12,68
200,2025,8,76202.66,77
200,2025,9,46734.95,53
200,2025,10,46841.33,19
201,2021,8,98232.56,53
201,2021,9,168779.96,81
201,2021,10,169254.9,85
201,2021,11,186796.51,101
201,2021,12,167879.68,92
201,2022,1,158270.28,93
201,2022,2,194483.31,107
201,2022,3,213548.13,94
201,2022,4,165094.93,88
201,2022,5,186769.37,106
201,2022,6,157173.96,79
201,2022,7,154643.68,78
201,2022,8,109435.5,99
201,2022,9,186524.16,84
201,2022,10,193866.36,100
201,2022,11,234393.79,113
201,2022,12,190808.83,89
201,2023,1,178197.06,82
201,2023,2,236779.53,111
201,2023,3,248317.41,90
201,2023,4,187915.23,81
201,2023,5,226864.98,108
201,2023,6,191097.57,67
201,2023,7,177281.16,67
201,2023,8,216322.42,70
201,2023,9,195029.09,76
201,2023,10,221150.54,78
201,2023,11,280902.09,106
201,2023,12,210003.06,111
201,2024,1,184422.54,91
201,2024,2,262377.58,104
201,2024,3,198148.33,77
201,2024,4,180610.68,99
201,2024,5,229952.12,101
201,2024,6,137055.36,90
201,2024,7,126928.7,92
201,2024,8,154985.0,107
201,2024,9,162350.13,79
201,2024,10,192646.57,88
201,2024,11,216739.17,106
201,2024,12,238941.89,87
201,2025,1,177193.15,86
201,2025,2,210942.24,122
201,2025,3,211796.58,94
201,2025,4,183975.57,89
201,2025,5,245992.08,117
201,2025,6,185056.46,122
201,2025,7,225660.04,126
201,2025,8,210305.99,170
201,2025,9,192398.94,103
201,2025,10,187830.26,47
204,2021,8,62977.83,34
204,2021,9,87410.57,58
204,2021,10,88491.03,57
204,2021,11,137633.4,76
204,2021,12,99131.15,53
204,2022,1,92700.53,66
204,2022,2,124560.92,72
204,2022,3,108497.9,67
204,2022,4,104541.33,66
204,2022,5,127243.44,76
204,2022,6,93790.51,59
204,2022,7,104528.21,59
204,2022,8,70340.37,77
204,2022,9,100336.48,64
204,2022,10,103265.78,62
204,2022,11,159699.62,78
204,2022,12,110765.64,54
204,2023,1,112116.74,53
204,2023,2,149385.29,79
204,2023,3,124593.57,62
204,2023,4,118299.12,64
204,2023,5,153135.31,71
204,2023,6,113594.71,57
204,2023,7,120483.92,46
204,2023,8,149284.81,49
204,2023,9,114635.82,51
204,2023,10,110440.24,58
204,2023,11,134344.71,84
204,2023,12,111175.99,83
204,2024,1,106582.83,57
204,2024,2,150974.8,83
204,2024,3,133879.11,64
204,2024,4,126295.11,64
204,2024,5,136258.04,84
204,2024,6,115676.02,57
204,2024,7,78391.54,62
204,2024,8,97559.58,75
204,2024,9,88347.77,63
204,2024,10,100612.37,67
204,2024,11,154079.22,72
204,2024,12,160803.17,65
204,2025,1,111850.44,68
204,2025,2,152067.88,76
204,2025,3,108548.94,62
204,2025,4,90033.74,56
204,2025,5,142500.57,83
204,2025,6,105825.57,77
204,2025,7,118318.3,82
204,2025,8,143737.16,113
204,2025,9,124783.62,71
204,2025,10,126193.69,32
209,2021,8,88069.66,39
209,2021,9,123963.44,66
209,2021,10,162370.29,67
209,2021,11,162754.01,82
209,2021,12,136073.56,71
209,2022,1,127251.53,78
209,2022,2,156823.46,99
209,2022,3,125260.52,72
209,2022,4,133232.89,78
209,2022,5,163731.02,92
209,2022,6,117915.12,66
209,2022,7,113807.95,69
209,2022,8,103155.15,85
209,2022,9,148896.34,68
209,2022,10,177295.89,79
209,2022,11,188038.61,88
209,2022,12,163144.37,61
209,2023,1,155474.09,66
209,2023,2,185598.49,82
209,2023,3,140047.63,76
209,2023,4,158944.63,62
209,2023,5,187095.12,79
209,2023,6,148014.23,53
209,2023,7,130819.93,47
209,2023,8,185352.92,49
209,2023,9,141520.36,42
209,2023,10,151009.69,59
209,2023,11,193638.71,72
209,2023,12,116526.41,72
209,2024,1,133150.58,63
209,2024,2,197070.59,60
209,2024,3,147293.78,54
209,2024,4,120777.81,31
209,2024,5,166491.33,36
209,2024,6,104406.77,32
209,2024,7,90630.28,24
209,2024,8,96819.87,31
209,2024,9,95012.29,22
209,2024,10,98497.66,22
209,2024,11,142871.24,31
209,2024,12,131639.34,21
209,2025,1,106826.25,20
209,2025,2,135509.22,26
209,2025,3,92887.42,10
209,2025,4,66952.59,11
209,2025,5,71277.01,7
209,2025,6,60729.46,18
209,2025,7,60011.69,30
209,2025,8,53312.7,40
209,2025,9,54095.1,23
209,2025,10,46182.54,4
212,2021,8,65412.63,41
212,2021,9,102256.56,66
212,2021,10,116579.79,70
212,2021,11,129633.85,74
212,2021,12,89700.07,62
212,2022,1,113485.57,71
212,2022,2,117047.11,82
212,2022,3,106506.4,71
212,2022,4,103466.89,62
212,2022,5,117209.16,84
212,2022,6,106907.19,66
212,2022,7,94658.47,61
212,2022,8,76037.15,81
212,2022,9,115517.52,61
212,2022,10,143393.78,67
212,2022,11,149190.87,68
212,2022,12,109669.14,64
212,2023,1,125565.64,67
212,2023,2,141909.87,68
212,2023,3,131024.51,60
212,2023,4,123345.49,54
212,2023,5,133578.84,63
212,2023,6,126081.31,47
212,2023,7,110190.23,35
212,2023,8,150389.41,38
212,2023,9,129317.22,48
212,2023,10,107158.34,55
212,2023,11,114249.21,58
212,2023,12,120489.13,58
212,2024,1,122645.38,35
212,2024,2,128589.23,36
212,2024,3,94778.52,31
212,2024,4,80358.79,29
212,2024,5,111987.17,37
212,2024,6,73583.83,25
212,2024,7,60764.64,30
212,2024,8,71109.01,34
212,2024,9,75274.37,31
212,2024,10,97909.29,19
212,2024,11,96373.15,32
212,2024,12,85723.18,23
212,2025,1,61688.97,16
212,2025,2,79427.92,24
212,2025,3,50878.92,21
212,2025,4,52990.31,13
212,2025,5,77074.17,20
212,2025,6,55786.37,24
212,2025,7,62006.02,36
212,2025,8,58350.64,41
212,2025,9,50987.92,23
212,2025,10,35186.57,6
222,2023,6,17441.42,11
222,2023,7,23668.19,23
222,2023,8,44606.59,44
222,2023,9,56802.14,53
222,2023,10,60168.74,59
222,2023,11,63006.77,75
222,2023,12,75551.7,88
222,2024,1,81578.37,74
222,2024,2,91836.64,101
222,2024,3,62861.25,81
222,2024,4,76122.81,79
222,2024,5,66818.76,79
222,2024,6,20487.76,58
222,2024,7,28224.27,67
222,2024,8,52694.51,61
222,2024,9,66154.98,38
222,2024,10,70502.33,41
222,2024,11,76661.99,51
222,2024,12,88468.05,41
222,2025,1,90550.7,42
222,2025,2,114058.75,52
222,2025,3,74367.43,40
222,2025,4,85676.46,40
222,2025,5,76394.06,43
222,2025,6,52005.27,35
222,2025,7,55267.09,34
222,2025,8,53515.62,37
222,2025,9,44064.94,30
222,2025,10,34881.11,17
227,2021,8,36493.34,43
227,2021,9,63953.04,58
227,2021,10,60554.63,57
227,2021,11,78800.82,70
227,2021,12,56401.5,57
227,2022,1,55536.2,55
227,2022,2,69177.31,72
227,2022,3,64250.15,61
227,2022,4,57014.15,57
227,2022,5,79549.72,78
227,2022,6,59315.56,60
227,2022,7,64475.99,66
227,2022,8,44388.98,71
227,2022,9,73119.38,59
227,2022,10,73817.31,56
227,2022,11,90379.57,74
227,2022,12,68359.55,60
227,2023,1,66489.05,64
227,2023,2,83495.27,77
227,2023,3,74414.28,60
227,2023,4,64289.62,65
227,2023,5,90388.45,87
227,2023,6,66992.32,54
227,2023,7,74602.68,43
227,2023,8,97339.37,54
227,2023,9,77576.46,57
227,2023,10,72775.63,64
227,2023,11,92654.52,82
227,2023,12,77622.87,78
227,2024,1,75206.1,60
227,2024,2,85654.46,76
227,2024,3,71998.31,62
227,2024,4,92800.18,53
227,2024,5,106965.95,69
227,2024,6,73891.97,58
227,2024,7,48978.52,53
227,2024,8,55388.3,53
227,2024,9,60909.65,30
227,2024,10,86076.79,30
227,2024,11,76841.8,33
227,2024,12,78624.06,26
227,2025,1,67540.74,29
227,2025,2,82485.43,37
227,2025,3,62132.55,28
227,2025,4,58799.0,27
227,2025,5,76471.53,32
227,2025,6,62047.93,40
227,2025,7,58409.77,41
227,2025,8,56967.28,59
227,2025,9,30122.84,31
227,2025,10,26687.29,13
241,2021,8,95607.85,64
241,2021,9,170917.52,91
241,2021,10,163266.17,98
241,2021,11,205679.83,136
241,2021,12,186503.02,108
241,2022,1,146995.41,95
241,2022,2,222829.66,119
241,2022,3,177691.68,90
241,2022,4,176678.71,107
241,2022,5,221975.53,132
241,2022,6,181660.0,100
241,2022,7,199100.47,95
241,2022,8,116400.02,136
241,2022,9,207092.51,95
241,2022,10,204757.3,108
241,2022,11,240036.8,137
241,2022,12,212145.05,109
241,2023,1,173308.81,98
241,2023,2,254666.47,119
241,2023,3,206242.68,89
241,2023,4,203779.75,98
241,2023,5,249662.86,146
241,2023,6,220768.41,89
241,2023,7,234371.24,60
241,2023,8,267240.83,84
241,2023,9,207631.12,78
241,2023,10,198763.6,95
241,2023,11,234903.71,130
241,2023,12,193035.46,113
241,2024,1,189365.21,107
241,2024,2,249799.28,132
241,2024,3,188618.35,107
241,2024,4,189408.68,95
241,2024,5,275900.94,127
241,2024,6,170365.98,101
241,2024,7,124412.79,102
241,2024,8,164714.99,123
241,2024,9,152186.34,96
241,2024,10,177054.68,106
241,2024,11,252764.26,120
241,2024,12,206102.43,107
241,2025,1,174343.08,105
241,2025,2,231572.1,123
241,2025,3,186830.32,100
241,2025,4,194437.59,96
241,2025,5,228012.86,131
241,2025,6,190234.23,123
241,2025,7,188085.58,145
241,2025,8,218260.46,201
241,2025,9,204775.97,128
241,2025,10,182778.14,54
247,2021,8,91886.6,52
247,2021,9,176646.78,103
247,2021,10,163961.28,103
247,2021,11,213395.14,124
247,2021,12,172234.8,93
247,2022,1,162542.64,88
247,2022,2,205129.11,122
247,2022,3,150258.74,82
247,2022,4,157182.51,97
247,2022,5,200397.16,101
247,2022,6,162092.25,97
247,2022,7,176434.0,89
247,2022,8,103258.73,111
247,2022,9,202556.49,94
247,2022,10,202518.54,94
247,2022,11,262494.22,123
247,2022,12,208995.69,95
247,2023,1,199441.8,87
247,2023,2,234283.0,107
247,2023,3,180476.05,95
247,2023,4,195371.53,83
247,2023,5,223891.79,128
247,2023,6,185517.7,72
247,2023,7,200979.11,58
247,2023,8,245313.89,75
247,2023,9,198110.79,88
247,2023,10,188353.39,84
247,2023,11,232348.69,119
247,2023,12,191695.82,123
247,2024,1,198247.87,94
247,2024,2,275964.42,114
247,2024,3,168313.7,100
247,2024,4,176987.48,87
247,2024,5,251966.06,120
247,2024,6,180447.1,104
247,2024,7,116419.22,94
247,2024,8,131419.21,107
247,2024,9,164204.29,87
247,2024,10,181876.75,96
247,2024,11,217148.98,113
247,2024,12,258065.28,100
247,2025,1,174579.02,89
247,2025,2,207600.49,122
247,2025,3,185330.48,87
247,2025,4,211523.1,114
247,2025,5,236838.6,119
247,2025,6,181940.85,117
247,2025,7,184787.81,125
247,2025,8,218323.22,186
247,2025,9,178747.61,105
247,2025,10,161232.63,49
250,2021,8,63512.13,34
250,2021,9,92932.69,55
250,2021,10,92625.05,56
250,2021,11,124146.21,77
250,2021,12,101133.46,55
250,2022,1,113396.74,54
250,2022,2,126675.56,79
250,2022,3,104917.92,51
250,2022,4,100127.79,56
250,2022,5,126999.44,78
250,2022,6,97383.39,57
250,2022,7,92402.79,54
250,2022,8,72032.44,64
250,2022,9,112222.86,57
250,2022,10,101034.73,58
250,2022,11,150380.07,64
250,2022,12,119034.4,63
250,2023,1,126344.76,59
250,2023,2,153057.25,68
250,2023,3,117321.97,58
250,2023,4,116497.85,59
250,2023,5,146842.27,75
250,2023,6,116408.18,45
250,2023,7,101154.2,37
250,2023,8,126150.95,43
250,2023,9,125457.59,46
250,2023,10,117004.51,65
250,2023,11,146110.74,69
250,2023,12,131310.64,72
250,2024,1,137957.84,61
250,2024,2,149422.71,75
250,2024,3,113440.95,58
250,2024,4,141696.75,58
250,2024,5,158985.72,77
250,2024,6,100859.08,51
250,2024,7,78599.74,51
250,2024,8,102978.02,69
250,2024,9,109915.81,67
250,2024,10,139316.28,64
250,2024,11,142531.05,77
250,2024,12,140504.91,68
250,2025,1,137137.53,52
250,2025,2,164980.4,76
250,2025,3,116203.56,52
250,2025,4,118066.89,56
250,2025,5,150519.3,76
250,2025,6,122124.15,79
250,2025,7,133793.14,83
250,2025,8,158162.58,94
250,2025,9,129896.17,78
250,2025,10,99927.56,31
254,2021,8,16406.59,19
254,2021,9,29969.48,31
254,2021,10,30382.03,28
254,2021,11,42131.04,43
254,2021,12,41245.84,31
254,2022,1,53337.94,31
254,2022,2,63813.39,46
254,2022,3,40544.82,34
254,2022,4,53945.61,32
254,2022,5,63106.16,46
254,2022,6,33803.37,39
254,2022,7,50560.48,37
254,2022,8,20091.6,57
254,2022,9,33284.25,43
254,2022,10,35395.96,41
254,2022,11,49714.35,60
254,2022,12,50510.2,45
254,2023,1,62594.98,48
254,2023,2,72132.75,58
254,2023,3,47143.87,44
254,2023,4,67797.92,43
254,2023,5,72727.65,64
254,2023,6,42273.23,38
254,2023,7,55507.65,32
254,2023,8,86881.89,40
254,2023,9,65852.03,42
254,2023,10,51809.22,47
254,2023,11,93095.98,72
254,2023,12,71669.21,68
254,2024,1,73431.16,68
254,2024,2,87933.19,82
254,2024,3,76179.57,67
254,2024,4,73513.95,70
254,2024,5,92065.55,76
254,2024,6,55696.69,75
254,2024,7,59691.69,69
254,2024,8,48444.82,90
254,2024,9,69564.52,65
254,2024,10,76878.28,78
254,2024,11,122579.78,73
254,2024,12,126953.51,65
254,2025,1,118314.3,73
254,2025,2,138604.41,82
254,2025,3,105705.31,63
254,2025,4,104448.61,66
254,2025,5,124762.07,82
254,2025,6,125221.08,77
254,2025,7,124043.96,87
254,2025,8,156636.2,99
254,2025,9,131155.39,73
254,2025,10,135285.8,34
267,2021,8,29801.52,18
267,2021,9,46473.02,29
267,2021,10,59504.91,29
267,2021,11,76212.7,40
267,2021,12,53627.51,32
267,2022,1,65153.7,38
267,2022,2,79300.56,40
267,2022,3,75915.33,33
267,2022,4,81929.49,42
267,2022,5,90888.87,50
267,2022,6,74716.78,40
267,2022,7,61962.46,36
267,2022,8,36812.39,57
267,2022,9,53790.3,44
267,2022,10,65814.79,38
267,2022,11,91241.5,50
267,2022,12,67552.94,41
267,2023,1,76540.52,43
267,2023,2,95501.69,55
267,2023,3,88486.94,40
267,2023,4,102093.11,46
267,2023,5,106931.62,53
267,2023,6,87945.46,36
267,2023,7,71702.94,26
267,2023,8,111762.91,40
267,2023,9,91647.96,41
267,2023,10,77551.76,50
267,2023,11,110305.98,73
267,2023,12,97246.86,83
267,2024,1,114977.75,74
267,2024,2,107457.59,100
267,2024,3,97061.08,72
267,2024,4,104574.67,74
267,2024,5,129882.66,98
267,2024,6,73656.45,71
267,2024,7,59562.28,74
267,2024,8,87847.78,91
267,2024,9,108501.45,75
267,2024,10,109621.21,87
267,2024,11,168647.9,105
267,2024,12,192033.84,83
267,2025,1,178594.22,81
267,2025,2,217669.05,113
267,2025,3,156131.82,84
267,2025,4,174788.6,81
267,2025,5,217391.81,114
267,2025,6,185006.69,99
267,2025,7,175245.34,104
267,2025,8,229334.43,135
267,2025,9,176516.93,100
267,2025,10,190200.82,42
269,2021,8,40127.67,20
269,2021,9,44735.1,28
269,2021,10,72089.55,31
269,2021,11,58901.38,42
269,2021,12,41731.82,27
269,2022,1,42784.52,27
269,2022,2,71007.82,39
269,2022,3,52910.55,31
269,2022,4,69744.58,30
269,2022,5,64077.06,40
269,2022,6,57617.31,25
269,2022,7,56855.36,31
269,2022,8,46480.78,40
269,2022,9,51352.72,33
269,2022,10,81987.32,31
269,2022,11,68203.36,34
269,2022,12,51009.63,30
269,2023,1,48328.63,32
269,2023,2,84726.11,36
269,2023,3,66719.32,35
269,2023,4,77167.52,29
269,2023,5,75038.03,42
269,2023,6,65009.55,34
269,2023,7,64645.9,28
269,2023,8,74417.91,38
269,2023,9,61596.68,38
269,2023,10,73859.75,46
269,2023,11,59325.95,68
269,2023,12,71132.87,65
269,2024,1,55205.81,53
269,2024,2,68362.46,75
269,2024,3,60721.5,63
269,2024,4,62089.14,65
269,2024,5,77182.0,78
269,2024,6,70713.52,74
269,2024,7,55580.3,65
269,2024,8,76733.52,98
269,2024,9,65691.42,84
269,2024,10,94461.72,85
269,2024,11,129043.81,98
269,2024,12,116331.5,83
269,2025,1,95527.61,78
269,2025,2,135500.85,102
269,2025,3,113771.39,84
269,2025,4,145551.9,82
269,2025,5,161561.76,116
269,2025,6,149606.24,96
269,2025,7,137911.98,94
269,2025,8,193840.03,132
269,2025,9,148783.66,91
269,2025,10,166203.32,41
270,2021,8,68188.78,67
270,2021,9,126933.97,109
270,2021,10,135857.72,112
270,2021,11,159422.69,149
270,2021,12,109932.57,123
270,2022,1,145641.13,122
270,2022,2,144549.51,145
270,2022,3,122329.3,122
270,2022,4,126704.43,127
270,2022,5,145060.6,128
270,2022,6,128842.08,142
270,2022,7,119643.63,115
270,2022,8,79993.47,132
270,2022,9,147488.24,108
270,2022,10,150657.62,120
270,2022,11,186088.69,149
270,2022,12,132407.47,113
270,2023,1,166612.43,115
270,2023,2,173553.52,143
270,2023,3,146103.13,109
270,2023,4,138653.49,121
270,2023,5,170954.94,132
270,2023,6,161066.98,119
270,2023,7,135370.69,111
270,2023,8,200526.61,149
270,2023,9,153988.3,111
270,2023,10,134415.38,105
270,2023,11,183422.57,153
270,2023,12,149025.42,151
270,2024,1,162296.71,113
270,2024,2,200881.98,155
270,2024,3,151843.87,116
270,2024,4,128559.07,116
270,2024,5,158954.49,154
270,2024,6,119439.52,109
270,2024,7,145027.38,122
270,2024,8,189640.89,147
270,2024,9,123962.88,119
270,2024,10,117676.75,110
270,2024,11,137406.26,139
270,2024,12,161238.45,122
270,2025,1,104863.61,107
270,2025,2,162393.91,150
270,2025,3,124717.45,122
270,2025,4,116025.64,120
270,2025,5,160969.72,161
270,2025,6,116495.33,120
270,2025,7,107131.26,128
270,2025,8,158474.73,146
270,2025,9,127439.14,121
270,2025,10,113522.62,61
281,2021,8,37941.24,35
281,2021,9,60397.36,64
281,2021,10,72620.49,61
281,2021,11,98093.85,73
281,2021,12,78779.83,56
281,2022,1,76516.6,60
281,2022,2,81322.85,70
281,2022,3,74954.09,60
281,2022,4,73228.34,57
281,2022,5,87434.66,65
281,2022,6,80257.89,64
281,2022,7,85405.12,59
281,2022,8,44977.8,75
281,2022,9,71813.96,60
281,2022,10,83882.37,68
281,2022,11,115057.19,78
281,2022,12,98854.94,55
281,2023,1,88646.25,55
281,2023,2,99147.2,77
281,2023,3,86074.47,67
281,2023,4,90237.62,75
281,2023,5,96767.39,91
281,2023,6,96517.73,54
281,2023,7,106180.79,44
281,2023,8,111409.15,58
281,2023,9,98283.33,62
281,2023,10,94632.06,72
281,2023,11,121702.91,71
281,2023,12,89298.14,76
281,2024,1,93977.14,52
281,2024,2,113532.71,58
281,2024,3,108052.52,45
281,2024,4,109567.03,39
281,2024,5,140455.21,45
281,2024,6,95036.28,34
281,2024,7,68054.48,35
281,2024,8,78410.8,35
281,2024,9,83298.79,19
281,2024,10,104027.23,25
281,2024,11,118624.55,29
281,2024,12,99644.4,28
281,2025,1,61486.36,22
281,2025,2,83535.11,28
281,2025,3,59468.36,23
281,2025,4,45371.91,23
281,2025,5,63340.29,24
281,2025,6,42816.26,34
281,2025,7,43677.44,38
281,2025,8,42400.06,63
281,2025,9,28458.85,27
281,2025,10,28680.49,8
285,2022,12,16128.16,7
285,2023,1,6607.89,5
285,2023,2,18109.26,11
285,2023,3,18648.29,12
285,2023,4,31587.24,18
285,2023,5,44231.63,24
285,2023,6,17922.85,14
285,2023,7,27274.91,17
285,2023,8,43775.56,20
285,2023,9,30858.92,20
285,2023,10,56948.12,29
285,2023,11,92757.35,57
285,2023,12,18806.72,47
285,2024,1,7474.54,35
285,2024,2,21704.16,45
285,2024,3,22417.78,47
285,2024,4,37463.23,42
285,2024,5,48969.55,51
285,2024,6,20814.09,44
285,2024,7,31921.11,46
285,2024,8,49793.54,63
285,2024,9,36545.73,40
285,2024,10,64784.6,38
285,2024,11,106801.84,51
285,2024,12,91483.31,36
285,2025,1,74207.01,39
285,2025,2,124465.15,51
285,2025,3,73902.65,43
285,2025,4,102799.61,40
285,2025,5,116966.76,51
285,2025,6,80180.91,48
285,2025,7,106094.83,57
285,2025,8,116444.82,71
285,2025,9,78204.67,48
285,2025,10,69439.87,20
288,2021,8,51076.93,43
288,2021,9,67701.96,56
288,2021,10,60369.42,52
288,2021,11,96318.43,68
288,2021,12,72376.48,59
288,2022,1,75423.03,55
288,2022,2,86649.09,74
288,2022,3,72545.23,60
288,2022,4,79361.85,58
288,2022,5,96116.62,77
288,2022,6,104991.42,58
288,2022,7,82995.74,68
288,2022,8,58562.08,75
288,2022,9,81185.79,59
288,2022,10,73395.67,57
288,2022,11,109931.77,78
288,2022,12,85348.2,50
288,2023,1,86620.88,60
288,2023,2,105465.56,71
288,2023,3,81886.08,61
288,2023,4,89871.32,59
288,2023,5,118413.37,77
288,2023,6,116121.73,62
288,2023,7,92191.43,61
288,2023,8,101564.7,78
288,2023,9,101482.12,63
288,2023,10,81438.41,52
288,2023,11,100077.95,71
288,2023,12,97963.65,70
288,2024,1,97646.68,59
288,2024,2,108457.54,71
288,2024,3,84810.57,54
288,2024,4,94201.75,54
288,2024,5,106631.96,73
288,2024,6,88540.42,52
288,2024,7,71132.79,61
288,2024,8,109430.64,73
288,2024,9,72455.61,61
288,2024,10,76737.1,59
288,2024,11,77287.88,73
288,2024,12,76490.95,56
288,2025,1,68439.12,48
288,2025,2,104038.2,72
288,2025,3,58847.92,51
288,2025,4,61668.84,56
288,2025,5,72436.78,64
288,2025,6,56492.18,62
288,2025,7,67161.32,56
288,2025,8,85376.21,71
288,2025,9,58789.64,57
288,2025,10,63746.38,30
296,2021,8,11883.08,8
296,2021,9,37144.65,26
296,2021,10,36218.74,25
296,2021,11,34977.2,25
296,2021,12,39388.4,20
296,2022,1,28987.16,20
296,2022,2,43410.25,27
296,2022,3,32554.82,21
296,2022,4,41811.74,23
296,2022,5,40112.23,26
296,2022,6,27939.32,19
296,2022,7,29920.1,27
296,2022,8,14694.31,28
296,2022,9,42785.67,20
296,2022,10,42356.78,28
296,2022,11,41770.87,24
296,2022,12,45009.48,26
296,2023,1,31983.05,24
296,2023,2,52952.97,27
296,2023,3,39832.17,28
296,2023,4,50879.55,19
296,2023,5,49297.72,31
296,2023,6,33134.99,23
296,2023,7,35377.92,14
296,2023,8,46366.76,24
296,2023,9,33670.78,28
296,2023,10,37456.9,26
296,2023,11,40641.58,35
296,2023,12,39679.51,42
296,2024,1,39612.6,40
296,2024,2,46916.09,50
296,2024,3,49897.63,48
296,2024,4,31527.24,51
296,2024,5,51834.8,61
296,2024,6,28046.49,51
296,2024,7,16803.85,43
296,2024,8,37393.13,68
296,2024,9,46341.48,52
296,2024,10,45310.52,52
296,2024,11,66756.57,71
296,2024,12,90273.95,55
296,2025,1,84270.07,63
296,2025,2,84362.26,68
296,2025,3,105760.32,67
296,2025,4,86473.7,71
296,2025,5,132611.2,75
296,2025,6,99586.54,75
296,2025,7,100153.16,81
296,2025,8,123566.03,94
296,2025,9,89982.47,74
296,2025,10,88993.15,32
302,2021,8,33826.96,22
302,2021,9,66592.31,45
302,2021,10,53498.55,41
302,2021,11,83032.39,51
302,2021,12,67301.41,40
302,2022,1,50588.8,39
302,2022,2,78055.58,53
302,2022,3,59983.2,38
302,2022,4,47902.74,37
302,2022,5,103371.36,59
302,2022,6,70139.52,41
302,2022,7,65825.18,48
302,2022,8,41106.11,54
302,2022,9,76776.94,43
302,2022,10,63033.84,49
302,2022,11,98561.43,71
302,2022,12,76188.63,58
302,2023,1,60118.92,56
302,2023,2,91181.97,65
302,2023,3,70522.09,61
302,2023,4,56101.37,56
302,2023,5,113172.04,58
302,2023,6,79756.24,52
302,2023,7,82068.56,40
302,2023,8,109302.3,54
302,2023,9,87973.03,45
302,2023,10,80491.46,67
302,2023,11,145005.53,76
302,2023,12,104814.69,79
302,2024,1,92619.18,65
302,2024,2,131531.46,77
302,2024,3,126098.34,68
302,2024,4,90503.51,73
302,2024,5,125756.61,85
302,2024,6,86228.96,69
302,2024,7,60785.6,78
302,2024,8,83456.59,92
302,2024,9,96302.44,77
302,2024,10,105093.97,66
302,2024,11,128985.7,84
302,2024,12,159123.52,78
302,2025,1,118706.63,71
302,2025,2,164968.72,88
302,2025,3,123540.23,69
302,2025,4,114804.84,63
302,2025,5,144664.67,84
302,2025,6,143719.02,80
302,2025,7,132601.07,91
302,2025,8,197369.42,115
302,2025,9,138752.22,88
302,2025,10,137445.22,32
303,2021,8,67921.13,33
303,2021,9,129222.19,58
303,2021,10,112847.82,61
303,2021,11,151178.81,81
303,2021,12,122718.22,55
303,2022,1,131936.72,63
303,2022,2,147473.55,80
303,2022,3,130763.02,71
303,2022,4,110880.45,56
303,2022,5,145087.65,76
303,2022,6,121415.86,62
303,2022,7,127513.05,69
303,2022,8,77510.21,76
303,2022,9,146097.86,61
303,2022,10,132033.29,68
303,2022,11,179812.94,72
303,2022,12,142555.05,58
303,2023,1,154806.31,57
303,2023,2,179817.35,76
303,2023,3,148289.53,61
303,2023,4,124441.46,62
303,2023,5,172585.84,78
303,2023,6,140627.4,52
303,2023,7,146880.36,41
303,2023,8,168724.3,44
303,2023,9,136537.56,54
303,2023,10,145474.9,60
303,2023,11,168797.67,73
303,2023,12,114655.34,63
303,2024,1,118162.35,66
303,2024,2,179544.5,69
303,2024,3,123032.74,62
303,2024,4,130791.12,58
303,2024,5,180062.54,72
303,2024,6,106532.26,65
303,2024,7,96837.86,71
303,2024,8,126454.53,82
303,2024,9,103513.84,55
303,2024,10,129912.09,60
303,2024,11,167906.37,74
303,2024,12,124041.98,63
303,2025,1,134009.53,62
303,2025,2,154428.17,78
303,2025,3,128490.76,62
303,2025,4,110889.04,64
303,2025,5,188768.57,81
303,2025,6,146961.15,76
303,2025,7,141205.18,88
303,2025,8,175852.4,115
303,2025,9,131693.27,85
303,2025,10,123163.31,38
305,2023,6,5280.35,4
305,2023,7,4386.78,4
305,2023,8,10899.56,5
305,2023,9,12534.31,7
305,2023,10,26691.69,19
305,2023,11,57609.91,25
305,2023,12,66158.36,38
305,2024,1,65666.88,40
305,2024,2,108666.73,61
305,2024,3,85620.72,45
305,2024,4,90824.55,55
305,2024,5,101085.1,59
305,2024,6,6219.11,56
305,2024,7,4949.74,51
305,2024,8,12430.53,67
305,2024,9,15587.28,50
305,2024,10,32470.86,48
305,2024,11,66698.32,65
305,2024,12,78898.13,50
305,2025,1,76347.74,56
305,2025,2,132295.66,64
305,2025,3,96691.21,61
305,2025,4,103160.48,59
305,2025,5,121106.03,69
305,2025,6,112660.57,51
305,2025,7,98685.07,56
305,2025,8,129091.41,72
305,2025,9,102544.87,56
305,2025,10,94360.11,25
314,2021,8,69084.7,44
314,2021,9,79594.87,65
314,2021,10,75702.91,66
314,2021,11,108909.41,95
314,2021,12,90882.25,68
314,2022,1,84291.99,64
314,2022,2,111555.62,92
314,2022,3,77765.56,73
314,2022,4,94614.55,74
314,2022,5,104298.75,87
314,2022,6,89856.8,63
314,2022,7,86662.29,66
314,2022,8,79919.92,87
314,2022,9,91722.08,73
314,2022,10,89266.44,68
314,2022,11,129749.97,82
314,2022,12,105744.5,70
314,2023,1,98575.05,69
314,2023,2,127767.96,87
314,2023,3,90691.34,77
314,2023,4,112690.29,76
314,2023,5,123559.63,87
314,2023,6,105238.82,60
314,2023,7,106032.35,46
314,2023,8,155824.11,61
314,2023,9,101703.66,58
314,2023,10,86523.84,68
314,2023,11,133811.9,101
314,2023,12,108188.09,90
314,2024,1,111564.49,62
314,2024,2,120316.17,70
314,2024,3,99246.7,54
314,2024,4,86852.42,50
314,2024,5,126540.66,58
314,2024,6,93341.28,43
314,2024,7,67843.15,34
314,2024,8,84999.53,42
314,2024,9,65497.69,34
314,2024,10,113198.02,42
314,2024,11,97895.95,31
314,2024,12,101616.53,26
314,2025,1,65935.68,30
314,2025,2,78392.81,39
314,2025,3,51380.38,27
314,2025,4,50970.37,26
314,2025,5,49741.4,33
314,2025,6,34477.96,38
314,2025,7,31066.46,52
314,2025,8,32543.58,61
314,2025,9,24259.85,38
314,2025,10,28563.81,12
316,2021,8,79376.2,51
316,2021,9,131745.93,82
316,2021,10,147489.73,74
316,2021,11,178207.1,109
316,2021,12,115265.72,75
316,2022,1,126219.07,84
316,2022,2,166864.04,89
316,2022,3,140564.62,87
316,2022,4,141057.63,83
316,2022,5,168049.77,103
316,2022,6,154536.19,75
316,2022,7,134660.08,75
316,2022,8,96633.73,107
316,2022,9,154749.37,82
316,2022,10,171229.15,86
316,2022,11,198844.75,107
316,2022,12,145666.61,88
316,2023,1,150778.06,88
316,2023,2,182543.09,104
316,2023,3,157907.88,77
316,2023,4,162186.98,81
316,2023,5,206047.74,101
316,2023,6,171750.57,77
316,2023,7,153935.71,53
316,2023,8,203408.75,79
316,2023,9,136804.13,63
316,2023,10,149639.78,82
316,2023,11,180959.58,101
316,2023,12,150008.72,102
316,2024,1,161613.51,78
316,2024,2,188722.3,105
316,2024,3,150566.58,88
316,2024,4,163640.54,95
316,2024,5,192040.52,111
316,2024,6,135507.63,84
316,2024,7,82460.75,79
316,2024,8,146016.97,108
316,2024,9,119616.86,85
316,2024,10,151283.81,84
316,2024,11,188335.56,104
316,2024,12,216837.62,78
316,2025,1,149901.65,76
316,2025,2,183673.56,102
316,2025,3,162033.15,80
316,2025,4,175871.74,79
316,2025,5,199100.28,99
316,2025,6,136922.75,94
316,2025,7,170897.1,105
316,2025,8,191892.7,146
316,2025,9,155598.07,93
316,2025,10,163370.95,40
318,2021,8,32754.54,35
318,2021,9,58211.19,61
318,2021,10,61511.44,61
318,2021,11,80695.38,73
318,2021,12,59836.82,62
318,2022,1,59368.54,68
318,2022,2,87342.16,79
318,2022,3,65277.22,63
318,2022,4,63971.34,65
318,2022,5,84249.31,84
318,2022,6,66304.62,59
318,2022,7,58986.97,56
318,2022,8,39425.97,81
318,2022,9,69282.16,62
318,2022,10,74428.09,67
318,2022,11,93948.82,77
318,2022,12,70916.27,59
318,2023,1,72052.35,61
318,2023,2,100598.4,75
318,2023,3,78362.81,61
318,2023,4,71524.45,54
318,2023,5,98980.83,89
318,2023,6,83584.55,61
318,2023,7,70973.63,55
318,2023,8,83915.09,80
318,2023,9,74843.7,61
318,2023,10,77350.32,64
318,2023,11,88923.92,72
318,2023,12,80619.46,81
318,2024,1,93442.13,51
318,2024,2,91830.04,79
318,2024,3,66452.16,73
318,2024,4,75275.78,59
318,2024,5,89105.92,76
318,2024,6,64007.94,65
318,2024,7,66041.14,65
318,2024,8,82588.03,73
318,2024,9,64945.71,70
318,2024,10,57920.95,68
318,2024,11,58900.05,83
318,2024,12,74877.53,65
318,2025,1,44849.89,73
318,2025,2,57483.68,78
318,2025,3,57235.32,61
318,2025,4,60958.33,64
318,2025,5,80115.76,77
318,2025,6,52634.64,62
318,2025,7,60551.31,53
318,2025,8,67482.71,77
318,2025,9,56944.04,62
318,2025,10,55991.81,33
321,2021,8,20271.62,12
321,2021,9,64646.41,29
321,2021,10,49953.8,34
321,2021,11,68721.43,37
321,2021,12,50555.5,24
321,2022,1,55494.75,35
321,2022,2,65525.35,33
321,2022,3,58128.64,27
321,2022,4,65299.34,31
321,2022,5,81427.22,36
321,2022,6,64583.89,29
321,2022,7,38806.83,31
321,2022,8,23136.74,46
321,2022,9,73482.92,37
321,2022,10,60678.2,39
321,2022,11,82418.88,52
321,2022,12,61087.86,38
321,2023,1,63466.32,40
321,2023,2,73523.34,52
321,2023,3,70781.97,40
321,2023,4,75185.97,48
321,2023,5,93180.89,53
321,2023,6,76176.36,42
321,2023,7,46653.37,28
321,2023,8,102761.4,36
321,2023,9,120635.02,30
321,2023,10,90640.48,43
321,2023,11,105559.55,52
321,2023,12,104095.74,59
321,2024,1,100998.8,50
321,2024,2,121820.66,60
321,2024,3,101467.3,50
321,2024,4,117804.08,51
321,2024,5,134364.4,77
321,2024,6,90474.27,54
321,2024,7,57739.66,58
321,2024,8,84991.04,70
321,2024,9,73814.1,51
321,2024,10,103465.69,57
321,2024,11,124949.93,72
321,2024,12,153763.63,55
321,2025,1,105297.34,54
321,2025,2,157037.16,71
321,2025,3,139555.17,58
321,2025,4,101597.65,60
321,2025,5,132701.36,69
321,2025,6,137712.21,63
321,2025,7,130822.8,79
321,2025,8,150588.72,91
321,2025,9,112051.08,62
321,2025,10,137508.82,31
324,2021,8,30899.36,17
324,2021,9,42110.72,30
324,2021,10,47012.32,29
324,2021,11,73421.03,37
324,2021,12,57365.36,31
324,2022,1,60492.37,32
324,2022,2,83134.87,44
324,2022,3,65233.53,32
324,2022,4,60271.1,41
324,2022,5,83548.61,52
324,2022,6,72443.29,39
324,2022,7,72296.47,38
324,2022,8,37527.95,54
324,2022,9,49047.14,44
324,2022,10,56197.77,39
324,2022,11,91422.97,54
324,2022,12,70803.83,44
324,2023,1,65985.35,49
324,2023,2,97189.25,64
324,2023,3,77232.48,49
324,2023,4,71172.64,52
324,2023,5,101843.25,73
324,2023,6,82611.52,51
324,2023,7,82213.05,35
324,2023,8,113664.89,43
324,2023,9,110301.29,49
324,2023,10,90908.43,61
324,2023,11,122662.12,84
324,2023,12,88182.71,85
324,2024,1,88442.87,67
324,2024,2,135113.88,87
324,2024,3,122577.77,70
324,2024,4,106087.03,68
324,2024,5,156816.75,90
324,2024,6,95112.53,77
324,2024,7,56117.48,89
324,2024,8,111106.6,97
324,2024,9,91942.47,73
324,2024,10,139428.15,86
324,2024,11,180587.68,113
324,2024,12,189379.67,85
324,2025,1,138383.6,86
324,2025,2,206202.41,117
324,2025,3,139562.94,95
324,2025,4,163243.17,82
324,2025,5,201165.22,106
324,2025,6,178037.69,99
324,2025,7,188949.14,111
324,2025,8,204864.39,128
324,2025,9,182225.71,89
324,2025,10,171735.81,49
326,2021,8,145354.22,73
326,2021,9,211873.26,135
326,2021,10,224428.28,131
326,2021,11,288595.5,152
326,2021,12,226464.77,116
326,2022,1,194793.51,125
326,2022,2,285145.94,163
326,2022,3,223044.87,135
326,2022,4,218505.08,135
326,2022,5,310389.83,174
326,2022,6,243695.11,126
326,2022,7,212959.05,129
326,2022,8,163228.95,144
326,2022,9,250108.97,126
326,2022,10,266189.72,124
326,2022,11,333847.37,153
326,2022,12,274539.91,127
326,2023,1,240819.32,117
326,2023,2,321059.75,144
326,2023,3,263603.11,123
326,2023,4,253003.39,127
326,2023,5,351002.38,161
326,2023,6,278704.94,106
326,2023,7,260345.87,84
326,2023,8,338580.62,95
326,2023,9,267648.49,92
326,2023,10,243255.6,133
326,2023,11,301781.22,145
326,2023,12,291414.31,147
326,2024,1,266342.26,127
326,2024,2,358728.92,158
326,2024,3,245773.0,129
326,2024,4,260743.69,121
326,2024,5,331584.79,160
326,2024,6,277342.71,125
326,2024,7,166996.18,126
326,2024,8,232594.62,159
326,2024,9,200316.41,118
326,2024,10,274884.64,133
326,2024,11,326844.9,152
326,2024,12,340337.48,125
326,2025,1,297515.21,130
326,2025,2,346360.8,153
326,2025,3,241674.94,116
326,2025,4,266473.63,120
326,2025,5,333722.37,151
326,2025,6,252816.65,138
326,2025,7,257990.92,172
326,2025,8,332828.21,212
326,2025,9,235283.88,145
326,2025,10,273357.01,58
327,2021,8,34211.06,28
327,2021,9,48380.13,38
327,2021,10,53443.52,51
327,2021,11,62530.04,49
327,2021,12,45558.18,47
327,2022,1,49945.66,40
327,2022,2,60526.36,50
327,2022,3,53713.93,43
327,2022,4,36616.95,39
327,2022,5,69220.34,50
327,2022,6,40768.52,42
327,2022,7,53542.51,43
327,2022,8,38717.54,51
327,2022,9,56888.37,43
327,2022,10,65096.93,47
327,2022,11,75490.92,52
327,2022,12,55696.49,44
327,2023,1,56763.35,43
327,2023,2,72096.68,59
327,2023,3,61495.04,49
327,2023,4,42272.47,45
327,2023,5,80103.71,55
327,2023,6,48556.2,43
327,2023,7,61183.97,47
327,2023,8,60334.64,64
327,2023,9,52766.41,58
327,2023,10,54037.84,58
327,2023,11,70869.63,57
327,2023,12,63717.64,61
327,2024,1,63165.04,44
327,2024,2,77008.87,60
327,2024,3,77118.37,52
327,2024,4,58031.72,47
327,2024,5,72256.29,46
327,2024,6,67325.84,29
327,2024,7,66007.82,28
327,2024,8,92480.62,23
327,2024,9,76859.69,19
327,2024,10,62567.39,17
327,2024,11,73410.23,27
327,2024,12,69235.85,23
327,2025,1,48859.79,15
327,2025,2,52398.04,18
327,2025,3,58876.92,23
327,2025,4,62562.68,16
327,2025,5,54376.25,21
327,2025,6,30926.85,13
327,2025,7,25089.71,11
327,2025,8,28030.56,20
327,2025,9,28506.18,12
327,2025,10,16454.2,3
332,2021,8,6570.21,6
332,2021,9,6700.28,10
332,2021,10,13006.69,13
332,2021,11,25736.06,23
332,2021,12,21888.4,14
332,2022,1,13245.41,13
332,2022,2,13261.66,13
332,2022,3,15790.89,10
332,2022,4,15398.1,9
332,2022,5,20170.69,15
332,2022,6,16953.46,14
332,2022,7,17088.26,16
332,2022,8,7753.56,18
332,2022,9,7796.37,14
332,2022,10,14853.87,9
332,2022,11,31443.83,13
332,2022,12,27400.44,12
332,2023,1,15508.91,9
332,2023,2,15871.2,16
332,2023,3,18833.78,18
332,2023,4,17656.24,19
332,2023,5,24786.43,25
332,2023,6,20368.37,15
332,2023,7,19495.2,13
332,2023,8,30317.71,16
332,2023,9,14966.54,14
332,2023,10,10859.94,21
332,2023,11,22001.78,43
332,2023,12,15965.52,42
332,2024,1,13825.45,36
332,2024,2,22544.21,61
332,2024,3,36881.05,68
332,2024,4,27263.22,68
332,2024,5,38183.81,82
332,2024,6,19776.76,66
332,2024,7,19297.47,74
332,2024,8,31001.77,88
332,2024,9,23031.31,76
332,2024,10,41079.99,91
332,2024,11,58734.62,109
332,2024,12,69119.56,89
332,2025,1,76408.12,93
332,2025,2,127891.79,123
332,2025,3,114288.78,110
332,2025,4,118925.77,93
332,2025,5,136387.15,125
332,2025,6,124931.69,114
332,2025,7,119587.01,110
332,2025,8,169720.63,150
332,2025,9,143803.17,119
332,2025,10,178350.54,57
334,2021,8,29066.19,27
334,2021,9,42269.1,36
334,2021,10,60517.02,39
334,2021,11,85180.2,46
334,2021,12,56341.97,40
334,2022,1,65998.18,40
334,2022,2,75299.16,44
334,2022,3,68675.79,41
334,2022,4,70349.32,45
334,2022,5,78848.0,51
334,2022,6,56605.34,38
334,2022,7,55232.24,39
334,2022,8,32964.55,46
334,2022,9,51695.25,47
334,2022,10,72599.18,37
334,2022,11,104886.28,51
334,2022,12,64471.47,45
334,2023,1,73404.54,40
334,2023,2,92677.61,53
334,2023,3,74767.61,40
334,2023,4,87044.12,34
334,2023,5,90742.67,44
334,2023,6,67981.11,25
334,2023,7,64012.93,23
334,2023,8,90142.71,32
334,2023,9,77299.2,27
334,2023,10,69542.27,35
334,2023,11,98536.37,40
334,2023,12,68722.94,38
334,2024,1,70051.08,32
334,2024,2,100018.86,30
334,2024,3,66589.71,25
334,2024,4,51761.39,20
334,2024,5,89178.27,29
334,2024,6,51336.34,23
334,2024,7,41779.29,26
334,2024,8,49679.26,28
334,2024,9,54148.32,21
334,2024,10,63720.73,19
334,2024,11,70839.73,26
334,2024,12,74624.68,21
334,2025,1,51597.65,18
334,2025,2,46850.92,25
334,2025,3,38967.25,15
334,2025,4,32315.05,12
334,2025,5,42546.71,20
334,2025,6,39288.25,26
334,2025,7,48368.47,29
334,2025,8,34584.6,34
334,2025,9,31600.63,19
334,2025,10,36492.65,9
341,2021,8,44325.76,20
341,2021,9,73676.99,44
341,2021,10,70617.6,39
341,2021,11,89671.75,56
341,2021,12,74730.24,47
341,2022,1,75382.76,45
341,2022,2,87671.65,59
341,2022,3,82845.2,50
341,2022,4,92764.9,49
341,2022,5,102840.11,60
341,2022,6,67318.51,47
341,2022,7,78158.86,44
341,2022,8,50975.84,56
341,2022,9,85557.28,47
341,2022,10,80834.58,50
341,2022,11,102611.58,66
341,2022,12,88306.82,53
341,2023,1,82844.38,49
341,2023,2,101540.73,63
341,2023,3,102245.29,45
341,2023,4,106628.18,42
341,2023,5,117116.0,68
341,2023,6,79190.88,40
341,2023,7,93503.22,48
341,2023,8,105968.95,52
341,2023,9,89743.67,57
341,2023,10,98977.93,68
341,2023,11,122808.78,76
341,2023,12,108189.14,92
341,2024,1,80674.43,74
341,2024,2,109871.85,86
341,2024,3,85398.29,66
341,2024,4,92328.2,75
341,2024,5,121106.67,86
341,2024,6,91742.08,64
341,2024,7,101395.46,65
341,2024,8,103222.1,90
341,2024,9,126385.12,75
341,2024,10,123312.59,76
341,2024,11,146058.91,92
341,2024,12,166032.88,68
341,2025,1,133417.15,80
341,2025,2,175280.17,92
341,2025,3,123161.78,81
341,2025,4,139224.39,68
341,2025,5,188976.65,90
341,2025,6,161246.26,95
341,2025,7,120147.08,102
341,2025,8,172817.25,134
341,2025,9,155140.12,88
341,2025,10,141761.55,39
355,2021,8,46748.06,39
355,2021,9,96507.92,73
355,2021,10,87793.89,70
355,2021,11,102308.3,82
355,2021,12,83192.9,62
355,2022,1,91689.82,71
355,2022,2,107636.21,94
355,2022,3,78015.53,66
355,2022,4,96960.31,74
355,2022,5,121256.46,88
355,2022,6,75666.96,66
355,2022,7,76166.16,73
355,2022,8,53842.7,87
355,2022,9,119062.69,65
355,2022,10,109047.72,69
355,2022,11,114643.09,97
355,2022,12,98678.35,85
355,2023,1,105334.32,79
355,2023,2,120469.77,95
355,2023,3,92354.61,72
355,2023,4,117371.55,74
355,2023,5,142529.37,108
355,2023,6,89703.69,63
355,2023,7,92595.76,56
355,2023,8,128221.07,77
355,2023,9,98656.39,68
355,2023,10,99726.11,89
355,2023,11,123353.28,112
355,2023,12,133674.04,119
355,2024,1,126711.75,106
355,2024,2,136083.13,127
355,2024,3,109086.98,106
355,2024,4,117362.41,103
355,2024,5,150636.15,134
355,2024,6,101110.99,107
355,2024,7,73143.19,120
355,2024,8,104624.86,143
355,2024,9,107293.13,117
355,2024,10,123815.66,123
355,2024,11,153978.92,142
355,2024,12,201521.67,128
355,2025,1,135292.13,117
355,2025,2,190944.5,147
355,2025,3,138113.93,127
355,2025,4,153796.61,113
355,2025,5,214263.97,139
355,2025,6,158534.93,140
355,2025,7,164454.96,165
355,2025,8,228297.15,199
355,2025,9,158100.59,145
355,2025,10,189434.78,68
359,2021,8,48186.59,25
359,2021,9,87809.78,49
359,2021,10,76689.74,43
359,2021,11,120379.33,63
359,2021,12,98925.82,50
359,2022,1,100707.4,46
359,2022,2,109646.08,63
359,2022,3,87343.31,50
359,2022,4,77005.17,42
359,2022,5,124973.41,62
359,2022,6,84316.55,44
359,2022,7,94529.74,49
359,2022,8,55036.89,70
359,2022,9,97857.19,51
359,2022,10,92604.39,53
359,2022,11,135276.82,65
359,2022,12,111657.94,52
359,2023,1,116188.81,49
359,2023,2,135396.47,69
359,2023,3,100589.12,56
359,2023,4,89934.4,55
359,2023,5,142522.24,72
359,2023,6,91950.56,51
359,2023,7,109916.25,33
359,2023,8,153789.76,47
359,2023,9,124038.05,47
359,2023,10,102361.18,57
359,2023,11,157776.93,77
359,2023,12,108376.61,72
359,2024,1,130581.94,50
359,2024,2,169198.27,72
359,2024,3,138010.25,48
359,2024,4,123874.84,56
359,2024,5,165887.38,84
359,2024,6,109859.1,57
359,2024,7,75049.18,57
359,2024,8,103686.46,80
359,2024,9,110167.18,73
359,2024,10,123360.46,76
359,2024,11,142352.67,87
359,2024,12,172508.62,82
359,2025,1,145714.4,65
359,2025,2,168422.55,91
359,2025,3,110241.05,78
359,2025,4,147903.54,71
359,2025,5,186826.13,96
359,2025,6,130401.46,96
359,2025,7,129522.35,87
359,2025,8,203536.0,129
359,2025,9,189026.95,85
359,2025,10,178380.55,28
360,2021,8,90369.54,55
360,2021,9,136402.98,84
360,2021,10,136818.18,85
360,2021,11,204160.1,113
360,2021,12,147850.6,88
360,2022,1,154815.33,92
360,2022,2,153266.92,101
360,2022,3,152409.3,95
360,2022,4,133863.58,79
360,2022,5,194559.9,115
360,2022,6,134408.93,85
360,2022,7,126332.07,92
360,2022,8,107461.97,113
360,2022,9,151146.82,91
360,2022,10,172992.99,87
360,2022,11,226673.64,115
360,2022,12,172524.11,80
360,2023,1,185146.95,80
360,2023,2,183974.68,96
360,2023,3,175112.34,71
360,2023,4,165412.78,75
360,2023,5,224902.42,86
360,2023,6,164000.88,63
360,2023,7,155989.28,43
360,2023,8,214241.34,57
360,2023,9,186348.83,49
360,2023,10,159988.88,64
360,2023,11,219896.87,77
360,2023,12,165416.85,76
360,2024,1,141677.72,56
360,2024,2,190764.85,76
360,2024,3,145474.88,59
360,2024,4,145134.67,56
360,2024,5,176055.11,52
360,2024,6,104211.84,47
360,2024,7,78972.11,31
360,2024,8,99262.46,38
360,2024,9,83222.6,23
360,2024,10,117962.38,25
360,2024,11,136074.37,28
360,2024,12,132085.9,20
360,2025,1,108793.89,25
360,2025,2,126812.01,26
360,2025,3,94901.6,24
360,2025,4,95118.63,22
360,2025,5,112917.59,28
360,2025,6,76047.94,33
360,2025,7,65750.53,35
360,2025,8,76181.23,52
360,2025,9,49223.7,23
360,2025,10,42965.42,12
367,2021,8,67253.44,49
367,2021,9,120964.9,88
367,2021,10,114617.54,86
367,2021,11,141398.58,100
367,2021,12,95298.95,87
367,2022,1,107854.55,84
367,2022,2,134084.31,103
367,2022,3,98543.04,86
367,2022,4,114541.04,87
367,2022,5,122735.59,93
367,2022,6,98267.2,82
367,2022,7,108896.58,84
367,2022,8,76269.16,109
367,2022,9,141728.95,82
367,2022,10,132057.58,84
367,2022,11,160657.81,104
367,2022,12,114321.79,86
367,2023,1,132076.78,93
367,2023,2,147346.77,96
367,2023,3,109412.08,88
367,2023,4,138914.66,76
367,2023,5,150066.3,114
367,2023,6,120668.67,76
367,2023,7,134124.87,60
367,2023,8,152730.03,60
367,2023,9,134678.78,70
367,2023,10,120423.95,86
367,2023,11,138617.97,109
367,2023,12,117285.48,115
367,2024,1,136343.09,67
367,2024,2,168608.13,81
367,2024,3,132794.71,61
367,2024,4,114347.83,54
367,2024,5,162077.18,52
367,2024,6,99610.47,33
367,2024,7,102371.26,27
367,2024,8,85931.13,27
367,2024,9,105316.73,12
367,2024,10,100651.49,13
367,2024,11,163111.55,12
367,2024,12,136585.06,9
367,2025,1,84100.58,8
367,2025,2,105333.5,9
367,2025,3,70589.37,6
367,2025,4,73470.36,5
367,2025,5,79927.7,8
367,2025,6,34891.53,18
367,2025,7,30858.38,42
367,2025,8,34661.28,43
367,2025,9,21827.77,20
367,2025,10,12014.39,1
375,2021,8,28436.55,24
375,2021,9,50876.37,37
375,2021,10,44019.41,32
375,2021,11,57849.72,50
375,2021,12,51183.78,37
375,2022,1,57471.36,41
375,2022,2,73080.05,47
375,2022,3,73327.88,42
375,2022,4,56320.38,43
375,2022,5,75141.45,64
375,2022,6,65630.85,46
375,2022,7,62689.33,51
375,2022,8,33948.45,55
375,2022,9,62359.93,56
375,2022,10,53210.06,60
375,2022,11,72065.88,64
375,2022,12,59320.15,51
375,2023,1,68787.03,50
375,2023,2,88576.53,62
375,2023,3,83511.01,55
375,2023,4,67749.69,54
375,2023,5,89705.74,59
375,2023,6,80466.71,47
375,2023,7,77261.6,36
375,2023,8,106838.11,43
375,2023,9,108224.94,41
375,2023,10,101175.03,59
375,2023,11,98898.78,69
375,2023,12,90445.07,73
375,2024,1,105098.12,63
375,2024,2,117424.83,75
375,2024,3,90058.51,62
375,2024,4,86663.51,62
375,2024,5,116852.83,78
375,2024,6,97822.13,66
375,2024,7,67709.13,63
375,2024,8,74369.16,81
375,2024,9,69983.35,70
375,2024,10,110378.91,65
375,2024,11,117551.79,79
375,2024,12,109212.33,75
375,2025,1,111630.68,73
375,2025,2,133438.47,82
375,2025,3,123813.84,66
375,2025,4,117143.4,72
375,2025,5,160150.32,93
375,2025,6,128041.88,83
375,2025,7,126782.78,83
375,2025,8,162289.75,110
375,2025,9,136983.27,76
375,2025,10,113573.29,32
383,2021,8,72753.02,45
383,2021,9,108266.85,78
383,2021,10,98547.33,70
383,2021,11,145079.85,104
383,2021,12,115591.82,65
383,2022,1,111957.04,71
383,2022,2,129999.52,86
383,2022,3,129585.52,77
383,2022,4,119223.57,73
383,2022,5,138728.86,86
383,2022,6,103838.79,73
383,2022,7,117108.74,72
383,2022,8,85668.67,98
383,2022,9,124974.54,80
383,2022,10,112511.01,82
383,2022,11,168445.05,108
383,2022,12,134909.8,78
383,2023,1,131088.62,90
383,2023,2,157070.29,110
383,2023,3,152523.04,97
383,2023,4,135715.62,93
383,2023,5,156992.8,116
383,2023,6,125880.27,77
383,2023,7,134716.04,62
383,2023,8,180103.49,75
383,2023,9,134639.53,69
383,2023,10,140951.98,95
383,2023,11,201492.93,100
383,2023,12,159220.0,120
383,2024,1,157239.58,94
383,2024,2,186898.05,109
383,2024,3,153720.92,102
383,2024,4,158579.57,93
383,2024,5,201876.2,143
383,2024,6,157115.25,109
383,2024,7,97766.01,110
383,2024,8,132889.24,131
383,2024,9,136469.61,109
383,2024,10,164428.07,107
383,2024,11,200383.75,124
383,2024,12,210918.49,110
383,2025,1,172447.68,107
383,2025,2,217341.07,132
383,2025,3,177108.8,116
383,2025,4,194544.67,113
383,2025,5,260712.41,138
383,2025,6,203948.1,121
383,2025,7,187408.19,137
383,2025,8,265762.67,151
383,2025,9,217596.27,121
383,2025,10,192321.62,62
394,2021,8,74627.72,62
394,2021,9,125192.68,103
394,2021,10,106746.24,105
394,2021,11,149798.61,124
394,2021,12,122564.77,103
394,2022,1,108184.14,95
394,2022,2,127055.15,123
394,2022,3,114761.97,108
394,2022,4,117206.27,104
394,2022,5,142236.3,122
394,2022,6,130681.56,99
394,2022,7,113872.94,87
394,2022,8,88828.54,139
394,2022,9,140139.72,93
394,2022,10,121271.6,97
394,2022,11,173222.87,128
394,2022,12,140662.55,106
394,2023,1,122021.15,90
394,2023,2,152096.67,130
394,2023,3,133963.44,108
394,2023,4,142159.02,104
394,2023,5,167749.72,115
394,2023,6,154751.92,84
394,2023,7,130534.99,57
394,2023,8,179839.48,87
394,2023,9,144832.74,85
394,2023,10,140831.81,105
394,2023,11,174686.6,128
394,2023,12,126433.26,122
394,2024,1,127372.68,100
394,2024,2,163065.85,120
394,2024,3,117957.14,108
394,2024,4,135977.11,94
394,2024,5,149857.66,128
394,2024,6,94276.29,99
394,2024,7,71309.3,97
394,2024,8,96201.84,126
394,2024,9,84233.26,97
394,2024,10,114195.19,102
394,2024,11,133523.79,115
394,2024,12,141383.8,109
394,2025,1,112350.88,94
394,2025,2,130319.07,132
394,2025,3,92506.39,102
394,2025,4,93198.33,108
394,2025,5,127506.51,132
394,2025,6,108953.79,120
394,2025,7,107293.74,118
394,2025,8,137833.23,183
394,2025,9,99482.59,117
394,2025,10,107861.86,48
400,2021,8,26060.64,15
400,2021,9,42818.03,26
400,2021,10,58101.97,27
400,2021,11,51770.33,31
400,2021,12,36344.93,26
400,2022,1,41712.59,23
400,2022,2,54937.21,32
400,2022,3,57153.2,30
400,2022,4,39003.68,27
400,2022,5,58238.71,35
400,2022,6,57087.8,28
400,2022,7,37425.73,27
400,2022,8,29601.07,41
400,2022,9,52322.57,24
400,2022,10,64770.92,26
400,2022,11,60625.79,41
400,2022,12,44876.49,30
400,2023,1,46208.12,27
400,2023,2,63899.27,46
400,2023,3,66435.06,36
400,2023,4,46105.75,36
400,2023,5,72743.12,53
400,2023,6,66722.8,27
400,2023,7,45273.63,21
400,2023,8,78493.53,28
400,2023,9,41032.52,33
400,2023,10,50265.82,45
400,2023,11,67001.08,63
400,2023,12,54722.28,83
400,2024,1,55308.8,62
400,2024,2,67916.24,83
400,2024,3,74197.51,73
400,2024,4,46577.85,70
400,2024,5,77950.19,111
400,2024,6,48331.92,84
400,2024,7,33936.03,87
400,2024,8,57982.74,117
400,2024,9,65720.29,91
400,2024,10,76290.36,108
400,2024,11,110557.88,130
400,2024,12,128162.12,106
400,2025,1,114757.7,106
400,2025,2,145927.5,145
400,2025,3,117578.23,99
400,2025,4,129518.53,108
400,2025,5,168824.97,147
400,2025,6,135062.03,116
400,2025,7,146405.66,132
400,2025,8,192203.81,141
400,2025,9,120108.01,115
400,2025,10,147502.45,62
402,2021,8,46757.53,43
402,2021,9,97851.46,87
402,2021,10,93992.2,70
402,2021,11,116058.82,101
402,2021,12,85562.39,72
402,2022,1,91703.39,75
402,2022,2,116590.36,106
402,2022,3,95974.5,77
402,2022,4,100729.77,85
402,2022,5,111234.44,98
402,2022,6,94934.18,83
402,2022,7,113627.72,87
402,2022,8,54844.41,86
402,2022,9,116235.45,83
402,2022,10,110339.53,73
402,2022,11,133945.01,91
402,2022,12,101149.96,83
402,2023,1,110852.01,82
402,2023,2,139137.62,99
402,2023,3,109853.45,80
402,2023,4,119470.37,85
402,2023,5,133409.57,97
402,2023,6,113077.1,76
402,2023,7,134712.79,76
402,2023,8,140910.08,100
402,2023,9,114430.44,72
402,2023,10,96425.5,69
402,2023,11,140706.52,100
402,2023,12,112365.67,104
402,2024,1,118563.14,71
402,2024,2,126805.12,102
402,2024,3,80455.83,77
402,2024,4,114494.35,69
402,2024,5,141719.21,89
402,2024,6,85252.04,82
402,2024,7,84492.71,77
402,2024,8,110139.8,96
402,2024,9,88626.04,78
402,2024,10,85030.4,76
402,2024,11,104630.62,94
402,2024,12,125440.63,80
402,2025,1,91752.17,73
402,2025,2,111624.18,97
402,2025,3,76477.13,77
402,2025,4,64302.4,82
402,2025,5,110130.51,98
402,2025,6,79459.42,86
402,2025,7,92307.5,84
402,2025,8,104417.09,98
402,2025,9,72958.32,85
402,2025,10,73224.13,40
404,2021,8,21474.08,16
404,2021,9,33484.69,26
404,2021,10,33405.79,25
404,2021,11,33211.14,29
404,2021,12,25637.81,23
404,2022,1,27219.21,26
404,2022,2,48687.21,34
404,2022,3,30548.26,24
404,2022,4,31423.02,23
404,2022,5,34351.15,31
404,2022,6,32055.95,24
404,2022,7,33016.07,24
404,2022,8,26233.55,32
404,2022,9,38059.3,26
404,2022,10,37666.36,31
404,2022,11,37418.59,31
404,2022,12,30486.51,22
404,2023,1,31814.46,27
404,2023,2,56313.25,29
404,2023,3,35246.08,23
404,2023,4,39332.94,25
404,2023,5,42178.31,29
404,2023,6,39068.89,20
404,2023,7,40216.26,17
404,2023,8,46091.0,19
404,2023,9,46295.13,24
404,2023,10,44052.62,27
404,2023,11,39331.09,39
404,2023,12,36614.37,38
404,2024,1,32948.03,33
404,2024,2,54915.82,39
404,2024,3,44427.46,37
404,2024,4,32248.43,45
404,2024,5,51727.48,64
404,2024,6,24036.98,58
404,2024,7,21834.11,63
404,2024,8,30525.89,74
404,2024,9,32763.34,55
404,2024,10,38583.18,70
404,2024,11,59958.59,82
404,2024,12,65139.19,68
404,2025,1,51322.58,74
404,2025,2,65023.55,102
404,2025,3,49220.33,66
404,2025,4,66815.05,73
404,2025,5,97396.99,83
404,2025,6,87651.43,78
404,2025,7,102251.4,84
404,2025,8,115714.21,99
404,2025,9,78943.45,83
404,2025,10,114245.71,36
409,2021,8,108106.55,61
409,2021,9,176815.61,112
409,2021,10,164798.97,111
409,2021,11,226684.75,147
409,2021,12,160464.94,112
409,2022,1,180537.28,115
409,2022,2,189669.58,149
409,2022,3,174839.56,115
409,2022,4,169895.4,113
409,2022,5,209779.74,149
409,2022,6,179401.04,114
409,2022,7,153068.08,107
409,2022,8,126278.62,159
409,2022,9,216920.41,120
409,2022,10,183646.01,121
409,2022,11,267726.81,136
409,2022,12,196049.06,95
409,2023,1,204743.47,98
409,2023,2,221951.54,108
409,2023,3,206806.42,89
409,2023,4,207599.02,88
409,2023,5,256957.99,99
409,2023,6,206273.53,61
409,2023,7,186991.45,55
409,2023,8,284893.1,61
409,2023,9,192504.15,63
409,2023,10,196426.29,79
409,2023,11,258242.16,105
409,2023,12,181125.75,102
409,2024,1,157890.08,68
409,2024,2,175205.67,64
409,2024,3,159203.42,59
409,2024,4,148389.59,56
409,2024,5,175262.02,62
409,2024,6,118905.86,51
409,2024,7,94904.84,46
409,2024,8,103919.36,58
409,2024,9,100848.54,39
409,2024,10,160048.58,36
409,2024,11,184910.08,46
409,2024,12,184074.19,43
409,2025,1,108831.18,30
409,2025,2,128979.68,35
409,2025,3,101974.22,32
409,2025,4,103253.57,32
409,2025,5,113687.54,39
409,2025,6,83402.48,47
409,2025,7,99386.81,46
409,2025,8,101292.46,70
409,2025,9,73448.81,32
409,2025,10,58351.74,10
417,2021,8,17994.28,8
417,2021,9,29623.59,13
417,2021,10,24707.85,12
417,2021,11,28738.82,17
417,2021,12,28946.53,14
417,2022,1,28479.94,13
417,2022,2,47368.02,20
417,2022,3,32112.9,17
417,2022,4,42217.61,15
417,2022,5,45320.87,20
417,2022,6,34656.03,16
417,2022,7,31785.08,17
417,2022,8,22330.67,20
417,2022,9,33705.15,22
417,2022,10,29862.9,34
417,2022,11,31821.29,38
417,2022,12,34734.78,31
417,2023,1,31471.79,35
417,2023,2,54448.96,39
417,2023,3,38837.99,31
417,2023,4,48216.04,32
417,2023,5,50218.85,37
417,2023,6,39741.6,32
417,2023,7,37094.27,21
417,2023,8,35070.35,37
417,2023,9,52785.53,27
417,2023,10,82272.44,42
417,2023,11,85779.68,50
417,2023,12,80162.28,59
417,2024,1,62293.15,43
417,2024,2,86499.13,58
417,2024,3,72889.45,54
417,2024,4,69705.99,46
417,2024,5,71869.72,67
417,2024,6,53431.85,62
417,2024,7,40958.78,68
417,2024,8,81907.99,77
417,2024,9,57269.75,72
417,2024,10,86091.58,70
417,2024,11,105062.25,90
417,2024,12,131406.15,71
417,2025,1,113746.06,66
417,2025,2,129893.67,95
417,2025,3,120038.32,65
417,2025,4,112117.97,68
417,2025,5,145255.47,99
417,2025,6,118248.77,79
417,2025,7,142386.73,77
417,2025,8,172731.86,101
417,2025,9,143017.71,71
417,2025,10,149536.29,36
425,2021,8,99491.08,66
425,2021,9,177349.97,117
425,2021,10,161936.13,114
425,2021,11,197743.63,149
425,2021,12,145645.62,111
425,2022,1,156792.98,111
425,2022,2,210486.32,147
425,2022,3,157114.9,111
425,2022,4,173571.86,114
425,2022,5,214716.25,138
425,2022,6,161692.12,117
425,2022,7,164874.76,102
425,2022,8,113124.23,144
425,2022,9,199185.79,118
425,2022,10,183688.33,126
425,2022,11,235182.47,152
425,2022,12,171803.98,95
425,2023,1,178073.09,114
425,2023,2,231301.87,149
425,2023,3,171275.46,124
425,2023,4,194804.7,112
425,2023,5,238547.63,136
425,2023,6,182812.51,98
425,2023,7,193087.86,78
425,2023,8,241748.85,100
425,2023,9,188215.02,86
425,2023,10,199515.27,111
425,2023,11,221761.49,152
425,2023,12,156701.53,136
425,2024,1,179104.38,114
425,2024,2,236961.32,155
425,2024,3,193984.4,109
425,2024,4,190546.33,122
425,2024,5,244837.11,125
425,2024,6,141789.36,118
425,2024,7,130501.63,108
425,2024,8,138576.9,153
425,2024,9,148948.8,116
425,2024,10,183213.49,120
425,2024,11,253657.31,146
425,2024,12,226891.41,116
425,2025,1,217834.53,119
425,2025,2,244182.48,149
425,2025,3,176115.11,106
425,2025,4,199527.84,120
425,2025,5,245707.84,152
425,2025,6,192368.59,142
425,2025,7,192641.72,167
425,2025,8,242433.24,199
425,2025,9,195745.28,132
425,2025,10,170939.59,58
436,2021,8,7806.63,7
436,2021,9,20270.72,17
436,2021,10,26699.17,15
436,2021,11,27059.54,22
436,2021,12,18289.21,12
436,2022,1,23192.99,17
436,2022,2,25795.06,17
436,2022,3,23050.4,15
436,2022,4,18696.61,18
436,2022,5,25420.38,20
436,2022,6,19484.81,18
436,2022,7,22756.91,15
436,2022,8,8951.36,21
436,2022,9,24229.49,19
436,2022,10,30704.09,18
436,2022,11,29962.52,22
436,2022,12,22578.36,15
436,2023,1,26805.44,18
436,2023,2,29259.77,25
436,2023,3,25754.82,22
436,2023,4,21292.21,22
436,2023,5,30713.06,35
436,2023,6,23257.99,29
436,2023,7,27260.3,18
436,2023,8,29785.74,21
436,2023,9,21689.52,19
436,2023,10,26049.85,36
436,2023,11,29240.98,45
436,2023,12,24915.33,53
436,2024,1,26409.52,50
436,2024,2,37374.66,68
436,2024,3,30149.13,51
436,2024,4,30024.66,55
436,2024,5,50190.98,75
436,2024,6,43150.47,71
436,2024,7,26320.42,68
436,2024,8,33629.07,76
436,2024,9,30315.28,54
436,2024,10,58868.66,61
436,2024,11,85804.37,81
436,2024,12,82149.89,58
436,2025,1,83177.23,60
436,2025,2,99839.45,72
436,2025,3,86363.29,67
436,2025,4,77694.29,67
436,2025,5,110692.24,83
436,2025,6,119317.11,85
436,2025,7,109948.26,82
436,2025,8,123346.53,107
436,2025,9,97894.38,73
436,2025,10,90528.16,34
438,2021,8,145813.99,69
438,2021,9,222629.76,107
438,2021,10,186152.27,102
438,2021,11,255597.85,131
438,2021,12,229022.88,94
438,2022,1,215057.15,99
438,2022,2,246086.28,141
438,2022,3,214322.73,117
438,2022,4,231410.95,105
438,2022,5,277235.9,138
438,2022,6,186685.1,106
438,2022,7,190202.01,112
438,2022,8,164701.62,128
438,2022,9,261936.8,98
438,2022,10,221138.02,112
438,2022,11,318171.68,137
438,2022,12,254554.78,109
438,2023,1,254454.78,108
438,2023,2,303808.68,134
438,2023,3,247368.5,98
438,2023,4,255735.28,95
438,2023,5,325222.48,137
438,2023,6,217855.24,87
438,2023,7,213746.6,69
438,2023,8,305184.63,80
438,2023,9,250469.08,82
438,2023,10,242854.61,99
438,2023,11,310516.61,124
438,2023,12,258612.06,128
438,2024,1,234255.32,102
438,2024,2,273733.92,132
438,2024,3,254824.77,91
438,2024,4,228004.84,86
438,2024,5,286996.83,115
438,2024,6,171205.64,93
438,2024,7,141067.74,99
438,2024,8,171705.44,115
438,2024,9,169664.84,92
438,2024,10,240805.99,91
438,2024,11,236871.74,112
438,2024,12,243469.74,81
438,2025,1,217970.38,96
438,2025,2,259840.42,118
438,2025,3,202202.92,85
438,2025,4,198313.16,91
438,2025,5,264967.89,117
438,2025,6,182585.79,111
438,2025,7,217434.2,118
438,2025,8,227332.69,143
438,2025,9,166362.57,92
438,2025,10,176677.85,37
440,2021,8,51723.08,37
440,2021,9,92450.69,72
440,2021,10,97399.63,69
440,2021,11,129892.57,94
440,2021,12,89339.84,63
440,2022,1,103704.91,76
440,2022,2,110520.26,86
440,2022,3,116863.39,71
440,2022,4,114498.91,71
440,2022,5,119938.61,79
440,2022,6,91733.3,66
440,2022,7,85821.59,61
440,2022,8,58946.77,99
440,2022,9,112319.09,76
440,2022,10,110881.79,84
440,2022,11,150299.67,93
440,2022,12,107074.84,83
440,2023,1,121868.57,80
440,2023,2,123286.79,108
440,2023,3,133723.09,86
440,2023,4,127609.13,89
440,2023,5,144723.2,105
440,2023,6,107332.02,78
440,2023,7,101925.38,64
440,2023,8,175235.12,72
440,2023,9,126097.06,67
440,2023,10,149495.29,84
440,2023,11,164990.18,116
440,2023,12,135529.59,102
440,2024,1,135739.37,101
440,2024,2,209109.02,124
440,2024,3,178387.61,91
440,2024,4,185092.15,96
440,2024,5,194472.66,126
440,2024,6,136134.5,110
440,2024,7,119491.56,107
440,2024,8,130093.55,125
440,2024,9,116966.56,109
440,2024,10,163017.69,113
440,2024,11,227739.63,129
440,2024,12,226889.6,103
440,2025,1,166470.76,119
440,2025,2,227234.69,140
440,2025,3,190871.45,113
440,2025,4,167803.4,114
440,2025,5,251485.85,139
440,2025,6,198064.89,135
440,2025,7,196952.3,125
440,2025,8,261847.22,178
440,2025,9,235952.44,125
440,2025,10,232960.55,51
443,2021,8,65403.27,36
443,2021,9,106269.23,55
443,2021,10,106010.57,51
443,2021,11,131256.25,78
443,2021,12,104236.99,61
443,2022,1,88297.46,54
443,2022,2,126532.82,73
443,2022,3,91170.3,51
443,2022,4,128820.54,60
443,2022,5,151191.04,68
443,2022,6,88177.89,54
443,2022,7,97705.17,56
443,2022,8,80752.84,71
443,2022,9,124935.61,52
443,2022,10,120928.14,58
443,2022,11,160249.72,70
443,2022,12,120958.27,64
443,2023,1,101844.66,54
443,2023,2,152221.45,81
443,2023,3,107434.22,53
443,2023,4,145466.36,55
443,2023,5,172647.89,66
443,2023,6,106268.04,52
443,2023,7,112835.64,39
443,2023,8,156391.55,47
443,2023,9,132267.98,42
443,2023,10,120463.99,52
443,2023,11,186485.38,69
443,2023,12,141332.89,83
443,2024,1,127776.67,59
443,2024,2,168987.91,76
443,2024,3,114846.22,57
443,2024,4,119965.02,61
443,2024,5,145745.67,96
443,2024,6,106628.27,65
443,2024,7,65849.02,74
443,2024,8,92459.66,90
443,2024,9,85820.98,69
443,2024,10,117830.85,67
443,2024,11,153531.33,89
443,2024,12,177747.91,72
443,2025,1,139858.91,69
443,2025,2,159318.4,90
443,2025,3,126143.23,75
443,2025,4,131127.34,78
443,2025,5,200546.96,88
443,2025,6,132384.1,76
443,2025,7,145627.77,97
443,2025,8,208228.77,118
443,2025,9,173968.55,79
443,2025,10,113929.66,35
450,2023,3,14138.49,5
450,2023,4,12275.38,6
450,2023,5,24244.04,14
450,2023,6,10154.03,8
450,2023,7,12350.67,6
450,2023,8,16160.64,8
450,2023,9,25169.21,15
450,2023,10,39065.18,23
450,2023,11,63630.11,29
450,2023,12,51782.04,31
450,2024,1,57034.98,26
450,2024,2,57787.76,29
450,2024,3,16222.93,33
450,2024,4,13951.87,27
450,2024,5,28764.9,40
450,2024,6,12210.94,37
450,2024,7,13870.27,29
450,2024,8,19306.11,43
450,2024,9,30971.84,36
450,2024,10,46350.37,31
450,2024,11,77964.4,57
450,2024,12,63544.66,42
450,2025,1,69817.18,37
450,2025,2,69187.31,47
450,2025,3,73894.86,50
450,2025,4,63641.21,42
450,2025,5,90910.79,66
450,2025,6,86530.11,60
450,2025,7,62544.41,54
450,2025,8,97995.97,73
450,2025,9,92760.14,63
450,2025,10,69258.66,26
455,2021,8,67385.11,64
455,2021,9,122120.89,101
455,2021,10,109828.17,102
455,2021,11,141192.13,136
455,2021,12,96262.83,89
455,2022,1,109418.42,103
455,2022,2,139215.51,120
455,2022,3,81175.16,82
455,2022,4,100926.37,87
455,2022,5,142302.51,125
455,2022,6,105274.78,89
455,2022,7,116973.17,97
455,2022,8,77434.1,137
455,2022,9,143987.36,92
455,2022,10,129088.52,96
455,2022,11,159237.04,118
455,2022,12,109455.44,92
455,2023,1,129200.86,99
455,2023,2,157156.01,143
455,2023,3,101141.22,113
455,2023,4,118004.5,121
455,2023,5,157580.36,133
455,2023,6,117802.99,112
455,2023,7,135453.55,71
455,2023,8,170026.23,90
455,2023,9,136805.49,99
455,2023,10,122668.15,101
455,2023,11,147141.37,148
455,2023,12,125048.08,124
455,2024,1,146708.27,90
455,2024,2,183095.19,103
455,2024,3,175001.31,54
455,2024,4,162619.63,54
455,2024,5,166487.6,67
455,2024,6,126108.07,58
455,2024,7,113884.31,44
455,2024,8,128348.95,46
455,2024,9,135412.78,41
455,2024,10,133451.79,35
455,2024,11,169706.85,47
455,2024,12,141420.52,35
455,2025,1,84828.67,40
455,2025,2,125339.41,39
455,2025,3,58711.56,20
455,2025,4,77080.08,25
455,2025,5,80731.45,35
455,2025,6,58562.1,48
455,2025,7,50974.27,63
455,2025,8,64606.96,84
455,2025,9,42071.12,40
455,2025,10,39309.7,10
464,2021,8,19480.44,11
464,2021,9,32749.75,22
464,2021,10,25927.0,17
464,2021,11,31242.66,26
464,2021,12,32624.74,21
464,2022,1,19012.57,15
464,2022,2,28883.57,17
464,2022,3,23621.81,19
464,2022,4,18412.83,19
464,2022,5,51936.96,38
464,2022,6,40047.59,31
464,2022,7,37283.69,33
464,2022,8,22385.67,37
464,2022,9,38619.2,29
464,2022,10,30604.01,32
464,2022,11,38447.04,49
464,2022,12,35680.41,34
464,2023,1,23492.74,34
464,2023,2,31712.93,49
464,2023,3,27111.65,43
464,2023,4,21293.32,44
464,2023,5,63351.71,55
464,2023,6,46010.44,34
464,2023,7,46353.13,35
464,2023,8,66513.36,43
464,2023,9,44397.54,46
464,2023,10,52270.69,44
464,2023,11,54222.27,65
464,2023,12,51240.47,74
464,2024,1,58318.37,62
464,2024,2,78955.71,74
464,2024,3,72381.36,53
464,2024,4,60908.19,51
464,2024,5,93073.54,71
464,2024,6,61300.91,65
464,2024,7,75181.37,67
464,2024,8,65911.92,97
464,2024,9,68988.94,85
464,2024,10,80559.85,83
464,2024,11,109980.79,93
464,2024,12,104967.4,80
464,2025,1,98854.21,81
464,2025,2,126152.0,94
464,2025,3,94546.41,82
464,2025,4,92410.47,85
464,2025,5,131016.09,109
464,2025,6,111608.56,86
464,2025,7,129569.23,85
464,2025,8,206693.83,117
464,2025,9,133753.72,87
464,2025,10,123158.29,47
473,2021,8,83285.76,48
473,2021,9,150698.67,92
473,2021,10,168943.66,95
473,2021,11,190409.56,106
473,2021,12,151458.87,89
473,2022,1,135251.57,80
473,2022,2,179641.98,116
473,2022,3,155563.39,76
473,2022,4,170085.03,96
473,2022,5,183683.72,109
473,2022,6,140941.45,85
473,2022,7,156988.16,92
473,2022,8,103204.52,116
473,2022,9,182636.78,80
473,2022,10,190248.27,88
473,2022,11,232125.32,100
473,2022,12,174681.31,101
473,2023,1,159222.31,77
473,2023,2,209785.78,101
473,2023,3,183632.67,85
473,2023,4,203776.27,84
473,2023,5,216497.86,101
473,2023,6,170025.31,70
473,2023,7,188727.02,52
473,2023,8,240626.21,68
473,2023,9,169493.82,71
473,2023,10,164402.02,77
473,2023,11,229871.91,104
473,2023,12,188813.09,96
473,2024,1,162735.6,75
473,2024,2,201242.55,95
473,2024,3,172368.62,72
473,2024,4,168805.9,81
473,2024,5,192011.2,83
473,2024,6,156853.95,75
473,2024,7,112268.81,66
473,2024,8,143029.38,83
473,2024,9,107836.2,64
473,2024,10,153550.94,61
473,2024,11,185458.9,78
473,2024,12,200863.93,59
473,2025,1,142635.2,58
473,2025,2,184231.34,73
473,2025,3,137043.03,60
473,2025,4,155940.2,56
473,2025,5,170867.29,68
473,2025,6,139214.05,71
473,2025,7,148611.38,71
473,2025,8,148613.01,93
473,2025,9,111882.8,55
473,2025,10,121495.32,25
491,2023,4,7853.85,6
491,2023,5,18948.03,11
491,2023,6,18803.29,10
491,2023,7,17913.71,9
491,2023,8,14584.93,9
491,2023,9,25590.3,13
491,2023,10,33503.27,23
491,2023,11,45804.71,33
491,2023,12,57679.57,41
491,2024,1,48892.71,33
491,2024,2,72418.96,40
491,2024,3,47100.65,32
491,2024,4,9076.99,40
491,2024,5,22750.79,40
491,2024,6,23071.0,32
491,2024,7,20416.09,31
491,2024,8,17620.83,46
491,2024,9,29031.01,35
491,2024,10,38800.41,35
491,2024,11,52784.74,42
491,2024,12,68854.26,36
491,2025,1,58483.53,35
491,2025,2,85269.79,39
491,2025,3,52344.53,38
491,2025,4,77536.93,33
491,2025,5,76038.5,42
491,2025,6,71675.33,32
491,2025,7,55696.69,37
491,2025,8,89669.03,44
491,2025,9,66109.66,39
491,2025,10,76247.65,14
498,2021,8,28421.67,17
498,2021,9,46541.85,28
498,2021,10,42761.58,26
498,2021,11,58992.08,38
498,2021,12,42233.81,24
498,2022,1,45517.5,27
498,2022,2,55321.45,31
498,2022,3,45592.3,33
498,2022,4,38144.44,21
498,2022,5,59489.71,34
498,2022,6,56302.22,23
498,2022,7,38041.2,26
498,2022,8,33168.14,30
498,2022,9,53626.43,24
498,2022,10,50288.35,22
498,2022,11,66624.95,35
498,2022,12,50469.5,27
498,2023,1,55075.27,27
498,2023,2,69425.0,34
498,2023,3,54736.25,23
498,2023,4,44828.5,29
498,2023,5,68794.37,35
498,2023,6,66779.48,23
498,2023,7,43516.96,20
498,2023,8,55233.5,28
498,2023,9,44786.7,24
498,2023,10,59144.37,26
498,2023,11,67664.36,47
498,2023,12,53539.79,55
498,2024,1,49737.01,39
498,2024,2,71359.18,51
498,2024,3,60292.58,43
498,2024,4,52652.91,41
498,2024,5,64880.3,52
498,2024,6,47360.51,42
498,2024,7,41823.32,41
498,2024,8,58689.5,60
498,2024,9,60023.94,51
498,2024,10,55808.94,54
498,2024,11,99972.95,70
498,2024,12,98795.8,52
498,2025,1,73781.25,61
498,2025,2,91165.43,74
498,2025,3,79249.03,56
498,2025,4,87005.52,50
498,2025,5,104360.95,65
498,2025,6,100143.06,66
498,2025,7,80766.02,67
498,2025,8,148224.48,89
498,2025,9,96466.94,63
498,2025,10,134356.34,34
500,2021,8,25034.06,21
500,2021,9,38998.24,23
500,2021,10,36621.1,26
500,2021,11,58572.9,36
500,2021,12,53039.15,29
500,2022,1,40375.62,30
500,2022,2,59390.28,37
500,2022,3,46076.05,25
500,2022,4,53992.91,27
500,2022,5,57476.26,37
500,2022,6,39344.59,22
500,2022,7,40282.95,29
500,2022,8,30519.52,33
500,2022,9,47437.04,26
500,2022,10,45089.98,24
500,2022,11,71548.59,35
500,2022,12,58812.76,31
500,2023,1,47845.9,38
500,2023,2,66412.53,41
500,2023,3,53411.16,42
500,2023,4,63174.38,32
500,2023,5,68871.6,45
500,2023,6,47954.9,38
500,2023,7,49376.6,23
500,2023,8,67962.07,39
500,2023,9,69580.83,34
500,2023,10,43438.09,37
500,2023,11,72322.14,50
500,2023,12,81397.87,66
500,2024,1,80060.88,54
500,2024,2,107648.56,83
500,2024,3,75358.78,72
500,2024,4,56286.89,82
500,2024,5,96976.31,82
500,2024,6,66978.86,84
500,2024,7,45509.13,88
500,2024,8,70575.66,120
500,2024,9,68222.67,92
500,2024,10,68178.68,94
500,2024,11,107163.79,113
500,2024,12,131608.62,103
500,2025,1,93800.88,106
500,2025,2,133844.38,143
500,2025,3,132964.75,107
500,2025,4,129528.18,107
500,2025,5,154638.83,121
500,2025,6,149473.5,118
500,2025,7,174178.75,121
500,2025,8,228198.63,147
500,2025,9,154897.51,104
500,2025,10,184306.8,57
502,2021,8,20605.01,8
502,2021,9,23454.31,14
502,2021,10,16059.75,13
502,2021,11,25108.15,12
502,2021,12,27745.22,15
502,2022,1,24569.5,16
502,2022,2,29743.45,24
502,2022,3,23462.31,21
502,2022,4,35061.56,24
502,2022,5,34999.26,26
502,2022,6,33749.35,23
502,2022,7,37192.03,23
502,2022,8,23642.97,31
502,2022,9,26034.33,26
502,2022,10,19008.87,27
502,2022,11,28675.0,39
502,2022,12,31845.97,31
502,2023,1,30216.15,31
502,2023,2,36247.95,32
502,2023,3,28440.95,30
502,2023,4,38699.16,33
502,2023,5,39545.57,34
502,2023,6,39075.12,21
502,2023,7,43716.41,20
502,2023,8,46799.53,26
502,2023,9,53977.64,28
502,2023,10,51372.48,27
502,2023,11,65282.12,41
502,2023,12,52636.05,41
502,2024,1,73345.19,35
502,2024,2,61711.02,36
502,2024,3,49750.71,32
502,2024,4,66995.2,35
502,2024,5,70261.89,28
502,2024,6,39531.57,35
502,2024,7,42226.5,37
502,2024,8,47489.25,52
502,2024,9,51505.71,44
502,2024,10,53852.86,45
502,2024,11,84571.42,56
502,2024,12,80297.69,44
502,2025,1,61929.53,52
502,2025,2,71384.42,50
502,2025,3,66864.47,50
502,2025,4,66480.83,51
502,2025,5,66967.52,53
502,2025,6,55433.04,57
502,2025,7,60500.05,55
502,2025,8,116919.18,65
502,2025,9,71978.52,55
502,2025,10,73470.35,22
508,2021,8,4676.74,4
508,2021,9,13137.25,8
508,2021,10,16043.73,9
508,2021,11,8059.09,5
508,2021,12,3573.94,3
508,2022,1,10686.94,7
508,2022,2,15576.22,8
508,2022,3,7951.02,6
508,2022,4,7225.15,4
508,2022,5,24963.32,10
508,2022,6,2485.61,2
508,2022,7,8687.49,6
508,2022,8,5786.7,9
508,2022,9,15187.08,6
508,2022,10,18472.28,7
508,2022,11,9247.0,8
508,2022,12,4364.26,8
508,2023,1,12928.71,8
508,2023,2,18060.81,10
508,2023,3,9459.22,7
508,2023,4,8457.9,8
508,2023,5,28525.12,10
508,2023,6,2974.3,4
508,2023,7,10451.78,2
508,2023,8,22437.5,9
508,2023,9,13068.9,5
508,2023,10,11846.3,7
508,2023,11,19178.97,9
508,2023,12,16504.14,9
508,2024,1,14762.6,7
508,2024,2,16086.94,7
508,2024,3,9057.28,5
508,2024,4,12538.78,8
508,2024,5,20588.6,7
508,2024,6,6310.09,11
508,2024,7,1929.59,6
508,2024,8,11797.17,12
508,2024,9,10890.39,9
508,2024,10,9215.76,7
508,2024,11,17264.8,11
508,2024,12,20723.38,4
508,2025,1,18120.9,4
508,2025,2,11959.61,8
508,2025,3,8116.48,7
508,2025,4,11310.95,4
508,2025,5,12081.22,11
508,2025,6,18675.8,5
508,2025,7,11969.1,10
508,2025,8,16590.94,6
508,2025,9,16737.28,6
508,2025,10,16573.64,1
523,2021,8,98877.67,75
523,2021,9,159402.79,115
523,2021,10,153454.02,106
523,2021,11,207535.44,146
523,2021,12,167516.27,106
523,2022,1,135864.96,119
523,2022,2,195120.91,147
523,2022,3,165404.42,127
523,2022,4,179248.01,127
523,2022,5,223034.56,155
523,2022,6,173036.27,132
523,2022,7,156396.87,129
523,2022,8,116269.08,146
523,2022,9,198289.72,103
523,2022,10,180660.5,118
523,2022,11,244033.96,152
523,2022,12,198206.92,104
523,2023,1,169621.63,125
523,2023,2,223438.36,134
523,2023,3,193010.62,111
523,2023,4,206222.35,111
523,2023,5,252620.25,130
523,2023,6,205312.86,80
523,2023,7,186765.51,55
523,2023,8,224143.73,78
523,2023,9,185356.63,69
523,2023,10,193520.46,84
523,2023,11,249437.45,94
523,2023,12,172760.67,92
523,2024,1,207318.34,74
523,2024,2,240896.38,83
523,2024,3,191900.79,61
523,2024,4,198247.06,66
523,2024,5,201051.18,75
523,2024,6,141668.82,54
523,2024,7,84262.46,54
523,2024,8,116463.81,62
523,2024,9,114426.75,48
523,2024,10,135141.95,48
523,2024,11,124941.46,65
523,2024,12,151438.34,48
523,2025,1,124404.49,45
523,2025,2,130105.68,53
523,2025,3,101386.03,31
523,2025,4,101324.83,32
523,2025,5,118451.97,33
523,2025,6,80994.72,57
523,2025,7,95778.56,49
523,2025,8,97091.52,66
523,2025,9,75782.59,26
523,2025,10,72462.27,13
525,2021,8,82630.29,51
525,2021,9,118632.79,80
525,2021,10,130197.72,78
525,2021,11,187331.15,97
525,2021,12,111538.01,78
525,2022,1,127050.91,80
525,2022,2,156423.56,96
525,2022,3,133287.32,85
525,2022,4,135732.4,77
525,2022,5,177063.0,106
525,2022,6,144588.81,71
525,2022,7,134966.64,79
525,2022,8,97589.77,97
525,2022,9,145643.41,75
525,2022,10,150104.81,86
525,2022,11,208177.49,101
525,2022,12,133053.62,74
525,2023,1,156565.24,72
525,2023,2,188157.92,100
525,2023,3,159796.7,81
525,2023,4,163905.33,77
525,2023,5,211873.93,95
525,2023,6,170560.7,69
525,2023,7,166551.86,52
525,2023,8,195295.49,74
525,2023,9,145228.01,68
525,2023,10,140904.73,81
525,2023,11,200885.45,99
525,2023,12,153707.53,100
525,2024,1,133657.36,87
525,2024,2,202067.18,93
525,2024,3,143845.23,80
525,2024,4,142074.92,73
525,2024,5,187447.71,91
525,2024,6,126754.07,85
525,2024,7,104547.26,72
525,2024,8,131866.85,98
525,2024,9,141548.09,76
525,2024,10,136756.64,86
525,2024,11,192115.47,106
525,2024,12,183347.19,84
525,2025,1,161586.26,82
525,2025,2,177191.78,104
525,2025,3,152355.36,101
525,2025,4,119751.82,97
525,2025,5,182844.4,113
525,2025,6,140998.74,110
525,2025,7,145068.69,119
525,2025,8,175426.51,128
525,2025,9,148573.63,101
525,2025,10,150682.17,51
527,2021,8,62560.24,63
527,2021,9,125229.74,128
527,2021,10,108937.52,93
527,2021,11,164411.27,133
527,2021,12,113360.68,99
527,2022,1,130233.95,115
527,2022,2,141881.42,125
527,2022,3,125301.89,120
527,2022,4,113411.66,101
527,2022,5,147859.04,146
527,2022,6,112758.76,110
527,2022,7,111826.44,108
527,2022,8,76773.21,149
527,2022,9,149811.83,116
527,2022,10,123152.33,111
527,2022,11,189464.85,143
527,2022,12,125141.32,113
527,2023,1,143727.6,116
527,2023,2,174072.92,137
527,2023,3,151726.44,125
527,2023,4,138178.33,127
527,2023,5,185532.49,155
527,2023,6,138297.96,115
527,2023,7,130467.15,90
527,2023,8,203872.75,104
527,2023,9,157902.77,108
527,2023,10,144364.98,139
527,2023,11,197475.13,168
527,2023,12,148009.05,154
527,2024,1,156045.97,108
527,2024,2,202096.86,125
527,2024,3,166828.89,106
527,2024,4,181826.64,77
527,2024,5,198089.2,81
527,2024,6,152156.22,74
527,2024,7,113417.62,53
527,2024,8,139677.23,49
527,2024,9,148165.2,41
527,2024,10,180589.6,42
527,2024,11,188031.8,52
527,2024,12,174809.7,40
527,2025,1,119462.79,44
527,2025,2,133929.44,53
527,2025,3,122751.28,34
527,2025,4,80792.88,47
527,2025,5,98816.4,50
527,2025,6,86861.53,65
527,2025,7,44418.81,84
527,2025,8,50882.32,106
527,2025,9,40850.15,62
527,2025,10,34659.22,24
531,2021,8,70060.77,43
531,2021,9,107842.09,77
531,2021,10,108389.15,70
531,2021,11,127086.14,82
531,2021,12,109700.17,64
531,2022,1,108499.82,70
531,2022,2,134584.36,88
531,2022,3,98437.02,66
531,2022,4,106621.6,72
531,2022,5,129522.4,78
531,2022,6,123846.57,71
531,2022,7,122544.38,73
531,2022,8,81231.6,83
531,2022,9,132642.01,72
531,2022,10,121764.12,73
531,2022,11,148488.09,86
531,2022,12,123219.94,68
531,2023,1,125904.84,73
531,2023,2,169363.58,81
531,2023,3,114809.62,72
531,2023,4,129153.04,70
531,2023,5,149037.61,81
531,2023,6,150419.92,64
531,2023,7,148935.25,44
531,2023,8,142475.18,67
531,2023,9,134870.33,58
531,2023,10,125786.98,72
531,2023,11,151498.39,90
531,2023,12,119491.48,100
531,2024,1,123964.21,73
531,2024,2,162149.22,90
531,2024,3,119627.16,70
531,2024,4,130967.26,75
531,2024,5,162886.1,82
531,2024,6,119452.74,64
531,2024,7,80128.45,77
531,2024,8,123432.26,86
531,2024,9,77107.5,79
531,2024,10,125934.11,68
531,2024,11,179555.45,88
531,2024,12,161588.89,67
531,2025,1,137343.05,74
531,2025,2,172970.47,84
531,2025,3,126265.54,63
531,2025,4,135349.93,64
531,2025,5,124080.93,97
531,2025,6,121793.91,82
531,2025,7,128369.64,105
531,2025,8,156595.15,107
531,2025,9,125878.99,78
531,2025,10,110737.14,36
537,2022,10,1809.62,1
537,2022,11,10264.24,5
537,2022,12,11960.65,8
537,2023,1,20220.12,8
537,2023,2,32626.8,22
537,2023,3,49761.56,28
537,2023,4,51608.14,30
537,2023,5,67632.59,42
537,2023,6,57857.99,36
537,2023,7,41732.62,37
537,2023,8,71691.95,47
537,2023,9,65689.92,57
537,2023,10,2200.92,63
537,2023,11,12670.91,93
537,2023,12,13628.01,89
537,2024,1,22655.33,71
537,2024,2,37329.45,97
537,2024,3,58529.19,66
537,2024,4,60394.27,72
537,2024,5,76232.23,88
537,2024,6,71137.09,71
537,2024,7,51484.71,66
537,2024,8,84338.41,87
537,2024,9,80784.29,64
537,2024,10,95374.26,66
537,2024,11,140133.31,86
537,2024,12,150510.65,63
537,2025,1,116532.31,78
537,2025,2,160608.86,79
537,2025,3,108805.85,69
537,2025,4,118422.12,76
537,2025,5,144030.99,86
537,2025,6,115981.42,80
537,2025,7,118498.64,82
537,2025,8,141281.26,112
537,2025,9,122419.99,73
537,2025,10,111210.51,38
538,2021,8,33847.78,22
538,2021,9,66735.8,39
538,2021,10,92775.98,52
538,2021,11,86312.29,59
538,2021,12,79980.4,45
538,2022,1,66824.11,43
538,2022,2,108692.82,61
538,2022,3,96714.81,61
538,2022,4,98245.61,54
538,2022,5,116883.9,69
538,2022,6,88069.78,55
538,2022,7,95234.99,64
538,2022,8,42792.45,68
538,2022,9,80435.01,66
538,2022,10,104761.8,72
538,2022,11,100463.73,81
538,2022,12,90934.02,61
538,2023,1,75463.68,61
538,2023,2,131116.22,79
538,2023,3,110933.22,62
538,2023,4,122354.47,61
538,2023,5,131791.35,71
538,2023,6,106182.31,56
538,2023,7,111301.03,42
538,2023,8,130627.07,58
538,2023,9,124107.72,45
538,2023,10,127959.41,58
538,2023,11,133920.0,87
538,2023,12,106454.8,88
538,2024,1,147382.42,63
538,2024,2,161838.7,73
538,2024,3,131287.37,62
538,2024,4,124431.28,73
538,2024,5,155778.23,86
538,2024,6,124396.67,78
538,2024,7,76629.15,68
538,2024,8,103328.04,95
538,2024,9,93997.08,68
538,2024,10,145766.07,80
538,2024,11,170131.8,95
538,2024,12,180511.75,73
538,2025,1,112478.09,69
538,2025,2,148967.95,100
538,2025,3,110129.39,91
538,2025,4,129910.66,82
538,2025,5,177914.83,108
538,2025,6,164234.07,107
538,2025,7,137955.7,97
538,2025,8,231551.1,127
538,2025,9,151337.06,94
538,2025,10,160368.81,39
544,2021,8,43069.36,21
544,2021,9,74495.59,36
544,2021,10,85312.12,38
544,2021,11,121402.69,53
544,2021,12,81270.51,46
544,2022,1,74644.78,37
544,2022,2,101970.26,53
544,2022,3,79101.56,37
544,2022,4,101140.5,47
544,2022,5,116129.31,57
544,2022,6,85176.78,46
544,2022,7,64476.7,43
544,2022,8,51471.94,48
544,2022,9,88348.82,42
544,2022,10,98777.92,38
544,2022,11,143147.41,60
544,2022,12,99717.77,46
544,2023,1,92854.66,44
544,2023,2,123626.58,71
544,2023,3,88015.78,59
544,2023,4,115912.65,62
544,2023,5,136657.08,85
544,2023,6,95725.14,57
544,2023,7,77292.96,42
544,2023,8,136198.77,54
544,2023,9,106391.24,57
544,2023,10,89333.94,63
544,2023,11,119181.26,76
544,2023,12,108757.78,75
544,2024,1,93357.88,59
544,2024,2,144886.19,85
544,2024,3,151370.0,64
544,2024,4,151018.62,67
544,2024,5,173076.45,83
544,2024,6,113062.39,60
544,2024,7,97053.9,58
544,2024,8,128980.95,83
544,2024,9,118121.82,64
544,2024,10,156378.35,70
544,2024,11,140995.42,88
544,2024,12,169563.34,74
544,2025,1,124189.4,61
544,2025,2,172351.0,84
544,2025,3,174116.75,74
544,2025,4,153939.21,65
544,2025,5,167038.01,87
544,2025,6,157327.74,85
544,2025,7,139019.83,89
544,2025,8,202838.83,103
544,2025,9,149598.5,70
544,2025,10,166546.91,32
550,2021,8,125106.16,59
550,2021,9,211220.46,124
550,2021,10,178143.48,112
550,2021,11,214624.15,143
550,2021,12,188506.98,118
550,2022,1,196689.54,113
550,2022,2,225911.57,132
550,2022,3,185407.22,110
550,2022,4,174231.01,116
550,2022,5,209346.64,128
550,2022,6,189671.91,108
550,2022,7,185221.09,109
550,2022,8,142383.34,146
550,2022,9,245471.5,122
550,2022,10,193832.89,115
550,2022,11,262298.99,142
550,2022,12,216154.95,107
550,2023,1,232908.83,118
550,2023,2,275401.44,142
550,2023,3,206255.64,122
550,2023,4,216083.86,109
550,2023,5,248493.24,127
550,2023,6,207604.28,97
550,2023,7,224856.52,74
550,2023,8,262568.36,84
550,2023,9,203683.95,93
550,2023,10,192072.04,114
550,2023,11,267291.25,147
550,2023,12,208753.08,141
550,2024,1,217235.14,114
550,2024,2,240881.25,140
550,2024,3,211025.16,118
550,2024,4,200852.57,118
550,2024,5,239873.57,139
550,2024,6,165592.2,106
550,2024,7,152347.7,112
550,2024,8,170113.11,148
550,2024,9,191779.57,120
550,2024,10,225913.16,114
550,2024,11,239556.86,137
550,2024,12,234668.95,118
550,2025,1,202044.52,115
550,2025,2,252480.54,169
550,2025,3,194384.02,121
550,2025,4,223816.55,116
550,2025,5,260769.58,160
550,2025,6,196699.63,149
550,2025,7,171017.37,172
550,2025,8,230288.85,227
550,2025,9,226841.19,137
550,2025,10,200864.7,57
555,2021,8,100705.82,53
555,2021,9,170381.82,99
555,2021,10,171536.03,103
555,2021,11,202190.66,115
555,2021,12,193115.95,97
555,2022,1,153589.42,95
555,2022,2,193789.19,135
555,2022,3,182745.22,99
555,2022,4,168846.46,96
555,2022,5,222748.54,123
555,2022,6,151785.68,99
555,2022,7,165677.35,100
555,2022,8,111485.69,135
555,2022,9,208839.99,90
555,2022,10,200005.73,97
555,2022,11,233848.02,127
555,2022,12,221262.32,103
555,2023,1,192610.28,97
555,2023,2,220963.39,134
555,2023,3,205574.92,93
555,2023,4,189872.27,97
555,2023,5,257700.94,118
555,2023,6,174239.28,93
555,2023,7,205055.98,63
555,2023,8,245354.38,92
555,2023,9,189249.4,79
555,2023,10,199051.52,99
555,2023,11,258995.62,135
555,2023,12,209141.15,126
555,2024,1,194477.83,105
555,2024,2,257542.51,128
555,2024,3,194738.6,96
555,2024,4,187881.75,93
555,2024,5,245408.88,129
555,2024,6,189914.39,94
555,2024,7,133572.84,95
555,2024,8,151411.74,129
555,2024,9,152412.76,101
555,2024,10,180323.1,14
555,2025,6,178281.35,15
555,2025,7,200882.78,29
555,2025,8,267316.93,42
555,2025,9,182925.13,11
557,2021,8,105328.53,66
557,2021,9,229756.67,112
557,2021,10,216670.02,122
557,2021,11,248490.79,142
557,2021,12,236576.55,118
557,2022,1,219099.98,106
557,2022,2,282029.46,152
557,2022,3,197234.41,112
557,2022,4,223388.64,117
557,2022,5,295800.18,139
557,2022,6,205397.21,122
557,2022,7,196090.61,108
557,2022,8,125034.97,153
557,2022,9,261460.9,121
557,2022,10,244615.64,113
557,2022,11,291534.47,140
557,2022,12,274088.17,110
557,2023,1,258484.67,120
557,2023,2,315443.92,154
557,2023,3,233177.17,120
557,2023,4,258844.79,112
557,2023,5,326207.32,145
557,2023,6,247852.0,100
557,2023,7,228983.18,85
557,2023,8,322864.47,102
557,2023,9,260620.26,89
557,2023,10,245901.21,124
557,2023,11,311040.67,139
557,2023,12,214242.48,127
557,2024,1,246473.4,124
557,2024,2,309255.72,138
557,2024,3,240070.24,115
557,2024,4,245769.42,114
557,2024,5,286459.54,142
557,2024,6,215649.76,109
557,2024,7,174733.45,113
557,2024,8,188735.44,150
557,2024,9,191888.86,106
557,2024,10,226700.4,116
557,2024,11,279894.77,145
557,2024,12,273099.66,114
557,2025,1,233268.16,112
557,2025,2,309557.2,157
557,2025,3,212552.29,108
557,2025,4,213162.87,126
557,2025,5,326688.08,172
557,2025,6,235722.63,150
557,2025,7,246922.78,168
557,2025,8,282764.18,186
557,2025,9,214039.95,131
557,2025,10,230140.33,62
561,2021,8,97109.22,58
561,2021,9,150424.93,86
561,2021,10,204264.36,100
561,2021,11,180615.65,109
561,2021,12,161084.04,93
561,2022,1,156480.04,99
561,2022,2,227076.38,111
561,2022,3,155267.78,85
561,2022,4,174987.84,93
561,2022,5,203133.99,116
561,2022,6,160752.81,85
561,2022,7,170855.74,93
561,2022,8,116966.28,109
561,2022,9,183394.89,95
561,2022,10,224817.25,92
561,2022,11,214256.06,116
561,2022,12,185704.45,89
561,2023,1,181255.02,99
561,2023,2,252647.26,106
561,2023,3,175596.13,90
561,2023,4,208942.4,86
561,2023,5,252991.5,111
561,2023,6,181785.01,87
561,2023,7,195021.42,62
561,2023,8,233526.5,78
561,2023,9,216835.88,77
561,2023,10,194810.31,98
561,2023,11,272386.15,119
561,2023,12,185131.21,118
561,2024,1,184627.95,90
561,2024,2,235981.64,108
561,2024,3,200156.62,85
561,2024,4,192743.82,93
561,2024,5,280359.85,102
561,2024,6,174382.91,89
561,2024,7,116914.87,99
561,2024,8,172377.17,105
561,2024,9,176683.72,87
561,2024,10,191459.88,94
561,2024,11,214367.21,119
561,2024,12,240188.38,95
561,2025,1,184636.84,89
561,2025,2,194145.26,105
561,2025,3,180690.76,91
561,2025,4,170307.43,90
561,2025,5,199726.7,111
561,2025,6,191075.73,113
561,2025,7,198644.88,107
561,2025,8,233107.66,142
561,2025,9,212092.32,97
561,2025,10,184563.07,40
567,2021,8,70460.51,36
567,2021,9,107078.52,54
567,2021,10,100940.9,57
567,2021,11,126123.48,69
567,2021,12,89836.98,49
567,2022,1,98890.49,54
567,2022,2,125011.87,68
567,2022,3,123980.74,60
567,2022,4,106116.7,53
567,2022,5,131394.08,64
567,2022,6,102477.9,63
567,2022,7,126046.03,60
567,2022,8,79843.13,62
567,2022,9,123732.43,60
567,2022,10,119187.38,55
567,2022,11,149843.67,63
567,2022,12,107489.24,63
567,2023,1,117071.3,62
567,2023,2,154619.74,67
567,2023,3,144509.16,55
567,2023,4,134333.77,58
567,2023,5,163271.67,78
567,2023,6,125576.26,49
567,2023,7,139030.84,39
567,2023,8,142299.83,42
567,2023,9,125342.31,45
567,2023,10,115342.92,53
567,2023,11,136632.2,61
567,2023,12,131555.93,74
567,2024,1,114207.53,55
567,2024,2,154325.6,59
567,2024,3,112564.79,52
567,2024,4,120436.54,53
567,2024,5,168469.14,77
567,2024,6,97129.16,56
567,2024,7,93740.97,55
567,2024,8,91893.26,74
567,2024,9,93358.43,49
567,2024,10,123744.95,62
567,2024,11,148112.17,77
567,2024,12,176622.97,64
567,2025,1,110382.38,56
567,2025,2,145366.14,75
567,2025,3,116446.38,61
567,2025,4,104558.87,62
567,2025,5,177265.44,73
567,2025,6,124035.13,64
567,2025,7,124657.95,70
567,2025,8,150490.03,95
567,2025,9,127985.81,74
567,2025,10,109836.91,33
571,2021,8,40608.71,28
571,2021,9,78944.35,40
571,2021,10,56467.0,38
571,2021,11,106244.97,50
571,2021,12,72422.08,41
571,2022,1,76667.49,43
571,2022,2,86840.94,51
571,2022,3,63595.29,39
571,2022,4,74931.95,38
571,2022,5,90682.36,57
571,2022,6,90519.69,42
571,2022,7,88795.25,45
571,2022,8,48188.09,67
571,2022,9,90621.6,54
571,2022,10,68677.59,63
571,2022,11,127657.33,73
571,2022,12,85006.34,55
571,2023,1,85885.95,59
571,2023,2,99792.22,74
571,2023,3,75994.42,63
571,2023,4,85594.32,52
571,2023,5,104270.74,79
571,2023,6,114813.43,53
571,2023,7,98515.51,44
571,2023,8,118216.39,56
571,2023,9,104444.49,54
571,2023,10,112185.67,67
571,2023,11,133995.02,98
571,2023,12,113338.63,100
571,2024,1,114957.42,74
571,2024,2,146826.42,98
571,2024,3,117342.29,84
571,2024,4,101234.11,75
571,2024,5,143349.83,114
571,2024,6,107907.59,80
571,2024,7,95387.78,81
571,2024,8,132960.5,119
571,2024,9,120258.43,85
571,2024,10,151554.87,93
571,2024,11,193790.23,118
571,2024,12,196365.33,94
571,2025,1,140165.56,90
571,2025,2,224545.81,125
571,2025,3,191261.04,102
571,2025,4,145674.93,83
571,2025,5,217002.02,123
571,2025,6,169352.54,112
571,2025,7,169193.27,125
571,2025,8,242081.55,167
571,2025,9,222989.56,101
571,2025,10,216014.7,43
575,2021,8,35736.65,24
575,2021,9,77957.19,45
575,2021,10,76404.48,48
575,2021,11,121661.08,70
575,2021,12,72378.47,51
575,2022,1,86704.68,57
575,2022,2,140466.17,70
575,2022,3,104432.99,66
575,2022,4,119397.6,69
575,2022,5,101754.82,73
575,2022,6,89258.84,63
575,2022,7,97731.09,61
575,2022,8,44406.18,81
575,2022,9,89806.38,74
575,2022,10,91713.94,66
575,2022,11,136646.64,79
575,2022,12,88813.94,64
575,2023,1,108060.78,61
575,2023,2,165002.4,82
575,2023,3,118963.63,65
575,2023,4,134542.7,58
575,2023,5,117222.95,86
575,2023,6,106769.44,60
575,2023,7,117869.01,46
575,2023,8,169687.69,54
575,2023,9,120925.77,58
575,2023,10,128875.56,65
575,2023,11,167476.15,87
575,2023,12,108878.58,91
575,2024,1,126129.62,78
575,2024,2,136926.03,89
575,2024,3,128097.05,77
575,2024,4,115247.05,83
575,2024,5,160128.18,105
575,2024,6,97869.6,86
575,2024,7,86123.53,80
575,2024,8,98088.99,110
575,2024,9,107028.2,92
575,2024,10,128760.46,84
575,2024,11,176785.92,116
575,2024,12,169561.41,93
575,2025,1,125076.66,88
575,2025,2,167361.01,111
575,2025,3,115514.66,97
575,2025,4,144535.76,87
575,2025,5,213077.97,126
575,2025,6,149105.02,112
575,2025,7,148712.18,117
575,2025,8,183434.36,148
575,2025,9,152856.36,98
575,2025,10,168927.78,56
576,2021,8,58964.78,56
576,2021,9,86082.29,71
576,2021,10,87457.92,75
576,2021,11,110596.28,96
576,2021,12,77310.4,69
576,2022,1,88562.09,72
576,2022,2,112607.6,99
576,2022,3,78291.37,72
576,2022,4,84963.81,75
576,2022,5,99147.03,97
576,2022,6,84744.59,78
576,2022,7,96111.31,75
576,2022,8,72993.64,98
576,2022,9,96575.96,78
576,2022,10,106503.16,80
576,2022,11,130423.15,91
576,2022,12,90692.17,78
576,2023,1,105360.8,86
576,2023,2,130346.93,93
576,2023,3,96132.56,82
576,2023,4,101361.37,87
576,2023,5,118281.28,104
576,2023,6,102576.38,82
576,2023,7,108382.81,77
576,2023,8,120837.58,90
576,2023,9,96447.77,84
576,2023,10,106564.59,71
576,2023,11,136851.4,99
576,2023,12,97496.48,81
576,2024,1,112776.69,77
576,2024,2,126363.03,97
576,2024,3,109934.7,68
576,2024,4,98842.58,70
576,2024,5,139548.54,73
576,2024,6,92621.14,55
576,2024,7,106680.05,58
576,2024,8,119879.81,62
576,2024,9,100264.74,49
576,2024,10,83412.7,52
576,2024,11,114477.81,64
576,2024,12,106953.12,37
576,2025,1,83951.38,46
576,2025,2,105121.85,44
576,2025,3,79619.97,40
576,2025,4,84426.6,38
576,2025,5,76483.88,57
576,2025,6,63274.41,44
576,2025,7,66554.15,40
576,2025,8,64439.3,54
576,2025,9,46156.24,40
576,2025,10,53226.8,20
578,2021,8,85113.41,51
578,2021,9,115097.94,80
578,2021,10,108078.81,77
578,2021,11,168899.6,97
578,2021,12,114086.24,85
578,2022,1,128820.22,85
578,2022,2,150012.56,104
578,2022,3,133302.27,82
578,2022,4,111141.6,70
578,2022,5,155181.59,89
578,2022,6,128861.23,81
578,2022,7,121275.55,80
578,2022,8,97577.37,110
578,2022,9,143698.89,87
578,2022,10,128260.86,77
578,2022,11,197414.01,105
578,2022,12,139119.84,86
578,2023,1,151783.96,85
578,2023,2,175629.02,97
578,2023,3,146664.75,82
578,2023,4,133762.82,81
578,2023,5,177307.99,106
578,2023,6,154874.72,73
578,2023,7,138099.5,51
578,2023,8,174337.93,66
578,2023,9,129869.62,63
578,2023,10,146622.89,83
578,2023,11,174361.19,101
578,2023,12,139300.71,99
578,2024,1,153419.83,84
578,2024,2,168592.76,96
578,2024,3,158448.47,86
578,2024,4,127528.6,89
578,2024,5,186848.39,97
578,2024,6,121639.16,78
578,2024,7,93083.5,83
578,2024,8,110526.78,106
578,2024,9,107116.92,82
578,2024,10,154759.72,79
578,2024,11,162458.72,104
578,2024,12,179616.26,82
578,2025,1,156308.27,86
578,2025,2,167599.09,87
578,2025,3,148019.46,85
578,2025,4,155041.92,89
578,2025,5,165621.08,99
578,2025,6,151641.93,93
578,2025,7,149554.54,109
578,2025,8,187231.22,127
578,2025,9,137953.22,92
578,2025,10,127860.64,42
584,2021,8,45439.86,33
584,2021,9,77352.81,59
584,2021,10,78465.1,54
584,2021,11,89692.98,73
584,2021,12,66563.34,60
584,2022,1,60671.2,48
584,2022,2,118610.1,66
584,2022,3,64444.59,57
584,2022,4,82106.88,52
584,2022,5,126716.82,71
584,2022,6,77902.74,50
584,2022,7,97358.05,62
584,2022,8,54247.5,60
584,2022,9,85465.72,55
584,2022,10,97738.4,53
584,2022,11,107151.57,69
584,2022,12,82239.89,53
584,2023,1,74693.41,57
584,2023,2,133910.53,70
584,2023,3,79541.16,52
584,2023,4,98309.87,55
584,2023,5,142955.35,63
584,2023,6,90089.51,43
584,2023,7,109428.87,36
584,2023,8,130105.66,54
584,2023,9,91885.62,44
584,2023,10,85821.3,52
584,2023,11,126892.37,68
584,2023,12,100786.26,87
584,2024,1,101212.39,58
584,2024,2,146591.5,77
584,2024,3,87344.94,54
584,2024,4,81750.62,56
584,2024,5,89662.61,67
584,2024,6,78728.7,58
584,2024,7,46581.69,57
584,2024,8,69081.33,64
584,2024,9,57502.95,59
584,2024,10,82973.58,58
584,2024,11,84534.16,71
584,2024,12,97854.01,61
584,2025,1,73040.58,64
584,2025,2,109781.87,68
584,2025,3,67250.98,62
584,2025,4,76421.66,60
584,2025,5,96753.72,75
584,2025,6,71297.17,65
584,2025,7,66646.69,75
584,2025,8,92358.75,96
584,2025,9,64106.89,64
584,2025,10,77504.42,29
589,2021,8,45522.43,33
589,2021,9,71359.62,47
589,2021,10,58315.83,48
589,2021,11,64278.3,55
589,2021,12,56110.95,47
589,2022,1,60047.23,50
589,2022,2,101166.78,63
589,2022,3,55719.59,45
589,2022,4,67842.07,46
589,2022,5,94002.72,68
589,2022,6,66532.01,51
589,2022,7,75899.37,55
589,2022,8,51600.24,61
589,2022,9,87722.69,49
589,2022,10,67036.05,48
589,2022,11,71874.82,61
589,2022,12,69877.0,45
589,2023,1,72881.28,48
589,2023,2,120529.02,59
589,2023,3,64303.24,46
589,2023,4,80003.44,50
589,2023,5,116505.01,63
589,2023,6,78151.65,44
589,2023,7,84179.29,37
589,2023,8,97901.67,45
589,2023,9,85303.65,49
589,2023,10,83537.02,60
589,2023,11,103076.0,79
589,2023,12,72762.56,92
589,2024,1,64875.0,87
589,2024,2,99650.3,101
589,2024,3,68878.27,20
589,2025,6,72303.22,13
589,2025,7,67373.96,15
589,2025,8,65425.33,20
589,2025,9,75800.72,8
591,2021,8,100442.47,43
591,2021,9,153951.46,79
591,2021,10,147758.44,73
591,2021,11,195614.28,89
591,2021,12,149555.72,78
591,2022,1,149587.43,73
591,2022,2,213984.41,99
591,2022,3,147375.01,69
591,2022,4,175584.72,76
591,2022,5,205160.53,91
591,2022,6,138371.89,76
591,2022,7,185603.44,75
591,2022,8,117405.47,86
591,2022,9,187233.03,70
591,2022,10,181295.1,75
591,2022,11,241244.82,103
591,2022,12,170329.08,81
591,2023,1,173400.76,68
591,2023,2,246197.87,107
591,2023,3,169651.61,81
591,2023,4,202382.11,79
591,2023,5,227517.42,100
591,2023,6,170949.77,75
591,2023,7,204823.08,47
591,2023,8,234951.88,61
591,2023,9,180868.91,59
591,2023,10,170031.95,67
591,2023,11,236931.75,93
591,2023,12,172775.76,105
591,2024,1,165330.94,77
591,2024,2,214837.55,97
591,2024,3,177931.82,71
591,2024,4,195678.57,76
591,2024,5,235647.56,104
591,2024,6,196277.58,71
591,2024,7,107982.12,73
591,2024,8,170082.19,100
591,2024,9,115283.48,70
591,2024,10,156924.42,71
591,2024,11,202994.6,95
591,2024,12,218688.75,78
591,2025,1,185601.56,80
591,2025,2,219892.04,109
591,2025,3,153084.48,76
591,2025,4,152003.44,87
591,2025,5,212165.11,122
591,2025,6,164683.24,101
591,2025,7,166632.28,131
591,2025,8,194040.46,141
591,2025,9,176940.76,100
591,2025,10,133808.0,42
594,2021,8,49181.95,31
594,2021,9,83706.31,54
594,2021,10,102709.65,63
594,2021,11,123009.25,77
594,2021,12,93130.64,61
594,2022,1,91319.92,57
594,2022,2,121414.61,67
594,2022,3,88025.68,56
594,2022,4,84913.64,56
594,2022,5,111987.05,75
594,2022,6,112327.23,69
594,2022,7,110853.36,74
594,2022,8,57701.03,100
594,2022,9,103288.08,83
594,2022,10,120680.68,72
594,2022,11,145422.46,95
594,2022,12,110269.74,84
594,2023,1,108017.72,74
594,2023,2,147071.48,100
594,2023,3,103025.3,78
594,2023,4,102622.48,90
594,2023,5,136987.28,103
594,2023,6,135723.18,85
594,2023,7,129902.92,59
594,2023,8,190166.83,70
594,2023,9,138357.4,80
594,2023,10,162167.63,95
594,2023,11,213310.25,115
594,2023,12,179977.54,137
594,2024,1,154644.77,94
594,2024,2,228498.39,138
594,2024,3,149484.47,96
594,2024,4,161799.08,101
594,2024,5,200542.15,143
594,2024,6,178795.53,116
594,2024,7,108295.54,117
594,2024,8,146934.83,128
594,2024,9,134090.1,107
594,2024,10,245857.63,131
594,2024,11,233062.22,142
594,2024,12,266967.58,124
594,2025,1,192895.38,114
594,2025,2,312900.99,146
594,2025,3,217309.9,119
594,2025,4,212678.02,119
594,2025,5,259891.83,164
594,2025,6,219097.58,121
594,2025,7,249784.96,151
594,2025,8,268916.25,188
594,2025,9,215135.68,118
594,2025,10,266424.87,63
603,2023,7,7584.93,3
603,2023,8,28599.22,19
603,2023,9,22493.28,14
603,2023,10,33339.85,19
603,2023,11,52925.92,38
603,2023,12,54689.4,37
603,2024,1,30309.2,23
603,2024,2,56767.06,43
603,2024,3,50898.61,30
603,2024,4,53344.24,33
603,2024,5,83318.51,45
603,2024,6,62755.84,45
603,2024,7,9341.9,41
603,2024,8,33884.02,45
603,2024,9,27249.51,33
603,2024,10,38158.38,32
603,2024,11,58842.4,47
603,2024,12,65429.49,37
603,2025,1,34291.14,32
603,2025,2,68281.9,53
603,2025,3,57583.86,39
603,2025,4,59418.13,39
603,2025,5,101875.73,56
603,2025,6,73279.14,48
603,2025,7,69108.92,37
603,2025,8,83879.35,56
603,2025,9,50563.03,44
603,2025,10,62455.48,17
610,2021,8,64070.4,53
610,2021,9,94427.34,92
610,2021,10,100399.37,81
610,2021,11,129989.13,117
610,2021,12,88146.78,86
610,2022,1,99703.19,94
610,2022,2,115579.72,112
610,2022,3,94197.04,85
610,2022,4,105417.16,83
610,2022,5,126491.85,116
610,2022,6,102243.29,90
610,2022,7,86572.76,86
610,2022,8,75889.86,115
610,2022,9,115149.86,93
610,2022,10,113045.89,77
610,2022,11,155464.5,119
610,2022,12,99784.81,91
611,2021,8,28752.95,20
611,2021,9,69632.77,41
611,2021,10,56273.83,32
611,2021,11,78663.82,52
611,2021,12,55935.61,38
611,2022,1,63335.22,42
611,2022,2,72017.34,49
611,2022,3,54351.3,40
611,2022,4,62008.77,39
611,2022,5,70017.07,48
611,2022,6,50022.83,38
611,2022,7,55974.91,39
611,2022,8,33254.4,50
611,2022,9,80156.31,41
611,2022,10,66842.41,41
611,2022,11,90446.28,51
611,2022,12,64704.52,38
611,2023,1,73612.26,41
611,2023,2,82247.55,52
611,2023,3,63834.43,48
611,2023,4,70702.58,49
611,2023,5,80705.96,59
611,2023,6,58038.99,42
611,2023,7,67842.07,30
611,2023,8,95302.45,41
611,2023,9,67073.88,44
611,2023,10,79844.18,45
611,2023,11,73718.9,58
611,2023,12,72203.6,69
611,2024,1,70766.33,59
611,2024,2,86321.89,70
611,2024,3,76479.08,61
611,2024,4,91805.89,63
611,2024,5,98711.89,83
611,2024,6,78002.62,67
611,2024,7,49348.88,65
611,2024,8,71421.44,89
611,2024,9,66527.86,75
611,2024,10,90685.18,75
611,2024,11,87026.46,83
611,2024,12,97545.3,71
611,2025,1,111202.56,72
611,2025,2,123444.44,106
611,2025,3,116685.0,80
611,2025,4,97404.74,78
611,2025,5,164909.56,92
611,2025,6,102615.3,96
611,2025,7,114828.58,92
611,2025,8,153135.86,124
611,2025,9,114466.76,104
611,2025,10,131990.71,47
613,2021,8,97257.64,58
613,2021,9,181701.81,98
613,2021,10,173655.62,86
613,2021,11,213826.36,126
613,2021,12,161336.09,84
613,2022,1,188203.14,95
613,2022,2,248689.75,123
613,2022,3,217113.65,99
613,2022,4,163943.4,93
613,2022,5,239633.14,112
613,2022,6,157519.77,93
613,2022,7,170440.59,88
613,2022,8,110836.04,113
613,2022,9,206341.83,90
613,2022,10,200418.42,99
613,2022,11,263980.48,112
613,2022,12,191299.53,90
613,2023,1,223457.9,92
613,2023,2,290908.99,114
613,2023,3,243536.32,89
613,2023,4,200918.47,97
613,2023,5,275426.95,126
613,2023,6,188021.11,84
613,2023,7,202338.73,56
613,2023,8,287529.96,81
613,2023,9,202799.29,88
613,2023,10,244420.07,87
613,2023,11,270120.09,114
613,2023,12,210938.64,131
613,2024,1,221204.91,91
613,2024,2,270815.11,109
613,2024,3,223308.14,93
613,2024,4,239998.22,111
613,2024,5,277310.04,110
613,2024,6,194341.06,94
613,2024,7,113593.2,92
613,2024,8,205848.59,125
613,2024,9,177680.0,101
613,2024,10,213548.56,97
613,2024,11,243903.05,107
613,2025,6,190267.39,14
613,2025,7,195416.01,36
613,2025,8,269975.69,35
613,2025,9,201411.52,12
615,2021,8,61627.86,44
615,2021,9,123751.5,86
615,2021,10,120801.08,80
615,2021,11,178534.77,97
615,2021,12,132935.81,86
615,2022,1,117031.69,78
615,2022,2,149690.54,112
615,2022,3,123467.38,75
615,2022,4,127554.65,66
615,2022,5,154718.26,98
615,2022,6,111235.75,75
615,2022,7,109487.43,76
615,2022,8,69768.68,96
615,2022,9,149072.92,75
615,2022,10,132971.36,74
615,2022,11,205135.27,98
615,2022,12,149320.19,76
615,2023,1,141993.66,61
615,2023,2,176305.06,69
615,2023,3,143919.38,56
615,2023,4,150273.61,50
615,2023,5,179045.4,57
615,2023,6,132248.43,38
615,2023,7,137461.18,26
615,2023,8,179976.01,36
615,2023,9,143517.99,30
615,2023,10,138843.7,37
615,2023,11,198281.96,47
615,2023,12,148592.41,48
615,2024,1,118777.28,37
615,2024,2,141530.51,46
615,2024,3,92351.45,33
615,2024,4,112948.72,39
615,2024,5,110369.18,42
615,2024,6,65446.97,36
615,2024,7,50034.8,34
615,2024,8,56507.11,36
615,2024,9,51438.08,24
615,2024,10,72741.3,21
615,2024,11,87194.64,23
615,2024,12,92704.55,18
615,2025,1,67996.51,18
615,2025,2,98410.18,24
615,2025,3,59484.05,17
615,2025,4,71530.34,17
615,2025,5,76492.15,21
615,2025,6,70976.25,30
615,2025,7,68398.41,28
615,2025,8,65610.37,39
615,2025,9,44344.03,20
615,2025,10,35675.49,8
617,2021,8,82174.13,39
617,2021,9,125557.39,61
617,2021,10,117482.89,56
617,2021,11,146659.22,78
617,2021,12,104837.05,54
617,2022,1,115607.48,59
617,2022,2,125703.81,70
617,2022,3,130992.74,64
617,2022,4,98855.71,56
617,2022,5,169317.04,90
617,2022,6,117396.97,62
617,2022,7,107852.31,51
617,2022,8,92513.94,78
617,2022,9,141685.91,51
617,2022,10,133552.17,61
617,2022,11,168423.7,83
617,2022,12,122426.83,62
617,2023,1,140638.66,61
617,2023,2,148005.78,81
617,2023,3,157744.77,55
617,2023,4,114768.06,71
617,2023,5,195084.61,70
617,2023,6,134431.4,48
617,2023,7,123399.31,39
617,2023,8,162500.2,57
617,2023,9,119436.7,48
617,2023,10,136637.81,56
617,2023,11,153811.19,84
617,2023,12,141042.7,80
617,2024,1,145773.23,56
617,2024,2,138073.54,81
617,2024,3,136236.0,66
617,2024,4,162013.34,63
617,2024,5,158159.62,71
617,2024,6,120335.03,57
617,2024,7,71679.31,56
617,2024,8,120897.18,80
617,2024,9,97312.77,62
617,2024,10,127128.93,69
617,2024,11,181942.32,100
617,2024,12,174457.04,69
617,2025,1,126404.58,78
617,2025,2,163229.0,105
617,2025,3,128542.42,84
617,2025,4,135538.43,70
617,2025,5,158415.55,112
617,2025,6,149147.64,92
617,2025,7,116060.92,102
617,2025,8,150147.98,134
617,2025,9,128868.39,96
617,2025,10,135012.16,38
625,2021,8,39183.1,31
625,2021,9,56620.9,50
625,2021,10,65969.91,47
625,2021,11,75411.65,55
625,2021,12,64902.12,47
625,2022,1,57518.29,48
625,2022,2,75003.07,62
625,2022,3,54384.1,44
625,2022,4,66035.44,49
625,2022,5,73302.68,55
625,2022,6,68285.91,46
625,2022,7,64548.93,44
625,2022,8,46703.98,57
625,2022,9,63256.31,50
625,2022,10,76587.92,45
625,2022,11,93266.92,62
625,2022,12,76692.76,52
625,2023,1,63819.81,57
625,2023,2,90297.2,66
625,2023,3,63717.2,63
625,2023,4,79743.2,65
625,2023,5,84668.01,78
625,2023,6,81803.82,53
625,2023,7,79135.94,43
625,2023,8,104445.86,48
625,2023,9,73866.27,49
625,2023,10,73033.86,60
625,2023,11,99218.81,79
625,2023,12,78236.31,86
625,2024,1,91005.52,75
625,2024,2,124010.83,83
625,2024,3,92207.99,75
625,2024,4,96061.12,89
625,2024,5,130868.16,107
625,2024,6,99565.93,84
625,2024,7,88114.86,87
625,2024,8,83790.3,120
625,2024,9,85837.21,93
625,2024,10,97383.33,88
625,2024,11,140375.05,134
625,2024,12,149713.79,94
625,2025,1,119145.98,112
625,2025,2,151690.14,115
625,2025,3,134323.52,108
625,2025,4,147738.13,104
625,2025,5,165682.52,138
625,2025,6,139882.84,118
625,2025,7,155092.84,133
625,2025,8,201741.15,166
625,2025,9,178337.71,108
625,2025,10,166391.49,54
630,2021,8,71118.41,41
630,2021,9,120017.15,68
630,2021,10,118825.99,68
630,2021,11,131677.55,84
630,2021,12,92391.47,58
630,2022,1,102912.37,66
630,2022,2,126222.23,83
630,2022,3,118059.85,75
630,2022,4,107755.54,63
630,2022,5,133659.03,84
630,2022,6,126403.42,62
630,2022,7,105854.15,60
630,2022,8,79152.68,74
630,2022,9,146275.58,64
630,2022,10,139535.87,76
630,2022,11,162487.12,79
630,2022,12,107773.46,66
630,2023,1,129305.53,65
630,2023,2,143317.55,76
630,2023,3,146194.32,59
630,2023,4,121116.38,64
630,2023,5,164843.77,79
630,2023,6,140949.72,59
630,2023,7,128348.18,49
630,2023,8,169937.1,52
630,2023,9,128002.8,50
630,2023,10,134441.53,71
630,2023,11,153443.83,81
630,2023,12,108874.28,80
630,2024,1,99437.52,67
630,2024,2,141465.71,83
630,2024,3,139046.55,65
630,2024,4,134014.94,57
630,2024,5,152895.04,77
630,2024,6,122160.94,63
630,2024,7,95594.59,67
630,2024,8,107537.18,72
630,2024,9,94512.12,64
630,2024,10,144326.51,63
630,2024,11,187686.47,80
630,2024,12,156577.79,69
630,2025,1,134605.18,66
630,2025,2,160669.05,75
630,2025,3,134028.06,64
630,2025,4,124777.99,60
630,2025,5,169521.17,91
630,2025,6,142161.74,78
630,2025,7,132586.73,81
630,2025,8,151916.13,114
630,2025,9,139876.24,70
630,2025,10,121119.86,35
641,2021,8,41670.86,39
641,2021,9,76876.62,67
641,2021,10,94210.0,64
641,2021,11,109243.72,82
641,2021,12,85928.01,65
641,2022,1,68249.68,55
641,2022,2,100437.37,80
641,2022,3,82337.53,63
641,2022,4,88105.38,64
641,2022,5,108249.1,83
641,2022,6,80559.4,64
641,2022,7,107312.41,60
641,2022,8,50603.82,84
641,2022,9,94323.04,56
641,2022,10,105154.96,68
641,2022,11,127331.75,79
641,2022,12,101808.62,68
641,2023,1,82944.55,66
641,2023,2,112547.97,86
641,2023,3,101212.97,62
641,2023,4,101747.34,62
641,2023,5,121351.02,82
641,2023,6,98718.3,58
641,2023,7,119558.02,45
641,2023,8,127258.08,57
641,2023,9,94907.03,52
641,2023,10,93632.93,63
641,2023,11,127035.68,82
641,2023,12,101911.77,77
641,2024,1,103299.53,68
641,2024,2,149215.55,79
641,2024,3,112430.97,65
641,2024,4,112148.97,63
641,2024,5,131292.23,82
641,2024,6,91251.98,67
641,2024,7,71031.78,62
641,2024,8,71008.56,78
641,2024,9,81306.88,60
641,2024,10,85569.66,67
641,2024,11,108166.64,85
641,2024,12,131922.43,63
641,2025,1,97121.21,56
641,2025,2,129992.91,74
641,2025,3,105722.34,68
641,2025,4,89914.05,73
641,2025,5,120176.64,83
641,2025,6,87272.9,79
641,2025,7,86328.2,85
641,2025,8,122570.96,110
641,2025,9,86029.42,75
641,2025,10,92525.21,32
642,2021,8,51544.77,27
642,2021,9,100063.8,52
642,2021,10,80225.42,48
642,2021,11,109926.15,73
642,2021,12,71788.78,49
642,2022,1,91695.33,56
642,2022,2,110942.43,62
642,2022,3,76076.67,52
642,2022,4,72000.69,44
642,2022,5,116346.29,60
642,2022,6,83286.41,47
642,2022,7,75652.53,50
642,2022,8,61030.99,61
642,2022,9,111920.81,53
642,2022,10,98280.86,53
642,2022,11,132196.43,70
642,2022,12,81798.49,46
642,2023,1,105768.25,56
642,2023,2,128073.95,66
642,2023,3,92666.95,64
642,2023,4,81956.31,61
642,2023,5,127782.58,74
642,2023,6,102058.97,60
642,2023,7,92575.57,43
642,2023,8,113932.15,58
642,2023,9,104774.85,58
642,2023,10,95955.01,83
642,2023,11,128204.77,105
642,2023,12,106826.29,93
642,2024,1,103288.49,76
642,2024,2,117127.0,104
642,2024,3,137422.79,84
642,2024,4,127176.33,85
642,2024,5,158885.39,104
642,2024,6,101849.71,88
642,2024,7,86905.39,83
642,2024,8,127336.37,121
642,2024,9,118994.89,93
642,2024,10,154793.68,101
642,2024,11,190923.37,127
642,2024,12,199925.64,99
642,2025,1,154498.75,113
642,2025,2,192982.62,120
642,2025,3,152010.07,91
642,2025,4,175388.53,101
642,2025,5,220327.54,139
642,2025,6,186645.59,117
642,2025,7,195013.98,119
642,2025,8,218508.31,146
642,2025,9,189636.5,109
642,2025,10,201438.67,51
647,2021,8,23445.89,13
647,2021,9,25521.96,19
647,2021,10,28351.4,17
647,2021,11,37014.56,24
647,2021,12,19940.84,14
647,2022,1,20477.76,18
647,2022,2,35538.27,23
647,2022,3,36546.74,18
647,2022,4,26281.09,19
647,2022,5,32677.57,20
647,2022,6,23642.7,20
647,2022,7,38353.37,21
647,2022,8,28928.69,31
647,2022,9,29164.13,28
647,2022,10,34018.84,25
647,2022,11,46029.8,39
647,2022,12,24123.99,20
647,2023,1,25012.91,28
647,2023,2,43633.47,38
647,2023,3,40298.58,26
647,2023,4,31660.6,28
647,2023,5,40151.64,30
647,2023,6,28604.19,28
647,2023,7,43381.45,18
647,2023,8,64061.0,29
647,2023,9,37655.07,25
647,2023,10,46051.97,28
647,2023,11,58186.72,52
647,2023,12,31569.32,44
647,2024,1,46114.57,37
647,2024,2,58862.36,47
647,2024,3,46672.51,38
647,2024,4,39414.43,39
647,2024,5,52575.22,54
647,2024,6,45779.41,36
647,2024,7,38793.72,43
647,2024,8,40388.55,60
647,2024,9,53929.23,44
647,2024,10,65417.53,43
647,2024,11,104848.33,69
647,2024,12,73648.51,48
647,2025,1,65820.07,47
647,2025,2,86813.18,54
647,2025,3,80989.74,50
647,2025,4,64493.07,40
647,2025,5,82463.72,60
647,2025,6,57320.1,55
647,2025,7,91265.42,56
647,2025,8,86796.54,76
647,2025,9,67413.29,50
647,2025,10,68287.89,23
649,2021,8,80207.55,57
649,2021,9,151079.23,87
649,2021,10,149621.36,84
649,2021,11,196158.85,92
649,2021,12,144727.26,79
649,2022,1,165643.27,92
649,2022,2,178865.88,101
649,2022,3,158606.46,91
649,2022,4,141237.75,80
649,2022,5,188208.89,102
649,2022,6,178936.16,87
649,2022,7,132187.97,88
649,2022,8,99529.9,100
649,2022,9,179118.43,92
649,2022,10,173690.17,83
649,2022,11,246935.82,116
649,2022,12,160381.79,84
649,2023,1,192077.51,83
649,2023,2,214682.36,100
649,2023,3,189031.98,82
649,2023,4,168461.56,89
649,2023,5,225950.57,112
649,2023,6,203656.99,77
649,2023,7,159747.23,51
649,2023,8,222136.57,83
649,2023,9,157680.21,65
649,2023,10,185119.56,89
649,2023,11,244875.4,109
649,2023,12,207337.11,105
649,2024,1,169554.31,98
649,2024,2,199193.83,103
649,2024,3,163115.43,87
649,2024,4,190931.24,77
649,2024,5,209415.39,106
649,2024,6,165096.2,83
649,2024,7,119242.45,80
649,2024,8,147265.6,102
649,2024,9,129346.11,90
649,2024,10,183278.58,91
649,2024,11,211573.87,102
649,2024,12,206717.61,85
649,2025,1,173723.23,97
649,2025,2,187180.59,117
649,2025,3,190514.09,83
649,2025,4,131313.33,104
649,2025,5,215799.82,113
649,2025,6,193286.29,112
649,2025,7,150114.52,123
649,2025,8,204052.32,159
649,2025,9,187750.3,106
649,2025,10,157683.56,52
657,2021,8,40763.58,22
657,2021,9,72049.76,32
657,2021,10,65439.53,40
657,2021,11,100316.76,42
657,2021,12,82933.18,38
657,2022,1,74648.63,40
657,2022,2,94112.04,46
657,2022,3,86901.76,38
657,2022,4,78408.94,41
657,2022,5,94084.07,50
657,2022,6,75338.73,40
657,2022,7,82934.59,40
657,2022,8,46031.52,52
657,2022,9,81092.49,44
657,2022,10,76172.32,48
657,2022,11,116845.01,63
657,2022,12,95059.17,43
657,2023,1,89398.24,50
657,2023,2,106569.44,53
657,2023,3,100895.88,48
657,2023,4,92257.08,48
657,2023,5,114242.44,59
657,2023,6,85992.38,36
657,2023,7,99476.34,33
657,2023,8,114437.93,38
657,2023,9,100026.59,46
657,2023,10,117981.65,50
657,2023,11,154839.05,73
657,2023,12,100852.36,68
657,2024,1,115669.06,65
657,2024,2,129310.15,76
657,2024,3,95839.5,55
657,2024,4,106444.73,59
657,2024,5,109173.27,71
657,2024,6,70472.62,63
657,2024,7,72873.53,72
657,2024,8,84282.25,83
657,2024,9,91785.87,66
657,2024,10,127766.94,68
657,2024,11,146982.8,83
657,2024,12,145391.15,67
657,2025,1,124185.45,67
657,2025,2,176053.19,81
657,2025,3,129508.66,73
657,2025,4,141412.63,72
657,2025,5,183532.71,86
657,2025,6,150338.39,73
657,2025,7,143742.06,79
657,2025,8,150221.08,113
657,2025,9,171292.83,75
657,2025,10,183893.41,34
659,2021,8,22039.78,16
659,2021,9,44330.07,33
659,2021,10,42456.34,34
659,2021,11,42302.48,37
659,2021,12,33133.18,31
659,2022,1,48278.8,33
659,2022,2,47813.77,39
659,2022,3,37400.47,30
659,2022,4,44111.61,31
659,2022,5,50301.3,43
659,2022,6,39401.15,30
659,2022,7,34940.12,29
659,2022,8,27073.43,40
659,2022,9,51879.03,34
659,2022,10,47371.04,35
659,2022,11,50615.62,42
659,2022,12,40158.62,33
659,2023,1,59750.48,36
659,2023,2,57997.98,43
659,2023,3,41915.9,30
659,2023,4,49437.55,35
659,2023,5,61127.23,45
659,2023,6,47347.99,31
659,2023,7,43779.73,21
659,2023,8,53113.8,39
659,2023,9,46653.54,25
659,2023,10,50868.12,37
659,2023,11,54269.63,49
659,2023,12,49234.69,51
659,2024,1,48168.04,48
659,2024,2,57024.02,65
659,2024,3,46156.07,47
659,2024,4,40071.37,58
659,2024,5,64071.5,72
659,2024,6,42128.75,52
659,2024,7,25985.86,56
659,2024,8,57402.0,82
659,2024,9,37611.04,56
659,2024,10,50430.82,64
659,2024,11,81344.65,86
659,2024,12,80523.88,67
659,2025,1,66564.59,74
659,2025,2,105532.33,93
659,2025,3,67903.48,75
659,2025,4,95408.01,71
659,2025,5,127683.12,94
659,2025,6,78868.08,85
659,2025,7,79360.08,82
659,2025,8,128154.76,113
659,2025,9,106402.39,79
659,2025,10,104983.71,37
661,2021,8,48706.19,27
661,2021,9,65538.69,37
661,2021,10,66777.6,38
661,2021,11,67789.67,49
661,2021,12,67368.82,37
661,2022,1,63099.05,36
661,2022,2,77240.61,48
661,2022,3,71011.82,36
661,2022,4,80083.47,40
661,2022,5,79188.44,42
661,2022,6,61843.69,40
661,2022,7,55020.37,41
661,2022,8,59222.42,42
661,2022,9,73842.82,43
661,2022,10,75547.6,42
661,2022,11,83149.32,46
661,2022,12,78912.74,35
661,2023,1,70632.37,39
661,2023,2,92487.47,46
661,2023,3,82261.62,39
661,2023,4,90576.95,35
661,2023,5,92999.26,45
661,2023,6,75315.71,29
661,2023,7,66097.79,29
661,2023,8,88938.22,30
661,2023,9,66412.22,31
661,2023,10,117340.73,31
661,2023,11,80665.34,42
661,2023,12,87069.1,49
661,2024,1,65989.5,36
661,2024,2,92697.18,41
661,2024,3,89855.05,28
661,2024,4,71610.19,38
661,2024,5,85031.75,40
661,2024,6,49525.2,40
661,2024,7,53166.34,35
661,2024,8,65018.58,40
661,2024,9,48664.42,25
661,2024,10,71107.9,34
661,2024,11,77140.37,38
661,2024,12,71972.47,33
661,2025,1,61571.08,28
661,2025,2,82813.25,38
661,2025,3,62756.1,31
661,2025,4,64032.1,30
661,2025,5,66648.6,35
661,2025,6,77451.34,34
661,2025,7,46549.62,41
661,2025,8,66645.7,55
661,2025,9,41629.18,33
661,2025,10,46841.91,15
664,2021,8,66163.09,48
664,2021,9,98050.95,68
664,2021,10,101829.63,76
664,2021,11,119805.15,96
664,2021,12,85428.62,79
664,2022,1,106717.39,73
664,2022,2,122588.13,96
664,2022,3,92776.9,72
664,2022,4,86358.63,76
664,2022,5,106526.16,100
664,2022,6,87529.93,70
664,2022,7,120656.09,80
664,2022,8,72537.98,94
664,2022,9,117874.51,75
664,2022,10,125484.79,81
664,2022,11,132515.71,90
664,2022,12,104117.51,71
664,2023,1,125659.15,81
664,2023,2,140231.67,113
664,2023,3,114564.72,81
664,2023,4,100488.78,92
664,2023,5,131118.92,94
664,2023,6,107802.05,71
664,2023,7,138788.26,59
664,2023,8,140238.83,64
664,2023,9,101362.6,75
664,2023,10,108224.69,82
664,2023,11,127283.71,100
664,2023,12,101552.68,90
664,2024,1,128793.83,63
664,2024,2,161116.95,77
664,2024,3,109060.7,40
664,2024,4,121281.78,48
664,2024,5,125767.49,63
664,2024,6,96546.33,30
664,2024,7,67359.6,30
664,2024,8,99871.7,29
664,2024,9,99024.09,27
664,2024,10,113893.18,16
664,2024,11,96124.22,24
664,2024,12,107140.23,15
664,2025,1,85530.85,17
664,2025,2,87974.3,14
664,2025,3,47237.67,11
664,2025,4,48836.41,16
664,2025,5,60189.02,19
664,2025,6,40631.73,33
664,2025,7,26230.43,35
664,2025,8,32547.09,54
664,2025,9,23990.13,20
664,2025,10,16827.4,7
669,2021,8,75980.97,38
669,2021,9,140185.82,67
669,2021,10,121625.31,60
669,2021,11,150596.68,75
669,2021,12,135846.24,66
669,2022,1,126870.3,63
669,2022,2,153033.35,76
669,2022,3,136794.38,71
669,2022,4,120121.93,57
669,2022,5,150015.67,86
669,2022,6,127767.77,61
669,2022,7,114822.76,63
669,2022,8,93067.93,81
669,2022,9,162739.66,63
669,2022,10,133160.82,65
669,2022,11,171856.49,88
669,2022,12,150052.7,62
669,2023,1,145270.05,68
669,2023,2,169842.28,79
669,2023,3,153998.29,38
670,2021,8,89008.17,60
670,2021,9,145147.76,83
670,2021,10,154118.5,103
670,2021,11,167307.95,117
670,2021,12,122566.47,84
670,2022,1,143208.57,97
670,2022,2,158406.36,109
670,2022,3,143753.15,87
670,2022,4,130976.27,89
670,2022,5,176628.92,115
670,2022,6,145862.32,95
670,2022,7,144951.99,92
670,2022,8,101890.24,107
670,2022,9,179479.33,88
670,2022,10,173220.73,90
670,2022,11,200380.68,109
670,2022,12,135805.85,89
670,2023,1,172222.63,98
670,2023,2,194055.92,127
670,2023,3,170054.59,82
670,2023,4,157144.14,103
670,2023,5,197565.45,104
670,2023,6,179588.54,74
670,2023,7,171856.2,59
670,2023,8,231902.16,80
670,2023,9,182390.74,75
670,2023,10,144779.71,90
670,2023,11,216010.06,109
670,2023,12,158126.98,112
670,2024,1,173833.27,87
670,2024,2,216882.33,114
670,2024,3,151088.57,85
670,2024,4,151598.4,89
670,2024,5,190651.32,112
670,2024,6,148003.34,88
670,2024,7,93720.2,82
670,2024,8,122602.88,110
670,2024,9,124436.1,100
670,2024,10,146195.59,95
670,2024,11,214573.54,113
670,2024,12,195790.24,85
670,2025,1,154467.08,99
670,2025,2,183202.77,108
670,2025,3,167106.82,93
670,2025,4,156765.87,94
670,2025,5,183269.86,121
670,2025,6,155882.74,116
670,2025,7,150365.13,124
670,2025,8,201910.56,143
670,2025,9,169002.82,105
670,2025,10,175138.0,44
674,2021,8,20786.51,17
674,2021,9,36990.79,22
674,2021,10,57758.27,26
674,2021,11,61029.59,28
674,2021,12,49948.77,30
674,2022,1,57225.95,36
674,2022,2,70342.74,38
674,2022,3,71908.95,33
674,2022,4,55408.16,32
674,2022,5,92255.46,48
674,2022,6,75183.14,44
674,2022,7,64938.85,42
674,2022,8,25626.15,57
674,2022,9,43461.83,49
674,2022,10,67318.25,51
674,2022,11,68506.39,63
674,2022,12,59528.51,47
674,2023,1,64500.19,57
674,2023,2,83063.21,70
674,2023,3,87012.11,52
674,2023,4,66469.62,46
674,2023,5,113191.6,61
674,2023,6,88539.67,51
674,2023,7,77489.69,34
674,2023,8,106124.81,41
674,2023,9,105850.63,42
674,2023,10,113580.67,52
674,2023,11,123827.85,80
674,2023,12,77222.01,81
674,2024,1,105532.95,66
674,2024,2,114732.77,90
674,2024,3,117896.13,64
674,2024,4,101583.37,73
674,2024,5,125014.24,92
674,2024,6,115879.72,78
674,2024,7,84516.55,81
674,2024,8,62115.0,95
674,2024,9,77227.01,87
674,2024,10,96861.57,76
674,2024,11,155966.22,106
674,2024,12,194759.88,77
674,2025,1,147611.57,86
674,2025,2,186943.23,104
674,2025,3,143548.14,90
674,2025,4,150877.88,78
674,2025,5,186449.99,94
674,2025,6,153478.98,96
674,2025,7,166587.71,104
674,2025,8,178104.85,121
674,2025,9,161879.89,84
674,2025,10,170651.25,42
687,2021,8,74673.97,53
687,2021,9,145765.39,104
687,2021,10,148105.12,86
687,2021,11,180784.5,119
687,2021,12,150545.21,85
687,2022,1,142419.02,94
687,2022,2,167134.34,124
687,2022,3,119208.48,96
687,2022,4,123651.37,87
687,2022,5,188029.72,117
687,2022,6,126604.61,95
687,2022,7,125600.38,90
687,2022,8,85479.46,116
687,2022,9,173344.67,97
687,2022,10,179505.09,83
687,2022,11,207667.99,118
687,2022,12,172617.38,88
687,2023,1,161903.18,97
687,2023,2,205985.3,108
687,2023,3,148053.85,93
687,2023,4,143689.78,89
687,2023,5,217057.31,114
687,2023,6,149233.48,80
687,2023,7,147207.29,65
687,2023,8,205141.92,73
687,2023,9,158246.72,69
687,2023,10,156069.62,92
687,2023,11,227969.08,124
687,2023,12,154406.8,109
687,2024,1,155981.8,92
687,2024,2,180017.63,123
687,2024,3,155026.77,85
687,2024,4,139648.12,87
687,2024,5,203168.91,107
687,2024,6,157939.26,90
687,2024,7,105282.46,89
687,2024,8,126822.95,131
687,2024,9,110148.6,84
687,2024,10,170011.8,86
687,2024,11,187414.38,121
687,2024,12,185364.57,86
687,2025,1,150636.47,98
687,2025,2,193524.98,118
687,2025,3,136377.66,84
687,2025,4,166370.65,92
687,2025,5,199515.62,109
687,2025,6,144683.65,104
687,2025,7,173759.14,129
687,2025,8,212073.98,143
687,2025,9,152332.9,116
687,2025,10,163978.58,43
705,2021,8,40167.04,27
705,2021,9,71977.73,41
705,2021,10,84159.4,40
705,2021,11,88625.14,60
705,2021,12,75179.06,44
705,2022,1,81177.2,49
705,2022,2,98417.69,64
705,2022,3,83669.35,49
705,2022,4,81727.04,48
705,2022,5,102459.34,60
705,2022,6,81582.09,46
705,2022,7,86149.2,52
705,2022,8,46634.51,65
705,2022,9,82909.01,44
705,2022,10,94847.2,46
705,2022,11,101774.05,60
705,2022,12,90329.32,47
705,2023,1,96732.0,47
705,2023,2,111048.34,72
705,2023,3,93019.87,55
705,2023,4,96709.18,59
705,2023,5,113943.1,68
705,2023,6,96415.29,51
705,2023,7,101165.53,37
705,2023,8,125985.92,40
705,2023,9,95487.04,43
705,2023,10,104022.83,53
705,2023,11,116388.46,75
705,2023,12,97885.39,89
705,2024,1,109069.49,81
705,2024,2,119446.28,108
705,2024,3,100508.3,91
705,2024,4,115745.58,90
705,2024,5,116350.93,119
705,2024,6,85398.97,99
705,2024,7,75221.31,101
705,2024,8,76950.43,121
705,2024,9,103283.62,104
705,2024,10,136098.33,111
705,2024,11,156322.3,130
705,2024,12,142541.35,101
705,2025,1,147641.99,98
705,2025,2,195786.68,121
705,2025,3,150745.47,104
705,2025,4,158240.76,107
705,2025,5,214531.74,127
705,2025,6,157701.55,99
705,2025,7,170281.5,127
705,2025,8,235354.82,155
705,2025,9,188508.61,121
705,2025,10,172918.95,59
713,2021,8,60042.15,41
713,2021,9,120315.96,64
713,2021,10,125596.59,70
713,2021,11,133029.91,78
713,2021,12,110235.07,58
713,2022,1,126905.98,63
713,2022,2,140212.46,76
713,2022,3,103545.83,62
713,2022,4,126633.83,61
713,2022,5,138160.94,83
713,2022,6,114308.71,61
713,2022,7,84247.26,58
713,2022,8,73809.72,70
713,2022,9,141235.49,57
713,2022,10,144224.14,64
713,2022,11,154877.16,76
713,2022,12,136787.02,55
713,2023,1,154718.62,59
713,2023,2,170988.31,76
713,2023,3,123976.26,61
713,2023,4,143939.76,64
713,2023,5,154067.42,82
713,2023,6,130357.48,51
713,2023,7,101578.73,46
713,2023,8,141039.02,48
713,2023,9,127888.31,50
713,2023,10,139600.06,80
713,2023,11,144478.76,83
713,2023,12,124177.06,102
713,2024,1,143628.02,76
713,2024,2,172126.47,89
713,2024,3,125196.05,82
713,2024,4,153711.5,82
713,2024,5,181126.81,100
713,2024,6,108600.63,73
713,2024,7,93658.19,80
713,2024,8,108228.33,93
713,2024,9,107369.89,81
713,2024,10,156588.86,80
713,2024,11,227098.96,98
713,2024,12,215515.88,81
713,2025,1,150621.67,73
713,2025,2,169137.94,102
713,2025,3,173486.94,74
713,2025,4,181836.01,83
713,2025,5,215743.45,96
713,2025,6,163137.1,83
713,2025,7,167522.83,96
713,2025,8,235929.52,129
713,2025,9,175388.41,85
713,2025,10,184602.58,37
717,2021,8,17376.7,12
717,2021,9,35116.26,23
717,2021,10,44572.19,27
717,2021,11,41561.09,30
717,2021,12,31106.54,19
717,2022,1,36160.03,22
717,2022,2,51240.67,31
717,2022,3,40010.58,23
717,2022,4,46170.53,25
717,2022,5,48729.43,29
717,2022,6,37594.93,23
717,2022,7,42506.44,23
717,2022,8,21237.27,26
717,2022,9,40829.67,22
717,2022,10,53185.99,25
717,2022,11,50085.13,27
717,2022,12,35197.15,22
717,2023,1,42671.29,24
717,2023,2,58634.19,30
717,2023,3,44163.25,23
717,2023,4,51867.11,25
717,2023,5,54590.19,26
717,2023,6,44292.32,22
717,2023,7,48865.08,16
717,2023,8,50732.32,19
717,2023,9,39716.19,19
717,2023,10,38593.75,25
717,2023,11,53077.58,25
717,2023,12,42646.26,35
717,2024,1,37331.28,35
717,2024,2,59603.59,35
717,2024,3,51384.09,27
717,2024,4,56692.96,24
717,2024,5,37148.82,37
717,2024,6,49756.79,29
717,2024,7,28735.67,37
717,2024,8,30943.76,54
717,2024,9,31603.21,43
717,2024,10,53007.64,44
717,2024,11,59367.74,62
717,2024,12,62815.9,53
717,2025,1,55213.5,61
717,2025,2,64677.04,63
717,2025,3,55808.72,54
717,2025,4,46680.51,53
717,2025,5,61728.45,63
717,2025,6,61394.04,68
717,2025,7,71148.24,67
717,2025,8,101974.89,80
717,2025,9,70854.94,67
717,2025,10,91905.29,32
719,2021,8,22015.41,13
719,2021,9,49515.07,19
719,2021,10,40989.44,23
719,2021,11,53220.48,30
719,2021,12,50785.0,27
719,2022,1,63588.82,30
719,2022,2,55536.69,35
719,2022,3,61935.73,31
719,2022,4,47445.14,25
719,2022,5,73774.02,39
719,2022,6,58631.77,30
719,2022,7,66408.33,33
719,2022,8,25491.7,32
719,2022,9,59887.99,29
719,2022,10,47229.01,34
719,2022,11,64414.89,38
719,2022,12,62528.78,34
719,2023,1,74609.81,35
719,2023,2,64297.97,42
719,2023,3,74506.07,43
719,2023,4,54222.24,35
719,2023,5,85249.79,39
719,2023,6,69487.75,33
719,2023,7,82202.53,23
719,2023,8,63182.45,34
719,2023,9,62473.49,36
719,2023,10,74642.14,38
719,2023,11,75275.98,47
719,2023,12,77066.16,44
719,2024,1,71528.11,41
719,2024,2,99797.37,54
719,2024,3,95897.62,39
719,2024,4,101193.3,39
719,2024,5,93899.52,57
719,2024,6,73133.22,44
719,2024,7,47507.36,40
719,2024,8,64635.38,56
719,2024,9,78496.59,39
719,2024,10,87835.74,42
719,2024,11,113620.14,54
719,2024,12,86610.78,45
719,2025,1,98657.0,48
719,2025,2,105218.54,55
719,2025,3,74649.68,46
719,2025,4,98923.17,49
719,2025,5,125594.58,59
719,2025,6,90406.79,51
719,2025,7,97039.34,66
719,2025,8,138002.98,78
719,2025,9,98764.73,49
719,2025,10,89317.79,18
725,2021,8,49928.19,32
725,2021,9,81317.42,53
725,2021,10,91360.27,43
725,2021,11,82036.08,62
725,2021,12,69419.47,45
725,2022,1,72369.27,49
725,2022,2,100766.0,60
725,2022,3,68875.55,47
725,2022,4,79981.04,46
725,2022,5,96813.87,58
725,2022,6,66061.56,51
725,2022,7,94295.88,51
725,2022,8,61181.69,66
725,2022,9,91475.31,53
725,2022,10,108740.52,56
725,2022,11,98537.5,71
725,2022,12,77164.92,51
725,2023,1,83677.39,57
725,2023,2,120242.18,71
725,2023,3,83098.99,52
725,2023,4,90576.63,48
725,2023,5,118259.65,70
725,2023,6,76437.17,42
725,2023,7,109116.78,35
725,2023,8,140623.43,53
725,2023,9,105532.38,46
725,2023,10,106338.9,59
725,2023,11,126388.58,76
725,2023,12,100686.59,74
725,2024,1,121570.79,69
725,2024,2,131859.14,85
725,2024,3,114670.62,73
725,2024,4,92934.77,60
725,2024,5,123712.32,89
725,2024,6,85736.28,82
725,2024,7,64614.73,71
725,2024,8,98371.41,93
725,2024,9,74136.13,78
725,2024,10,112843.51,84
725,2024,11,169483.96,105
725,2024,12,196657.48,85
725,2025,1,159687.94,81
725,2025,2,192262.89,107
725,2025,3,145583.8,92
725,2025,4,134490.24,80
725,2025,5,187062.99,108
725,2025,6,152518.87,100
725,2025,7,127349.31,97
725,2025,8,200175.8,122
725,2025,9,161055.45,85
725,2025,10,166510.43,38
734,2021,8,81364.76,78
734,2021,9,156556.23,115
734,2021,10,166297.65,117
734,2021,11,190174.46,144
734,2021,12,151545.65,106
734,2022,1,163603.9,127
734,2022,2,175410.96,163
734,2022,3,163418.48,113
734,2022,4,165168.76,126
734,2022,5,202178.61,152
734,2022,6,152985.45,117
734,2022,7,183914.64,122
734,2022,8,101864.02,151
734,2022,9,192048.04,125
734,2022,10,194570.07,118
734,2022,11,223331.3,166
734,2022,12,179070.25,120
734,2023,1,199003.38,116
734,2023,2,206539.19,156
734,2023,3,198144.27,136
734,2023,4,184760.39,128
734,2023,5,232309.59,147
734,2023,6,186106.46,105
734,2023,7,203940.25,78
734,2023,8,232554.49,44
734,2025,6,156575.64,19
734,2025,7,127852.63,35
734,2025,8,56402.02,17
741,2021,8,20222.14,14
741,2021,9,32573.14,24
741,2021,10,38034.96,22
741,2021,11,48135.5,27
741,2021,12,46236.07,28
741,2022,1,38872.94,22
741,2022,2,43399.51,26
741,2022,3,31496.95,22
741,2022,4,34826.91,23
741,2022,5,45354.07,29
741,2022,6,42255.43,23
741,2022,7,27875.03,20
741,2022,8,23550.69,28
741,2022,9,39955.49,26
741,2022,10,42733.42,20
741,2022,11,53582.77,35
741,2022,12,52093.41,27
741,2023,1,46736.64,22
741,2023,2,49554.61,28
741,2023,3,38557.17,28
741,2023,4,43400.94,27
741,2023,5,54747.21,42
741,2023,6,47510.97,28
741,2023,7,32642.92,22
741,2023,8,53866.03,32
741,2023,9,44539.45,29
741,2023,10,33196.02,26
741,2023,11,62753.28,46
741,2023,12,45009.96,49
741,2024,1,34360.4,35
741,2024,2,42855.14,45
741,2024,3,46573.17,34
741,2024,4,46082.92,34
741,2024,5,76792.76,57
741,2024,6,47177.45,41
741,2024,7,40672.53,41
741,2024,8,46760.01,62
741,2024,9,51074.92,56
741,2024,10,43794.34,59
741,2024,11,68692.15,70
741,2024,12,81103.48,60
741,2025,1,51757.13,71
741,2025,2,79872.51,75
741,2025,3,55272.68,65
741,2025,4,52148.84,62
741,2025,5,81614.63,83
741,2025,6,67211.54,73
741,2025,7,74161.43,75
741,2025,8,111677.75,90
741,2025,9,110200.71,69
741,2025,10,111315.25,29
758,2021,8,63402.99,38
758,2021,9,100926.13,73
758,2021,10,114764.51,72
758,2021,11,153672.65,94
758,2021,12,119059.09,76
758,2022,1,111896.65,71
758,2022,2,120031.96,86
758,2022,3,128430.71,77
758,2022,4,98868.05,70
758,2022,5,144148.63,88
758,2022,6,119477.45,77
758,2022,7,117151.09,73
758,2022,8,76022.3,99
758,2022,9,119023.03,72
758,2022,10,134823.4,76
758,2022,11,174302.77,92
758,2022,12,140405.62,68
758,2023,1,134382.67,72
758,2023,2,141515.77,91
758,2023,3,148442.77,76
758,2023,4,116245.68,73
758,2023,5,179701.14,87
758,2023,6,133448.87,67
758,2023,7,130227.56,51
758,2023,8,164939.44,57
758,2023,9,133513.91,66
758,2023,10,152837.2,81
758,2023,11,157749.08,95
758,2023,12,128264.11,96
758,2024,1,117112.43,74
758,2024,2,153083.13,96
758,2024,3,138930.72,69
758,2024,4,131021.29,74
758,2024,5,172482.59,99
758,2024,6,123284.98,69
758,2024,7,101301.48,74
758,2024,8,94294.85,101
758,2024,9,107938.71,70
758,2024,10,136249.62,71
758,2024,11,150460.65,100
758,2024,12,177383.0,75
758,2025,1,119821.99,84
758,2025,2,190414.52,87
758,2025,3,107676.76,78
758,2025,4,155878.3,77
758,2025,5,175142.86,97
758,2025,6,117629.8,91
758,2025,7,127443.15,105
758,2025,8,178767.95,120
758,2025,9,137298.25,77
758,2025,10,148161.86,41
763,2021,8,47375.28,37
763,2021,9,99699.69,73
763,2021,10,100270.86,78
763,2021,11,113600.86,87
763,2021,12,95308.99,62
763,2022,1,77330.54,62
763,2022,2,112972.52,78
763,2022,3,89746.3,72
763,2022,4,88259.27,64
763,2022,5,117421.38,81
763,2022,6,98878.14,75
763,2022,7,86151.38,71
763,2022,8,57444.0,91
763,2022,9,109227.01,62
763,2022,10,114088.06,64
763,2022,11,123251.55,80
763,2022,12,117078.25,73
763,2023,1,88964.29,71
763,2023,2,132097.85,90
763,2023,3,105098.7,65
763,2023,4,100355.18,69
763,2023,5,138523.27,86
763,2023,6,112665.54,54
763,2023,7,102883.86,43
763,2023,8,133313.59,58
763,2023,9,110582.83,45
763,2023,10,101261.92,70
763,2023,11,117421.57,81
763,2023,12,108340.39,80
763,2024,1,103655.25,73
763,2024,2,142403.8,79
763,2024,3,112931.14,74
763,2024,4,105364.7,68
763,2024,5,125644.03,81
763,2024,6,88070.53,65
763,2024,7,70196.53,67
763,2024,8,96769.66,86
763,2024,9,79306.85,66
763,2024,10,116781.05,67
763,2024,11,118505.47,86
763,2024,12,121809.25,68
763,2025,1,99244.38,65
763,2025,2,121263.41,80
763,2025,3,102324.3,70
763,2025,4,101121.58,74
763,2025,5,103404.46,81
763,2025,6,92539.93,93
763,2025,7,94304.18,93
763,2025,8,120230.34,111
763,2025,9,86412.54,77
763,2025,10,96884.92,33
766,2021,8,41177.31,35
766,2021,9,63631.08,57
766,2021,10,61774.7,58
766,2021,11,66617.25,64
766,2021,12,67849.33,55
766,2022,1,67358.84,59
766,2022,2,84331.05,71
766,2022,3,54460.02,51
766,2022,4,49576.13,51
766,2022,5,77143.27,62
766,2022,6,51194.76,49
766,2022,7,81618.94,70
766,2022,8,47173.88,60
766,2022,9,80487.77,54
766,2022,10,72968.45,60
766,2022,11,82196.31,66
766,2022,12,81846.43,60
766,2023,1,79814.04,52
766,2023,2,101258.46,69
766,2023,3,67035.72,49
766,2023,4,60967.34,47
766,2023,5,90678.1,65
766,2023,6,59936.3,51
766,2023,7,96493.28,40
766,2023,8,93092.5,47
766,2023,9,75739.71,42
766,2023,10,80971.79,25
766,2025,6,60383.4,10
766,2025,7,47080.08,16
766,2025,8,58377.93,25
766,2025,9,51379.97,3
768,2021,8,90562.45,65
768,2021,9,143156.52,106
768,2021,10,138497.15,104
768,2021,11,161433.13,116
768,2021,12,135924.67,99
768,2022,1,141968.5,101
768,2022,2,206530.42,134
768,2022,3,133684.26,103
768,2022,4,140863.38,98
768,2022,5,173526.0,132
768,2022,6,142328.77,113
768,2022,7,147456.9,92
768,2022,8,108560.8,134
768,2022,9,164291.59,92
768,2022,10,156229.19,99
768,2022,11,200287.53,112
768,2022,12,153827.51,97
768,2023,1,173503.49,102
768,2023,2,228370.83,123
768,2023,3,153527.6,100
768,2023,4,159615.83,111
768,2023,5,211187.04,117
768,2023,6,168405.2,89
768,2023,7,170879.94,71
768,2023,8,208866.25,92
768,2023,9,161144.65,84
768,2023,10,141037.22,87
768,2023,11,184191.38,134
768,2023,12,178961.48,125
768,2024,1,162478.75,108
768,2024,2,216217.28,126
768,2024,3,162039.96,96
768,2024,4,169308.85,92
768,2024,5,201160.45,118
768,2024,6,133471.12,93
768,2024,7,118827.73,95
768,2024,8,140095.46,140
768,2024,9,143487.3,93
768,2024,10,139318.0,99
768,2024,11,215219.6,135
768,2024,12,193167.65,116
768,2025,1,185174.27,114
768,2025,2,202104.92,147
768,2025,3,166806.92,121
768,2025,4,146521.2,108
768,2025,5,188086.05,139
768,2025,6,166008.47,138
768,2025,7,143708.83,150
768,2025,8,225437.81,195
768,2025,9,137655.54,141
768,2025,10,159813.63,63
770,2021,8,57298.85,24
770,2021,9,74049.0,42
770,2021,10,91033.85,49
770,2021,11,135336.24,63
770,2021,12,82289.09,48
770,2022,1,98130.06,45
770,2022,2,119145.52,60
770,2022,3,88960.47,43
770,2022,4,95820.66,49
770,2022,5,113718.22,64
770,2022,6,100036.08,54
770,2022,7,88109.84,52
770,2022,8,68855.65,73
770,2022,9,88983.51,53
770,2022,10,110816.19,51
770,2022,11,159586.48,74
770,2022,12,100054.48,53
770,2023,1,110194.37,51
770,2023,2,145146.49,72
770,2023,3,109814.74,54
770,2023,4,113437.29,50
770,2023,5,129053.88,71
770,2023,6,118693.71,49
770,2023,7,99449.93,39
770,2023,8,178485.55,51
770,2023,9,103130.28,46
770,2023,10,105105.32,53
770,2023,11,152921.02,67
770,2023,12,135716.43,76
770,2024,1,114557.1,59
770,2024,2,157338.57,70
770,2024,3,106673.84,58
770,2024,4,120224.0,56
770,2024,5,146627.1,76
770,2024,6,92671.4,52
770,2024,7,101793.98,56
770,2024,8,108293.89,78
770,2024,9,79253.34,62
770,2024,10,130516.15,58
770,2024,11,145033.49,76
770,2024,12,164834.47,56
770,2025,1,121790.77,57
770,2025,2,164842.6,72
770,2025,3,144736.97,56
770,2025,4,118202.76,57
770,2025,5,156962.71,83
770,2025,6,133211.34,70
770,2025,7,127592.64,82
770,2025,8,179732.86,107
770,2025,9,133752.48,75
770,2025,10,144841.59,35
784,2021,8,31488.29,20
784,2021,9,44902.57,36
784,2021,10,48870.06,32
784,2021,11,45898.31,36
784,2021,12,33513.74,26
784,2022,1,40299.52,28
784,2022,2,64648.14,41
784,2022,3,44261.36,26
784,2022,4,51740.36,33
784,2022,5,61323.84,35
784,2022,6,47564.31,35
784,2022,7,46097.83,26
784,2022,8,35556.02,35
784,2022,9,54911.55,31
784,2022,10,57265.12,31
784,2022,11,55702.88,38
784,2022,12,38930.91,26
784,2023,1,46208.17,27
784,2023,2,78406.26,37
784,2023,3,50624.85,41
784,2023,4,60355.15,32
784,2023,5,69209.51,49
784,2023,6,60190.77,30
784,2023,7,54705.24,24
784,2023,8,61271.3,25
784,2023,9,68664.35,27
784,2023,10,60028.35,32
784,2023,11,64267.02,41
784,2023,12,39247.3,52
784,2024,1,38269.41,48
784,2024,2,64564.23,57
784,2024,3,67937.59,51
784,2024,4,44059.18,57
784,2024,5,98649.27,65
784,2024,6,53034.98,60
784,2024,7,38201.46,60
784,2024,8,38881.84,81
784,2024,9,48711.85,91
784,2024,10,49898.89,82
784,2024,11,65841.65,105
784,2024,12,102070.57,95
784,2025,1,90329.01,91
784,2025,2,111382.6,118
784,2025,3,84997.9,96
784,2025,4,108847.72,86
784,2025,5,131360.24,114
784,2025,6,113168.9,105
784,2025,7,117176.33,105
784,2025,8,173781.36,156
784,2025,9,167340.25,119
784,2025,10,151516.68,47
788,2021,8,74205.61,46
788,2021,9,124742.09,76
788,2021,10,133477.17,85
788,2021,11,146926.24,101
788,2021,12,134205.07,78
788,2022,1,117658.29,80
788,2022,2,154065.28,109
788,2022,3,138945.35,84
788,2022,4,112276.75,91
788,2022,5,152286.47,108
788,2022,6,129946.5,80
788,2022,7,127171.9,73
788,2022,8,87254.85,114
788,2022,9,151664.06,83
788,2022,10,161231.66,89
788,2022,11,169763.0,95
788,2022,12,155792.79,77
788,2023,1,138236.02,78
788,2023,2,182573.61,71
788,2023,3,161779.55,55
788,2023,4,136987.51,59
788,2023,5,184512.76,79
788,2023,6,151170.72,48
788,2023,7,146527.33,38
788,2023,8,190924.57,41
788,2023,9,167719.77,36
788,2023,10,139205.67,50
788,2023,11,169116.02,53
788,2023,12,132607.75,53
788,2024,1,124408.54,39
788,2024,2,119640.09,52
788,2024,3,94942.31,34
788,2024,4,73149.45,37
788,2024,5,136868.93,47
788,2024,6,102274.81,37
788,2024,7,63439.1,31
788,2024,8,65739.95,24
788,2024,9,55147.73,23
788,2024,10,72232.42,18
788,2024,11,88082.46,19
788,2024,12,83463.46,12
788,2025,1,54933.92,10
788,2025,2,70493.56,6
788,2025,3,51447.06,9
788,2025,4,45647.77,8
788,2025,5,64155.69,10
788,2025,6,40234.04,15
788,2025,7,43522.42,22
788,2025,8,34429.17,26
788,2025,9,28923.95,14
788,2025,10,22792.08,4
790,2021,8,35694.91,42
790,2021,9,74176.6,74
790,2021,10,83629.38,76
790,2021,11,91529.09,98
790,2021,12,76512.88,75
790,2022,1,91127.01,72
790,2022,2,96232.9,100
790,2022,3,71261.85,75
790,2022,4,83774.52,86
790,2022,5,96364.95,93
790,2022,6,87334.5,82
790,2022,7,95270.38,83
790,2022,8,40007.11,87
790,2022,9,86372.96,76
790,2022,10,97027.67,75
790,2022,11,106545.78,99
790,2022,12,92270.35,76
790,2023,1,106770.38,78
790,2023,2,119175.73,93
790,2023,3,88877.47,85
790,2023,4,96054.35,75
790,2023,5,117876.21,94
790,2023,6,107063.27,79
790,2023,7,113564.03,53
790,2023,8,117048.37,83
790,2023,9,92523.78,84
790,2023,10,76560.29,84
790,2023,11,113075.36,108
790,2023,12,87233.41,118
790,2024,1,105615.44,75
790,2024,2,122257.72,94
790,2024,3,94244.47,63
790,2024,4,90710.44,63
790,2024,5,128528.65,65
790,2024,6,88342.62,48
790,2024,7,69358.21,43
790,2024,8,104046.19,41
790,2024,9,86245.48,26
790,2024,10,97507.95,32
790,2024,11,103563.24,28
790,2024,12,123017.93,28
790,2025,1,71933.55,25
790,2025,2,93680.09,24
790,2025,3,66740.27,28
790,2025,4,66337.02,29
790,2025,5,50093.61,31
790,2025,6,36209.15,41
790,2025,7,51391.77,60
790,2025,8,48314.28,71
790,2025,9,27720.37,32
790,2025,10,29354.84,8
795,2021,8,105484.08,53
795,2021,9,130046.8,82
795,2021,10,168424.39,96
795,2021,11,220907.12,114
795,2021,12,136334.47,85
795,2022,1,149470.1,90
795,2022,2,208088.85,117
795,2022,3,145766.09,84
795,2022,4,150105.83,89
795,2022,5,209861.51,126
795,2022,6,158633.85,103
795,2022,7,190681.98,104
795,2022,8,125552.25,107
795,2022,9,154414.55,93
795,2022,10,195575.73,94
795,2022,11,257189.66,107
795,2022,12,160681.72,87
795,2023,1,182133.68,92
795,2023,2,252841.37,104
795,2023,3,169037.19,88
795,2023,4,172142.27,94
795,2023,5,238532.16,129
795,2023,6,182036.83,78
795,2023,7,212608.08,59
795,2023,8,216349.37,75
795,2023,9,176691.68,72
795,2023,10,192299.56,88
795,2023,11,217649.73,122
795,2023,12,166798.32,117
795,2024,1,173302.32,99
795,2024,2,218983.67,113
795,2024,3,182165.44,88
795,2024,4,190156.02,89
795,2024,5,238956.16,115
795,2024,6,130366.75,96
795,2024,7,129225.93,89
795,2024,8,142561.26,107
795,2024,9,136682.29,89
795,2024,10,166705.03,88
795,2024,11,249083.37,120
795,2024,12,209430.78,95
795,2025,1,160033.6,89
795,2025,2,227687.05,132
795,2025,3,178697.06,98
795,2025,4,168069.15,90
795,2025,5,229467.65,133
795,2025,6,186657.91,119
795,2025,7,168128.23,139
795,2025,8,222582.88,162
795,2025,9,165076.93,100
795,2025,10,180768.03,44
799,2021,8,119602.15,58
799,2021,9,213831.67,102
799,2021,10,215595.75,109
799,2021,11,277229.22,139
799,2021,12,195507.42,102
799,2022,1,183713.83,103
799,2022,2,246308.07,152
799,2022,3,191826.54,109
799,2022,4,214972.43,116
799,2022,5,228848.44,139
799,2022,6,189849.51,105
799,2022,7,206186.28,106
799,2022,8,145892.17,139
799,2022,9,251504.17,115
799,2022,10,240984.6,117
799,2022,11,313428.42,129
799,2022,12,234849.52,103
799,2023,1,228324.2,103
799,2023,2,297105.87,123
799,2023,3,221690.32,110
799,2023,4,249117.64,103
799,2023,5,285375.3,148
799,2023,6,218790.32,95
799,2023,7,232901.96,74
799,2023,8,321622.3,94
799,2023,9,235224.9,97
799,2023,10,253784.01,99
799,2023,11,292518.0,145
799,2023,12,227950.12,144
799,2024,1,234082.88,119
799,2024,2,290618.21,136
799,2024,3,242488.57,102
799,2024,4,244491.28,102
799,2024,5,324891.49,127
799,2024,6,231541.74,119
799,2024,7,151649.51,109
799,2024,8,191912.7,144
799,2024,9,190502.3,116
799,2024,10,235693.08,114
799,2024,11,252934.43,119
799,2024,12,271312.34,111
799,2025,1,248465.95,113
799,2025,2,275464.16,134
799,2025,3,249584.86,111
799,2025,4,242087.4,112
799,2025,5,287915.61,135
799,2025,6,235438.63,121
799,2025,7,225021.69,132
799,2025,8,292481.8,193
799,2025,9,227173.14,126
799,2025,10,210308.73,66
801,2021,8,41903.37,34
801,2021,9,84542.58,71
801,2021,10,88431.46,69
801,2021,11,112642.3,76
801,2021,12,76823.02,63
801,2022,1,83292.07,74
801,2022,2,94726.8,82
801,2022,3,76129.69,64
801,2022,4,87994.92,69
801,2022,5,112108.73,84
801,2022,6,69626.98,61
801,2022,7,86646.99,66
801,2022,8,51050.77,78
801,2022,9,104232.33,76
801,2022,10,105004.0,76
801,2022,11,125319.71,82
801,2022,12,92439.94,57
801,2023,1,101466.6,68
801,2023,2,118237.68,95
801,2023,3,87576.37,57
801,2023,4,102318.67,68
801,2023,5,134421.5,86
801,2023,6,83634.28,62
801,2023,7,97378.68,68
801,2023,8,117804.88,87
801,2023,9,138166.36,72
801,2023,10,115724.42,64
801,2023,11,121441.85,77
801,2023,12,115417.13,83
801,2024,1,110309.05,69
801,2024,2,127809.26,84
801,2024,3,103683.5,60
801,2024,4,105048.22,62
801,2024,5,137417.8,80
801,2024,6,90197.55,55
801,2024,7,97378.45,51
801,2024,8,117881.55,69
801,2024,9,106456.4,61
801,2024,10,82487.7,55
801,2024,11,100440.1,83
801,2024,12,91350.9,61
801,2025,1,84528.69,63
801,2025,2,107693.37,85
801,2025,3,84551.91,67
801,2025,4,92441.77,65
801,2025,5,97025.0,76
801,2025,6,71385.7,63
801,2025,7,63898.97,66
801,2025,8,115242.48,79
801,2025,9,67455.57,57
801,2025,10,71331.9,32
806,2021,8,38782.46,34
806,2021,9,64504.77,52
806,2021,10,67298.68,58
806,2021,11,75968.79,69
806,2021,12,68209.89,55
806,2022,1,66885.62,62
806,2022,2,76730.99,63
806,2022,3,56397.74,53
806,2022,4,68985.48,61
806,2022,5,89200.36,77
806,2022,6,61514.41,57
806,2022,7,59047.04,57
806,2022,8,47021.71,68
806,2022,9,78671.48,60
806,2022,10,76962.64,63
806,2022,11,86884.65,74
806,2022,12,78201.02,52
806,2023,1,75398.19,60
806,2023,2,86671.48,75
806,2023,3,67290.15,54
806,2023,4,78967.44,66
806,2023,5,105418.02,89
806,2023,6,76298.72,56
806,2023,7,66645.62,39
806,2023,8,87025.68,57
806,2023,9,67689.79,53
806,2023,10,82082.75,77
806,2023,11,96121.36,85
806,2023,12,77087.83,85
806,2024,1,91017.31,65
806,2024,2,101217.13,77
806,2024,3,76917.04,61
806,2024,4,76372.06,49
806,2024,5,117374.52,69
806,2024,6,84312.2,44
806,2024,7,52906.2,29
806,2024,8,68374.8,33
806,2024,9,72438.92,20
806,2024,10,95398.95,17
806,2024,11,99885.27,20
806,2024,12,87944.71,17
806,2025,1,63602.81,15
806,2025,2,77710.08,16
806,2025,3,80120.47,18
806,2025,4,52312.44,13
806,2025,5,70278.26,10
806,2025,6,52025.47,24
806,2025,7,27936.4,35
806,2025,8,44225.5,43
806,2025,9,18312.15,21
806,2025,10,18298.18,2
809,2021,8,42938.93,17
809,2021,9,74688.53,46
809,2021,10,74043.59,41
809,2021,11,80258.67,45
809,2021,12,80842.44,40
809,2022,1,65708.71,41
809,2022,2,99305.28,52
809,2022,3,82472.1,47
809,2022,4,99895.38,58
809,2022,5,75178.69,53
809,2022,6,101484.84,51
809,2022,7,95152.37,53
809,2022,8,52974.19,69
809,2022,9,87731.59,55
809,2022,10,85901.07,49
809,2022,11,96451.07,78
809,2022,12,94759.66,60
809,2023,1,75667.39,59
809,2023,2,115615.25,66
809,2023,3,96593.82,59
809,2023,4,114964.3,60
809,2023,5,92588.42,75
809,2023,6,112922.6,59
809,2023,7,115404.66,48
809,2023,8,149224.18,57
809,2023,9,129097.28,59
809,2023,10,104537.4,79
809,2023,11,172729.46,109
809,2023,12,142009.93,115
809,2024,1,110308.97,79
809,2024,2,151089.56,98
809,2024,3,141818.2,95
809,2024,4,106367.96,90
809,2024,5,142911.12,114
809,2024,6,130664.29,97
809,2024,7,76720.99,94
809,2024,8,119734.45,128
809,2024,9,128552.86,97
809,2024,10,177285.87,92
809,2024,11,223301.61,130
809,2024,12,217810.62,88
809,2025,1,160688.81,91
809,2025,2,190771.62,117
809,2025,3,194728.45,95
809,2025,4,160566.74,89
809,2025,5,221081.07,124
809,2025,6,200726.67,122
809,2025,7,190447.89,125
809,2025,8,255974.66,170
809,2025,9,192787.41,107
809,2025,10,189918.53,56
813,2021,8,76031.09,38
813,2021,9,116081.94,64
813,2021,10,108118.3,57
813,2021,11,157487.41,83
813,2021,12,76922.99,54
813,2022,1,115571.05,67
813,2022,2,146452.21,85
813,2022,3,119867.25,62
813,2022,4,104225.48,57
813,2022,5,143871.42,86
813,2022,6,132731.16,75
813,2022,7,137988.45,55
813,2022,8,85479.86,76
813,2022,9,141744.49,68
813,2022,10,123128.21,64
813,2022,11,176359.88,85
813,2022,12,95951.16,66
813,2023,1,134509.0,66
813,2023,2,166279.92,87
813,2023,3,144760.02,65
813,2023,4,122268.18,72
813,2023,5,162075.85,82
813,2023,6,153471.74,55
813,2023,7,160156.55,42
813,2023,8,177713.96,55
813,2023,9,175835.79,53
813,2023,10,145086.85,66
813,2023,11,198875.6,84
813,2023,12,156993.81,88
813,2024,1,122901.82,67
813,2024,2,197927.63,71
813,2024,3,124043.35,72
813,2024,4,156435.62,64
813,2024,5,137987.26,85
813,2024,6,132974.34,59
813,2024,7,95621.54,67
813,2024,8,93177.89,76
813,2024,9,102638.66,66
813,2024,10,140144.29,60
813,2024,11,161666.3,76
813,2024,12,200798.28,64
813,2025,1,141974.35,65
813,2025,2,154766.79,88
813,2025,3,160482.95,63
813,2025,4,146380.42,75
813,2025,5,165172.55,78
813,2025,6,121202.98,71
813,2025,7,139435.51,90
813,2025,8,192706.58,104
813,2025,9,143011.54,78
813,2025,10,126044.22,34
814,2021,8,107315.13,48
814,2021,9,134474.91,74
814,2021,10,162809.31,83
814,2021,11,183919.21,97
814,2021,12,138532.84,72
814,2022,1,147087.48,75
814,2022,2,195380.65,95
814,2022,3,145174.56,65
814,2022,4,163801.17,75
814,2022,5,177168.28,94
814,2022,6,154705.08,74
814,2022,7,135326.82,73
814,2022,8,119174.03,92
814,2022,9,152653.05,73
814,2022,10,188193.08,69
814,2022,11,226241.17,85
814,2022,12,160512.31,76
814,2023,1,162640.98,76
814,2023,2,224579.88,104
814,2023,3,169388.0,77
814,2023,4,189410.82,82
814,2023,5,208788.04,94
814,2023,6,174117.01,61
814,2023,7,157247.99,55
814,2023,8,197438.01,68
814,2023,9,162911.73,59
814,2023,10,166019.09,68
814,2023,11,222187.35,80
814,2023,12,145844.82,89
814,2024,1,191480.24,65
814,2024,2,234672.7,77
814,2024,3,172487.55,61
814,2024,4,184020.31,59
814,2024,5,215241.47,70
814,2024,6,156190.57,62
814,2024,7,113944.86,66
814,2024,8,155457.3,70
814,2024,9,132755.42,64
814,2024,10,157583.78,62
814,2024,11,173262.68,76
814,2024,12,179213.58,59
814,2025,1,146926.23,52
814,2025,2,175596.09,79
814,2025,3,124357.34,59
814,2025,4,161650.76,55
814,2025,5,160615.0,79
814,2025,6,119480.2,72
814,2025,7,124678.64,83
814,2025,8,146053.42,101
814,2025,9,146126.23,69
814,2025,10,112856.07,32
815,2021,8,66716.67,34
815,2021,9,96764.7,60
815,2021,10,102945.15,56
815,2021,11,122610.97,78
815,2021,12,105815.17,55
815,2022,1,114493.13,57
815,2022,2,135511.7,74
815,2022,3,119190.27,54
815,2022,4,96606.54,53
815,2022,5,137653.11,84
815,2022,6,100682.59,54
815,2022,7,105153.77,64
815,2022,8,77755.58,79
815,2022,9,114966.48,59
815,2022,10,121167.53,55
815,2022,11,151532.33,68
815,2022,12,125643.76,55
815,2023,1,138516.28,54
815,2023,2,161797.28,72
815,2023,3,140944.24,64
815,2023,4,117987.44,63
815,2023,5,168014.0,71
815,2023,6,120087.93,53
815,2023,7,129266.05,32
815,2023,8,157049.77,53
815,2023,9,116769.05,50
815,2023,10,115183.9,55
815,2023,11,130945.62,77
815,2023,12,113952.26,74
815,2024,1,109236.96,60
815,2024,2,157155.81,76
815,2024,3,133476.68,68
815,2024,4,122996.93,62
815,2024,5,156244.37,79
815,2024,6,99373.86,59
815,2024,7,69319.05,59
815,2024,8,98569.7,70
815,2024,9,88114.73,59
815,2024,10,127255.99,58
815,2024,11,150068.81,76
815,2024,12,135317.88,60
815,2025,1,128714.13,62
815,2025,2,129932.54,64
815,2025,3,134032.27,77
815,2025,4,102000.19,61
815,2025,5,140034.37,83
815,2025,6,114837.69,79
815,2025,7,114555.45,89
815,2025,8,138635.09,115
815,2025,9,115316.12,84
815,2025,10,129461.7,35
818,2021,8,54879.96,31
818,2021,9,89154.73,45
818,2021,10,77979.0,42
818,2021,11,93341.92,57
818,2021,12,81322.75,44
818,2022,1,77028.41,38
818,2022,2,89469.8,55
818,2022,3,85375.36,48
818,2022,4,83442.77,56
818,2022,5,111505.8,59
818,2022,6,90022.28,51
818,2022,7,91651.41,54
818,2022,8,62133.18,73
818,2022,9,104283.35,54
818,2022,10,89145.33,54
818,2022,11,110851.94,63
818,2022,12,93194.72,61
818,2023,1,88601.8,69
818,2023,2,106403.13,84
818,2023,3,95118.38,55
818,2023,4,102739.58,72
818,2023,5,135417.98,95
818,2023,6,108336.29,59
818,2023,7,110231.95,46
818,2023,8,158162.03,58
818,2023,9,116925.2,61
818,2023,10,117985.73,84
818,2023,11,141309.22,89
818,2023,12,132410.75,99
818,2024,1,136872.49,85
818,2024,2,181052.04,110
818,2024,3,124678.42,94
818,2024,4,139914.85,98
818,2024,5,175379.4,115
818,2024,6,110350.15,100
818,2024,7,94850.12,102
818,2024,8,125626.13,133
818,2024,9,103915.65,110
818,2024,10,151133.11,103
818,2024,11,228430.0,139
818,2024,12,207093.51,114
818,2025,1,205427.27,103
818,2025,2,233859.62,144
818,2025,3,187882.44,110
818,2025,4,213291.15,108
818,2025,5,256128.61,139
818,2025,6,211727.84,117
818,2025,7,245156.83,145
818,2025,8,306356.96,176
818,2025,9,197902.3,113
818,2025,10,216245.94,52
819,2021,8,73061.46,43
819,2021,9,128489.02,77
819,2021,10,135952.69,73
819,2021,11,176555.08,85
819,2021,12,124234.08,66
819,2022,1,135888.29,79
819,2022,2,188937.74,97
819,2022,3,132951.91,71
819,2022,4,139326.0,72
819,2022,5,167661.97,82
819,2022,6,129837.5,68
819,2022,7,119699.3,79
819,2022,8,83980.91,96
819,2022,9,150720.22,67
819,2022,10,166673.99,71
819,2022,11,214780.45,100
819,2022,12,142958.54,69
819,2023,1,170026.24,76
819,2023,2,221799.45,85
819,2023,3,162373.67,61
819,2023,4,154809.05,67
819,2023,5,203061.46,87
819,2023,6,143017.34,56
819,2023,7,138282.84,42
819,2023,8,214476.8,47
819,2023,9,163721.61,59
819,2023,10,146550.18,61
819,2023,11,197702.66,90
819,2023,12,149349.12,77
819,2024,1,181530.59,64
819,2024,2,209803.46,76
819,2024,3,153246.74,55
819,2024,4,140560.65,53
819,2024,5,171685.88,75
819,2024,6,87896.14,48
819,2024,7,92331.37,51
819,2024,8,99158.89,60
819,2024,9,115993.34,52
819,2024,10,140563.88,49
819,2024,11,159364.85,63
819,2024,12,171503.66,58
819,2025,1,118454.23,49
819,2025,2,143009.02,58
819,2025,3,125270.6,48
819,2025,4,108688.08,46
819,2025,5,160934.76,61
819,2025,6,98015.23,61
819,2025,7,112979.96,65
819,2025,8,131750.45,75
819,2025,9,99446.78,50
819,2025,10,113244.3,24
821,2021,8,50284.73,27
821,2021,9,87264.47,44
821,2021,10,93760.3,47
821,2021,11,111487.52,61
821,2021,12,77352.85,43
821,2022,1,110297.47,51
821,2022,2,129796.88,58
821,2022,3,118542.25,54
821,2022,4,78614.15,47
821,2022,5,129693.98,62
821,2022,6,105967.22,56
821,2022,7,89796.2,51
821,2022,8,60081.85,69
821,2022,9,100405.86,61
821,2022,10,103395.16,68
821,2022,11,134721.18,78
821,2022,12,90382.4,70
821,2023,1,123110.6,76
821,2023,2,144941.98,85
821,2023,3,134541.14,75
821,2023,4,91463.02,74
821,2023,5,157974.84,97
821,2023,6,118693.39,60
821,2023,7,104988.39,47
821,2023,8,148230.56,60
821,2023,9,147348.8,59
821,2023,10,148398.8,75
821,2023,11,184333.94,95
821,2023,12,155620.12,94
821,2024,1,181230.03,79
821,2024,2,175133.14,100
821,2024,3,148740.13,81
821,2024,4,176668.1,69
821,2024,5,186033.08,95
821,2024,6,129123.07,76
821,2024,7,105122.16,84
821,2024,8,139481.07,105
821,2024,9,119328.68,75
821,2024,10,154552.22,92
821,2024,11,220752.65,98
821,2024,12,212161.04,77
821,2025,1,222250.8,87
821,2025,2,206047.54,102
821,2025,3,172136.58,87
821,2025,4,184121.52,81
821,2025,5,225517.12,111
821,2025,6,163005.34,102
821,2025,7,153131.25,94
821,2025,8,236638.19,147
821,2025,9,186071.82,99
821,2025,10,181331.95,50
831,2021,8,104751.49,66
831,2021,9,154127.88,104
831,2021,10,152304.46,111
831,2021,11,179607.8,124
831,2021,12,144460.93,93
831,2022,1,141399.59,111
831,2022,2,191215.25,129
831,2022,3,124021.76,94
831,2022,4,135953.72,103
831,2022,5,193693.44,144
831,2022,6,135791.43,97
831,2022,7,150977.98,109
831,2022,8,119049.87,124
831,2022,9,171788.72,108
831,2022,10,185556.31,105
831,2022,11,220350.79,126
831,2022,12,162252.96,106
831,2023,1,161021.36,99
831,2023,2,223851.33,125
831,2023,3,148065.69,97
831,2023,4,166777.27,105
831,2023,5,241307.17,143
831,2023,6,152210.0,100
831,2023,7,182398.7,65
831,2023,8,214335.39,79
831,2023,9,167971.99,93
831,2023,10,174151.66,106
831,2023,11,182563.35,119
831,2023,12,165393.69,127
831,2024,1,182176.69,102
831,2024,2,221724.9,122
831,2024,3,164179.36,99
831,2024,4,182932.27,97
831,2024,5,223727.8,147
831,2024,6,208226.73,103
831,2024,7,139416.92,107
831,2024,8,124217.22,132
831,2024,9,145970.59,116
831,2024,10,163018.87,97
831,2024,11,212982.71,136
831,2024,12,216304.1,103
831,2025,1,152785.73,107
831,2025,2,222407.91,139
831,2025,3,198219.06,108
831,2025,4,172143.47,106
831,2025,5,219084.98,124
831,2025,6,161637.62,114
831,2025,7,178288.99,135
831,2025,8,228850.83,176
831,2025,9,159664.86,126
831,2025,10,184897.21,57
845,2021,8,51494.3,45
845,2021,9,102005.97,78
845,2021,10,92620.39,77
845,2021,11,114581.83,91
845,2021,12,74664.68,66
845,2022,1,102181.12,75
845,2022,2,121937.31,93
845,2022,3,92402.15,84
845,2022,4,88750.61,80
845,2022,5,144460.7,100
845,2022,6,103081.95,77
845,2022,7,102916.62,77
845,2022,8,59854.59,92
845,2022,9,116107.76,82
845,2022,10,104663.76,77
845,2022,11,126409.49,95
845,2022,12,91048.72,84
845,2023,1,119133.3,71
845,2023,2,137854.9,103
845,2023,3,105018.64,78
845,2023,4,103941.42,69
845,2023,5,163270.47,100
845,2023,6,129639.94,76
845,2023,7,114647.3,54
845,2023,8,124201.91,67
845,2023,9,114178.82,63
845,2023,10,106971.83,78
845,2023,11,135709.34,104
845,2023,12,103685.71,105
845,2024,1,92287.86,86
845,2024,2,142599.35,92
845,2024,3,117802.72,91
845,2024,4,100843.56,76
845,2024,5,145044.83,94
845,2024,6,91072.71,88
845,2024,7,78737.1,80
845,2024,8,95823.12,96
845,2024,9,101277.55,84
845,2024,10,105662.96,77
845,2024,11,108990.89,93
845,2024,12,95195.09,84
845,2025,1,80832.51,82
845,2025,2,89753.5,97
845,2025,3,88766.09,81
845,2025,4,91430.18,73
845,2025,5,98402.91,104
845,2025,6,85333.16,91
845,2025,7,81982.38,109
845,2025,8,104657.0,146
845,2025,9,98460.03,91
845,2025,10,79295.86,37
847,2021,8,85315.57,42
847,2021,9,139902.57,75
847,2021,10,155029.94,83
847,2021,11,153725.56,99
847,2021,12,143021.92,75
847,2022,1,145651.26,74
847,2022,2,174787.75,90
847,2022,3,133028.12,80
847,2022,4,137256.54,76
847,2022,5,194935.22,101
847,2022,6,140497.69,73
847,2022,7,158062.33,80
847,2022,8,94588.54,95
847,2022,9,164259.25,83
847,2022,10,179081.17,77
847,2022,11,180483.41,85
847,2022,12,163990.59,70
847,2023,1,177892.72,75
847,2023,2,203072.51,97
847,2023,3,155388.2,79
847,2023,4,161760.04,69
847,2023,5,232467.42,93
847,2023,6,158815.6,76
847,2023,7,185089.36,47
847,2023,8,210812.2,70
847,2023,9,160691.18,51
847,2023,10,187760.58,82
847,2023,11,180879.31,101
847,2023,12,149139.98,91
847,2024,1,166586.18,73
847,2024,2,196046.37,101
847,2024,3,164542.31,78
847,2024,4,169166.31,81
847,2024,5,204992.94,106
847,2024,6,163165.97,89
847,2024,7,104350.65,79
847,2024,8,169345.66,102
847,2024,9,123024.06,73
847,2024,10,175432.13,79
847,2024,11,233580.41,101
847,2024,12,182172.84,80
847,2025,1,142962.81,81
847,2025,2,195556.43,107
847,2025,3,173307.46,82
847,2025,4,171908.17,100
847,2025,5,235020.89,107
847,2025,6,167898.46,106
847,2025,7,157147.1,111
847,2025,8,221656.03,149
847,2025,9,139922.41,114
847,2025,10,154135.03,45
852,2021,8,48408.65,37
852,2021,9,79007.03,57
852,2021,10,77290.99,66
852,2021,11,117457.47,74
852,2021,12,63513.75,58
852,2022,1,83173.56,60
852,2022,2,107084.11,78
852,2022,3,77973.05,54
852,2022,4,76556.06,67
852,2022,5,95310.33,77
852,2022,6,72088.25,57
852,2022,7,73344.8,52
852,2022,8,57526.6,79
852,2022,9,93288.1,65
852,2022,10,95846.29,60
852,2022,11,131572.44,74
852,2022,12,75058.57,54
852,2023,1,98316.19,64
852,2023,2,123127.47,88
852,2023,3,95667.44,61
852,2023,4,92629.33,60
852,2023,5,120038.12,74
852,2023,6,87234.07,66
852,2023,7,87056.66,59
852,2023,8,149193.69,73
852,2023,9,102680.96,72
852,2023,10,79697.66,64
852,2023,11,124772.14,77
852,2023,12,78377.38,70
852,2024,1,115267.94,57
852,2024,2,137829.96,71
852,2024,3,93481.2,58
852,2024,4,93616.79,63
852,2024,5,121880.96,68
852,2024,6,81331.73,55
852,2024,7,119191.87,67
852,2024,8,107800.07,75
852,2024,9,90801.15,68
852,2024,10,84585.06,63
852,2024,11,82449.66,71
852,2024,12,82942.55,64
852,2025,1,83539.88,66
852,2025,2,85864.62,75
852,2025,3,59755.28,70
852,2025,4,61573.55,65
852,2025,5,98702.88,79
852,2025,6,63599.69,61
852,2025,7,72970.69,72
852,2025,8,76515.09,75
852,2025,9,75693.82,61
852,2025,10,65997.72,35
858,2021,8,27946.34,15
858,2021,9,34217.05,26
858,2021,10,41157.75,24
858,2021,11,52421.85,33
858,2021,12,46079.59,26
858,2022,1,43900.77,24
858,2022,2,55553.26,36
858,2022,3,37485.86,23
858,2022,4,35110.68,25
858,2022,5,49741.34,33
858,2022,6,42870.84,29
858,2022,7,48707.59,25
858,2022,8,31015.54,31
858,2022,9,39689.82,31
858,2022,10,50064.34,30
858,2022,11,60226.27,40
858,2022,12,56413.24,27
858,2023,1,55491.56,27
858,2023,2,65186.16,38
858,2023,3,46571.5,33
858,2023,4,41272.99,30
858,2023,5,58917.17,37
858,2023,6,53351.98,28
858,2023,7,57557.96,13
858,2023,8,81068.56,29
858,2023,9,61897.75,25
858,2023,10,52492.4,40
858,2023,11,70162.77,66
858,2023,12,54228.19,73
858,2024,1,58491.3,50
858,2024,2,72431.76,70
858,2024,3,54188.46,62
858,2024,4,49334.65,67
858,2024,5,56872.81,71
858,2024,6,63085.41,58
858,2024,7,22796.23,65
858,2024,8,57978.57,97
858,2024,9,57206.21,75
858,2024,10,82175.76,86
858,2024,11,119662.7,101
858,2024,12,138313.52,72
858,2025,1,104279.25,82
858,2025,2,119276.98,95
858,2025,3,132520.25,85
858,2025,4,113886.45,76
858,2025,5,153192.76,96
858,2025,6,119723.87,97
858,2025,7,130217.18,95
858,2025,8,154908.23,139
858,2025,9,158708.91,94
858,2025,10,166603.37,47
866,2021,8,38281.92,29
866,2021,9,54604.55,37
866,2021,10,49976.91,40
866,2021,11,70108.65,50
866,2021,12,42172.44,40
866,2022,1,64258.84,38
866,2022,2,83547.7,56
866,2022,3,63330.0,46
866,2022,4,67692.63,46
866,2022,5,76009.42,55
866,2022,6,71560.79,44
866,2022,7,72232.36,42
866,2022,8,45514.36,57
866,2022,9,64645.56,48
866,2022,10,60228.66,42
866,2022,11,86496.45,61
866,2022,12,49007.76,62
866,2023,1,71964.23,60
866,2023,2,101435.7,70
866,2023,3,71346.86,52
866,2023,4,84126.06,58
866,2023,5,89877.99,67
866,2023,6,83488.7,61
866,2023,7,82645.71,34
866,2023,8,102803.73,45
866,2023,9,83064.49,48
866,2023,10,75565.84,55
866,2023,11,122113.97,76
866,2023,12,98460.68,80
866,2024,1,97708.84,61
866,2024,2,99496.14,65
866,2024,3,102209.53,53
866,2024,4,111140.63,55
866,2024,5,100874.41,64
866,2024,6,96068.31,52
866,2024,7,53968.93,61
866,2024,8,85625.85,73
866,2024,9,87705.84,63
866,2024,10,85113.87,77
866,2024,11,124325.53,92
866,2024,12,132934.83,66
866,2025,1,112198.83,57
866,2025,2,129466.47,95
866,2025,3,77058.49,62
866,2025,4,102797.29,60
866,2025,5,110915.19,89
866,2025,6,88696.46,73
866,2025,7,110273.19,94
866,2025,8,129499.88,97
866,2025,9,120313.61,77
866,2025,10,146191.12,33
869,2021,8,78421.32,55
869,2021,9,135698.27,86
869,2021,10,136310.2,74
869,2021,11,155305.39,96
869,2021,12,138265.7,81
869,2022,1,135360.12,88
869,2022,2,144926.99,102
869,2022,3,117360.41,83
869,2022,4,124475.06,74
869,2022,5,154269.89,93
869,2022,6,109844.72,79
869,2022,7,111859.47,77
869,2022,8,96558.56,103
869,2022,9,163337.46,90
869,2022,10,166465.5,79
869,2022,11,192842.4,93
869,2022,12,160937.51,78
869,2023,1,155405.28,89
869,2023,2,177844.26,97
869,2023,3,133019.11,80
869,2023,4,140295.85,77
869,2023,5,178342.06,105
869,2023,6,125413.76,67
869,2023,7,141180.38,61
869,2023,8,197900.16,72
869,2023,9,147146.31,61
869,2023,10,136168.75,86
869,2023,11,163500.31,93
869,2023,12,154041.79,104
869,2024,1,142035.31,79
869,2024,2,147970.99,113
869,2024,3,151252.54,81
869,2024,4,134964.35,82
869,2024,5,187118.09,109
869,2024,6,136302.11,82
869,2024,7,113499.2,77
869,2024,8,124785.86,91
869,2024,9,114544.09,77
869,2024,10,150504.83,85
869,2024,11,174369.86,97
869,2024,12,195507.16,83
869,2025,1,151026.88,87
869,2025,2,187906.23,98
869,2025,3,148147.8,79
869,2025,4,157507.3,77
869,2025,5,166146.26,108
869,2025,6,150376.23,97
869,2025,7,144516.13,101
869,2025,8,160824.64,148
869,2025,9,138990.68,91
869,2025,10,129794.63,34
870,2021,8,63778.92,44
870,2021,9,76506.29,66
870,2021,10,104767.65,69
870,2021,11,109024.46,92
870,2021,12,72212.67,61
870,2022,1,83697.41,67
870,2022,2,100651.3,81
870,2022,3,90731.81,73
870,2022,4,83396.15,77
870,2022,5,100360.14,88
870,2022,6,91118.6,76
870,2022,7,78998.6,65
870,2022,8,72741.62,82
870,2022,9,94911.59,70
870,2022,10,115837.22,69
870,2022,11,123686.41,92
870,2022,12,87161.04,62
870,2023,1,101641.69,77
870,2023,2,113563.04,85
870,2023,3,106502.25,64
870,2023,4,96727.1,69
870,2023,5,120794.96,84
870,2023,6,102320.34,70
870,2023,7,91825.09,70
870,2023,8,112580.63,90
870,2023,9,110898.75,71
870,2023,10,93944.34,71
870,2023,11,113508.28,76
870,2023,12,89439.48,86
870,2024,1,97248.97,63
870,2024,2,131700.4,101
870,2024,3,100556.89,78
870,2024,4,96460.98,69
870,2024,5,109091.05,98
870,2024,6,90210.04,79
870,2024,7,82379.14,78
870,2024,8,99662.49,94
870,2024,9,91825.18,68
870,2024,10,87230.81,77
870,2024,11,107024.93,90
870,2024,12,116140.83,83
870,2025,1,86368.11,79
870,2025,2,140410.53,96
870,2025,3,99583.62,75
870,2025,4,89605.02,85
870,2025,5,102349.91,105
870,2025,6,74712.99,77
870,2025,7,85538.0,72
870,2025,8,120216.94,98
870,2025,9,85592.74,76
870,2025,10,93173.55,38
874,2021,8,85450.71,43
874,2021,9,182033.25,76
874,2021,10,175903.57,83
874,2021,11,181192.87,103
874,2021,12,140143.78,76
874,2022,1,148055.92,85
874,2022,2,215289.43,101
874,2022,3,158439.15,86
874,2022,4,192274.98,84
874,2022,5,193221.67,112
874,2022,6,170227.67,82
874,2022,7,162858.81,84
874,2022,8,103673.18,96
874,2022,9,207088.33,84
874,2022,10,209744.46,88
874,2022,11,220284.76,90
874,2022,12,168641.25,89
874,2023,1,179413.94,80
874,2023,2,242479.96,96
874,2023,3,191696.32,88
874,2023,4,216415.89,84
874,2023,5,227765.07,103
874,2023,6,199357.99,79
874,2023,7,197832.13,54
874,2023,8,259215.39,63
874,2023,9,195726.69,73
874,2023,10,173595.07,92
874,2023,11,226620.11,101
874,2023,12,193053.86,112
874,2024,1,175008.84,90
874,2024,2,229828.26,105
874,2024,3,201906.69,83
874,2024,4,176929.12,83
874,2024,5,203631.83,102
874,2024,6,160766.8,83
874,2024,7,121367.9,84
874,2024,8,159585.09,98
874,2024,9,158730.11,87
874,2024,10,211714.94,80
874,2024,11,203370.1,108
874,2024,12,230481.88,92
874,2025,1,180241.2,98
874,2025,2,223731.19,110
874,2025,3,195448.23,88
874,2025,4,192524.1,105
874,2025,5,223322.57,127
874,2025,6,193953.86,116
874,2025,7,182945.81,118
874,2025,8,221805.17,147
874,2025,9,212887.12,110
874,2025,10,147377.9,46
882,2021,8,50605.95,27
882,2021,9,92880.97,43
882,2021,10,74620.37,48
882,2021,11,126269.73,64
882,2021,12,114707.04,52
882,2022,1,111692.12,47
882,2022,2,139702.36,62
882,2022,3,100741.22,52
882,2022,4,118401.07,62
882,2022,5,124848.61,71
882,2022,6,105493.57,59
882,2022,7,152104.17,55
882,2022,8,57760.49,81
882,2022,9,110124.88,63
882,2022,10,90259.2,55
882,2022,11,145096.49,74
882,2022,12,134635.54,67
882,2023,1,125524.9,60
882,2023,2,172729.28,72
882,2023,3,117852.21,59
882,2023,4,133291.41,59
882,2023,5,147123.69,88
882,2023,6,123378.22,58
882,2023,7,174463.94,35
882,2023,8,188462.93,52
882,2023,9,137766.21,44
882,2023,10,132951.31,60
882,2023,11,151544.65,72
882,2023,12,161969.39,85
882,2024,1,143840.2,74
882,2024,2,145799.52,91
882,2024,3,155746.82,71
882,2024,4,131020.47,67
882,2024,5,182566.6,80
882,2024,6,133588.6,75
882,2024,7,82200.87,69
882,2024,8,115961.73,90
882,2024,9,123066.95,65
882,2024,10,141957.75,74
882,2024,11,194800.64,99
882,2024,12,215940.73,73
882,2025,1,150545.96,76
882,2025,2,217114.01,101
882,2025,3,157875.38,70
882,2025,4,186826.53,78
882,2025,5,224143.35,90
882,2025,6,184195.97,88
882,2025,7,150408.24,97
882,2025,8,183010.8,119
882,2025,9,133977.19,77
882,2025,10,180976.11,38
885,2023,1,4853.16,5
885,2023,2,22652.44,13
885,2023,3,11461.95,10
885,2023,4,14570.05,10
885,2023,5,21901.72,13
885,2023,6,20028.14,9
885,2023,7,18396.11,8
885,2023,8,30722.23,15
885,2023,9,22902.3,14
885,2023,10,32441.46,22
885,2023,11,57881.7,31
885,2023,12,64736.76,39
885,2024,1,5639.87,33
885,2024,2,26812.1,33
885,2024,3,13274.03,35
885,2024,4,16954.88,27
885,2024,5,24792.91,44
885,2024,6,22603.87,30
885,2024,7,22463.58,32
885,2024,8,36508.16,35
885,2024,9,26447.33,28
885,2024,10,38430.41,29
885,2024,11,64127.78,38
885,2024,12,74646.44,27
885,2025,1,55490.48,28
885,2025,2,75456.27,35
885,2025,3,73934.25,29
885,2025,4,59697.81,33
885,2025,5,89579.74,43
885,2025,6,48623.54,31
885,2025,7,72569.55,47
885,2025,8,79395.48,49
885,2025,9,43619.46,37
885,2025,10,52961.55,16
888,2021,8,88870.65,51
888,2021,9,135979.02,72
888,2021,10,129510.2,78
888,2021,11,186749.59,99
888,2021,12,122107.95,79
888,2022,1,144876.62,81
888,2022,2,143060.41,94
888,2022,3,121327.47,86
888,2022,4,152992.13,85
888,2022,5,162381.74,104
888,2022,6,128197.7,79
888,2022,7,141425.1,86
888,2022,8,101913.17,105
888,2022,9,153168.07,80
888,2022,10,158343.4,87
888,2022,11,212509.77,91
888,2022,12,141350.69,77
888,2023,1,166265.24,85
888,2023,2,177398.56,88
888,2023,3,147436.17,84
888,2023,4,170858.37,75
888,2023,5,188799.42,96
888,2023,6,145788.74,80
888,2023,7,158333.95,48
888,2023,8,180983.86,70
888,2023,9,164882.39,67
888,2023,10,171999.71,72
888,2023,11,195718.7,97
888,2023,12,138044.01,106
888,2024,1,158277.53,76
888,2024,2,186092.41,98
888,2024,3,165942.42,74
888,2024,4,157755.52,80
888,2024,5,188668.92,113
888,2024,6,136859.88,66
888,2024,7,101016.34,79
888,2024,8,142228.48,102
888,2024,9,132774.32,83
888,2024,10,154815.7,85
888,2024,11,195549.58,97
888,2024,12,192260.15,80
888,2025,1,141480.51,84
888,2025,2,198798.72,94
888,2025,3,149618.68,78
888,2025,4,154277.28,82
888,2025,5,194770.55,105
888,2025,6,136006.3,97
888,2025,7,153336.42,115
888,2025,8,184448.97,134
888,2025,9,147680.84,97
888,2025,10,135103.32,37
889,2021,8,55832.75,53
889,2021,9,85970.32,75
889,2021,10,96501.88,87
889,2021,11,122309.39,94
889,2021,12,79723.46,65
889,2022,1,99142.73,81
889,2022,2,107989.65,100
889,2022,3,89462.12,79
889,2022,4,106179.07,81
889,2022,5,117079.2,106
889,2022,6,98310.86,80
889,2022,7,106326.26,75
889,2022,8,67563.14,104
889,2022,9,105103.4,75
889,2022,10,110639.02,77
889,2022,11,139370.72,106
889,2022,12,99102.7,76
889,2023,1,114468.14,72
889,2023,2,134446.2,108
889,2023,3,98678.57,80
889,2023,4,118596.7,73
889,2023,5,137021.92,105
889,2023,6,117724.29,71
889,2023,7,124834.84,52
889,2023,8,131946.34,73
889,2023,9,106741.46,79
889,2023,10,98960.27,89
889,2023,11,152352.92,103
889,2023,12,114978.09,98
889,2024,1,104777.16,74
889,2024,2,159031.02,93
889,2024,3,115240.38,62
889,2024,4,109453.38,58
889,2024,5,152429.05,59
889,2024,6,109243.32,41
889,2024,7,82760.01,51
889,2024,8,97685.64,51
889,2024,9,91780.67,33
889,2024,10,115078.39,17
889,2024,11,120737.61,24
889,2024,12,123534.38,18
889,2025,1,89416.78,19
889,2025,2,115909.19,21
889,2025,3,86280.22,18
889,2025,4,62688.4,14
889,2025,5,73862.54,22
889,2025,6,63623.7,32
889,2025,7,49155.4,42
889,2025,8,61650.72,55
889,2025,9,40483.63,24
889,2025,10,16270.99,6
893,2021,8,29664.83,23
893,2021,9,29525.81,30
893,2021,10,40789.67,34
893,2021,11,37441.56,38
893,2021,12,35666.3,35
893,2022,1,34972.18,34
893,2022,2,52199.45,45
893,2022,3,36714.08,32
893,2022,4,38326.2,32
893,2022,5,44377.64,36
893,2022,6,28883.69,35
893,2022,7,31838.5,36
893,2022,8,34476.49,41
893,2022,9,35349.35,43
893,2022,10,45363.98,34
893,2022,11,44995.53,48
893,2022,12,39887.1,38
893,2023,1,42925.85,35
893,2023,2,59593.31,45
893,2023,3,43249.59,40
893,2023,4,43310.7,40
893,2023,5,51779.61,57
893,2023,6,32536.53,38
893,2023,7,38039.49,28
893,2023,8,56799.35,46
893,2023,9,46400.49,42
893,2023,10,43482.3,54
893,2023,11,54710.49,83
893,2023,12,51843.82,88
893,2024,1,40662.21,79
893,2024,2,65938.56,94
893,2024,3,52907.39,72
893,2024,4,62432.15,78
893,2024,5,60940.94,96
893,2024,6,58320.26,82
893,2024,7,36895.34,82
893,2024,8,57070.42,119
893,2024,9,48194.29,99
893,2024,10,73068.55,95
893,2024,11,107034.66,137
893,2024,12,132579.56,97
893,2025,1,99292.02,116
893,2025,2,144027.15,143
893,2025,3,109063.71,111
893,2025,4,101110.29,117
893,2025,5,123105.35,138
893,2025,6,134889.7,129
893,2025,7,124025.1,124
893,2025,8,157770.49,158
893,2025,9,146109.38,130
893,2025,10,144772.76,66
895,2021,8,52236.81,36
895,2021,9,83291.31,78
895,2021,10,102461.21,85
895,2021,11,116663.54,89
895,2021,12,91654.54,77
895,2022,1,74286.2,73
895,2022,2,110599.2,90
895,2022,3,86848.31,71
895,2022,4,89188.95,75
895,2022,5,103208.79,83
895,2022,6,92268.76,73
895,2022,7,95084.03,79
895,2022,8,62171.92,100
895,2022,9,95324.16,70
895,2022,10,114693.39,78
895,2022,11,141690.35,86
895,2022,12,103790.88,84
895,2023,1,91370.22,76
895,2023,2,126039.93,91
895,2023,3,104835.46,87
895,2023,4,107478.79,76
895,2023,5,119156.04,103
895,2023,6,105691.01,63
895,2023,7,105969.4,54
895,2023,8,146193.93,66
895,2023,9,101725.0,61
895,2023,10,101084.22,88
895,2023,11,138697.45,99
895,2023,12,113413.39,103
895,2024,1,121332.29,67
895,2024,2,141055.05,92
895,2024,3,113961.27,58
895,2024,4,116100.07,52
895,2024,5,139025.44,60
895,2024,6,87675.19,30
895,2024,7,82903.9,30
895,2024,8,84074.98,39
895,2024,9,90844.88,26
895,2024,10,100160.02,25
895,2024,11,118599.45,35
895,2024,12,116100.16,18
895,2025,1,81275.86,19
895,2025,2,130244.79,29
895,2025,3,68357.71,22
895,2025,4,52685.73,19
895,2025,5,72411.91,19
895,2025,6,33530.13,36
895,2025,7,32584.5,39
895,2025,8,37337.36,63
895,2025,9,26371.34,29
895,2025,10,17995.2,7
897,2021,8,23809.8,24
897,2021,9,41127.63,38
897,2021,10,53483.76,37
897,2021,11,45196.71,46
897,2021,12,35655.2,30
897,2022,1,53184.31,38
897,2022,2,46858.51,42
897,2022,3,62043.52,36
897,2022,4,46205.12,40
897,2022,5,53171.65,39
897,2022,6,42644.25,38
897,2022,7,50178.7,38
897,2022,8,28109.87,55
897,2022,9,48470.61,40
897,2022,10,59191.74,38
897,2022,11,54685.6,46
897,2022,12,42633.69,39
897,2023,1,59328.06,44
897,2023,2,55884.5,53
897,2023,3,71264.37,43
897,2023,4,51478.97,38
897,2023,5,62730.58,50
897,2023,6,50830.33,37
897,2023,7,60300.71,43
897,2023,8,76805.9,51
897,2023,9,58059.73,38
897,2023,10,57746.29,42
897,2023,11,67141.45,42
897,2023,12,65514.35,47
897,2024,1,64851.42,32
897,2024,2,68497.22,37
897,2024,3,64856.26,31
897,2024,4,57109.52,28
897,2024,5,79650.98,37
897,2024,6,59066.32,22
897,2024,7,48647.48,22
897,2024,8,83115.29,23
897,2024,9,55642.84,12
897,2024,10,68754.01,10
897,2024,11,52790.83,24
897,2024,12,53389.29,15
897,2025,1,39701.57,11
897,2025,2,45638.08,24
897,2025,3,41896.18,19
897,2025,4,41425.23,11
897,2025,5,55158.78,17
897,2025,6,18740.19,15
897,2025,7,20939.6,13
897,2025,8,21154.42,19
897,2025,9,12263.01,11
897,2025,10,8225.35,8
898,2021,8,110868.99,76
898,2021,9,173441.91,121
898,2021,10,170202.49,136
898,2021,11,192896.77,139
898,2021,12,170956.25,107
898,2022,1,206804.22,132
898,2022,2,214731.37,140
898,2022,3,167803.03,113
898,2022,4,170091.29,121
898,2022,5,213683.52,152
898,2022,6,159323.21,110
898,2022,7,165024.6,134
898,2022,8,132551.69,139
898,2022,9,195850.61,120
898,2022,10,201940.95,123
898,2022,11,223296.29,137
898,2022,12,198379.47,121
898,2023,1,235422.23,129
898,2023,2,243727.64,147
898,2023,3,197921.11,114
898,2023,4,196551.05,116
898,2023,5,239400.08,155
898,2023,6,189122.71,106
898,2023,7,203326.0,82
898,2023,8,245354.94,102
898,2023,9,203544.79,102
898,2023,10,226910.46,123
898,2023,11,277929.95,155
898,2023,12,193663.3,151
898,2024,1,212625.47,117
898,2024,2,244793.73,136
898,2024,3,202052.03,129
898,2024,4,231980.83,129
898,2024,5,265708.09,141
898,2024,6,183247.68,115
898,2024,7,143926.69,123
898,2024,8,156989.24,164
898,2024,9,149702.13,103
898,2024,10,195316.38,112
898,2024,11,252026.19,152
898,2024,12,279422.45,127
898,2025,1,201378.26,122
898,2025,2,240052.69,142
898,2025,3,179232.5,129
898,2025,4,223093.14,124
898,2025,5,236867.53,138
898,2025,6,194562.06,146
898,2025,7,207192.36,164
898,2025,8,256711.09,213
898,2025,9,187395.23,133
898,2025,10,201813.47,55
902,2021,8,52119.79,53
902,2021,9,77808.42,73
902,2021,10,64671.77,65
902,2021,11,96356.14,86
902,2021,12,68235.92,62
902,2022,1,90908.07,79
902,2022,2,92776.62,75
902,2022,3,90298.6,79
902,2022,4,76278.64,67
902,2022,5,107307.44,90
902,2022,6,89208.38,78
902,2022,7,75848.45,69
902,2022,8,63713.35,84
902,2022,9,90035.71,59
902,2022,10,77899.35,72
902,2022,11,113042.68,82
902,2022,12,80042.39,76
902,2023,1,105219.09,62
902,2023,2,108484.31,84
902,2023,3,106046.13,74
902,2023,4,89780.95,66
902,2023,5,123097.68,78
902,2023,6,106656.73,61
902,2023,7,90557.08,44
902,2023,8,105752.81,48
902,2023,9,85760.43,61
902,2023,10,93521.57,78
902,2023,11,134810.19,85
902,2023,12,98253.89,93
902,2024,1,86917.43,72
902,2024,2,116494.97,95
902,2024,3,85474.42,64
902,2024,4,90272.43,67
902,2024,5,120262.07,84
902,2024,6,73830.82,71
902,2024,7,55286.37,66
902,2024,8,64178.37,83
902,2024,9,66479.74,76
902,2024,10,83110.97,67
902,2024,11,89526.57,88
902,2024,12,100841.51,67
902,2025,1,60296.39,69
902,2025,2,96488.53,90
902,2025,3,61038.26,83
902,2025,4,71191.65,74
902,2025,5,80567.6,86
902,2025,6,67213.35,83
902,2025,7,66540.35,91
902,2025,8,98481.02,117
902,2025,9,75050.71,86
902,2025,10,69655.77,34
908,2023,2,14701.81,10
908,2023,3,18165.29,13
908,2023,4,18140.74,12
908,2023,5,45308.97,26
908,2023,6,26377.28,17
908,2023,7,20546.13,18
908,2023,8,30385.65,22
908,2023,9,60472.13,29
908,2023,10,79535.32,44
908,2023,11,100965.35,58
908,2023,12,92558.06,66
908,2024,1,77492.94,45
908,2024,2,17026.65,47
908,2024,3,20598.98,49
908,2024,4,20896.35,38
908,2024,5,55248.2,48
908,2024,6,29591.26,38
908,2024,7,24110.84,36
908,2024,8,37391.14,48
908,2024,9,73308.62,33
908,2024,10,89020.99,40
908,2024,11,119334.17,48
908,2024,12,106992.71,40
908,2025,1,86994.87,28
908,2025,2,90823.22,38
908,2025,3,110727.99,36
908,2025,4,72496.06,32
908,2025,5,92137.57,41
908,2025,6,74495.37,36
908,2025,7,64587.7,39
908,2025,8,122849.46,61
908,2025,9,72128.71,41
908,2025,10,73380.49,18
909,2021,8,23782.24,20
909,2021,9,70798.98,41
909,2021,10,61327.0,37
909,2021,11,61207.85,42
909,2021,12,46147.85,33
909,2022,1,51795.84,36
909,2022,2,58537.2,40
909,2022,3,62078.27,41
909,2022,4,51826.63,39
909,2022,5,58567.42,45
909,2022,6,64503.36,41
909,2022,7,65605.89,43
909,2022,8,26018.35,52
909,2022,9,82579.62,41
909,2022,10,72347.24,46
909,2022,11,71238.27,56
909,2022,12,56925.75,46
909,2023,1,57930.44,50
909,2023,2,65818.73,52
909,2023,3,71559.92,51
909,2023,4,62985.64,50
909,2023,5,71433.41,65
909,2023,6,73927.96,42
909,2023,7,79443.03,37
909,2023,8,86040.67,38
909,2023,9,67362.53,46
909,2023,10,79359.32,69
909,2023,11,99782.78,73
909,2023,12,81244.24,82
909,2024,1,105737.81,71
909,2024,2,101279.78,80
909,2024,3,100829.35,63
909,2024,4,85004.72,79
909,2024,5,120692.33,89
909,2024,6,80585.54,66
909,2024,7,70859.71,78
909,2024,8,69068.91,89
909,2024,9,85395.87,77
909,2024,10,111686.35,75
909,2024,11,166449.75,90
909,2024,12,155091.76,76
909,2025,1,110920.2,75
909,2025,2,153037.71,99
909,2025,3,124549.07,78
909,2025,4,144202.72,75
909,2025,5,172816.26,98
909,2025,6,132172.88,81
909,2025,7,143100.98,87
909,2025,8,168668.0,116
909,2025,9,146248.9,71
909,2025,10,138073.23,41
911,2021,8,57250.66,41
911,2021,9,60175.59,51
911,2021,10,80093.37,56
911,2021,11,101786.32,73
911,2021,12,79958.82,60
911,2022,1,70222.6,64
911,2022,2,88025.14,72
911,2022,3,77498.34,54
911,2022,4,77844.79,57
911,2022,5,93072.34,72
911,2022,6,83095.91,60
911,2022,7,69340.04,61
911,2022,8,63406.18,74
911,2022,9,71329.23,56
911,2022,10,93868.01,60
911,2022,11,119907.01,79
911,2022,12,97366.45,69
911,2023,1,82138.73,61
911,2023,2,100744.6,90
911,2023,3,87244.31,76
911,2023,4,90282.46,76
911,2023,5,107732.83,97
911,2023,6,100690.79,62
911,2023,7,84322.55,53
911,2023,8,115252.45,56
911,2023,9,92249.87,62
911,2023,10,94874.2,88
911,2023,11,126639.23,103
911,2023,12,112138.61,111
911,2024,1,88508.1,90
911,2024,2,148634.96,129
911,2024,3,138522.14,104
911,2024,4,105700.96,97
911,2024,5,138985.21,129
911,2024,6,98819.99,103
911,2024,7,77765.69,120
911,2024,8,88508.95,140
911,2024,9,114865.86,122
911,2024,10,150945.94,125
911,2024,11,160327.02,146
911,2024,12,190491.48,114
911,2025,1,148789.56,130
911,2025,2,205249.44,169
911,2025,3,154727.85,134
911,2025,4,174211.08,127
911,2025,5,222485.58,159
911,2025,6,169993.11,147
911,2025,7,193366.81,159
911,2025,8,229678.82,207
911,2025,9,218950.38,154
911,2025,10,227706.65,72
912,2021,8,22407.59,16
912,2021,9,48774.05,32
912,2021,10,36955.84,27
912,2021,11,46769.44,31
912,2021,12,47929.02,27
912,2022,1,50247.64,30
912,2022,2,57629.28,32
912,2022,3,40982.2,29
912,2022,4,52763.84,25
912,2022,5,60213.98,37
912,2022,6,46126.11,27
912,2022,7,46263.72,32
912,2022,8,25847.23,35
912,2022,9,55797.35,29
912,2022,10,45560.58,26
912,2022,11,55513.82,29
912,2022,12,55095.63,26
912,2023,1,56383.29,26
912,2023,2,69223.96,39
912,2023,3,45955.32,33
912,2023,4,58879.87,31
912,2023,5,68515.78,44
912,2023,6,53139.37,36
912,2023,7,57117.04,16
912,2023,8,58026.8,33
912,2023,9,51308.78,31
912,2023,10,60874.52,38
912,2023,11,59586.21,59
912,2023,12,45108.41,81
912,2024,1,53844.68,70
912,2024,2,73401.01,95
912,2024,3,54515.95,69
912,2024,4,55276.62,83
912,2024,5,80380.13,97
912,2024,6,61985.79,84
912,2024,7,27443.46,82
912,2024,8,66517.05,126
912,2024,9,56287.18,101
912,2024,10,70308.94,109
912,2024,11,106606.72,123
912,2024,12,116803.88,118
912,2025,1,107011.99,108
912,2025,2,145971.07,134
912,2025,3,131922.22,110
912,2025,4,158781.98,105
912,2025,5,188368.44,133
912,2025,6,169477.47,127
912,2025,7,143595.17,140
912,2025,8,200758.13,140
912,2025,9,158262.43,121
912,2025,10,163843.17,52
922,2021,8,116348.71,61
922,2021,9,204829.26,129
922,2021,10,209927.49,108
922,2021,11,273247.79,139
922,2021,12,201216.15,114
922,2022,1,197879.42,110
922,2022,2,272211.84,152
922,2022,3,221363.07,126
922,2022,4,207020.56,123
922,2022,5,270952.66,134
922,2022,6,197748.95,120
922,2022,7,217175.33,107
922,2022,8,143626.69,157
922,2022,9,235794.1,119
922,2022,10,252072.9,112
922,2022,11,313460.41,138
922,2022,12,237107.36,118
922,2023,1,219697.13,114
922,2023,2,296374.46,149
922,2023,3,254007.49,102
922,2023,4,240585.34,109
922,2023,5,304077.04,129
922,2023,6,235547.2,90
922,2023,7,242163.12,75
922,2023,8,290508.47,86
922,2023,9,246680.69,86
922,2023,10,246580.86,106
922,2023,11,306089.25,125
922,2023,12,218503.05,137
922,2024,1,263515.03,116
922,2024,2,278450.51,145
922,2024,3,243899.71,105
922,2024,4,224745.41,107
922,2024,5,263876.6,129
922,2024,6,180697.57,103
922,2024,7,132782.11,97
922,2024,8,164708.77,119
922,2024,9,179056.21,99
922,2024,10,209037.26,93
922,2024,11,214410.18,120
922,2024,12,257780.83,99
922,2025,1,214783.09,99
922,2025,2,228280.78,110
922,2025,3,188183.09,93
922,2025,4,237539.2,84
922,2025,5,253941.03,119
922,2025,6,184579.23,103
922,2025,7,225226.87,116
922,2025,8,245546.15,154
922,2025,9,218215.83,99
922,2025,10,188533.87,37
925,2021,8,64465.32,31
925,2021,9,122226.7,51
925,2021,10,103352.46,53
925,2021,11,137306.88,67
925,2021,12,100226.09,45
925,2022,1,102597.85,49
925,2022,2,133061.15,67
925,2022,3,137142.55,54
925,2022,4,104095.51,50
925,2022,5,122591.61,60
925,2022,6,99983.57,48
925,2022,7,110304.25,49
925,2022,8,73557.75,59
925,2022,9,146194.4,51
925,2022,10,124765.65,50
925,2022,11,153649.55,63
925,2022,12,112986.84,55
925,2023,1,115296.04,47
925,2023,2,158175.46,65
925,2023,3,149648.57,50
925,2023,4,123388.45,49
925,2023,5,139065.2,63
925,2023,6,111280.86,47
925,2023,7,127941.23,31
925,2023,8,168412.16,44
925,2023,9,122188.24,38
925,2023,10,108603.59,44
925,2023,11,152421.27,67
925,2023,12,117134.2,66
925,2024,1,107335.01,47
925,2024,2,182579.63,60
925,2024,3,110173.56,48
925,2024,4,105318.37,46
925,2024,5,170295.27,60
925,2024,6,112346.89,48
925,2024,7,73232.5,51
925,2024,8,106796.73,63
925,2024,9,91668.81,45
925,2024,10,106363.26,46
925,2024,11,130425.45,62
925,2024,12,122262.46,49
925,2025,1,119403.04,49
925,2025,2,163767.79,61
925,2025,3,104134.37,53
925,2025,4,101037.56,49
925,2025,5,166720.16,65
925,2025,6,128248.61,59
925,2025,7,113127.85,68
925,2025,8,145899.82,90
925,2025,9,118142.42,61
925,2025,10,101611.13,29
926,2021,8,83739.53,63
926,2021,9,104641.01,84
926,2021,10,139030.87,105
926,2021,11,163458.59,129
926,2021,12,118260.75,100
926,2022,1,133692.06,92
926,2022,2,153446.84,109
926,2022,3,111798.34,87
926,2022,4,118714.51,96
926,2022,5,144888.59,119
926,2022,6,119526.32,97
926,2022,7,127514.8,106
926,2022,8,102253.11,111
926,2022,9,132225.81,93
926,2022,10,162540.68,90
926,2022,11,188023.17,129
926,2022,12,138604.18,102
926,2023,1,147604.14,106
926,2023,2,185701.97,134
926,2023,3,131977.37,103
926,2023,4,140411.03,114
926,2023,5,175512.49,137
926,2023,6,133931.86,91
926,2023,7,149193.44,75
926,2023,8,194041.16,91
926,2023,9,167502.82,91
926,2023,10,131089.11,113
926,2023,11,187782.47,132
926,2023,12,145504.26,118
926,2024,1,158424.38,80
926,2024,2,189830.21,110
926,2024,3,132998.46,78
926,2024,4,168205.13,84
926,2024,5,193802.48,76
926,2024,6,134679.62,60
926,2024,7,97637.65,54
926,2024,8,112936.6,78
926,2024,9,122812.8,57
926,2024,10,137787.78,41
926,2024,11,146641.41,50
926,2024,12,158251.93,43
926,2025,1,112606.17,33
926,2025,2,129584.87,50
926,2025,3,99511.57,33
926,2025,4,101642.84,36
926,2025,5,98451.52,51
926,2025,6,67924.17,60
926,2025,7,80382.45,64
926,2025,8,75213.92,92
926,2025,9,54403.17,41
926,2025,10,44654.93,11
932,2021,8,58180.39,38
932,2021,9,121181.7,63
932,2021,10,112002.22,66
932,2021,11,155808.91,81
932,2021,12,120768.85,62
932,2022,1,127845.1,65
932,2022,2,138482.14,86
932,2022,3,106157.1,66
932,2022,4,104542.0,63
932,2022,5,144579.83,77
932,2022,6,102052.96,54
932,2022,7,94695.55,67
932,2022,8,70899.4,74
932,2022,9,144484.9,59
932,2022,10,138888.24,60
932,2022,11,189170.35,76
932,2022,12,145890.8,59
932,2023,1,142871.39,67
932,2023,2,157638.23,88
932,2023,3,121651.69,62
932,2023,4,128946.14,70
932,2023,5,163964.04,79
932,2023,6,124017.03,53
932,2023,7,115309.38,38
932,2023,8,182374.17,59
932,2023,9,132541.34,49
932,2023,10,104451.88,67
932,2023,11,148543.02,89
932,2023,12,159309.12,81
932,2024,1,133748.96,70
932,2024,2,154418.96,75
932,2024,3,126793.0,67
932,2024,4,114481.24,62
932,2024,5,171439.34,89
932,2024,6,104015.88,73
932,2024,7,72333.25,62
932,2024,8,112255.97,82
932,2024,9,88756.44,70
932,2024,10,137068.03,61
932,2024,11,194814.14,82
932,2024,12,158178.38,64
932,2025,1,122364.73,63
932,2025,2,171842.08,81
932,2025,3,153967.62,61
932,2025,4,119814.79,59
932,2025,5,148558.9,85
932,2025,6,140013.58,75
932,2025,7,110287.13,92
932,2025,8,154268.53,113
932,2025,9,139685.37,77
932,2025,10,127833.87,28
942,2021,8,139161.3,87
942,2021,9,262002.96,143
942,2021,10,268094.33,147
942,2021,11,303289.55,192
942,2021,12,242560.61,134
942,2022,1,273648.79,142
942,2022,2,327679.18,187
942,2022,3,258397.79,141
942,2022,4,266678.64,132
942,2022,5,316386.77,176
942,2022,6,239344.09,139
942,2022,7,261744.52,150
942,2022,8,164619.46,194
942,2022,9,292618.52,150
942,2022,10,307278.39,138
942,2022,11,372937.51,191
942,2022,12,302454.77,146
942,2023,1,307349.13,151
942,2023,2,406289.86,190
942,2023,3,293622.05,149
942,2023,4,309514.63,144
942,2023,5,377898.51,168
942,2023,6,288576.44,129
942,2023,7,301798.98,92
942,2023,8,387558.9,110
942,2023,9,270738.81,108
942,2023,10,285142.65,151
942,2023,11,339808.22,172
942,2023,12,307986.38,170
942,2024,1,296534.11,150
942,2024,2,415006.51,170
942,2024,3,296880.44,138
942,2024,4,308101.69,147
942,2024,5,345926.17,194
942,2024,6,237688.09,137
942,2024,7,218648.53,143
942,2024,8,270957.02,179
942,2024,9,248883.49,139
942,2024,10,298449.3,137
942,2024,11,374928.75,192
942,2024,12,351355.83,143
942,2025,1,293601.87,139
942,2025,2,374070.71,174
942,2025,3,294136.25,146
942,2025,4,297374.62,149
942,2025,5,334333.72,185
942,2025,6,323267.74,179
942,2025,7,309988.73,211
942,2025,8,355710.76,262
942,2025,9,301611.23,188
942,2025,10,293422.91,79
945,2021,8,129056.6,68
945,2021,9,228680.06,120
945,2021,10,230536.97,116
945,2021,11,265242.05,148
945,2021,12,212465.31,115
945,2022,1,219661.75,114
945,2022,2,265725.71,146
945,2022,3,220066.21,126
945,2022,4,214156.28,119
945,2022,5,248830.88,146
945,2022,6,199405.06,123
945,2022,7,219035.2,124
945,2022,8,147135.62,136
945,2022,9,256385.46,125
945,2022,10,262628.9,112
945,2022,11,298626.32,160
945,2022,12,241456.55,111
945,2023,1,263425.44,113
945,2023,2,320648.68,145
945,2023,3,256217.93,112
945,2023,4,249849.23,122
945,2023,5,301668.28,148
945,2023,6,234196.95,97
945,2023,7,246614.18,76
945,2023,8,289588.75,89
945,2023,9,272689.79,96
945,2023,10,268380.13,107
945,2023,11,298054.93,125
945,2023,12,239115.5,128
945,2024,1,259571.46,94
945,2024,2,270107.26,96
945,2024,3,239304.44,60
945,2024,4,213364.11,65
945,2024,5,291578.38,71
945,2024,6,197420.74,66
945,2024,7,147964.34,64
945,2024,8,179720.32,64
945,2024,9,212435.71,55
945,2024,10,209124.15,52
945,2024,11,240204.72,65
945,2024,12,275959.28,48
945,2025,1,210124.34,47
945,2025,2,215613.34,54
945,2025,3,107565.66,48
945,2025,4,146188.96,42
945,2025,5,145025.85,55
945,2025,6,139482.18,61
945,2025,7,134423.6,84
945,2025,8,131716.63,95
945,2025,9,136335.54,52
945,2025,10,102448.53,21
949,2021,8,97688.1,50
949,2021,9,155947.84,96
949,2021,10,154767.23,91
949,2021,11,188997.12,117
949,2021,12,142697.69,105
949,2022,1,127872.92,103
949,2022,2,177587.97,118
949,2022,3,162169.76,101
949,2022,4,152475.29,99
949,2022,5,154547.96,115
949,2022,6,174580.97,107
949,2022,7,153618.17,94
949,2022,8,119475.13,129
949,2022,9,171997.08,93
949,2022,10,174572.36,99
949,2022,11,221772.77,121
949,2022,12,168119.78,102
949,2023,1,152258.44,96
949,2023,2,197704.61,112
949,2023,3,186151.76,100
949,2023,4,186953.68,101
949,2023,5,187274.05,127
949,2023,6,206339.32,89
949,2023,7,175918.56,61
949,2023,8,197903.07,79
949,2023,9,168823.8,82
949,2023,10,156607.98,95
949,2023,11,235844.53,131
949,2023,12,163397.03,128
949,2024,1,156041.43,99
949,2024,2,229795.22,123
949,2024,3,165294.46,94
949,2024,4,165802.9,103
949,2024,5,205884.26,118
949,2024,6,144128.25,99
949,2024,7,118408.31,100
949,2024,8,144195.39,122
949,2024,9,128795.94,107
949,2024,10,176476.23,106
949,2024,11,224114.37,119
949,2024,12,216016.78,100
949,2025,1,148250.32,99
949,2025,2,236279.85,116
949,2025,3,152588.74,93
949,2025,4,179517.67,92
949,2025,5,223504.67,116
949,2025,6,168367.11,117
949,2025,7,171731.66,118
949,2025,8,234583.91,162
949,2025,9,173964.2,116
949,2025,10,168868.38,51
953,2021,8,15536.3,10
953,2021,9,25969.08,17
953,2021,10,36859.2,21
953,2021,11,50218.37,28
953,2021,12,37563.56,25
953,2022,1,39619.63,21
953,2022,2,61465.67,31
953,2022,3,60180.29,27
953,2022,4,54925.84,24
953,2022,5,41899.45,29
953,2022,6,32320.73,28
953,2022,7,53922.92,33
953,2022,8,18257.47,47
953,2022,9,30776.44,46
953,2022,10,44449.85,51
953,2022,11,59240.56,57
953,2022,12,44590.04,46
953,2023,1,48647.75,39
953,2023,2,69853.0,60
953,2023,3,69410.85,51
953,2023,4,64186.53,60
953,2023,5,51530.79,68
953,2023,6,39982.97,42
953,2023,7,61216.82,39
953,2023,8,85887.45,48
953,2023,9,94994.89,43
953,2023,10,78476.88,56
953,2023,11,135700.3,71
953,2023,12,81040.04,80
953,2024,1,74531.54,62
953,2024,2,146335.67,64
953,2024,3,106218.39,58
953,2024,4,101079.92,52
953,2024,5,143292.92,77
953,2024,6,75560.09,59
953,2024,7,73968.74,70
953,2024,8,90196.57,80
953,2024,9,78656.61,71
953,2024,10,109429.19,75
953,2024,11,154541.6,86
953,2024,12,143950.25,71
953,2025,1,107266.22,67
953,2025,2,142859.79,81
953,2025,3,122721.75,72
953,2025,4,124063.2,72
953,2025,5,156085.79,80
953,2025,6,122360.39,85
953,2025,7,137951.4,89
953,2025,8,192417.28,110
953,2025,9,152149.44,81
953,2025,10,163207.29,35
958,2021,8,63243.7,39
958,2021,9,122471.2,71
958,2021,10,111418.86,64
958,2021,11,134808.0,74
958,2021,12,102988.55,71
958,2022,1,117738.02,67
958,2022,2,166614.58,83
958,2022,3,112473.16,74
958,2022,4,107805.32,73
958,2022,5,133363.05,79
958,2022,6,113680.77,68
958,2022,7,127363.7,72
958,2022,8,74680.28,80
958,2022,9,140480.32,73
958,2022,10,130660.6,84
958,2022,11,157266.19,80
958,2022,12,129473.4,75
958,2023,1,144115.6,61
958,2023,2,193261.7,85
958,2023,3,138601.83,59
958,2023,4,130494.46,59
958,2023,5,159946.01,76
958,2023,6,128986.85,56
958,2023,7,148407.1,43
958,2023,8,159207.41,44
958,2023,9,143066.72,46
958,2023,10,130892.27,56
958,2023,11,155339.32,68
958,2023,12,116407.83,84
958,2024,1,129117.13,51
958,2024,2,148698.57,64
958,2024,3,105559.59,48
958,2024,4,131343.83,41
958,2024,5,151813.98,52
958,2024,6,105250.15,38
958,2024,7,79681.48,36
958,2024,8,77526.4,48
958,2024,9,100523.28,45
958,2024,10,106037.53,39
958,2024,11,143740.38,45
958,2024,12,160269.6,29
958,2025,1,136197.7,41
958,2025,2,117196.15,44
958,2025,3,98415.06,34
958,2025,4,83340.74,37
958,2025,5,101634.65,39
958,2025,6,80001.02,54
958,2025,7,66495.62,52
958,2025,8,85019.48,59
958,2025,9,90581.54,29
958,2025,10,75272.53,7
960,2021,8,56703.35,30
960,2021,9,102268.41,51
960,2021,10,98500.37,55
960,2021,11,105997.69,66
960,2021,12,79766.0,50
960,2022,1,102173.94,54
960,2022,2,117111.57,67
960,2022,3,87117.76,51
960,2022,4,102290.99,58
960,2022,5,103845.3,71
960,2022,6,91253.22,57
960,2022,7,92187.08,53
960,2022,8,69208.43,62
960,2022,9,122947.97,55
960,2022,10,115227.63,49
960,2022,11,126084.79,69
960,2022,12,91604.08,59
960,2023,1,118466.09,49
960,2023,2,141349.26,64
960,2023,3,105483.8,54
960,2023,4,121867.09,56
960,2023,5,127376.64,63
960,2023,6,110202.1,46
960,2023,7,105466.77,36
960,2023,8,113051.71,37
960,2023,9,114242.04,32
960,2023,10,124463.26,31
960,2023,11,145777.32,37
960,2023,12,138328.02,33
960,2024,1,107457.5,24
960,2024,2,141651.01,31
960,2024,3,114967.18,27
960,2024,4,115537.91,14
960,2024,5,113842.87,20
960,2024,6,110629.8,15
960,2024,7,71972.28,15
960,2024,8,71286.3,13
960,2024,9,52529.37,8
960,2024,10,77675.38,12
960,2024,11,64868.9,7
960,2024,12,66055.98,4
960,2025,1,46176.75,6
960,2025,2,54463.37,5
960,2025,3,45822.64,10
960,2025,4,25827.61,6
960,2025,5,50535.33,6
960,2025,6,32271.62,17
960,2025,7,35247.03,25
960,2025,8,35585.87,22
960,2025,9,10197.46,11
960,2025,10,26635.51,2
966,2021,8,14265.99,9
966,2021,9,33724.12,20
966,2021,10,38647.4,16
966,2021,11,26358.21,20
966,2021,12,36635.36,20
966,2022,1,26622.36,18
966,2022,2,24496.53,22
966,2022,3,30871.7,15
966,2022,4,28377.76,21
966,2022,5,41142.03,24
966,2022,6,27533.71,19
966,2022,7,32684.45,27
966,2022,8,16898.57,23
966,2022,9,40254.26,21
966,2022,10,44054.39,28
966,2022,11,30689.1,33
966,2022,12,40462.38,30
966,2023,1,31025.96,26
966,2023,2,27938.8,34
966,2023,3,34644.34,29
966,2023,4,32161.61,29
966,2023,5,48979.46,39
966,2023,6,31713.04,35
966,2023,7,37606.59,29
966,2023,8,51045.92,36
966,2023,9,32120.82,37
966,2023,10,52084.53,43
966,2023,11,57398.57,62
966,2023,12,48000.73,62
966,2024,1,48515.07,49
966,2024,2,57488.8,70
966,2024,3,62970.36,52
966,2024,4,59378.66,49
966,2024,5,65969.36,66
966,2024,6,50721.72,50
966,2024,7,58770.03,50
966,2024,8,72760.97,65
966,2024,9,76775.82,57
966,2024,10,96347.17,66
966,2024,11,151913.51,77
966,2024,12,145122.6,60
966,2025,1,101870.9,56
966,2025,2,136600.8,78
966,2025,3,91609.5,56
966,2025,4,102753.26,60
966,2025,5,134690.76,73
966,2025,6,90944.12,68
966,2025,7,88810.4,74
966,2025,8,125893.96,90
966,2025,9,107398.86,75
966,2025,10,115873.54,23
972,2021,8,37183.07,30
972,2021,9,60002.28,40
972,2021,10,69031.16,42
972,2021,11,69804.06,54
972,2021,12,59148.07,43
972,2022,1,57654.07,45
972,2022,2,65787.42,49
972,2022,3,64303.44,39
972,2022,4,52670.44,40
972,2022,5,70524.01,49
972,2022,6,47299.73,45
972,2022,7,56327.45,41
972,2022,8,45818.68,49
972,2022,9,73108.88,41
972,2022,10,78832.22,45
972,2022,11,80204.56,53
972,2022,12,67634.63,49
972,2023,1,66652.87,49
972,2023,2,74611.23,69
972,2023,3,78149.03,51
972,2023,4,64833.95,49
972,2023,5,81638.68,61
972,2023,6,56314.12,45
972,2023,7,66804.63,36
972,2023,8,87938.09,44
972,2023,9,63196.71,42
972,2023,10,75593.74,51
972,2023,11,81277.74,69
972,2023,12,80812.38,78
972,2024,1,85098.41,71
972,2024,2,95202.51,73
972,2024,3,66911.99,68
972,2024,4,88502.53,84
972,2024,5,108755.82,108
972,2024,6,74409.52,84
972,2024,7,56304.63,98
972,2024,8,62904.61,118
972,2024,9,57482.4,121
972,2024,10,85160.13,125
972,2024,11,136803.33,166
972,2024,12,140250.44,132
972,2025,1,111099.58,137
972,2025,2,141490.55,187
972,2025,3,133018.5,141
972,2025,4,130105.97,139
972,2025,5,178266.74,162
972,2025,6,143553.6,155
972,2025,7,155848.72,172
972,2025,8,204006.97,205
972,2025,9,204610.85,159
972,2025,10,191062.05,82
973,2023,8,907.6,1
973,2023,9,5962.02,5
973,2023,10,8773.94,8
973,2023,11,16747.04,12
973,2023,12,31185.34,17
973,2024,1,28925.93,19
973,2024,2,42907.76,29
973,2024,3,35148.81,28
973,2024,4,43404.01,31
973,2024,5,58156.56,43
973,2024,6,41103.74,32
973,2024,7,61345.38,39
973,2024,8,1100.41,43
973,2024,9,6982.81,34
973,2024,10,9852.61,30
973,2024,11,18703.15,43
973,2024,12,35699.87,36
973,2025,1,33329.71,43
973,2025,2,50921.94,43
973,2025,3,42734.58,43
973,2025,4,49706.74,37
973,2025,5,66078.45,48
973,2025,6,47633.85,40
973,2025,7,69053.81,45
973,2025,8,64844.13,53
973,2025,9,49418.58,38
973,2025,10,57966.2,21
974,2021,8,81826.12,44
974,2021,9,139929.29,82
974,2021,10,146616.09,82
974,2021,11,190291.93,108
974,2021,12,129167.16,79
974,2022,1,126204.2,81
974,2022,2,181023.84,96
974,2022,3,131796.31,84
974,2022,4,127505.83,77
974,2022,5,168026.12,92
974,2022,6,124323.94,81
974,2022,7,146064.28,90
974,2022,8,93178.33,109
974,2022,9,169636.44,88
974,2022,10,168160.0,71
974,2022,11,225061.5,104
974,2022,12,149515.48,80
974,2023,1,152077.14,83
974,2023,2,204516.29,105
974,2023,3,162555.78,76
974,2023,4,149360.01,89
974,2023,5,201596.95,106
974,2023,6,149899.75,73
974,2023,7,168062.5,56
974,2023,8,245265.53,66
974,2023,9,160283.73,62
974,2023,10,155697.83,75
974,2023,11,187189.48,93
974,2023,12,150086.04,93
974,2024,1,156107.14,88
974,2024,2,211870.24,98
974,2024,3,153508.85,79
974,2024,4,160867.79,80
974,2024,5,220553.44,114
974,2024,6,139223.59,83
974,2024,7,101786.59,78
974,2024,8,138177.07,110
974,2024,9,125375.26,80
974,2024,10,161793.56,91
974,2024,11,154231.88,90
974,2024,12,194390.57,78
974,2025,1,169131.07,85
974,2025,2,177246.88,98
974,2025,3,154499.95,89
974,2025,4,143345.89,84
974,2025,5,204344.26,99
974,2025,6,166113.24,102
974,2025,7,138792.02,129
974,2025,8,232784.09,149
974,2025,9,143359.79,98
974,2025,10,157857.1,49
979,2021,8,77463.81,38
979,2021,9,115187.15,60
979,2021,10,129271.43,64
979,2021,11,144872.89,82
979,2021,12,111839.79,68
979,2022,1,109808.82,73
979,2022,2,140036.14,80
979,2022,3,111042.68,70
979,2022,4,111486.43,66
979,2022,5,145964.13,87
979,2022,6,119069.38,65
979,2022,7,111461.81,69
979,2022,8,92029.86,80
979,2022,9,133031.82,66
979,2022,10,145370.04,74
979,2022,11,162725.31,79
979,2022,12,130056.33,73
979,2023,1,133772.74,64
979,2023,2,167429.34,81
979,2023,3,128792.5,61
979,2023,4,135977.31,64
979,2023,5,174073.18,89
979,2023,6,138152.28,56
979,2023,7,134524.73,46
979,2023,8,184903.34,56
979,2023,9,153836.57,53
979,2023,10,155792.87,68
979,2023,11,174996.97,83
979,2023,12,130977.92,84
979,2024,1,140514.53,57
979,2024,2,154045.55,80
979,2024,3,138643.06,68
979,2024,4,146082.99,67
979,2024,5,170900.71,82
979,2024,6,124986.14,65
979,2024,7,88941.7,59
979,2024,8,117405.65,81
979,2024,9,98542.34,68
979,2024,10,139258.49,67
979,2024,11,167829.81,69
979,2024,12,170167.25,58
979,2025,1,110188.66,76
979,2025,2,175872.19,84
979,2025,3,125015.85,72
979,2025,4,141522.91,71
979,2025,5,156307.55,85
979,2025,6,147484.33,74
979,2025,7,133016.98,91
979,2025,8,180848.18,92
979,2025,9,117822.14,79
979,2025,10,136722.9,32
981,2021,8,55026.17,43
981,2021,9,85021.08,73
981,2021,10,76768.25,69
981,2021,11,98969.66,86
981,2021,12,82938.75,69
981,2022,1,85007.1,59
981,2022,2,97264.81,79
981,2022,3,88049.15,74
981,2022,4,89631.56,70
981,2022,5,90731.1,86
981,2022,6,78432.66,72
981,2022,7,95652.35,72
981,2022,8,60270.56,84
981,2022,9,96076.29,74
981,2022,10,94190.49,68
981,2022,11,122901.63,89
981,2022,12,101191.55,70
981,2023,1,100356.34,65
981,2023,2,118303.99,86
981,2023,3,104784.85,67
981,2023,4,102415.67,69
981,2023,5,114144.68,78
981,2023,6,90144.06,68
981,2023,7,105799.33,48
981,2023,8,134474.76,52
981,2023,9,100571.77,56
981,2023,10,103355.45,67
981,2023,11,123915.25,83
981,2023,12,108093.72,94
981,2024,1,124074.6,68
981,2024,2,135970.23,81
981,2024,3,97908.17,72
981,2024,4,88391.6,67
981,2024,5,112852.57,80
981,2024,6,75903.57,72
981,2024,7,92066.26,67
981,2024,8,92793.72,72
981,2024,9,81600.52,67
981,2024,10,99295.81,59
981,2024,11,125036.53,90
981,2024,12,133449.18,60
981,2025,1,103151.75,71
981,2025,2,146818.83,87
981,2025,3,98505.48,62
981,2025,4,103291.26,66
981,2025,5,110967.5,83
981,2025,6,120113.22,90
981,2025,7,101020.42,90
981,2025,8,114381.0,108
981,2025,9,103394.3,87
981,2025,10,91933.22,31
984,2021,8,57085.55,42
984,2021,9,88462.91,64
984,2021,10,103249.23,63
984,2021,11,120248.29,92
984,2021,12,90669.27,65
984,2022,1,99089.24,62
984,2022,2,123524.69,92
984,2022,3,85610.93,68
984,2022,4,106329.22,71
984,2022,5,120818.3,87
984,2022,6,82349.5,69
984,2022,7,105541.68,69
984,2022,8,65263.54,89
984,2022,9,105077.35,68
984,2022,10,119536.05,67
984,2022,11,144429.9,88
984,2022,12,109249.65,66
984,2023,1,121349.97,61
984,2023,2,155470.93,77
984,2023,3,102306.43,58
984,2023,4,119727.19,55
984,2023,5,151896.44,84
984,2023,6,91740.96,48
984,2023,7,120458.87,33
984,2023,8,153501.08,46
984,2023,9,123783.42,49
984,2023,10,131433.82,57
984,2023,11,145196.98,58
984,2023,12,113243.76,52
984,2024,1,115891.91,36
984,2024,2,122587.55,40
984,2024,3,95996.16,36
984,2024,4,82002.26,25
984,2024,5,143312.01,33
984,2024,6,77971.01,26
984,2024,7,55829.44,24
984,2024,8,61744.09,30
984,2024,9,72956.04,29
984,2024,10,89462.59,26
984,2024,11,100933.0,27
984,2024,12,110261.64,20
984,2025,1,71087.86,21
984,2025,2,62693.2,25
984,2025,3,44495.81,15
984,2025,4,33151.65,18
984,2025,5,48642.88,26
984,2025,6,31423.33,39
984,2025,7,43011.68,37
984,2025,8,49388.21,46
984,2025,9,35055.58,32
984,2025,10,38245.18,6
992,2021,8,25558.92,17
992,2021,9,51894.3,32
992,2021,10,56572.34,29
992,2021,11,76968.7,42
992,2021,12,50683.45,33
992,2022,1,68974.92,32
992,2022,2,83342.51,41
992,2022,3,65306.31,34
992,2022,4,47798.36,31
992,2022,5,86917.86,55
992,2022,6,79178.07,42
992,2022,7,72483.77,37
992,2022,8,30027.97,56
992,2022,9,64717.03,45
992,2022,10,69985.72,42
992,2022,11,93058.63,56
992,2022,12,60985.8,54
992,2023,1,78029.65,57
992,2023,2,102525.74,60
992,2023,3,74529.3,50
992,2023,4,57462.63,53
992,2023,5,101915.12,54
992,2023,6,94338.85,42
992,2023,7,81918.24,41
992,2023,8,104417.3,46
992,2023,9,91528.42,46
992,2023,10,68527.87,55
992,2023,11,117749.07,64
992,2023,12,86317.6,68
992,2024,1,85298.71,53
992,2024,2,121594.75,69
992,2024,3,89226.4,56
992,2024,4,97097.46,58
992,2024,5,91203.74,71
992,2024,6,91737.84,66
992,2024,7,82479.38,66
992,2024,8,92366.71,95
992,2024,9,88115.6,75
992,2024,10,92657.34,65
992,2024,11,117715.23,86
992,2024,12,123192.76,65
992,2025,1,121180.07,75
992,2025,2,141289.33,77
992,2025,3,114761.27,67
992,2025,4,103445.5,63
992,2025,5,171468.76,91
992,2025,6,117792.99,76
992,2025,7,131159.75,87
992,2025,8,207909.6,114
992,2025,9,144969.74,77
992,2025,10,140505.39,34
