Date Key,Traffic Source,Spend
2021-08-19,Direct,0.0
2021-08-19,Email,2.73
2021-08-19,Organic Search,0.0
2021-08-19,Paid Search,213.62
2021-08-19,Referral,17.42
2021-08-19,Social,35.15
2021-08-20,Direct,0.0
2021-08-20,Email,1.68
2021-08-20,Organic Search,0.0
2021-08-20,Paid Search,124.52
2021-08-20,Referral,3.75
2021-08-20,Social,102.03
2021-08-21,Direct,0.0
2021-08-21,Email,1.17
2021-08-21,Organic Search,0.0
2021-08-21,Paid Search,241.94
2021-08-21,Referral,31.48
2021-08-21,Social,370.98
2021-08-22,Direct,0.0
2021-08-22,Email,2.59
2021-08-22,Organic Search,0.0
2021-08-22,Paid Search,534.68
2021-08-22,Referral,30.66
2021-08-22,Social,177.62
2021-08-23,Direct,0.0
2021-08-23,Email,2.46
2021-08-23,Organic Search,0.0
2021-08-23,Paid Search,554.96
2021-08-23,Referral,13.71
2021-08-23,Social,135.07
2021-08-24,Direct,0.0
2021-08-24,Email,2.31
2021-08-24,Organic Search,0.0
2021-08-24,Paid Search,417.66
2021-08-24,Referral,25.83
2021-08-24,Social,138.05
2021-08-25,Direct,0.0
2021-08-25,Email,1.47
2021-08-25,Organic Search,0.0
2021-08-25,Paid Search,396.71
2021-08-25,Referral,12.27
2021-08-25,Social,93.36
2021-08-26,Direct,0.0
2021-08-26,Email,3.2
2021-08-26,Organic Search,0.0
2021-08-26,Paid Search,453.9
2021-08-26,Referral,7.43
2021-08-26,Social,124.56
2021-08-27,Direct,0.0
2021-08-27,Email,2.85
2021-08-27,Organic Search,0.0
2021-08-27,Paid Search,406.42
2021-08-27,Referral,24.14
2021-08-27,Social,167.0
2021-08-28,Direct,0.0
2021-08-28,Email,0.94
2021-08-28,Organic Search,0.0
2021-08-28,Paid Search,297.06
2021-08-28,Referral,8.03
2021-08-28,Social,87.51
2021-08-29,Direct,0.0
2021-08-29,Email,8.55
2021-08-29,Organic Search,0.0
2021-08-29,Paid Search,226.08
2021-08-29,Referral,38.69
2021-08-29,Social,106.09
2021-08-30,Direct,0.0
2021-08-30,Email,1.92
2021-08-30,Organic Search,0.0
2021-08-30,Paid Search,520.33
2021-08-30,Referral,28.24
2021-08-30,Social,210.13
2021-08-31,Direct,0.0
2021-08-31,Email,1.94
2021-08-31,Organic Search,0.0
2021-08-31,Paid Search,295.17
2021-08-31,Referral,19.06
2021-08-31,Social,124.51
2021-09-01,Direct,0.0
2021-09-01,Email,0.62
2021-09-01,Organic Search,0.0
2021-09-01,Paid Search,262.18
2021-09-01,Referral,3.22
2021-09-01,Social,167.49
2021-09-02,Direct,0.0
2021-09-02,Email,1.92
2021-09-02,Organic Search,0.0
2021-09-02,Paid Search,327.19
2021-09-02,Referral,5.56
2021-09-02,Social,103.6
2021-09-03,Direct,0.0
2021-09-03,Email,3.47
2021-09-03,Organic Search,0.0
2021-09-03,Paid Search,544.06
2021-09-03,Referral,19.8
2021-09-03,Social,252.49
2021-09-04,Direct,0.0
2021-09-04,Email,2.63
2021-09-04,Organic Search,0.0
2021-09-04,Paid Search,345.74
2021-09-04,Referral,16.8
2021-09-04,Social,20.31
2021-09-05,Direct,0.0
2021-09-05,Email,1.56
2021-09-05,Organic Search,0.0
2021-09-05,Paid Search,172.41
2021-09-05,Referral,12.43
2021-09-05,Social,152.78
2021-09-06,Direct,0.0
2021-09-06,Email,0.87
2021-09-06,Organic Search,0.0
2021-09-06,Paid Search,149.27
2021-09-06,Referral,4.89
2021-09-06,Social,72.59
2021-09-07,Direct,0.0
2021-09-07,Email,0.51
2021-09-07,Organic Search,0.0
2021-09-07,Paid Search,352.62
2021-09-07,Referral,19.6
2021-09-07,Social,240.23
2021-09-08,Direct,0.0
2021-09-08,Email,3.66
2021-09-08,Organic Search,0.0
2021-09-08,Paid Search,276.45
2021-09-08,Referral,23.51
2021-09-08,Social,73.6
2021-09-09,Direct,0.0
2021-09-09,Email,1.49
2021-09-09,Organic Search,0.0
2021-09-09,Paid Search,203.77
2021-09-09,Referral,33.33
2021-09-09,Social,86.76
2021-09-10,Direct,0.0
2021-09-10,Email,3.25
2021-09-10,Organic Search,0.0
2021-09-10,Paid Search,553.72
2021-09-10,Referral,26.52
2021-09-10,Social,192.9
2021-09-11,Direct,0.0
2021-09-11,Email,2.79
2021-09-11,Organic Search,0.0
2021-09-11,Paid Search,364.41
2021-09-11,Referral,32.2
2021-09-11,Social,108.92
2021-09-12,Direct,0.0
2021-09-12,Email,2.02
2021-09-12,Organic Search,0.0
2021-09-12,Paid Search,547.46
2021-09-12,Referral,25.95
2021-09-12,Social,182.81
2021-09-13,Direct,0.0
2021-09-13,Email,5.6
2021-09-13,Organic Search,0.0
2021-09-13,Paid Search,258.82
2021-09-13,Referral,15.08
2021-09-13,Social,237.29
2021-09-14,Direct,0.0
2021-09-14,Email,1.8
2021-09-14,Organic Search,0.0
2021-09-14,Paid Search,350.36
2021-09-14,Referral,12.31
2021-09-14,Social,275.53
2021-09-15,Direct,0.0
2021-09-15,Email,0.27
2021-09-15,Organic Search,0.0
2021-09-15,Paid Search,179.87
2021-09-15,Referral,14.6
2021-09-15,Social,378.72
2021-09-16,Direct,0.0
2021-09-16,Email,3.44
2021-09-16,Organic Search,0.0
2021-09-16,Paid Search,671.63
2021-09-16,Referral,3.56
2021-09-16,Social,73.55
2021-09-17,Direct,0.0
2021-09-17,Email,1.97
2021-09-17,Organic Search,0.0
2021-09-17,Paid Search,625.06
2021-09-17,Referral,28.75
2021-09-17,Social,61.77
2021-09-18,Direct,0.0
2021-09-18,Email,1.46
2021-09-18,Organic Search,0.0
2021-09-18,Paid Search,584.05
2021-09-18,Referral,49.16
2021-09-18,Social,96.32
2021-09-19,Direct,0.0
2021-09-19,Email,0.87
2021-09-19,Organic Search,0.0
2021-09-19,Paid Search,269.58
2021-09-19,Referral,23.88
2021-09-19,Social,73.58
2021-09-20,Direct,0.0
2021-09-20,Email,1.91
2021-09-20,Organic Search,0.0
2021-09-20,Paid Search,723.51
2021-09-20,Referral,9.59
2021-09-20,Social,59.32
2021-09-21,Direct,0.0
2021-09-21,Email,4.42
2021-09-21,Organic Search,0.0
2021-09-21,Paid Search,303.26
2021-09-21,Referral,14.42
2021-09-21,Social,122.1
2021-09-22,Direct,0.0
2021-09-22,Email,1.81
2021-09-22,Organic Search,0.0
2021-09-22,Paid Search,371.57
2021-09-22,Referral,17.52
2021-09-22,Social,154.74
2021-09-23,Direct,0.0
2021-09-23,Email,1.63
2021-09-23,Organic Search,0.0
2021-09-23,Paid Search,384.74
2021-09-23,Referral,14.46
2021-09-23,Social,210.83
2021-09-24,Direct,0.0
2021-09-24,Email,1.05
2021-09-24,Organic Search,0.0
2021-09-24,Paid Search,314.14
2021-09-24,Referral,13.16
2021-09-24,Social,93.14
2021-09-25,Direct,0.0
2021-09-25,Email,1.24
2021-09-25,Organic Search,0.0
2021-09-25,Paid Search,586.29
2021-09-25,Referral,9.43
2021-09-25,Social,289.33
2021-09-26,Direct,0.0
2021-09-26,Email,2.04
2021-09-26,Organic Search,0.0
2021-09-26,Paid Search,366.76
2021-09-26,Referral,5.91
2021-09-26,Social,89.23
2021-09-27,Direct,0.0
2021-09-27,Email,2.01
2021-09-27,Organic Search,0.0
2021-09-27,Paid Search,339.29
2021-09-27,Referral,18.87
2021-09-27,Social,146.7
2021-09-28,Direct,0.0
2021-09-28,Email,2.7
2021-09-28,Organic Search,0.0
2021-09-28,Paid Search,377.03
2021-09-28,Referral,10.6
2021-09-28,Social,133.85
2021-09-29,Direct,0.0
2021-09-29,Email,1.46
2021-09-29,Organic Search,0.0
2021-09-29,Paid Search,205.25
2021-09-29,Referral,4.39
2021-09-29,Social,140.21
2021-09-30,Direct,0.0
2021-09-30,Email,3.7
2021-09-30,Organic Search,0.0
2021-09-30,Paid Search,407.4
2021-09-30,Referral,35.14
2021-09-30,Social,234.32
2021-10-01,Direct,0.0
2021-10-01,Email,2.03
2021-10-01,Organic Search,0.0
2021-10-01,Paid Search,655.22
2021-10-01,Referral,12.8
2021-10-01,Social,220.74
2021-10-02,Direct,0.0
2021-10-02,Email,2.86
2021-10-02,Organic Search,0.0
2021-10-02,Paid Search,308.51
2021-10-02,Referral,10.7
2021-10-02,Social,165.61
2021-10-03,Direct,0.0
2021-10-03,Email,5.56
2021-10-03,Organic Search,0.0
2021-10-03,Paid Search,302.58
2021-10-03,Referral,17.45
2021-10-03,Social,163.59
2021-10-04,Direct,0.0
2021-10-04,Email,3.44
2021-10-04,Organic Search,0.0
2021-10-04,Paid Search,413.5
2021-10-04,Referral,13.1
2021-10-04,Social,88.43
2021-10-05,Direct,0.0
2021-10-05,Email,10.98
2021-10-05,Organic Search,0.0
2021-10-05,Paid Search,172.25
2021-10-05,Referral,15.37
2021-10-05,Social,97.66
2021-10-06,Direct,0.0
2021-10-06,Email,1.5
2021-10-06,Organic Search,0.0
2021-10-06,Paid Search,244.6
2021-10-06,Referral,14.34
2021-10-06,Social,119.75
2021-10-07,Direct,0.0
2021-10-07,Email,1.6
2021-10-07,Organic Search,0.0
2021-10-07,Paid Search,667.16
2021-10-07,Referral,15.06
2021-10-07,Social,60.96
2021-10-08,Direct,0.0
2021-10-08,Email,4.26
2021-10-08,Organic Search,0.0
2021-10-08,Paid Search,353.85
2021-10-08,Referral,50.28
2021-10-08,Social,125.47
2021-10-09,Direct,0.0
2021-10-09,Email,4.6
2021-10-09,Organic Search,0.0
2021-10-09,Paid Search,174.78
2021-10-09,Referral,31.94
2021-10-09,Social,138.54
2021-10-10,Direct,0.0
2021-10-10,Email,1.08
2021-10-10,Organic Search,0.0
2021-10-10,Paid Search,156.16
2021-10-10,Referral,46.37
2021-10-10,Social,147.65
2021-10-11,Direct,0.0
2021-10-11,Email,0.56
2021-10-11,Organic Search,0.0
2021-10-11,Paid Search,565.11
2021-10-11,Referral,29.09
2021-10-11,Social,207.9
2021-10-12,Direct,0.0
2021-10-12,Email,4.99
2021-10-12,Organic Search,0.0
2021-10-12,Paid Search,338.71
2021-10-12,Referral,16.29
2021-10-12,Social,120.26
2021-10-13,Direct,0.0
2021-10-13,Email,2.69
2021-10-13,Organic Search,0.0
2021-10-13,Paid Search,698.83
2021-10-13,Referral,11.42
2021-10-13,Social,336.24
2021-10-14,Direct,0.0
2021-10-14,Email,1.99
2021-10-14,Organic Search,0.0
2021-10-14,Paid Search,376.14
2021-10-14,Referral,27.5
2021-10-14,Social,491.56
2021-10-15,Direct,0.0
2021-10-15,Email,1.06
2021-10-15,Organic Search,0.0
2021-10-15,Paid Search,349.4
2021-10-15,Referral,4.41
2021-10-15,Social,219.81
2021-10-16,Direct,0.0
2021-10-16,Email,0.5
2021-10-16,Organic Search,0.0
2021-10-16,Paid Search,227.21
2021-10-16,Referral,7.88
2021-10-16,Social,135.93
2021-10-17,Direct,0.0
2021-10-17,Email,3.93
2021-10-17,Organic Search,0.0
2021-10-17,Paid Search,126.34
2021-10-17,Referral,34.94
2021-10-17,Social,170.17
2021-10-18,Direct,0.0
2021-10-18,Email,2.11
2021-10-18,Organic Search,0.0
2021-10-18,Paid Search,135.57
2021-10-18,Referral,9.33
2021-10-18,Social,94.12
2021-10-19,Direct,0.0
2021-10-19,Email,0.83
2021-10-19,Organic Search,0.0
2021-10-19,Paid Search,197.72
2021-10-19,Referral,10.89
2021-10-19,Social,471.91
2021-10-20,Direct,0.0
2021-10-20,Email,3.74
2021-10-20,Organic Search,0.0
2021-10-20,Paid Search,348.05
2021-10-20,Referral,19.94
2021-10-20,Social,206.49
2021-10-21,Direct,0.0
2021-10-21,Email,1.52
2021-10-21,Organic Search,0.0
2021-10-21,Paid Search,465.24
2021-10-21,Referral,13.47
2021-10-21,Social,189.59
2021-10-22,Direct,0.0
2021-10-22,Email,0.76
2021-10-22,Organic Search,0.0
2021-10-22,Paid Search,359.23
2021-10-22,Referral,7.83
2021-10-22,Social,95.77
2021-10-23,Direct,0.0
2021-10-23,Email,0.69
2021-10-23,Organic Search,0.0
2021-10-23,Paid Search,726.18
2021-10-23,Referral,27.81
2021-10-23,Social,46.08
2021-10-24,Direct,0.0
2021-10-24,Email,2.4
2021-10-24,Organic Search,0.0
2021-10-24,Paid Search,494.54
2021-10-24,Referral,11.62
2021-10-24,Social,144.35
2021-10-25,Direct,0.0
2021-10-25,Email,5.24
2021-10-25,Organic Search,0.0
2021-10-25,Paid Search,524.83
2021-10-25,Referral,1.56
2021-10-25,Social,144.52
2021-10-26,Direct,0.0
2021-10-26,Email,2.92
2021-10-26,Organic Search,0.0
2021-10-26,Paid Search,560.39
2021-10-26,Referral,70.68
2021-10-26,Social,91.5
2021-10-27,Direct,0.0
2021-10-27,Email,1.84
2021-10-27,Organic Search,0.0
2021-10-27,Paid Search,375.35
2021-10-27,Referral,17.31
2021-10-27,Social,25.57
2021-10-28,Direct,0.0
2021-10-28,Email,1.28
2021-10-28,Organic Search,0.0
2021-10-28,Paid Search,477.55
2021-10-28,Referral,14.29
2021-10-28,Social,49.28
2021-10-29,Direct,0.0
2021-10-29,Email,5.54
2021-10-29,Organic Search,0.0
2021-10-29,Paid Search,694.93
2021-10-29,Referral,7.42
2021-10-29,Social,75.28
2021-10-30,Direct,0.0
2021-10-30,Email,3.07
2021-10-30,Organic Search,0.0
2021-10-30,Paid Search,269.23
2021-10-30,Referral,3.53
2021-10-30,Social,104.58
2021-10-31,Direct,0.0
2021-10-31,Email,2.64
2021-10-31,Organic Search,0.0
2021-10-31,Paid Search,858.7
2021-10-31,Referral,11.81
2021-10-31,Social,42.32
2021-11-01,Direct,0.0
2021-11-01,Email,4.63
2021-11-01,Organic Search,0.0
2021-11-01,Paid Search,611.09
2021-11-01,Referral,25.77
2021-11-01,Social,67.28
2021-11-02,Direct,0.0
2021-11-02,Email,1.89
2021-11-02,Organic Search,0.0
2021-11-02,Paid Search,257.93
2021-11-02,Referral,17.87
2021-11-02,Social,156.33
2021-11-03,Direct,0.0
2021-11-03,Email,2.96
2021-11-03,Organic Search,0.0
2021-11-03,Paid Search,453.18
2021-11-03,Referral,26.07
2021-11-03,Social,228.86
2021-11-04,Direct,0.0
2021-11-04,Email,6.3
2021-11-04,Organic Search,0.0
2021-11-04,Paid Search,261.77
2021-11-04,Referral,15.42
2021-11-04,Social,239.67
2021-11-05,Direct,0.0
2021-11-05,Email,4.99
2021-11-05,Organic Search,0.0
2021-11-05,Paid Search,214.02
2021-11-05,Referral,14.13
2021-11-05,Social,183.21
2021-11-06,Direct,0.0
2021-11-06,Email,3.5
2021-11-06,Organic Search,0.0
2021-11-06,Paid Search,526.65
2021-11-06,Referral,8.32
2021-11-06,Social,51.91
2021-11-07,Direct,0.0
2021-11-07,Email,0.79
2021-11-07,Organic Search,0.0
2021-11-07,Paid Search,604.53
2021-11-07,Referral,48.83
2021-11-07,Social,181.84
2021-11-08,Direct,0.0
2021-11-08,Email,1.1
2021-11-08,Organic Search,0.0
2021-11-08,Paid Search,388.9
2021-11-08,Referral,29.74
2021-11-08,Social,213.67
2021-11-09,Direct,0.0
2021-11-09,Email,7.28
2021-11-09,Organic Search,0.0
2021-11-09,Paid Search,284.4
2021-11-09,Referral,37.5
2021-11-09,Social,185.13
2021-11-10,Direct,0.0
2021-11-10,Email,5.72
2021-11-10,Organic Search,0.0
2021-11-10,Paid Search,556.41
2021-11-10,Referral,7.61
2021-11-10,Social,166.7
2021-11-11,Direct,0.0
2021-11-11,Email,4.11
2021-11-11,Organic Search,0.0
2021-11-11,Paid Search,131.36
2021-11-11,Referral,20.5
2021-11-11,Social,99.19
2021-11-12,Direct,0.0
2021-11-12,Email,1.12
2021-11-12,Organic Search,0.0
2021-11-12,Paid Search,396.16
2021-11-12,Referral,25.01
2021-11-12,Social,162.92
2021-11-13,Direct,0.0
2021-11-13,Email,3.01
2021-11-13,Organic Search,0.0
2021-11-13,Paid Search,936.04
2021-11-13,Referral,30.16
2021-11-13,Social,98.03
2021-11-14,Direct,0.0
2021-11-14,Email,7.52
2021-11-14,Organic Search,0.0
2021-11-14,Paid Search,254.03
2021-11-14,Referral,12.15
2021-11-14,Social,58.4
2021-11-15,Direct,0.0
2021-11-15,Email,1.85
2021-11-15,Organic Search,0.0
2021-11-15,Paid Search,238.09
2021-11-15,Referral,24.03
2021-11-15,Social,267.79
2021-11-16,Direct,0.0
2021-11-16,Email,1.18
2021-11-16,Organic Search,0.0
2021-11-16,Paid Search,482.0
2021-11-16,Referral,57.62
2021-11-16,Social,126.12
2021-11-17,Direct,0.0
2021-11-17,Email,1.28
2021-11-17,Organic Search,0.0
2021-11-17,Paid Search,142.91
2021-11-17,Referral,14.74
2021-11-17,Social,28.88
2021-11-18,Direct,0.0
2021-11-18,Email,2.51
2021-11-18,Organic Search,0.0
2021-11-18,Paid Search,482.75
2021-11-18,Referral,7.71
2021-11-18,Social,138.96
2021-11-19,Direct,0.0
2021-11-19,Email,2.21
2021-11-19,Organic Search,0.0
2021-11-19,Paid Search,148.61
2021-11-19,Referral,5.94
2021-11-19,Social,212.28
2021-11-20,Direct,0.0
2021-11-20,Email,0.99
2021-11-20,Organic Search,0.0
2021-11-20,Paid Search,349.48
2021-11-20,Referral,23.8
2021-11-20,Social,45.12
2021-11-21,Direct,0.0
2021-11-21,Email,0.6
2021-11-21,Organic Search,0.0
2021-11-21,Paid Search,199.19
2021-11-21,Referral,24.54
2021-11-21,Social,308.3
2021-11-22,Direct,0.0
2021-11-22,Email,3.61
2021-11-22,Organic Search,0.0
2021-11-22,Paid Search,1034.6
2021-11-22,Referral,31.05
2021-11-22,Social,261.06
2021-11-23,Direct,0.0
2021-11-23,Email,1.85
2021-11-23,Organic Search,0.0
2021-11-23,Paid Search,467.86
2021-11-23,Referral,40.21
2021-11-23,Social,88.31
2021-11-24,Direct,0.0
2021-11-24,Email,4.74
2021-11-24,Organic Search,0.0
2021-11-24,Paid Search,288.73
2021-11-24,Referral,12.45
2021-11-24,Social,50.62
2021-11-25,Direct,0.0
2021-11-25,Email,2.26
2021-11-25,Organic Search,0.0
2021-11-25,Paid Search,160.15
2021-11-25,Referral,15.52
2021-11-25,Social,191.43
2021-11-26,Direct,0.0
2021-11-26,Email,3.85
2021-11-26,Organic Search,0.0
2021-11-26,Paid Search,447.49
2021-11-26,Referral,13.73
2021-11-26,Social,46.17
2021-11-27,Direct,0.0
2021-11-27,Email,2.42
2021-11-27,Organic Search,0.0
2021-11-27,Paid Search,809.9
2021-11-27,Referral,17.17
2021-11-27,Social,176.57
2021-11-28,Direct,0.0
2021-11-28,Email,1.75
2021-11-28,Organic Search,0.0
2021-11-28,Paid Search,256.28
2021-11-28,Referral,17.5
2021-11-28,Social,292.65
2021-11-29,Direct,0.0
2021-11-29,Email,5.08
2021-11-29,Organic Search,0.0
2021-11-29,Paid Search,376.02
2021-11-29,Referral,17.6
2021-11-29,Social,122.12
2021-11-30,Direct,0.0
2021-11-30,Email,2.1
2021-11-30,Organic Search,0.0
2021-11-30,Paid Search,95.29
2021-11-30,Referral,4.62
2021-11-30,Social,74.39
2021-12-01,Direct,0.0
2021-12-01,Email,2.2
2021-12-01,Organic Search,0.0
2021-12-01,Paid Search,414.24
2021-12-01,Referral,26.59
2021-12-01,Social,214.12
2021-12-02,Direct,0.0
2021-12-02,Email,1.06
2021-12-02,Organic Search,0.0
2021-12-02,Paid Search,535.93
2021-12-02,Referral,1.64
2021-12-02,Social,144.3
2021-12-03,Direct,0.0
2021-12-03,Email,0.68
2021-12-03,Organic Search,0.0
2021-12-03,Paid Search,85.35
2021-12-03,Referral,23.39
2021-12-03,Social,153.44
2021-12-04,Direct,0.0
2021-12-04,Email,3.53
2021-12-04,Organic Search,0.0
2021-12-04,Paid Search,712.0
2021-12-04,Referral,7.4
2021-12-04,Social,124.45
2021-12-05,Direct,0.0
2021-12-05,Email,7.22
2021-12-05,Organic Search,0.0
2021-12-05,Paid Search,221.61
2021-12-05,Referral,6.81
2021-12-05,Social,120.98
2021-12-06,Direct,0.0
2021-12-06,Email,1.88
2021-12-06,Organic Search,0.0
2021-12-06,Paid Search,362.17
2021-12-06,Referral,12.57
2021-12-06,Social,39.88
2021-12-07,Direct,0.0
2021-12-07,Email,5.77
2021-12-07,Organic Search,0.0
2021-12-07,Paid Search,374.24
2021-12-07,Referral,20.64
2021-12-07,Social,157.13
2021-12-08,Direct,0.0
2021-12-08,Email,1.73
2021-12-08,Organic Search,0.0
2021-12-08,Paid Search,336.7
2021-12-08,Referral,22.79
2021-12-08,Social,144.79
2021-12-09,Direct,0.0
2021-12-09,Email,4.01
2021-12-09,Organic Search,0.0
2021-12-09,Paid Search,295.11
2021-12-09,Referral,1.71
2021-12-09,Social,134.71
2021-12-10,Direct,0.0
2021-12-10,Email,10.4
2021-12-10,Organic Search,0.0
2021-12-10,Paid Search,197.46
2021-12-10,Referral,27.21
2021-12-10,Social,134.4
2021-12-11,Direct,0.0
2021-12-11,Email,2.56
2021-12-11,Organic Search,0.0
2021-12-11,Paid Search,149.09
2021-12-11,Referral,6.1
2021-12-11,Social,166.37
2021-12-12,Direct,0.0
2021-12-12,Email,2.46
2021-12-12,Organic Search,0.0
2021-12-12,Paid Search,534.78
2021-12-12,Referral,23.48
2021-12-12,Social,178.17
2021-12-13,Direct,0.0
2021-12-13,Email,3.53
2021-12-13,Organic Search,0.0
2021-12-13,Paid Search,775.99
2021-12-13,Referral,15.41
2021-12-13,Social,203.06
2021-12-14,Direct,0.0
2021-12-14,Email,0.86
2021-12-14,Organic Search,0.0
2021-12-14,Paid Search,227.45
2021-12-14,Referral,14.54
2021-12-14,Social,158.18
2021-12-15,Direct,0.0
2021-12-15,Email,3.17
2021-12-15,Organic Search,0.0
2021-12-15,Paid Search,163.49
2021-12-15,Referral,19.56
2021-12-15,Social,89.44
2021-12-16,Direct,0.0
2021-12-16,Email,1.68
2021-12-16,Organic Search,0.0
2021-12-16,Paid Search,447.37
2021-12-16,Referral,26.02
2021-12-16,Social,244.48
2021-12-17,Direct,0.0
2021-12-17,Email,0.79
2021-12-17,Organic Search,0.0
2021-12-17,Paid Search,86.41
2021-12-17,Referral,2.4
2021-12-17,Social,9.56
2021-12-18,Direct,0.0
2021-12-18,Email,1.73
2021-12-18,Organic Search,0.0
2021-12-18,Paid Search,304.48
2021-12-18,Referral,10.17
2021-12-18,Social,221.44
2021-12-19,Direct,0.0
2021-12-19,Email,2.2
2021-12-19,Organic Search,0.0
2021-12-19,Paid Search,474.49
2021-12-19,Referral,17.93
2021-12-19,Social,115.14
2021-12-20,Direct,0.0
2021-12-20,Email,5.7
2021-12-20,Organic Search,0.0
2021-12-20,Paid Search,813.07
2021-12-20,Referral,16.93
2021-12-20,Social,99.01
2021-12-21,Direct,0.0
2021-12-21,Email,3.83
2021-12-21,Organic Search,0.0
2021-12-21,Paid Search,244.76
2021-12-21,Referral,2.9
2021-12-21,Social,154.39
2021-12-22,Direct,0.0
2021-12-22,Email,2.92
2021-12-22,Organic Search,0.0
2021-12-22,Paid Search,213.51
2021-12-22,Referral,7.13
2021-12-22,Social,217.77
2021-12-23,Direct,0.0
2021-12-23,Email,2.11
2021-12-23,Organic Search,0.0
2021-12-23,Paid Search,355.71
2021-12-23,Referral,13.69
2021-12-23,Social,22.37
2021-12-24,Direct,0.0
2021-12-24,Email,1.4
2021-12-24,Organic Search,0.0
2021-12-24,Paid Search,547.31
2021-12-24,Referral,3.71
2021-12-24,Social,80.22
2021-12-25,Direct,0.0
2021-12-25,Email,6.54
2021-12-25,Organic Search,0.0
2021-12-25,Paid Search,244.5
2021-12-25,Referral,67.22
2021-12-25,Social,78.39
2021-12-26,Direct,0.0
2021-12-26,Email,1.53
2021-12-26,Organic Search,0.0
2021-12-26,Paid Search,199.38
2021-12-26,Referral,37.15
2021-12-26,Social,110.99
2021-12-27,Direct,0.0
2021-12-27,Email,4.18
2021-12-27,Organic Search,0.0
2021-12-27,Paid Search,395.43
2021-12-27,Referral,10.99
2021-12-27,Social,120.93
2021-12-28,Direct,0.0
2021-12-28,Email,5.54
2021-12-28,Organic Search,0.0
2021-12-28,Paid Search,420.87
2021-12-28,Referral,7.31
2021-12-28,Social,93.35
2021-12-29,Direct,0.0
2021-12-29,Email,1.97
2021-12-29,Organic Search,0.0
2021-12-29,Paid Search,447.04
2021-12-29,Referral,25.84
2021-12-29,Social,107.9
2021-12-30,Direct,0.0
2021-12-30,Email,1.94
2021-12-30,Organic Search,0.0
2021-12-30,Paid Search,244.64
2021-12-30,Referral,7.7
2021-12-30,Social,79.64
2021-12-31,Direct,0.0
2021-12-31,Email,1.79
2021-12-31,Organic Search,0.0
2021-12-31,Paid Search,228.55
2021-12-31,Referral,23.58
2021-12-31,Social,86.37
2022-01-01,Direct,0.0
2022-01-01,Email,6.57
2022-01-01,Organic Search,0.0
2022-01-01,Paid Search,754.26
2022-01-01,Referral,62.63
2022-01-01,Social,322.08
2022-01-02,Direct,0.0
2022-01-02,Email,1.8
2022-01-02,Organic Search,0.0
2022-01-02,Paid Search,387.99
2022-01-02,Referral,10.81
2022-01-02,Social,219.27
2022-01-03,Direct,0.0
2022-01-03,Email,7.87
2022-01-03,Organic Search,0.0
2022-01-03,Paid Search,928.25
2022-01-03,Referral,48.02
2022-01-03,Social,92.14
2022-01-04,Direct,0.0
2022-01-04,Email,1.68
2022-01-04,Organic Search,0.0
2022-01-04,Paid Search,542.84
2022-01-04,Referral,28.07
2022-01-04,Social,400.26
2022-01-05,Direct,0.0
2022-01-05,Email,2.46
2022-01-05,Organic Search,0.0
2022-01-05,Paid Search,449.98
2022-01-05,Referral,20.89
2022-01-05,Social,289.32
2022-01-06,Direct,0.0
2022-01-06,Email,5.22
2022-01-06,Organic Search,0.0
2022-01-06,Paid Search,287.86
2022-01-06,Referral,11.85
2022-01-06,Social,258.32
2022-01-07,Direct,0.0
2022-01-07,Email,3.02
2022-01-07,Organic Search,0.0
2022-01-07,Paid Search,347.07
2022-01-07,Referral,43.43
2022-01-07,Social,189.85
2022-01-08,Direct,0.0
2022-01-08,Email,3.13
2022-01-08,Organic Search,0.0
2022-01-08,Paid Search,285.9
2022-01-08,Referral,53.25
2022-01-08,Social,79.88
2022-01-09,Direct,0.0
2022-01-09,Email,1.52
2022-01-09,Organic Search,0.0
2022-01-09,Paid Search,889.38
2022-01-09,Referral,69.49
2022-01-09,Social,135.38
2022-01-10,Direct,0.0
2022-01-10,Email,4.37
2022-01-10,Organic Search,0.0
2022-01-10,Paid Search,213.07
2022-01-10,Referral,30.46
2022-01-10,Social,157.03
2022-01-11,Direct,0.0
2022-01-11,Email,2.71
2022-01-11,Organic Search,0.0
2022-01-11,Paid Search,206.4
2022-01-11,Referral,46.54
2022-01-11,Social,521.19
2022-01-12,Direct,0.0
2022-01-12,Email,2.59
2022-01-12,Organic Search,0.0
2022-01-12,Paid Search,429.98
2022-01-12,Referral,25.64
2022-01-12,Social,664.04
2022-01-13,Direct,0.0
2022-01-13,Email,1.43
2022-01-13,Organic Search,0.0
2022-01-13,Paid Search,265.98
2022-01-13,Referral,23.23
2022-01-13,Social,172.31
2022-01-14,Direct,0.0
2022-01-14,Email,1.75
2022-01-14,Organic Search,0.0
2022-01-14,Paid Search,641.98
2022-01-14,Referral,5.53
2022-01-14,Social,273.92
2022-01-15,Direct,0.0
2022-01-15,Email,1.45
2022-01-15,Organic Search,0.0
2022-01-15,Paid Search,447.04
2022-01-15,Referral,11.74
2022-01-15,Social,222.91
2022-01-16,Direct,0.0
2022-01-16,Email,1.41
2022-01-16,Organic Search,0.0
2022-01-16,Paid Search,404.96
2022-01-16,Referral,14.69
2022-01-16,Social,181.78
2022-01-17,Direct,0.0
2022-01-17,Email,3.1
2022-01-17,Organic Search,0.0
2022-01-17,Paid Search,204.47
2022-01-17,Referral,12.73
2022-01-17,Social,298.46
2022-01-18,Direct,0.0
2022-01-18,Email,1.35
2022-01-18,Organic Search,0.0
2022-01-18,Paid Search,606.38
2022-01-18,Referral,5.06
2022-01-18,Social,168.52
2022-01-19,Direct,0.0
2022-01-19,Email,5.66
2022-01-19,Organic Search,0.0
2022-01-19,Paid Search,316.69
2022-01-19,Referral,50.99
2022-01-19,Social,110.52
2022-01-20,Direct,0.0
2022-01-20,Email,1.23
2022-01-20,Organic Search,0.0
2022-01-20,Paid Search,769.2
2022-01-20,Referral,57.54
2022-01-20,Social,134.19
2022-01-21,Direct,0.0
2022-01-21,Email,6.63
2022-01-21,Organic Search,0.0
2022-01-21,Paid Search,241.4
2022-01-21,Referral,16.18
2022-01-21,Social,96.67
2022-01-22,Direct,0.0
2022-01-22,Email,2.72
2022-01-22,Organic Search,0.0
2022-01-22,Paid Search,248.55
2022-01-22,Referral,61.55
2022-01-22,Social,276.58
2022-01-23,Direct,0.0
2022-01-23,Email,0.54
2022-01-23,Organic Search,0.0
2022-01-23,Paid Search,484.89
2022-01-23,Referral,13.51
2022-01-23,Social,270.22
2022-01-24,Direct,0.0
2022-01-24,Email,2.91
2022-01-24,Organic Search,0.0
2022-01-24,Paid Search,243.15
2022-01-24,Referral,49.15
2022-01-24,Social,99.71
2022-01-25,Direct,0.0
2022-01-25,Email,2.24
2022-01-25,Organic Search,0.0
2022-01-25,Paid Search,751.8
2022-01-25,Referral,32.74
2022-01-25,Social,223.11
2022-01-26,Direct,0.0
2022-01-26,Email,3.82
2022-01-26,Organic Search,0.0
2022-01-26,Paid Search,140.45
2022-01-26,Referral,7.02
2022-01-26,Social,370.52
2022-01-27,Direct,0.0
2022-01-27,Email,9.38
2022-01-27,Organic Search,0.0
2022-01-27,Paid Search,395.67
2022-01-27,Referral,17.77
2022-01-27,Social,283.64
2022-01-28,Direct,0.0
2022-01-28,Email,0.94
2022-01-28,Organic Search,0.0
2022-01-28,Paid Search,503.48
2022-01-28,Referral,20.06
2022-01-28,Social,194.73
2022-01-29,Direct,0.0
2022-01-29,Email,5.91
2022-01-29,Organic Search,0.0
2022-01-29,Paid Search,599.06
2022-01-29,Referral,35.09
2022-01-29,Social,129.51
2022-01-30,Direct,0.0
2022-01-30,Email,1.37
2022-01-30,Organic Search,0.0
2022-01-30,Paid Search,568.59
2022-01-30,Referral,15.24
2022-01-30,Social,346.74
2022-01-31,Direct,0.0
2022-01-31,Email,3.75
2022-01-31,Organic Search,0.0
2022-01-31,Paid Search,602.93
2022-01-31,Referral,25.91
2022-01-31,Social,254.95
2022-02-01,Direct,0.0
2022-02-01,Email,5.49
2022-02-01,Organic Search,0.0
2022-02-01,Paid Search,300.74
2022-02-01,Referral,6.84
2022-02-01,Social,63.03
2022-02-02,Direct,0.0
2022-02-02,Email,2.1
2022-02-02,Organic Search,0.0
2022-02-02,Paid Search,316.38
2022-02-02,Referral,26.11
2022-02-02,Social,505.68
2022-02-03,Direct,0.0
2022-02-03,Email,1.66
2022-02-03,Organic Search,0.0
2022-02-03,Paid Search,343.41
2022-02-03,Referral,86.32
2022-02-03,Social,220.38
2022-02-04,Direct,0.0
2022-02-04,Email,1.76
2022-02-04,Organic Search,0.0
2022-02-04,Paid Search,322.11
2022-02-04,Referral,64.04
2022-02-04,Social,147.4
2022-02-05,Direct,0.0
2022-02-05,Email,4.69
2022-02-05,Organic Search,0.0
2022-02-05,Paid Search,530.95
2022-02-05,Referral,3.84
2022-02-05,Social,54.65
2022-02-06,Direct,0.0
2022-02-06,Email,1.94
2022-02-06,Organic Search,0.0
2022-02-06,Paid Search,233.83
2022-02-06,Referral,33.25
2022-02-06,Social,466.36
2022-02-07,Direct,0.0
2022-02-07,Email,3.33
2022-02-07,Organic Search,0.0
2022-02-07,Paid Search,324.44
2022-02-07,Referral,2.67
2022-02-07,Social,389.33
2022-02-08,Direct,0.0
2022-02-08,Email,5.5
2022-02-08,Organic Search,0.0
2022-02-08,Paid Search,718.59
2022-02-08,Referral,15.56
2022-02-08,Social,99.44
2022-02-09,Direct,0.0
2022-02-09,Email,3.12
2022-02-09,Organic Search,0.0
2022-02-09,Paid Search,379.64
2022-02-09,Referral,76.73
2022-02-09,Social,49.93
2022-02-10,Direct,0.0
2022-02-10,Email,3.44
2022-02-10,Organic Search,0.0
2022-02-10,Paid Search,728.36
2022-02-10,Referral,13.93
2022-02-10,Social,177.8
2022-02-11,Direct,0.0
2022-02-11,Email,4.32
2022-02-11,Organic Search,0.0
2022-02-11,Paid Search,1046.48
2022-02-11,Referral,4.69
2022-02-11,Social,332.03
2022-02-12,Direct,0.0
2022-02-12,Email,5.31
2022-02-12,Organic Search,0.0
2022-02-12,Paid Search,602.79
2022-02-12,Referral,4.96
2022-02-12,Social,180.94
2022-02-13,Direct,0.0
2022-02-13,Email,1.03
2022-02-13,Organic Search,0.0
2022-02-13,Paid Search,519.87
2022-02-13,Referral,12.47
2022-02-13,Social,161.51
2022-02-14,Direct,0.0
2022-02-14,Email,2.19
2022-02-14,Organic Search,0.0
2022-02-14,Paid Search,1154.19
2022-02-14,Referral,39.31
2022-02-14,Social,281.11
2022-02-15,Direct,0.0
2022-02-15,Email,6.74
2022-02-15,Organic Search,0.0
2022-02-15,Paid Search,522.33
2022-02-15,Referral,47.88
2022-02-15,Social,128.32
2022-02-16,Direct,0.0
2022-02-16,Email,4.12
2022-02-16,Organic Search,0.0
2022-02-16,Paid Search,931.85
2022-02-16,Referral,68.3
2022-02-16,Social,374.65
2022-02-17,Direct,0.0
2022-02-17,Email,2.3
2022-02-17,Organic Search,0.0
2022-02-17,Paid Search,521.38
2022-02-17,Referral,1.79
2022-02-17,Social,567.85
2022-02-18,Direct,0.0
2022-02-18,Email,2.62
2022-02-18,Organic Search,0.0
2022-02-18,Paid Search,310.0
2022-02-18,Referral,3.13
2022-02-18,Social,447.75
2022-02-19,Direct,0.0
2022-02-19,Email,1.19
2022-02-19,Organic Search,0.0
2022-02-19,Paid Search,678.77
2022-02-19,Referral,44.34
2022-02-19,Social,212.11
2022-02-20,Direct,0.0
2022-02-20,Email,3.29
2022-02-20,Organic Search,0.0
2022-02-20,Paid Search,1314.44
2022-02-20,Referral,26.88
2022-02-20,Social,176.41
2022-02-21,Direct,0.0
2022-02-21,Email,2.15
2022-02-21,Organic Search,0.0
2022-02-21,Paid Search,409.16
2022-02-21,Referral,29.01
2022-02-21,Social,345.59
2022-02-22,Direct,0.0
2022-02-22,Email,5.11
2022-02-22,Organic Search,0.0
2022-02-22,Paid Search,499.73
2022-02-22,Referral,34.5
2022-02-22,Social,250.53
2022-02-23,Direct,0.0
2022-02-23,Email,3.0
2022-02-23,Organic Search,0.0
2022-02-23,Paid Search,217.7
2022-02-23,Referral,32.86
2022-02-23,Social,133.72
2022-02-24,Direct,0.0
2022-02-24,Email,2.62
2022-02-24,Organic Search,0.0
2022-02-24,Paid Search,1367.19
2022-02-24,Referral,11.07
2022-02-24,Social,442.0
2022-02-25,Direct,0.0
2022-02-25,Email,1.76
2022-02-25,Organic Search,0.0
2022-02-25,Paid Search,317.4
2022-02-25,Referral,75.61
2022-02-25,Social,188.57
2022-02-26,Direct,0.0
2022-02-26,Email,2.2
2022-02-26,Organic Search,0.0
2022-02-26,Paid Search,576.78
2022-02-26,Referral,27.05
2022-02-26,Social,133.99
2022-02-27,Direct,0.0
2022-02-27,Email,1.82
2022-02-27,Organic Search,0.0
2022-02-27,Paid Search,708.51
2022-02-27,Referral,50.19
2022-02-27,Social,105.02
2022-02-28,Direct,0.0
2022-02-28,Email,4.69
2022-02-28,Organic Search,0.0
2022-02-28,Paid Search,572.51
2022-02-28,Referral,43.52
2022-02-28,Social,93.74
2022-03-01,Direct,0.0
2022-03-01,Email,11.78
2022-03-01,Organic Search,0.0
2022-03-01,Paid Search,789.02
2022-03-01,Referral,32.31
2022-03-01,Social,85.56
2022-03-02,Direct,0.0
2022-03-02,Email,2.59
2022-03-02,Organic Search,0.0
2022-03-02,Paid Search,507.4
2022-03-02,Referral,31.07
2022-03-02,Social,164.91
2022-03-03,Direct,0.0
2022-03-03,Email,11.73
2022-03-03,Organic Search,0.0
2022-03-03,Paid Search,930.75
2022-03-03,Referral,6.89
2022-03-03,Social,271.45
2022-03-04,Direct,0.0
2022-03-04,Email,1.47
2022-03-04,Organic Search,0.0
2022-03-04,Paid Search,786.78
2022-03-04,Referral,23.18
2022-03-04,Social,92.41
2022-03-05,Direct,0.0
2022-03-05,Email,2.13
2022-03-05,Organic Search,0.0
2022-03-05,Paid Search,639.2
2022-03-05,Referral,34.46
2022-03-05,Social,588.06
2022-03-06,Direct,0.0
2022-03-06,Email,2.16
2022-03-06,Organic Search,0.0
2022-03-06,Paid Search,257.03
2022-03-06,Referral,29.2
2022-03-06,Social,282.87
2022-03-07,Direct,0.0
2022-03-07,Email,6.88
2022-03-07,Organic Search,0.0
2022-03-07,Paid Search,736.13
2022-03-07,Referral,33.47
2022-03-07,Social,88.06
2022-03-08,Direct,0.0
2022-03-08,Email,4.78
2022-03-08,Organic Search,0.0
2022-03-08,Paid Search,332.66
2022-03-08,Referral,46.83
2022-03-08,Social,169.03
2022-03-09,Direct,0.0
2022-03-09,Email,7.7
2022-03-09,Organic Search,0.0
2022-03-09,Paid Search,179.16
2022-03-09,Referral,26.03
2022-03-09,Social,107.43
2022-03-10,Direct,0.0
2022-03-10,Email,1.39
2022-03-10,Organic Search,0.0
2022-03-10,Paid Search,468.19
2022-03-10,Referral,13.05
2022-03-10,Social,229.65
2022-03-11,Direct,0.0
2022-03-11,Email,4.33
2022-03-11,Organic Search,0.0
2022-03-11,Paid Search,855.87
2022-03-11,Referral,39.67
2022-03-11,Social,220.3
2022-03-12,Direct,0.0
2022-03-12,Email,9.41
2022-03-12,Organic Search,0.0
2022-03-12,Paid Search,1113.06
2022-03-12,Referral,15.33
2022-03-12,Social,533.45
2022-03-13,Direct,0.0
2022-03-13,Email,3.04
2022-03-13,Organic Search,0.0
2022-03-13,Paid Search,541.87
2022-03-13,Referral,62.76
2022-03-13,Social,72.5
2022-03-14,Direct,0.0
2022-03-14,Email,1.51
2022-03-14,Organic Search,0.0
2022-03-14,Paid Search,1409.14
2022-03-14,Referral,32.18
2022-03-14,Social,127.61
2022-03-15,Direct,0.0
2022-03-15,Email,3.76
2022-03-15,Organic Search,0.0
2022-03-15,Paid Search,959.14
2022-03-15,Referral,9.83
2022-03-15,Social,107.51
2022-03-16,Direct,0.0
2022-03-16,Email,5.46
2022-03-16,Organic Search,0.0
2022-03-16,Paid Search,261.76
2022-03-16,Referral,40.49
2022-03-16,Social,278.67
2022-03-17,Direct,0.0
2022-03-17,Email,6.4
2022-03-17,Organic Search,0.0
2022-03-17,Paid Search,473.78
2022-03-17,Referral,4.81
2022-03-17,Social,62.84
2022-03-18,Direct,0.0
2022-03-18,Email,2.79
2022-03-18,Organic Search,0.0
2022-03-18,Paid Search,556.13
2022-03-18,Referral,10.6
2022-03-18,Social,95.9
2022-03-19,Direct,0.0
2022-03-19,Email,0.92
2022-03-19,Organic Search,0.0
2022-03-19,Paid Search,633.1
2022-03-19,Referral,10.52
2022-03-19,Social,101.07
2022-03-20,Direct,0.0
2022-03-20,Email,5.14
2022-03-20,Organic Search,0.0
2022-03-20,Paid Search,587.78
2022-03-20,Referral,15.22
2022-03-20,Social,225.77
2022-03-21,Direct,0.0
2022-03-21,Email,1.64
2022-03-21,Organic Search,0.0
2022-03-21,Paid Search,498.52
2022-03-21,Referral,20.54
2022-03-21,Social,98.99
2022-03-22,Direct,0.0
2022-03-22,Email,4.11
2022-03-22,Organic Search,0.0
2022-03-22,Paid Search,271.15
2022-03-22,Referral,14.9
2022-03-22,Social,152.5
2022-03-23,Direct,0.0
2022-03-23,Email,1.38
2022-03-23,Organic Search,0.0
2022-03-23,Paid Search,571.52
2022-03-23,Referral,4.5
2022-03-23,Social,299.53
2022-03-24,Direct,0.0
2022-03-24,Email,3.02
2022-03-24,Organic Search,0.0
2022-03-24,Paid Search,276.42
2022-03-24,Referral,77.88
2022-03-24,Social,311.16
2022-03-25,Direct,0.0
2022-03-25,Email,6.03
2022-03-25,Organic Search,0.0
2022-03-25,Paid Search,687.88
2022-03-25,Referral,17.24
2022-03-25,Social,138.77
2022-03-26,Direct,0.0
2022-03-26,Email,5.61
2022-03-26,Organic Search,0.0
2022-03-26,Paid Search,317.38
2022-03-26,Referral,18.28
2022-03-26,Social,208.96
2022-03-27,Direct,0.0
2022-03-27,Email,4.86
2022-03-27,Organic Search,0.0
2022-03-27,Paid Search,432.78
2022-03-27,Referral,23.95
2022-03-27,Social,75.94
2022-03-28,Direct,0.0
2022-03-28,Email,3.91
2022-03-28,Organic Search,0.0
2022-03-28,Paid Search,775.13
2022-03-28,Referral,43.85
2022-03-28,Social,189.37
2022-03-29,Direct,0.0
2022-03-29,Email,2.88
2022-03-29,Organic Search,0.0
2022-03-29,Paid Search,317.77
2022-03-29,Referral,25.55
2022-03-29,Social,394.66
2022-03-30,Direct,0.0
2022-03-30,Email,3.46
2022-03-30,Organic Search,0.0
2022-03-30,Paid Search,241.09
2022-03-30,Referral,9.81
2022-03-30,Social,87.66
2022-03-31,Direct,0.0
2022-03-31,Email,1.6
2022-03-31,Organic Search,0.0
2022-03-31,Paid Search,422.1
2022-03-31,Referral,6.91
2022-03-31,Social,120.59
2022-04-01,Direct,0.0
2022-04-01,Email,4.83
2022-04-01,Organic Search,0.0
2022-04-01,Paid Search,305.96
2022-04-01,Referral,11.17
2022-04-01,Social,156.6
2022-04-02,Direct,0.0
2022-04-02,Email,3.18
2022-04-02,Organic Search,0.0
2022-04-02,Paid Search,432.44
2022-04-02,Referral,20.86
2022-04-02,Social,513.29
2022-04-03,Direct,0.0
2022-04-03,Email,3.87
2022-04-03,Organic Search,0.0
2022-04-03,Paid Search,413.5
2022-04-03,Referral,30.51
2022-04-03,Social,111.14
2022-04-04,Direct,0.0
2022-04-04,Email,4.2
2022-04-04,Organic Search,0.0
2022-04-04,Paid Search,632.65
2022-04-04,Referral,21.2
2022-04-04,Social,100.0
2022-04-05,Direct,0.0
2022-04-05,Email,8.95
2022-04-05,Organic Search,0.0
2022-04-05,Paid Search,154.95
2022-04-05,Referral,25.94
2022-04-05,Social,49.03
2022-04-06,Direct,0.0
2022-04-06,Email,7.13
2022-04-06,Organic Search,0.0
2022-04-06,Paid Search,771.85
2022-04-06,Referral,6.44
2022-04-06,Social,444.71
2022-04-07,Direct,0.0
2022-04-07,Email,2.89
2022-04-07,Organic Search,0.0
2022-04-07,Paid Search,278.69
2022-04-07,Referral,8.21
2022-04-07,Social,598.57
2022-04-08,Direct,0.0
2022-04-08,Email,1.02
2022-04-08,Organic Search,0.0
2022-04-08,Paid Search,924.82
2022-04-08,Referral,13.18
2022-04-08,Social,203.81
2022-04-09,Direct,0.0
2022-04-09,Email,2.4
2022-04-09,Organic Search,0.0
2022-04-09,Paid Search,510.66
2022-04-09,Referral,43.92
2022-04-09,Social,112.85
2022-04-10,Direct,0.0
2022-04-10,Email,7.28
2022-04-10,Organic Search,0.0
2022-04-10,Paid Search,181.69
2022-04-10,Referral,77.89
2022-04-10,Social,760.21
2022-04-11,Direct,0.0
2022-04-11,Email,4.57
2022-04-11,Organic Search,0.0
2022-04-11,Paid Search,418.81
2022-04-11,Referral,25.99
2022-04-11,Social,180.1
2022-04-12,Direct,0.0
2022-04-12,Email,1.41
2022-04-12,Organic Search,0.0
2022-04-12,Paid Search,560.16
2022-04-12,Referral,11.97
2022-04-12,Social,233.73
2022-04-13,Direct,0.0
2022-04-13,Email,1.42
2022-04-13,Organic Search,0.0
2022-04-13,Paid Search,738.96
2022-04-13,Referral,16.62
2022-04-13,Social,175.44
2022-04-14,Direct,0.0
2022-04-14,Email,2.66
2022-04-14,Organic Search,0.0
2022-04-14,Paid Search,416.67
2022-04-14,Referral,9.1
2022-04-14,Social,144.74
2022-04-15,Direct,0.0
2022-04-15,Email,3.87
2022-04-15,Organic Search,0.0
2022-04-15,Paid Search,780.86
2022-04-15,Referral,7.2
2022-04-15,Social,114.53
2022-04-16,Direct,0.0
2022-04-16,Email,1.66
2022-04-16,Organic Search,0.0
2022-04-16,Paid Search,747.63
2022-04-16,Referral,22.55
2022-04-16,Social,308.05
2022-04-17,Direct,0.0
2022-04-17,Email,0.68
2022-04-17,Organic Search,0.0
2022-04-17,Paid Search,504.95
2022-04-17,Referral,35.4
2022-04-17,Social,571.13
2022-04-18,Direct,0.0
2022-04-18,Email,4.23
2022-04-18,Organic Search,0.0
2022-04-18,Paid Search,501.82
2022-04-18,Referral,56.91
2022-04-18,Social,310.6
2022-04-19,Direct,0.0
2022-04-19,Email,2.26
2022-04-19,Organic Search,0.0
2022-04-19,Paid Search,1306.19
2022-04-19,Referral,22.99
2022-04-19,Social,273.14
2022-04-20,Direct,0.0
2022-04-20,Email,4.13
2022-04-20,Organic Search,0.0
2022-04-20,Paid Search,126.93
2022-04-20,Referral,59.42
2022-04-20,Social,114.09
2022-04-21,Direct,0.0
2022-04-21,Email,3.05
2022-04-21,Organic Search,0.0
2022-04-21,Paid Search,375.3
2022-04-21,Referral,28.26
2022-04-21,Social,122.06
2022-04-22,Direct,0.0
2022-04-22,Email,7.32
2022-04-22,Organic Search,0.0
2022-04-22,Paid Search,370.83
2022-04-22,Referral,12.45
2022-04-22,Social,200.66
2022-04-23,Direct,0.0
2022-04-23,Email,0.97
2022-04-23,Organic Search,0.0
2022-04-23,Paid Search,753.76
2022-04-23,Referral,11.4
2022-04-23,Social,162.97
2022-04-24,Direct,0.0
2022-04-24,Email,4.33
2022-04-24,Organic Search,0.0
2022-04-24,Paid Search,781.7
2022-04-24,Referral,22.03
2022-04-24,Social,112.92
2022-04-25,Direct,0.0
2022-04-25,Email,1.69
2022-04-25,Organic Search,0.0
2022-04-25,Paid Search,419.16
2022-04-25,Referral,6.4
2022-04-25,Social,598.71
2022-04-26,Direct,0.0
2022-04-26,Email,6.54
2022-04-26,Organic Search,0.0
2022-04-26,Paid Search,454.33
2022-04-26,Referral,61.74
2022-04-26,Social,301.24
2022-04-27,Direct,0.0
2022-04-27,Email,7.33
2022-04-27,Organic Search,0.0
2022-04-27,Paid Search,925.12
2022-04-27,Referral,10.66
2022-04-27,Social,146.26
2022-04-28,Direct,0.0
2022-04-28,Email,3.34
2022-04-28,Organic Search,0.0
2022-04-28,Paid Search,271.93
2022-04-28,Referral,36.64
2022-04-28,Social,84.88
2022-04-29,Direct,0.0
2022-04-29,Email,0.58
2022-04-29,Organic Search,0.0
2022-04-29,Paid Search,426.2
2022-04-29,Referral,52.56
2022-04-29,Social,125.2
2022-04-30,Direct,0.0
2022-04-30,Email,3.53
2022-04-30,Organic Search,0.0
2022-04-30,Paid Search,326.18
2022-04-30,Referral,7.64
2022-04-30,Social,255.98
2022-05-01,Direct,0.0
2022-05-01,Email,1.62
2022-05-01,Organic Search,0.0
2022-05-01,Paid Search,440.94
2022-05-01,Referral,8.37
2022-05-01,Social,662.84
2022-05-02,Direct,0.0
2022-05-02,Email,5.89
2022-05-02,Organic Search,0.0
2022-05-02,Paid Search,550.47
2022-05-02,Referral,8.98
2022-05-02,Social,153.05
2022-05-03,Direct,0.0
2022-05-03,Email,3.41
2022-05-03,Organic Search,0.0
2022-05-03,Paid Search,866.71
2022-05-03,Referral,29.77
2022-05-03,Social,172.37
2022-05-04,Direct,0.0
2022-05-04,Email,1.73
2022-05-04,Organic Search,0.0
2022-05-04,Paid Search,475.08
2022-05-04,Referral,3.87
2022-05-04,Social,361.85
2022-05-05,Direct,0.0
2022-05-05,Email,3.35
2022-05-05,Organic Search,0.0
2022-05-05,Paid Search,410.46
2022-05-05,Referral,11.28
2022-05-05,Social,137.08
2022-05-06,Direct,0.0
2022-05-06,Email,4.22
2022-05-06,Organic Search,0.0
2022-05-06,Paid Search,1171.14
2022-05-06,Referral,67.61
2022-05-06,Social,386.76
2022-05-07,Direct,0.0
2022-05-07,Email,8.41
2022-05-07,Organic Search,0.0
2022-05-07,Paid Search,396.52
2022-05-07,Referral,20.13
2022-05-07,Social,304.4
2022-05-08,Direct,0.0
2022-05-08,Email,5.37
2022-05-08,Organic Search,0.0
2022-05-08,Paid Search,705.21
2022-05-08,Referral,67.08
2022-05-08,Social,77.03
2022-05-09,Direct,0.0
2022-05-09,Email,2.43
2022-05-09,Organic Search,0.0
2022-05-09,Paid Search,404.86
2022-05-09,Referral,25.04
2022-05-09,Social,53.89
2022-05-10,Direct,0.0
2022-05-10,Email,2.24
2022-05-10,Organic Search,0.0
2022-05-10,Paid Search,456.21
2022-05-10,Referral,48.26
2022-05-10,Social,92.45
2022-05-11,Direct,0.0
2022-05-11,Email,4.56
2022-05-11,Organic Search,0.0
2022-05-11,Paid Search,531.91
2022-05-11,Referral,43.97
2022-05-11,Social,109.33
2022-05-12,Direct,0.0
2022-05-12,Email,8.08
2022-05-12,Organic Search,0.0
2022-05-12,Paid Search,272.25
2022-05-12,Referral,8.06
2022-05-12,Social,127.26
2022-05-13,Direct,0.0
2022-05-13,Email,2.33
2022-05-13,Organic Search,0.0
2022-05-13,Paid Search,582.65
2022-05-13,Referral,14.48
2022-05-13,Social,416.84
2022-05-14,Direct,0.0
2022-05-14,Email,8.8
2022-05-14,Organic Search,0.0
2022-05-14,Paid Search,279.15
2022-05-14,Referral,19.51
2022-05-14,Social,188.23
2022-05-15,Direct,0.0
2022-05-15,Email,6.96
2022-05-15,Organic Search,0.0
2022-05-15,Paid Search,265.59
2022-05-15,Referral,9.68
2022-05-15,Social,53.06
2022-05-16,Direct,0.0
2022-05-16,Email,5.13
2022-05-16,Organic Search,0.0
2022-05-16,Paid Search,815.02
2022-05-16,Referral,14.63
2022-05-16,Social,115.32
2022-05-17,Direct,0.0
2022-05-17,Email,8.44
2022-05-17,Organic Search,0.0
2022-05-17,Paid Search,733.17
2022-05-17,Referral,52.7
2022-05-17,Social,238.67
2022-05-18,Direct,0.0
2022-05-18,Email,3.53
2022-05-18,Organic Search,0.0
2022-05-18,Paid Search,395.88
2022-05-18,Referral,17.68
2022-05-18,Social,792.59
2022-05-19,Direct,0.0
2022-05-19,Email,6.47
2022-05-19,Organic Search,0.0
2022-05-19,Paid Search,285.98
2022-05-19,Referral,71.77
2022-05-19,Social,127.16
2022-05-20,Direct,0.0
2022-05-20,Email,1.49
2022-05-20,Organic Search,0.0
2022-05-20,Paid Search,874.91
2022-05-20,Referral,42.16
2022-05-20,Social,58.3
2022-05-21,Direct,0.0
2022-05-21,Email,6.71
2022-05-21,Organic Search,0.0
2022-05-21,Paid Search,529.0
2022-05-21,Referral,18.59
2022-05-21,Social,193.59
2022-05-22,Direct,0.0
2022-05-22,Email,2.95
2022-05-22,Organic Search,0.0
2022-05-22,Paid Search,482.99
2022-05-22,Referral,35.09
2022-05-22,Social,187.23
2022-05-23,Direct,0.0
2022-05-23,Email,1.25
2022-05-23,Organic Search,0.0
2022-05-23,Paid Search,332.16
2022-05-23,Referral,22.78
2022-05-23,Social,170.62
2022-05-24,Direct,0.0
2022-05-24,Email,0.43
2022-05-24,Organic Search,0.0
2022-05-24,Paid Search,625.99
2022-05-24,Referral,39.35
2022-05-24,Social,64.86
2022-05-25,Direct,0.0
2022-05-25,Email,4.02
2022-05-25,Organic Search,0.0
2022-05-25,Paid Search,466.6
2022-05-25,Referral,35.06
2022-05-25,Social,235.72
2022-05-26,Direct,0.0
2022-05-26,Email,1.55
2022-05-26,Organic Search,0.0
2022-05-26,Paid Search,455.5
2022-05-26,Referral,63.12
2022-05-26,Social,211.41
2022-05-27,Direct,0.0
2022-05-27,Email,3.71
2022-05-27,Organic Search,0.0
2022-05-27,Paid Search,447.95
2022-05-27,Referral,5.23
2022-05-27,Social,168.81
2022-05-28,Direct,0.0
2022-05-28,Email,9.29
2022-05-28,Organic Search,0.0
2022-05-28,Paid Search,532.81
2022-05-28,Referral,52.24
2022-05-28,Social,291.52
2022-05-29,Direct,0.0
2022-05-29,Email,1.95
2022-05-29,Organic Search,0.0
2022-05-29,Paid Search,671.4
2022-05-29,Referral,22.66
2022-05-29,Social,112.33
2022-05-30,Direct,0.0
2022-05-30,Email,3.97
2022-05-30,Organic Search,0.0
2022-05-30,Paid Search,388.99
2022-05-30,Referral,29.3
2022-05-30,Social,157.8
2022-05-31,Direct,0.0
2022-05-31,Email,2.83
2022-05-31,Organic Search,0.0
2022-05-31,Paid Search,282.7
2022-05-31,Referral,6.21
2022-05-31,Social,137.53
2022-06-01,Direct,0.0
2022-06-01,Email,2.87
2022-06-01,Organic Search,0.0
2022-06-01,Paid Search,437.27
2022-06-01,Referral,47.78
2022-06-01,Social,237.58
2022-06-02,Direct,0.0
2022-06-02,Email,1.86
2022-06-02,Organic Search,0.0
2022-06-02,Paid Search,685.92
2022-06-02,Referral,72.48
2022-06-02,Social,210.41
2022-06-03,Direct,0.0
2022-06-03,Email,2.35
2022-06-03,Organic Search,0.0
2022-06-03,Paid Search,355.1
2022-06-03,Referral,30.41
2022-06-03,Social,61.03
2022-06-04,Direct,0.0
2022-06-04,Email,0.82
2022-06-04,Organic Search,0.0
2022-06-04,Paid Search,362.96
2022-06-04,Referral,10.3
2022-06-04,Social,118.15
2022-06-05,Direct,0.0
2022-06-05,Email,4.75
2022-06-05,Organic Search,0.0
2022-06-05,Paid Search,338.17
2022-06-05,Referral,1.8
2022-06-05,Social,219.6
2022-06-06,Direct,0.0
2022-06-06,Email,1.51
2022-06-06,Organic Search,0.0
2022-06-06,Paid Search,217.69
2022-06-06,Referral,23.35
2022-06-06,Social,315.07
2022-06-07,Direct,0.0
2022-06-07,Email,8.53
2022-06-07,Organic Search,0.0
2022-06-07,Paid Search,280.95
2022-06-07,Referral,81.66
2022-06-07,Social,218.76
2022-06-08,Direct,0.0
2022-06-08,Email,2.22
2022-06-08,Organic Search,0.0
2022-06-08,Paid Search,1012.1
2022-06-08,Referral,30.49
2022-06-08,Social,38.81
2022-06-09,Direct,0.0
2022-06-09,Email,2.25
2022-06-09,Organic Search,0.0
2022-06-09,Paid Search,420.59
2022-06-09,Referral,57.35
2022-06-09,Social,64.38
2022-06-10,Direct,0.0
2022-06-10,Email,1.0
2022-06-10,Organic Search,0.0
2022-06-10,Paid Search,1166.67
2022-06-10,Referral,9.04
2022-06-10,Social,110.5
2022-06-11,Direct,0.0
2022-06-11,Email,0.61
2022-06-11,Organic Search,0.0
2022-06-11,Paid Search,273.31
2022-06-11,Referral,8.0
2022-06-11,Social,72.18
2022-06-12,Direct,0.0
2022-06-12,Email,2.44
2022-06-12,Organic Search,0.0
2022-06-12,Paid Search,1004.02
2022-06-12,Referral,4.41
2022-06-12,Social,225.85
2022-06-13,Direct,0.0
2022-06-13,Email,3.89
2022-06-13,Organic Search,0.0
2022-06-13,Paid Search,485.07
2022-06-13,Referral,6.21
2022-06-13,Social,286.14
2022-06-14,Direct,0.0
2022-06-14,Email,12.36
2022-06-14,Organic Search,0.0
2022-06-14,Paid Search,374.57
2022-06-14,Referral,3.78
2022-06-14,Social,385.03
2022-06-15,Direct,0.0
2022-06-15,Email,1.03
2022-06-15,Organic Search,0.0
2022-06-15,Paid Search,606.04
2022-06-15,Referral,72.15
2022-06-15,Social,82.22
2022-06-16,Direct,0.0
2022-06-16,Email,5.07
2022-06-16,Organic Search,0.0
2022-06-16,Paid Search,579.88
2022-06-16,Referral,5.4
2022-06-16,Social,73.12
2022-06-17,Direct,0.0
2022-06-17,Email,1.74
2022-06-17,Organic Search,0.0
2022-06-17,Paid Search,543.08
2022-06-17,Referral,24.02
2022-06-17,Social,229.55
2022-06-18,Direct,0.0
2022-06-18,Email,1.69
2022-06-18,Organic Search,0.0
2022-06-18,Paid Search,253.37
2022-06-18,Referral,35.93
2022-06-18,Social,537.68
2022-06-19,Direct,0.0
2022-06-19,Email,2.29
2022-06-19,Organic Search,0.0
2022-06-19,Paid Search,710.09
2022-06-19,Referral,43.45
2022-06-19,Social,189.19
2022-06-20,Direct,0.0
2022-06-20,Email,4.9
2022-06-20,Organic Search,0.0
2022-06-20,Paid Search,735.45
2022-06-20,Referral,82.82
2022-06-20,Social,51.31
2022-06-21,Direct,0.0
2022-06-21,Email,1.32
2022-06-21,Organic Search,0.0
2022-06-21,Paid Search,848.16
2022-06-21,Referral,69.47
2022-06-21,Social,256.07
2022-06-22,Direct,0.0
2022-06-22,Email,2.17
2022-06-22,Organic Search,0.0
2022-06-22,Paid Search,804.08
2022-06-22,Referral,7.62
2022-06-22,Social,110.47
2022-06-23,Direct,0.0
2022-06-23,Email,1.84
2022-06-23,Organic Search,0.0
2022-06-23,Paid Search,529.42
2022-06-23,Referral,45.65
2022-06-23,Social,140.82
2022-06-24,Direct,0.0
2022-06-24,Email,2.18
2022-06-24,Organic Search,0.0
2022-06-24,Paid Search,515.71
2022-06-24,Referral,5.45
2022-06-24,Social,350.29
2022-06-25,Direct,0.0
2022-06-25,Email,3.34
2022-06-25,Organic Search,0.0
2022-06-25,Paid Search,285.2
2022-06-25,Referral,78.88
2022-06-25,Social,390.63
2022-06-26,Direct,0.0
2022-06-26,Email,4.4
2022-06-26,Organic Search,0.0
2022-06-26,Paid Search,360.41
2022-06-26,Referral,4.3
2022-06-26,Social,242.41
2022-06-27,Direct,0.0
2022-06-27,Email,3.06
2022-06-27,Organic Search,0.0
2022-06-27,Paid Search,373.84
2022-06-27,Referral,16.58
2022-06-27,Social,300.51
2022-06-28,Direct,0.0
2022-06-28,Email,0.9
2022-06-28,Organic Search,0.0
2022-06-28,Paid Search,906.06
2022-06-28,Referral,13.45
2022-06-28,Social,226.27
2022-06-29,Direct,0.0
2022-06-29,Email,2.31
2022-06-29,Organic Search,0.0
2022-06-29,Paid Search,691.77
2022-06-29,Referral,79.72
2022-06-29,Social,64.21
2022-06-30,Direct,0.0
2022-06-30,Email,5.97
2022-06-30,Organic Search,0.0
2022-06-30,Paid Search,670.67
2022-06-30,Referral,18.64
2022-06-30,Social,153.27
2022-07-01,Direct,0.0
2022-07-01,Email,2.75
2022-07-01,Organic Search,0.0
2022-07-01,Paid Search,252.14
2022-07-01,Referral,50.29
2022-07-01,Social,142.72
2022-07-02,Direct,0.0
2022-07-02,Email,1.87
2022-07-02,Organic Search,0.0
2022-07-02,Paid Search,554.9
2022-07-02,Referral,42.26
2022-07-02,Social,294.27
2022-07-03,Direct,0.0
2022-07-03,Email,2.74
2022-07-03,Organic Search,0.0
2022-07-03,Paid Search,733.15
2022-07-03,Referral,42.82
2022-07-03,Social,540.19
2022-07-04,Direct,0.0
2022-07-04,Email,2.82
2022-07-04,Organic Search,0.0
2022-07-04,Paid Search,1211.38
2022-07-04,Referral,33.56
2022-07-04,Social,31.65
2022-07-05,Direct,0.0
2022-07-05,Email,1.99
2022-07-05,Organic Search,0.0
2022-07-05,Paid Search,305.27
2022-07-05,Referral,52.53
2022-07-05,Social,109.98
2022-07-06,Direct,0.0
2022-07-06,Email,3.98
2022-07-06,Organic Search,0.0
2022-07-06,Paid Search,978.95
2022-07-06,Referral,31.54
2022-07-06,Social,522.17
2022-07-07,Direct,0.0
2022-07-07,Email,2.37
2022-07-07,Organic Search,0.0
2022-07-07,Paid Search,1062.52
2022-07-07,Referral,14.61
2022-07-07,Social,125.1
2022-07-08,Direct,0.0
2022-07-08,Email,5.04
2022-07-08,Organic Search,0.0
2022-07-08,Paid Search,315.01
2022-07-08,Referral,34.39
2022-07-08,Social,361.7
2022-07-09,Direct,0.0
2022-07-09,Email,7.75
2022-07-09,Organic Search,0.0
2022-07-09,Paid Search,500.62
2022-07-09,Referral,69.74
2022-07-09,Social,360.72
2022-07-10,Direct,0.0
2022-07-10,Email,2.82
2022-07-10,Organic Search,0.0
2022-07-10,Paid Search,289.44
2022-07-10,Referral,4.9
2022-07-10,Social,345.11
2022-07-11,Direct,0.0
2022-07-11,Email,2.22
2022-07-11,Organic Search,0.0
2022-07-11,Paid Search,447.37
2022-07-11,Referral,6.1
2022-07-11,Social,218.68
2022-07-12,Direct,0.0
2022-07-12,Email,6.57
2022-07-12,Organic Search,0.0
2022-07-12,Paid Search,938.79
2022-07-12,Referral,27.58
2022-07-12,Social,142.44
2022-07-13,Direct,0.0
2022-07-13,Email,3.98
2022-07-13,Organic Search,0.0
2022-07-13,Paid Search,387.54
2022-07-13,Referral,71.4
2022-07-13,Social,174.39
2022-07-14,Direct,0.0
2022-07-14,Email,2.93
2022-07-14,Organic Search,0.0
2022-07-14,Paid Search,252.39
2022-07-14,Referral,15.0
2022-07-14,Social,572.87
2022-07-15,Direct,0.0
2022-07-15,Email,3.17
2022-07-15,Organic Search,0.0
2022-07-15,Paid Search,507.96
2022-07-15,Referral,70.15
2022-07-15,Social,279.03
2022-07-16,Direct,0.0
2022-07-16,Email,3.24
2022-07-16,Organic Search,0.0
2022-07-16,Paid Search,278.11
2022-07-16,Referral,12.81
2022-07-16,Social,39.07
2022-07-17,Direct,0.0
2022-07-17,Email,3.35
2022-07-17,Organic Search,0.0
2022-07-17,Paid Search,891.88
2022-07-17,Referral,9.9
2022-07-17,Social,163.15
2022-07-18,Direct,0.0
2022-07-18,Email,6.37
2022-07-18,Organic Search,0.0
2022-07-18,Paid Search,301.62
2022-07-18,Referral,4.4
2022-07-18,Social,190.92
2022-07-19,Direct,0.0
2022-07-19,Email,2.76
2022-07-19,Organic Search,0.0
2022-07-19,Paid Search,432.73
2022-07-19,Referral,21.2
2022-07-19,Social,231.86
2022-07-20,Direct,0.0
2022-07-20,Email,4.18
2022-07-20,Organic Search,0.0
2022-07-20,Paid Search,562.39
2022-07-20,Referral,32.7
2022-07-20,Social,95.32
2022-07-21,Direct,0.0
2022-07-21,Email,2.88
2022-07-21,Organic Search,0.0
2022-07-21,Paid Search,438.21
2022-07-21,Referral,30.49
2022-07-21,Social,108.35
2022-07-22,Direct,0.0
2022-07-22,Email,4.31
2022-07-22,Organic Search,0.0
2022-07-22,Paid Search,521.45
2022-07-22,Referral,41.15
2022-07-22,Social,217.51
2022-07-23,Direct,0.0
2022-07-23,Email,1.8
2022-07-23,Organic Search,0.0
2022-07-23,Paid Search,1185.4
2022-07-23,Referral,10.52
2022-07-23,Social,97.17
2022-07-24,Direct,0.0
2022-07-24,Email,7.15
2022-07-24,Organic Search,0.0
2022-07-24,Paid Search,413.57
2022-07-24,Referral,12.27
2022-07-24,Social,244.49
2022-07-25,Direct,0.0
2022-07-25,Email,5.65
2022-07-25,Organic Search,0.0
2022-07-25,Paid Search,907.21
2022-07-25,Referral,72.6
2022-07-25,Social,175.39
2022-07-26,Direct,0.0
2022-07-26,Email,9.16
2022-07-26,Organic Search,0.0
2022-07-26,Paid Search,356.5
2022-07-26,Referral,8.9
2022-07-26,Social,391.38
2022-07-27,Direct,0.0
2022-07-27,Email,6.73
2022-07-27,Organic Search,0.0
2022-07-27,Paid Search,567.2
2022-07-27,Referral,32.29
2022-07-27,Social,543.61
2022-07-28,Direct,0.0
2022-07-28,Email,5.38
2022-07-28,Organic Search,0.0
2022-07-28,Paid Search,451.81
2022-07-28,Referral,15.53
2022-07-28,Social,353.05
2022-07-29,Direct,0.0
2022-07-29,Email,1.63
2022-07-29,Organic Search,0.0
2022-07-29,Paid Search,760.08
2022-07-29,Referral,31.47
2022-07-29,Social,217.59
2022-07-30,Direct,0.0
2022-07-30,Email,2.18
2022-07-30,Organic Search,0.0
2022-07-30,Paid Search,498.82
2022-07-30,Referral,5.65
2022-07-30,Social,435.96
2022-07-31,Direct,0.0
2022-07-31,Email,5.7
2022-07-31,Organic Search,0.0
2022-07-31,Paid Search,1768.5
2022-07-31,Referral,6.96
2022-07-31,Social,384.64
2022-08-01,Direct,0.0
2022-08-01,Email,1.73
2022-08-01,Organic Search,0.0
2022-08-01,Paid Search,461.26
2022-08-01,Referral,34.68
2022-08-01,Social,97.57
2022-08-02,Direct,0.0
2022-08-02,Email,2.5
2022-08-02,Organic Search,0.0
2022-08-02,Paid Search,909.0
2022-08-02,Referral,43.96
2022-08-02,Social,139.83
2022-08-03,Direct,0.0
2022-08-03,Email,2.89
2022-08-03,Organic Search,0.0
2022-08-03,Paid Search,1211.51
2022-08-03,Referral,3.76
2022-08-03,Social,98.26
2022-08-04,Direct,0.0
2022-08-04,Email,1.03
2022-08-04,Organic Search,0.0
2022-08-04,Paid Search,400.29
2022-08-04,Referral,16.15
2022-08-04,Social,597.02
2022-08-05,Direct,0.0
2022-08-05,Email,3.7
2022-08-05,Organic Search,0.0
2022-08-05,Paid Search,440.21
2022-08-05,Referral,17.0
2022-08-05,Social,261.46
2022-08-06,Direct,0.0
2022-08-06,Email,2.67
2022-08-06,Organic Search,0.0
2022-08-06,Paid Search,607.11
2022-08-06,Referral,79.5
2022-08-06,Social,395.56
2022-08-07,Direct,0.0
2022-08-07,Email,4.52
2022-08-07,Organic Search,0.0
2022-08-07,Paid Search,481.84
2022-08-07,Referral,13.59
2022-08-07,Social,199.48
2022-08-08,Direct,0.0
2022-08-08,Email,3.52
2022-08-08,Organic Search,0.0
2022-08-08,Paid Search,408.41
2022-08-08,Referral,7.19
2022-08-08,Social,204.35
2022-08-09,Direct,0.0
2022-08-09,Email,1.2
2022-08-09,Organic Search,0.0
2022-08-09,Paid Search,309.41
2022-08-09,Referral,46.59
2022-08-09,Social,446.3
2022-08-10,Direct,0.0
2022-08-10,Email,2.78
2022-08-10,Organic Search,0.0
2022-08-10,Paid Search,605.88
2022-08-10,Referral,37.11
2022-08-10,Social,92.61
2022-08-11,Direct,0.0
2022-08-11,Email,0.69
2022-08-11,Organic Search,0.0
2022-08-11,Paid Search,830.68
2022-08-11,Referral,40.43
2022-08-11,Social,106.39
2022-08-12,Direct,0.0
2022-08-12,Email,5.16
2022-08-12,Organic Search,0.0
2022-08-12,Paid Search,601.23
2022-08-12,Referral,7.43
2022-08-12,Social,296.18
2022-08-13,Direct,0.0
2022-08-13,Email,8.52
2022-08-13,Organic Search,0.0
2022-08-13,Paid Search,388.66
2022-08-13,Referral,20.37
2022-08-13,Social,199.62
2022-08-14,Direct,0.0
2022-08-14,Email,0.95
2022-08-14,Organic Search,0.0
2022-08-14,Paid Search,482.46
2022-08-14,Referral,17.81
2022-08-14,Social,149.04
2022-08-15,Direct,0.0
2022-08-15,Email,2.54
2022-08-15,Organic Search,0.0
2022-08-15,Paid Search,471.72
2022-08-15,Referral,61.95
2022-08-15,Social,295.67
2022-08-16,Direct,0.0
2022-08-16,Email,4.13
2022-08-16,Organic Search,0.0
2022-08-16,Paid Search,470.08
2022-08-16,Referral,54.62
2022-08-16,Social,152.91
2022-08-17,Direct,0.0
2022-08-17,Email,3.72
2022-08-17,Organic Search,0.0
2022-08-17,Paid Search,591.21
2022-08-17,Referral,31.18
2022-08-17,Social,67.8
2022-08-18,Direct,0.0
2022-08-18,Email,3.85
2022-08-18,Organic Search,0.0
2022-08-18,Paid Search,1124.23
2022-08-18,Referral,97.99
2022-08-18,Social,80.59
2022-08-19,Direct,0.0
2022-08-19,Email,0.55
2022-08-19,Organic Search,0.0
2022-08-19,Paid Search,495.23
2022-08-19,Referral,23.64
2022-08-19,Social,139.51
2022-08-20,Direct,0.0
2022-08-20,Email,6.29
2022-08-20,Organic Search,0.0
2022-08-20,Paid Search,504.03
2022-08-20,Referral,9.86
2022-08-20,Social,197.81
2022-08-21,Direct,0.0
2022-08-21,Email,5.97
2022-08-21,Organic Search,0.0
2022-08-21,Paid Search,859.42
2022-08-21,Referral,14.77
2022-08-21,Social,89.79
2022-08-22,Direct,0.0
2022-08-22,Email,1.44
2022-08-22,Organic Search,0.0
2022-08-22,Paid Search,830.13
2022-08-22,Referral,37.57
2022-08-22,Social,344.82
2022-08-23,Direct,0.0
2022-08-23,Email,1.05
2022-08-23,Organic Search,0.0
2022-08-23,Paid Search,630.57
2022-08-23,Referral,34.49
2022-08-23,Social,295.23
2022-08-24,Direct,0.0
2022-08-24,Email,5.26
2022-08-24,Organic Search,0.0
2022-08-24,Paid Search,920.21
2022-08-24,Referral,70.1
2022-08-24,Social,106.98
2022-08-25,Direct,0.0
2022-08-25,Email,6.34
2022-08-25,Organic Search,0.0
2022-08-25,Paid Search,307.52
2022-08-25,Referral,21.38
2022-08-25,Social,125.86
2022-08-26,Direct,0.0
2022-08-26,Email,7.01
2022-08-26,Organic Search,0.0
2022-08-26,Paid Search,312.05
2022-08-26,Referral,19.12
2022-08-26,Social,367.4
2022-08-27,Direct,0.0
2022-08-27,Email,3.1
2022-08-27,Organic Search,0.0
2022-08-27,Paid Search,796.07
2022-08-27,Referral,23.1
2022-08-27,Social,146.57
2022-08-28,Direct,0.0
2022-08-28,Email,1.61
2022-08-28,Organic Search,0.0
2022-08-28,Paid Search,330.87
2022-08-28,Referral,10.25
2022-08-28,Social,199.54
2022-08-29,Direct,0.0
2022-08-29,Email,2.25
2022-08-29,Organic Search,0.0
2022-08-29,Paid Search,404.69
2022-08-29,Referral,23.7
2022-08-29,Social,119.05
2022-08-30,Direct,0.0
2022-08-30,Email,3.54
2022-08-30,Organic Search,0.0
2022-08-30,Paid Search,230.66
2022-08-30,Referral,47.84
2022-08-30,Social,119.91
2022-08-31,Direct,0.0
2022-08-31,Email,3.69
2022-08-31,Organic Search,0.0
2022-08-31,Paid Search,1054.13
2022-08-31,Referral,21.05
2022-08-31,Social,261.39
2022-09-01,Direct,0.0
2022-09-01,Email,1.3
2022-09-01,Organic Search,0.0
2022-09-01,Paid Search,713.13
2022-09-01,Referral,114.06
2022-09-01,Social,392.07
2022-09-02,Direct,0.0
2022-09-02,Email,5.42
2022-09-02,Organic Search,0.0
2022-09-02,Paid Search,703.07
2022-09-02,Referral,121.54
2022-09-02,Social,246.91
2022-09-03,Direct,0.0
2022-09-03,Email,4.72
2022-09-03,Organic Search,0.0
2022-09-03,Paid Search,1003.42
2022-09-03,Referral,23.06
2022-09-03,Social,329.0
2022-09-04,Direct,0.0
2022-09-04,Email,2.67
2022-09-04,Organic Search,0.0
2022-09-04,Paid Search,353.6
2022-09-04,Referral,42.46
2022-09-04,Social,262.51
2022-09-05,Direct,0.0
2022-09-05,Email,3.19
2022-09-05,Organic Search,0.0
2022-09-05,Paid Search,180.34
2022-09-05,Referral,14.45
2022-09-05,Social,704.81
2022-09-06,Direct,0.0
2022-09-06,Email,1.95
2022-09-06,Organic Search,0.0
2022-09-06,Paid Search,329.09
2022-09-06,Referral,36.28
2022-09-06,Social,142.47
2022-09-07,Direct,0.0
2022-09-07,Email,2.4
2022-09-07,Organic Search,0.0
2022-09-07,Paid Search,531.25
2022-09-07,Referral,3.25
2022-09-07,Social,298.08
2022-09-08,Direct,0.0
2022-09-08,Email,6.55
2022-09-08,Organic Search,0.0
2022-09-08,Paid Search,787.28
2022-09-08,Referral,27.57
2022-09-08,Social,89.24
2022-09-09,Direct,0.0
2022-09-09,Email,1.87
2022-09-09,Organic Search,0.0
2022-09-09,Paid Search,479.01
2022-09-09,Referral,40.54
2022-09-09,Social,336.4
2022-09-10,Direct,0.0
2022-09-10,Email,4.91
2022-09-10,Organic Search,0.0
2022-09-10,Paid Search,485.77
2022-09-10,Referral,2.59
2022-09-10,Social,75.62
2022-09-11,Direct,0.0
2022-09-11,Email,3.01
2022-09-11,Organic Search,0.0
2022-09-11,Paid Search,540.3
2022-09-11,Referral,13.92
2022-09-11,Social,225.38
2022-09-12,Direct,0.0
2022-09-12,Email,5.45
2022-09-12,Organic Search,0.0
2022-09-12,Paid Search,728.9
2022-09-12,Referral,9.78
2022-09-12,Social,432.28
2022-09-13,Direct,0.0
2022-09-13,Email,6.56
2022-09-13,Organic Search,0.0
2022-09-13,Paid Search,488.22
2022-09-13,Referral,11.04
2022-09-13,Social,219.74
2022-09-14,Direct,0.0
2022-09-14,Email,5.44
2022-09-14,Organic Search,0.0
2022-09-14,Paid Search,222.77
2022-09-14,Referral,19.49
2022-09-14,Social,114.2
2022-09-15,Direct,0.0
2022-09-15,Email,2.73
2022-09-15,Organic Search,0.0
2022-09-15,Paid Search,739.6
2022-09-15,Referral,80.56
2022-09-15,Social,314.72
2022-09-16,Direct,0.0
2022-09-16,Email,4.59
2022-09-16,Organic Search,0.0
2022-09-16,Paid Search,835.51
2022-09-16,Referral,13.26
2022-09-16,Social,423.23
2022-09-17,Direct,0.0
2022-09-17,Email,2.67
2022-09-17,Organic Search,0.0
2022-09-17,Paid Search,524.68
2022-09-17,Referral,14.28
2022-09-17,Social,104.76
2022-09-18,Direct,0.0
2022-09-18,Email,4.69
2022-09-18,Organic Search,0.0
2022-09-18,Paid Search,534.95
2022-09-18,Referral,6.8
2022-09-18,Social,413.42
2022-09-19,Direct,0.0
2022-09-19,Email,1.75
2022-09-19,Organic Search,0.0
2022-09-19,Paid Search,613.09
2022-09-19,Referral,61.81
2022-09-19,Social,450.37
2022-09-20,Direct,0.0
2022-09-20,Email,5.67
2022-09-20,Organic Search,0.0
2022-09-20,Paid Search,510.97
2022-09-20,Referral,64.93
2022-09-20,Social,165.51
2022-09-21,Direct,0.0
2022-09-21,Email,3.13
2022-09-21,Organic Search,0.0
2022-09-21,Paid Search,489.89
2022-09-21,Referral,16.68
2022-09-21,Social,215.3
2022-09-22,Direct,0.0
2022-09-22,Email,0.3
2022-09-22,Organic Search,0.0
2022-09-22,Paid Search,504.96
2022-09-22,Referral,22.41
2022-09-22,Social,188.57
2022-09-23,Direct,0.0
2022-09-23,Email,2.93
2022-09-23,Organic Search,0.0
2022-09-23,Paid Search,1027.34
2022-09-23,Referral,25.05
2022-09-23,Social,68.76
2022-09-24,Direct,0.0
2022-09-24,Email,3.29
2022-09-24,Organic Search,0.0
2022-09-24,Paid Search,1095.68
2022-09-24,Referral,30.08
2022-09-24,Social,67.2
2022-09-25,Direct,0.0
2022-09-25,Email,2.29
2022-09-25,Organic Search,0.0
2022-09-25,Paid Search,724.34
2022-09-25,Referral,4.13
2022-09-25,Social,313.07
2022-09-26,Direct,0.0
2022-09-26,Email,5.59
2022-09-26,Organic Search,0.0
2022-09-26,Paid Search,867.46
2022-09-26,Referral,11.17
2022-09-26,Social,103.14
2022-09-27,Direct,0.0
2022-09-27,Email,1.58
2022-09-27,Organic Search,0.0
2022-09-27,Paid Search,360.84
2022-09-27,Referral,1.51
2022-09-27,Social,367.96
2022-09-28,Direct,0.0
2022-09-28,Email,0.65
2022-09-28,Organic Search,0.0
2022-09-28,Paid Search,752.26
2022-09-28,Referral,102.27
2022-09-28,Social,118.68
2022-09-29,Direct,0.0
2022-09-29,Email,7.14
2022-09-29,Organic Search,0.0
2022-09-29,Paid Search,971.43
2022-09-29,Referral,18.2
2022-09-29,Social,97.06
2022-09-30,Direct,0.0
2022-09-30,Email,2.56
2022-09-30,Organic Search,0.0
2022-09-30,Paid Search,162.27
2022-09-30,Referral,25.31
2022-09-30,Social,126.14
2022-10-01,Direct,0.0
2022-10-01,Email,0.63
2022-10-01,Organic Search,0.0
2022-10-01,Paid Search,223.02
2022-10-01,Referral,111.98
2022-10-01,Social,91.45
2022-10-02,Direct,0.0
2022-10-02,Email,4.05
2022-10-02,Organic Search,0.0
2022-10-02,Paid Search,862.72
2022-10-02,Referral,26.1
2022-10-02,Social,151.21
2022-10-03,Direct,0.0
2022-10-03,Email,11.0
2022-10-03,Organic Search,0.0
2022-10-03,Paid Search,454.09
2022-10-03,Referral,46.36
2022-10-03,Social,270.45
2022-10-04,Direct,0.0
2022-10-04,Email,3.68
2022-10-04,Organic Search,0.0
2022-10-04,Paid Search,608.99
2022-10-04,Referral,4.27
2022-10-04,Social,117.35
2022-10-05,Direct,0.0
2022-10-05,Email,2.22
2022-10-05,Organic Search,0.0
2022-10-05,Paid Search,1109.68
2022-10-05,Referral,15.17
2022-10-05,Social,88.05
2022-10-06,Direct,0.0
2022-10-06,Email,4.55
2022-10-06,Organic Search,0.0
2022-10-06,Paid Search,1115.49
2022-10-06,Referral,13.93
2022-10-06,Social,224.63
2022-10-07,Direct,0.0
2022-10-07,Email,3.32
2022-10-07,Organic Search,0.0
2022-10-07,Paid Search,469.21
2022-10-07,Referral,18.72
2022-10-07,Social,93.92
2022-10-08,Direct,0.0
2022-10-08,Email,1.74
2022-10-08,Organic Search,0.0
2022-10-08,Paid Search,502.32
2022-10-08,Referral,7.29
2022-10-08,Social,94.28
2022-10-09,Direct,0.0
2022-10-09,Email,1.63
2022-10-09,Organic Search,0.0
2022-10-09,Paid Search,392.57
2022-10-09,Referral,12.64
2022-10-09,Social,242.13
2022-10-10,Direct,0.0
2022-10-10,Email,2.44
2022-10-10,Organic Search,0.0
2022-10-10,Paid Search,384.22
2022-10-10,Referral,32.21
2022-10-10,Social,589.25
2022-10-11,Direct,0.0
2022-10-11,Email,4.55
2022-10-11,Organic Search,0.0
2022-10-11,Paid Search,530.05
2022-10-11,Referral,60.72
2022-10-11,Social,263.39
2022-10-12,Direct,0.0
2022-10-12,Email,6.67
2022-10-12,Organic Search,0.0
2022-10-12,Paid Search,284.18
2022-10-12,Referral,14.79
2022-10-12,Social,231.96
2022-10-13,Direct,0.0
2022-10-13,Email,1.14
2022-10-13,Organic Search,0.0
2022-10-13,Paid Search,678.9
2022-10-13,Referral,43.55
2022-10-13,Social,217.39
2022-10-14,Direct,0.0
2022-10-14,Email,6.52
2022-10-14,Organic Search,0.0
2022-10-14,Paid Search,600.73
2022-10-14,Referral,60.06
2022-10-14,Social,368.81
2022-10-15,Direct,0.0
2022-10-15,Email,0.7
2022-10-15,Organic Search,0.0
2022-10-15,Paid Search,691.56
2022-10-15,Referral,10.31
2022-10-15,Social,332.05
2022-10-16,Direct,0.0
2022-10-16,Email,1.34
2022-10-16,Organic Search,0.0
2022-10-16,Paid Search,547.98
2022-10-16,Referral,11.21
2022-10-16,Social,188.1
2022-10-17,Direct,0.0
2022-10-17,Email,1.35
2022-10-17,Organic Search,0.0
2022-10-17,Paid Search,589.93
2022-10-17,Referral,17.02
2022-10-17,Social,192.86
2022-10-18,Direct,0.0
2022-10-18,Email,6.35
2022-10-18,Organic Search,0.0
2022-10-18,Paid Search,832.07
2022-10-18,Referral,24.97
2022-10-18,Social,180.94
2022-10-19,Direct,0.0
2022-10-19,Email,1.57
2022-10-19,Organic Search,0.0
2022-10-19,Paid Search,272.02
2022-10-19,Referral,12.78
2022-10-19,Social,303.72
2022-10-20,Direct,0.0
2022-10-20,Email,1.39
2022-10-20,Organic Search,0.0
2022-10-20,Paid Search,430.2
2022-10-20,Referral,62.85
2022-10-20,Social,219.94
2022-10-21,Direct,0.0
2022-10-21,Email,6.87
2022-10-21,Organic Search,0.0
2022-10-21,Paid Search,228.04
2022-10-21,Referral,108.52
2022-10-21,Social,179.55
2022-10-22,Direct,0.0
2022-10-22,Email,6.0
2022-10-22,Organic Search,0.0
2022-10-22,Paid Search,1291.71
2022-10-22,Referral,20.87
2022-10-22,Social,301.42
2022-10-23,Direct,0.0
2022-10-23,Email,2.22
2022-10-23,Organic Search,0.0
2022-10-23,Paid Search,670.68
2022-10-23,Referral,40.5
2022-10-23,Social,320.06
2022-10-24,Direct,0.0
2022-10-24,Email,2.94
2022-10-24,Organic Search,0.0
2022-10-24,Paid Search,714.09
2022-10-24,Referral,7.87
2022-10-24,Social,249.6
2022-10-25,Direct,0.0
2022-10-25,Email,2.53
2022-10-25,Organic Search,0.0
2022-10-25,Paid Search,1037.67
2022-10-25,Referral,23.43
2022-10-25,Social,337.52
2022-10-26,Direct,0.0
2022-10-26,Email,7.4
2022-10-26,Organic Search,0.0
2022-10-26,Paid Search,707.99
2022-10-26,Referral,13.15
2022-10-26,Social,153.05
2022-10-27,Direct,0.0
2022-10-27,Email,4.49
2022-10-27,Organic Search,0.0
2022-10-27,Paid Search,696.05
2022-10-27,Referral,31.22
2022-10-27,Social,146.52
2022-10-28,Direct,0.0
2022-10-28,Email,1.23
2022-10-28,Organic Search,0.0
2022-10-28,Paid Search,552.41
2022-10-28,Referral,66.4
2022-10-28,Social,130.07
2022-10-29,Direct,0.0
2022-10-29,Email,2.69
2022-10-29,Organic Search,0.0
2022-10-29,Paid Search,693.53
2022-10-29,Referral,17.44
2022-10-29,Social,263.01
2022-10-30,Direct,0.0
2022-10-30,Email,6.43
2022-10-30,Organic Search,0.0
2022-10-30,Paid Search,569.06
2022-10-30,Referral,50.74
2022-10-30,Social,297.56
2022-10-31,Direct,0.0
2022-10-31,Email,0.85
2022-10-31,Organic Search,0.0
2022-10-31,Paid Search,1329.18
2022-10-31,Referral,10.39
2022-10-31,Social,296.11
2022-11-01,Direct,0.0
2022-11-01,Email,4.87
2022-11-01,Organic Search,0.0
2022-11-01,Paid Search,1027.05
2022-11-01,Referral,42.62
2022-11-01,Social,53.77
2022-11-02,Direct,0.0
2022-11-02,Email,3.77
2022-11-02,Organic Search,0.0
2022-11-02,Paid Search,1082.28
2022-11-02,Referral,14.64
2022-11-02,Social,307.97
2022-11-03,Direct,0.0
2022-11-03,Email,7.48
2022-11-03,Organic Search,0.0
2022-11-03,Paid Search,390.62
2022-11-03,Referral,35.19
2022-11-03,Social,498.35
2022-11-04,Direct,0.0
2022-11-04,Email,9.1
2022-11-04,Organic Search,0.0
2022-11-04,Paid Search,443.95
2022-11-04,Referral,22.62
2022-11-04,Social,395.08
2022-11-05,Direct,0.0
2022-11-05,Email,1.96
2022-11-05,Organic Search,0.0
2022-11-05,Paid Search,426.54
2022-11-05,Referral,41.05
2022-11-05,Social,183.04
2022-11-06,Direct,0.0
2022-11-06,Email,5.35
2022-11-06,Organic Search,0.0
2022-11-06,Paid Search,634.33
2022-11-06,Referral,12.59
2022-11-06,Social,507.64
2022-11-07,Direct,0.0
2022-11-07,Email,1.87
2022-11-07,Organic Search,0.0
2022-11-07,Paid Search,562.02
2022-11-07,Referral,38.06
2022-11-07,Social,315.83
2022-11-08,Direct,0.0
2022-11-08,Email,1.96
2022-11-08,Organic Search,0.0
2022-11-08,Paid Search,284.82
2022-11-08,Referral,7.39
2022-11-08,Social,409.21
2022-11-09,Direct,0.0
2022-11-09,Email,7.92
2022-11-09,Organic Search,0.0
2022-11-09,Paid Search,662.85
2022-11-09,Referral,43.63
2022-11-09,Social,125.95
2022-11-10,Direct,0.0
2022-11-10,Email,5.49
2022-11-10,Organic Search,0.0
2022-11-10,Paid Search,250.03
2022-11-10,Referral,48.6
2022-11-10,Social,90.51
2022-11-11,Direct,0.0
2022-11-11,Email,0.44
2022-11-11,Organic Search,0.0
2022-11-11,Paid Search,259.97
2022-11-11,Referral,68.51
2022-11-11,Social,235.17
2022-11-12,Direct,0.0
2022-11-12,Email,3.53
2022-11-12,Organic Search,0.0
2022-11-12,Paid Search,433.29
2022-11-12,Referral,7.61
2022-11-12,Social,143.84
2022-11-13,Direct,0.0
2022-11-13,Email,1.2
2022-11-13,Organic Search,0.0
2022-11-13,Paid Search,650.53
2022-11-13,Referral,22.11
2022-11-13,Social,160.26
2022-11-14,Direct,0.0
2022-11-14,Email,1.39
2022-11-14,Organic Search,0.0
2022-11-14,Paid Search,513.51
2022-11-14,Referral,20.5
2022-11-14,Social,187.05
2022-11-15,Direct,0.0
2022-11-15,Email,2.62
2022-11-15,Organic Search,0.0
2022-11-15,Paid Search,381.18
2022-11-15,Referral,13.36
2022-11-15,Social,75.29
2022-11-16,Direct,0.0
2022-11-16,Email,3.81
2022-11-16,Organic Search,0.0
2022-11-16,Paid Search,489.6
2022-11-16,Referral,17.87
2022-11-16,Social,145.37
2022-11-17,Direct,0.0
2022-11-17,Email,5.28
2022-11-17,Organic Search,0.0
2022-11-17,Paid Search,147.52
2022-11-17,Referral,50.62
2022-11-17,Social,134.02
2022-11-18,Direct,0.0
2022-11-18,Email,10.75
2022-11-18,Organic Search,0.0
2022-11-18,Paid Search,156.91
2022-11-18,Referral,26.23
2022-11-18,Social,113.82
2022-11-19,Direct,0.0
2022-11-19,Email,1.4
2022-11-19,Organic Search,0.0
2022-11-19,Paid Search,262.44
2022-11-19,Referral,35.37
2022-11-19,Social,241.21
2022-11-20,Direct,0.0
2022-11-20,Email,4.15
2022-11-20,Organic Search,0.0
2022-11-20,Paid Search,309.82
2022-11-20,Referral,46.02
2022-11-20,Social,72.67
2022-11-21,Direct,0.0
2022-11-21,Email,3.34
2022-11-21,Organic Search,0.0
2022-11-21,Paid Search,313.0
2022-11-21,Referral,120.29
2022-11-21,Social,92.75
2022-11-22,Direct,0.0
2022-11-22,Email,2.23
2022-11-22,Organic Search,0.0
2022-11-22,Paid Search,444.81
2022-11-22,Referral,12.31
2022-11-22,Social,280.69
2022-11-23,Direct,0.0
2022-11-23,Email,6.28
2022-11-23,Organic Search,0.0
2022-11-23,Paid Search,1226.86
2022-11-23,Referral,47.66
2022-11-23,Social,164.81
2022-11-24,Direct,0.0
2022-11-24,Email,1.48
2022-11-24,Organic Search,0.0
2022-11-24,Paid Search,642.36
2022-11-24,Referral,17.78
2022-11-24,Social,433.03
2022-11-25,Direct,0.0
2022-11-25,Email,1.78
2022-11-25,Organic Search,0.0
2022-11-25,Paid Search,440.72
2022-11-25,Referral,62.88
2022-11-25,Social,76.69
2022-11-26,Direct,0.0
2022-11-26,Email,10.52
2022-11-26,Organic Search,0.0
2022-11-26,Paid Search,1036.49
2022-11-26,Referral,27.33
2022-11-26,Social,291.29
2022-11-27,Direct,0.0
2022-11-27,Email,2.26
2022-11-27,Organic Search,0.0
2022-11-27,Paid Search,457.94
2022-11-27,Referral,3.44
2022-11-27,Social,87.5
2022-11-28,Direct,0.0
2022-11-28,Email,1.32
2022-11-28,Organic Search,0.0
2022-11-28,Paid Search,584.66
2022-11-28,Referral,28.19
2022-11-28,Social,280.18
2022-11-29,Direct,0.0
2022-11-29,Email,2.67
2022-11-29,Organic Search,0.0
2022-11-29,Paid Search,338.8
2022-11-29,Referral,14.61
2022-11-29,Social,74.31
2022-11-30,Direct,0.0
2022-11-30,Email,6.39
2022-11-30,Organic Search,0.0
2022-11-30,Paid Search,282.06
2022-11-30,Referral,13.96
2022-11-30,Social,308.98
2022-12-01,Direct,0.0
2022-12-01,Email,0.86
2022-12-01,Organic Search,0.0
2022-12-01,Paid Search,559.85
2022-12-01,Referral,11.33
2022-12-01,Social,206.11
2022-12-02,Direct,0.0
2022-12-02,Email,4.76
2022-12-02,Organic Search,0.0
2022-12-02,Paid Search,695.66
2022-12-02,Referral,26.51
2022-12-02,Social,193.21
2022-12-03,Direct,0.0
2022-12-03,Email,4.9
2022-12-03,Organic Search,0.0
2022-12-03,Paid Search,936.87
2022-12-03,Referral,24.48
2022-12-03,Social,150.97
2022-12-04,Direct,0.0
2022-12-04,Email,2.29
2022-12-04,Organic Search,0.0
2022-12-04,Paid Search,425.15
2022-12-04,Referral,31.75
2022-12-04,Social,107.91
2022-12-05,Direct,0.0
2022-12-05,Email,8.62
2022-12-05,Organic Search,0.0
2022-12-05,Paid Search,653.62
2022-12-05,Referral,35.45
2022-12-05,Social,118.35
2022-12-06,Direct,0.0
2022-12-06,Email,1.06
2022-12-06,Organic Search,0.0
2022-12-06,Paid Search,930.45
2022-12-06,Referral,32.97
2022-12-06,Social,214.11
2022-12-07,Direct,0.0
2022-12-07,Email,4.45
2022-12-07,Organic Search,0.0
2022-12-07,Paid Search,1016.05
2022-12-07,Referral,36.72
2022-12-07,Social,34.71
2022-12-08,Direct,0.0
2022-12-08,Email,1.31
2022-12-08,Organic Search,0.0
2022-12-08,Paid Search,393.29
2022-12-08,Referral,27.62
2022-12-08,Social,151.91
2022-12-09,Direct,0.0
2022-12-09,Email,2.67
2022-12-09,Organic Search,0.0
2022-12-09,Paid Search,747.61
2022-12-09,Referral,10.44
2022-12-09,Social,62.7
2022-12-10,Direct,0.0
2022-12-10,Email,1.81
2022-12-10,Organic Search,0.0
2022-12-10,Paid Search,246.83
2022-12-10,Referral,26.37
2022-12-10,Social,133.59
2022-12-11,Direct,0.0
2022-12-11,Email,2.04
2022-12-11,Organic Search,0.0
2022-12-11,Paid Search,204.53
2022-12-11,Referral,19.34
2022-12-11,Social,206.6
2022-12-12,Direct,0.0
2022-12-12,Email,1.25
2022-12-12,Organic Search,0.0
2022-12-12,Paid Search,712.26
2022-12-12,Referral,3.69
2022-12-12,Social,126.54
2022-12-13,Direct,0.0
2022-12-13,Email,0.47
2022-12-13,Organic Search,0.0
2022-12-13,Paid Search,640.04
2022-12-13,Referral,12.25
2022-12-13,Social,355.15
2022-12-14,Direct,0.0
2022-12-14,Email,1.71
2022-12-14,Organic Search,0.0
2022-12-14,Paid Search,1069.47
2022-12-14,Referral,29.02
2022-12-14,Social,128.54
2022-12-15,Direct,0.0
2022-12-15,Email,2.15
2022-12-15,Organic Search,0.0
2022-12-15,Paid Search,199.44
2022-12-15,Referral,31.06
2022-12-15,Social,90.25
2022-12-16,Direct,0.0
2022-12-16,Email,1.1
2022-12-16,Organic Search,0.0
2022-12-16,Paid Search,637.56
2022-12-16,Referral,3.98
2022-12-16,Social,275.5
2022-12-17,Direct,0.0
2022-12-17,Email,6.9
2022-12-17,Organic Search,0.0
2022-12-17,Paid Search,734.27
2022-12-17,Referral,26.82
2022-12-17,Social,383.87
2022-12-18,Direct,0.0
2022-12-18,Email,2.72
2022-12-18,Organic Search,0.0
2022-12-18,Paid Search,362.25
2022-12-18,Referral,28.7
2022-12-18,Social,259.29
2022-12-19,Direct,0.0
2022-12-19,Email,1.41
2022-12-19,Organic Search,0.0
2022-12-19,Paid Search,576.36
2022-12-19,Referral,8.51
2022-12-19,Social,158.48
2022-12-20,Direct,0.0
2022-12-20,Email,5.48
2022-12-20,Organic Search,0.0
2022-12-20,Paid Search,374.37
2022-12-20,Referral,14.15
2022-12-20,Social,222.24
2022-12-21,Direct,0.0
2022-12-21,Email,7.11
2022-12-21,Organic Search,0.0
2022-12-21,Paid Search,546.27
2022-12-21,Referral,76.99
2022-12-21,Social,171.06
2022-12-22,Direct,0.0
2022-12-22,Email,1.76
2022-12-22,Organic Search,0.0
2022-12-22,Paid Search,240.79
2022-12-22,Referral,102.76
2022-12-22,Social,418.4
2022-12-23,Direct,0.0
2022-12-23,Email,2.45
2022-12-23,Organic Search,0.0
2022-12-23,Paid Search,455.11
2022-12-23,Referral,36.81
2022-12-23,Social,173.49
2022-12-24,Direct,0.0
2022-12-24,Email,3.9
2022-12-24,Organic Search,0.0
2022-12-24,Paid Search,351.01
2022-12-24,Referral,19.64
2022-12-24,Social,491.63
2022-12-25,Direct,0.0
2022-12-25,Email,2.29
2022-12-25,Organic Search,0.0
2022-12-25,Paid Search,453.64
2022-12-25,Referral,11.92
2022-12-25,Social,124.16
2022-12-26,Direct,0.0
2022-12-26,Email,3.11
2022-12-26,Organic Search,0.0
2022-12-26,Paid Search,1021.07
2022-12-26,Referral,54.5
2022-12-26,Social,301.3
2022-12-27,Direct,0.0
2022-12-27,Email,8.05
2022-12-27,Organic Search,0.0
2022-12-27,Paid Search,962.81
2022-12-27,Referral,4.46
2022-12-27,Social,183.61
2022-12-28,Direct,0.0
2022-12-28,Email,3.01
2022-12-28,Organic Search,0.0
2022-12-28,Paid Search,827.66
2022-12-28,Referral,39.46
2022-12-28,Social,194.38
2022-12-29,Direct,0.0
2022-12-29,Email,9.82
2022-12-29,Organic Search,0.0
2022-12-29,Paid Search,1089.01
2022-12-29,Referral,13.15
2022-12-29,Social,383.5
2022-12-30,Direct,0.0
2022-12-30,Email,3.99
2022-12-30,Organic Search,0.0
2022-12-30,Paid Search,186.52
2022-12-30,Referral,36.51
2022-12-30,Social,516.56
2022-12-31,Direct,0.0
2022-12-31,Email,1.34
2022-12-31,Organic Search,0.0
2022-12-31,Paid Search,643.3
2022-12-31,Referral,24.92
2022-12-31,Social,107.52
2023-01-01,Direct,0.0
2023-01-01,Email,2.08
2023-01-01,Organic Search,0.0
2023-01-01,Paid Search,751.9
2023-01-01,Referral,7.24
2023-01-01,Social,259.24
2023-01-02,Direct,0.0
2023-01-02,Email,1.23
2023-01-02,Organic Search,0.0
2023-01-02,Paid Search,734.7
2023-01-02,Referral,35.51
2023-01-02,Social,368.25
2023-01-03,Direct,0.0
2023-01-03,Email,4.79
2023-01-03,Organic Search,0.0
2023-01-03,Paid Search,1257.47
2023-01-03,Referral,15.95
2023-01-03,Social,155.01
2023-01-04,Direct,0.0
2023-01-04,Email,2.18
2023-01-04,Organic Search,0.0
2023-01-04,Paid Search,799.42
2023-01-04,Referral,7.98
2023-01-04,Social,197.1
2023-01-05,Direct,0.0
2023-01-05,Email,3.9
2023-01-05,Organic Search,0.0
2023-01-05,Paid Search,299.64
2023-01-05,Referral,19.07
2023-01-05,Social,413.94
2023-01-06,Direct,0.0
2023-01-06,Email,1.31
2023-01-06,Organic Search,0.0
2023-01-06,Paid Search,651.51
2023-01-06,Referral,34.64
2023-01-06,Social,454.25
2023-01-07,Direct,0.0
2023-01-07,Email,3.8
2023-01-07,Organic Search,0.0
2023-01-07,Paid Search,508.86
2023-01-07,Referral,58.82
2023-01-07,Social,64.6
2023-01-08,Direct,0.0
2023-01-08,Email,5.26
2023-01-08,Organic Search,0.0
2023-01-08,Paid Search,508.01
2023-01-08,Referral,11.48
2023-01-08,Social,211.01
2023-01-09,Direct,0.0
2023-01-09,Email,1.83
2023-01-09,Organic Search,0.0
2023-01-09,Paid Search,704.59
2023-01-09,Referral,6.91
2023-01-09,Social,119.88
2023-01-10,Direct,0.0
2023-01-10,Email,6.96
2023-01-10,Organic Search,0.0
2023-01-10,Paid Search,889.69
2023-01-10,Referral,88.17
2023-01-10,Social,287.56
2023-01-11,Direct,0.0
2023-01-11,Email,4.34
2023-01-11,Organic Search,0.0
2023-01-11,Paid Search,250.68
2023-01-11,Referral,10.54
2023-01-11,Social,266.84
2023-01-12,Direct,0.0
2023-01-12,Email,9.54
2023-01-12,Organic Search,0.0
2023-01-12,Paid Search,461.75
2023-01-12,Referral,80.86
2023-01-12,Social,87.24
2023-01-13,Direct,0.0
2023-01-13,Email,3.37
2023-01-13,Organic Search,0.0
2023-01-13,Paid Search,699.85
2023-01-13,Referral,52.83
2023-01-13,Social,128.37
2023-01-14,Direct,0.0
2023-01-14,Email,1.11
2023-01-14,Organic Search,0.0
2023-01-14,Paid Search,798.33
2023-01-14,Referral,131.33
2023-01-14,Social,235.34
2023-01-15,Direct,0.0
2023-01-15,Email,4.86
2023-01-15,Organic Search,0.0
2023-01-15,Paid Search,756.62
2023-01-15,Referral,38.84
2023-01-15,Social,164.07
2023-01-16,Direct,0.0
2023-01-16,Email,4.48
2023-01-16,Organic Search,0.0
2023-01-16,Paid Search,198.07
2023-01-16,Referral,10.74
2023-01-16,Social,106.2
2023-01-17,Direct,0.0
2023-01-17,Email,2.12
2023-01-17,Organic Search,0.0
2023-01-17,Paid Search,585.96
2023-01-17,Referral,41.61
2023-01-17,Social,391.74
2023-01-18,Direct,0.0
2023-01-18,Email,4.36
2023-01-18,Organic Search,0.0
2023-01-18,Paid Search,844.88
2023-01-18,Referral,15.64
2023-01-18,Social,191.23
2023-01-19,Direct,0.0
2023-01-19,Email,10.57
2023-01-19,Organic Search,0.0
2023-01-19,Paid Search,710.81
2023-01-19,Referral,23.83
2023-01-19,Social,281.6
2023-01-20,Direct,0.0
2023-01-20,Email,2.94
2023-01-20,Organic Search,0.0
2023-01-20,Paid Search,611.39
2023-01-20,Referral,66.19
2023-01-20,Social,471.16
2023-01-21,Direct,0.0
2023-01-21,Email,4.06
2023-01-21,Organic Search,0.0
2023-01-21,Paid Search,539.67
2023-01-21,Referral,58.76
2023-01-21,Social,320.4
2023-01-22,Direct,0.0
2023-01-22,Email,3.04
2023-01-22,Organic Search,0.0
2023-01-22,Paid Search,480.89
2023-01-22,Referral,25.95
2023-01-22,Social,366.33
2023-01-23,Direct,0.0
2023-01-23,Email,2.76
2023-01-23,Organic Search,0.0
2023-01-23,Paid Search,353.65
2023-01-23,Referral,51.26
2023-01-23,Social,274.54
2023-01-24,Direct,0.0
2023-01-24,Email,6.47
2023-01-24,Organic Search,0.0
2023-01-24,Paid Search,347.23
2023-01-24,Referral,71.39
2023-01-24,Social,337.42
2023-01-25,Direct,0.0
2023-01-25,Email,2.67
2023-01-25,Organic Search,0.0
2023-01-25,Paid Search,657.37
2023-01-25,Referral,80.83
2023-01-25,Social,370.44
2023-01-26,Direct,0.0
2023-01-26,Email,1.92
2023-01-26,Organic Search,0.0
2023-01-26,Paid Search,837.3
2023-01-26,Referral,98.18
2023-01-26,Social,188.66
2023-01-27,Direct,0.0
2023-01-27,Email,3.37
2023-01-27,Organic Search,0.0
2023-01-27,Paid Search,543.5
2023-01-27,Referral,13.42
2023-01-27,Social,383.12
2023-01-28,Direct,0.0
2023-01-28,Email,3.46
2023-01-28,Organic Search,0.0
2023-01-28,Paid Search,355.38
2023-01-28,Referral,20.15
2023-01-28,Social,41.37
2023-01-29,Direct,0.0
2023-01-29,Email,2.65
2023-01-29,Organic Search,0.0
2023-01-29,Paid Search,1182.68
2023-01-29,Referral,21.1
2023-01-29,Social,100.61
2023-01-30,Direct,0.0
2023-01-30,Email,5.46
2023-01-30,Organic Search,0.0
2023-01-30,Paid Search,1035.83
2023-01-30,Referral,42.09
2023-01-30,Social,205.28
2023-01-31,Direct,0.0
2023-01-31,Email,12.0
2023-01-31,Organic Search,0.0
2023-01-31,Paid Search,988.02
2023-01-31,Referral,70.18
2023-01-31,Social,201.82
2023-02-01,Direct,0.0
2023-02-01,Email,3.96
2023-02-01,Organic Search,0.0
2023-02-01,Paid Search,458.11
2023-02-01,Referral,68.48
2023-02-01,Social,598.53
2023-02-02,Direct,0.0
2023-02-02,Email,1.12
2023-02-02,Organic Search,0.0
2023-02-02,Paid Search,578.88
2023-02-02,Referral,10.42
2023-02-02,Social,401.07
2023-02-03,Direct,0.0
2023-02-03,Email,2.07
2023-02-03,Organic Search,0.0
2023-02-03,Paid Search,359.04
2023-02-03,Referral,22.54
2023-02-03,Social,125.94
2023-02-04,Direct,0.0
2023-02-04,Email,1.11
2023-02-04,Organic Search,0.0
2023-02-04,Paid Search,214.47
2023-02-04,Referral,53.9
2023-02-04,Social,154.33
2023-02-05,Direct,0.0
2023-02-05,Email,4.64
2023-02-05,Organic Search,0.0
2023-02-05,Paid Search,674.08
2023-02-05,Referral,9.18
2023-02-05,Social,283.28
2023-02-06,Direct,0.0
2023-02-06,Email,2.65
2023-02-06,Organic Search,0.0
2023-02-06,Paid Search,676.21
2023-02-06,Referral,33.01
2023-02-06,Social,107.46
2023-02-07,Direct,0.0
2023-02-07,Email,2.71
2023-02-07,Organic Search,0.0
2023-02-07,Paid Search,317.08
2023-02-07,Referral,26.69
2023-02-07,Social,76.91
2023-02-08,Direct,0.0
2023-02-08,Email,4.36
2023-02-08,Organic Search,0.0
2023-02-08,Paid Search,768.03
2023-02-08,Referral,37.06
2023-02-08,Social,81.78
2023-02-09,Direct,0.0
2023-02-09,Email,3.26
2023-02-09,Organic Search,0.0
2023-02-09,Paid Search,674.0
2023-02-09,Referral,23.37
2023-02-09,Social,445.27
2023-02-10,Direct,0.0
2023-02-10,Email,2.24
2023-02-10,Organic Search,0.0
2023-02-10,Paid Search,390.76
2023-02-10,Referral,29.76
2023-02-10,Social,375.67
2023-02-11,Direct,0.0
2023-02-11,Email,5.88
2023-02-11,Organic Search,0.0
2023-02-11,Paid Search,1051.66
2023-02-11,Referral,56.28
2023-02-11,Social,97.74
2023-02-12,Direct,0.0
2023-02-12,Email,3.21
2023-02-12,Organic Search,0.0
2023-02-12,Paid Search,598.56
2023-02-12,Referral,3.08
2023-02-12,Social,175.11
2023-02-13,Direct,0.0
2023-02-13,Email,3.6
2023-02-13,Organic Search,0.0
2023-02-13,Paid Search,397.36
2023-02-13,Referral,72.56
2023-02-13,Social,223.03
2023-02-14,Direct,0.0
2023-02-14,Email,9.03
2023-02-14,Organic Search,0.0
2023-02-14,Paid Search,1530.42
2023-02-14,Referral,52.92
2023-02-14,Social,241.28
2023-02-15,Direct,0.0
2023-02-15,Email,1.05
2023-02-15,Organic Search,0.0
2023-02-15,Paid Search,1042.93
2023-02-15,Referral,79.96
2023-02-15,Social,102.92
2023-02-16,Direct,0.0
2023-02-16,Email,1.36
2023-02-16,Organic Search,0.0
2023-02-16,Paid Search,634.97
2023-02-16,Referral,28.53
2023-02-16,Social,311.15
2023-02-17,Direct,0.0
2023-02-17,Email,6.42
2023-02-17,Organic Search,0.0
2023-02-17,Paid Search,1616.61
2023-02-17,Referral,30.84
2023-02-17,Social,194.33
2023-02-18,Direct,0.0
2023-02-18,Email,3.25
2023-02-18,Organic Search,0.0
2023-02-18,Paid Search,1032.58
2023-02-18,Referral,28.0
2023-02-18,Social,456.09
2023-02-19,Direct,0.0
2023-02-19,Email,3.65
2023-02-19,Organic Search,0.0
2023-02-19,Paid Search,467.34
2023-02-19,Referral,7.79
2023-02-19,Social,212.06
2023-02-20,Direct,0.0
2023-02-20,Email,4.34
2023-02-20,Organic Search,0.0
2023-02-20,Paid Search,323.91
2023-02-20,Referral,94.48
2023-02-20,Social,313.56
2023-02-21,Direct,0.0
2023-02-21,Email,5.46
2023-02-21,Organic Search,0.0
2023-02-21,Paid Search,1087.14
2023-02-21,Referral,34.08
2023-02-21,Social,504.72
2023-02-22,Direct,0.0
2023-02-22,Email,7.98
2023-02-22,Organic Search,0.0
2023-02-22,Paid Search,678.15
2023-02-22,Referral,3.31
2023-02-22,Social,98.32
2023-02-23,Direct,0.0
2023-02-23,Email,3.25
2023-02-23,Organic Search,0.0
2023-02-23,Paid Search,422.03
2023-02-23,Referral,27.32
2023-02-23,Social,417.97
2023-02-24,Direct,0.0
2023-02-24,Email,5.74
2023-02-24,Organic Search,0.0
2023-02-24,Paid Search,660.79
2023-02-24,Referral,35.81
2023-02-24,Social,67.38
2023-02-25,Direct,0.0
2023-02-25,Email,3.88
2023-02-25,Organic Search,0.0
2023-02-25,Paid Search,583.38
2023-02-25,Referral,18.87
2023-02-25,Social,149.48
2023-02-26,Direct,0.0
2023-02-26,Email,2.93
2023-02-26,Organic Search,0.0
2023-02-26,Paid Search,969.78
2023-02-26,Referral,45.71
2023-02-26,Social,101.62
2023-02-27,Direct,0.0
2023-02-27,Email,2.64
2023-02-27,Organic Search,0.0
2023-02-27,Paid Search,302.82
2023-02-27,Referral,57.08
2023-02-27,Social,157.97
2023-02-28,Direct,0.0
2023-02-28,Email,3.61
2023-02-28,Organic Search,0.0
2023-02-28,Paid Search,893.25
2023-02-28,Referral,6.32
2023-02-28,Social,232.43
2023-03-01,Direct,0.0
2023-03-01,Email,1.79
2023-03-01,Organic Search,0.0
2023-03-01,Paid Search,1054.19
2023-03-01,Referral,12.77
2023-03-01,Social,422.71
2023-03-02,Direct,0.0
2023-03-02,Email,17.94
2023-03-02,Organic Search,0.0
2023-03-02,Paid Search,389.25
2023-03-02,Referral,100.75
2023-03-02,Social,187.41
2023-03-03,Direct,0.0
2023-03-03,Email,4.5
2023-03-03,Organic Search,0.0
2023-03-03,Paid Search,448.79
2023-03-03,Referral,22.95
2023-03-03,Social,970.93
2023-03-04,Direct,0.0
2023-03-04,Email,4.5
2023-03-04,Organic Search,0.0
2023-03-04,Paid Search,382.94
2023-03-04,Referral,42.11
2023-03-04,Social,387.7
2023-03-05,Direct,0.0
2023-03-05,Email,11.18
2023-03-05,Organic Search,0.0
2023-03-05,Paid Search,731.39
2023-03-05,Referral,50.63
2023-03-05,Social,227.36
2023-03-06,Direct,0.0
2023-03-06,Email,3.38
2023-03-06,Organic Search,0.0
2023-03-06,Paid Search,1241.32
2023-03-06,Referral,91.58
2023-03-06,Social,121.46
2023-03-07,Direct,0.0
2023-03-07,Email,10.73
2023-03-07,Organic Search,0.0
2023-03-07,Paid Search,597.38
2023-03-07,Referral,7.11
2023-03-07,Social,618.28
2023-03-08,Direct,0.0
2023-03-08,Email,12.85
2023-03-08,Organic Search,0.0
2023-03-08,Paid Search,446.49
2023-03-08,Referral,60.9
2023-03-08,Social,152.37
2023-03-09,Direct,0.0
2023-03-09,Email,10.22
2023-03-09,Organic Search,0.0
2023-03-09,Paid Search,836.94
2023-03-09,Referral,16.96
2023-03-09,Social,88.42
2023-03-10,Direct,0.0
2023-03-10,Email,2.4
2023-03-10,Organic Search,0.0
2023-03-10,Paid Search,552.62
2023-03-10,Referral,89.94
2023-03-10,Social,256.57
2023-03-11,Direct,0.0
2023-03-11,Email,2.4
2023-03-11,Organic Search,0.0
2023-03-11,Paid Search,383.83
2023-03-11,Referral,3.96
2023-03-11,Social,667.26
2023-03-12,Direct,0.0
2023-03-12,Email,1.2
2023-03-12,Organic Search,0.0
2023-03-12,Paid Search,1035.45
2023-03-12,Referral,16.15
2023-03-12,Social,749.86
2023-03-13,Direct,0.0
2023-03-13,Email,4.59
2023-03-13,Organic Search,0.0
2023-03-13,Paid Search,354.44
2023-03-13,Referral,68.45
2023-03-13,Social,98.09
2023-03-14,Direct,0.0
2023-03-14,Email,0.67
2023-03-14,Organic Search,0.0
2023-03-14,Paid Search,544.61
2023-03-14,Referral,70.31
2023-03-14,Social,57.07
2023-03-15,Direct,0.0
2023-03-15,Email,5.79
2023-03-15,Organic Search,0.0
2023-03-15,Paid Search,472.64
2023-03-15,Referral,29.65
2023-03-15,Social,189.52
2023-03-16,Direct,0.0
2023-03-16,Email,2.58
2023-03-16,Organic Search,0.0
2023-03-16,Paid Search,518.46
2023-03-16,Referral,41.99
2023-03-16,Social,213.14
2023-03-17,Direct,0.0
2023-03-17,Email,2.49
2023-03-17,Organic Search,0.0
2023-03-17,Paid Search,244.34
2023-03-17,Referral,39.05
2023-03-17,Social,204.6
2023-03-18,Direct,0.0
2023-03-18,Email,1.51
2023-03-18,Organic Search,0.0
2023-03-18,Paid Search,739.44
2023-03-18,Referral,21.98
2023-03-18,Social,258.77
2023-03-19,Direct,0.0
2023-03-19,Email,2.01
2023-03-19,Organic Search,0.0
2023-03-19,Paid Search,699.05
2023-03-19,Referral,166.12
2023-03-19,Social,165.02
2023-03-20,Direct,0.0
2023-03-20,Email,6.38
2023-03-20,Organic Search,0.0
2023-03-20,Paid Search,836.67
2023-03-20,Referral,42.3
2023-03-20,Social,176.43
2023-03-21,Direct,0.0
2023-03-21,Email,2.65
2023-03-21,Organic Search,0.0
2023-03-21,Paid Search,502.87
2023-03-21,Referral,15.04
2023-03-21,Social,101.06
2023-03-22,Direct,0.0
2023-03-22,Email,1.89
2023-03-22,Organic Search,0.0
2023-03-22,Paid Search,335.63
2023-03-22,Referral,4.94
2023-03-22,Social,223.22
2023-03-23,Direct,0.0
2023-03-23,Email,13.34
2023-03-23,Organic Search,0.0
2023-03-23,Paid Search,352.29
2023-03-23,Referral,23.8
2023-03-23,Social,295.95
2023-03-24,Direct,0.0
2023-03-24,Email,7.65
2023-03-24,Organic Search,0.0
2023-03-24,Paid Search,606.65
2023-03-24,Referral,37.92
2023-03-24,Social,548.57
2023-03-25,Direct,0.0
2023-03-25,Email,10.65
2023-03-25,Organic Search,0.0
2023-03-25,Paid Search,835.11
2023-03-25,Referral,42.47
2023-03-25,Social,264.45
2023-03-26,Direct,0.0
2023-03-26,Email,1.2
2023-03-26,Organic Search,0.0
2023-03-26,Paid Search,1144.35
2023-03-26,Referral,8.18
2023-03-26,Social,135.19
2023-03-27,Direct,0.0
2023-03-27,Email,1.84
2023-03-27,Organic Search,0.0
2023-03-27,Paid Search,1196.59
2023-03-27,Referral,111.59
2023-03-27,Social,120.27
2023-03-28,Direct,0.0
2023-03-28,Email,0.57
2023-03-28,Organic Search,0.0
2023-03-28,Paid Search,1240.66
2023-03-28,Referral,23.66
2023-03-28,Social,120.18
2023-03-29,Direct,0.0
2023-03-29,Email,1.91
2023-03-29,Organic Search,0.0
2023-03-29,Paid Search,721.4
2023-03-29,Referral,36.63
2023-03-29,Social,415.19
2023-03-30,Direct,0.0
2023-03-30,Email,0.87
2023-03-30,Organic Search,0.0
2023-03-30,Paid Search,125.19
2023-03-30,Referral,50.62
2023-03-30,Social,166.79
2023-03-31,Direct,0.0
2023-03-31,Email,1.33
2023-03-31,Organic Search,0.0
2023-03-31,Paid Search,697.91
2023-03-31,Referral,30.75
2023-03-31,Social,125.17
2023-04-01,Direct,0.0
2023-04-01,Email,3.51
2023-04-01,Organic Search,0.0
2023-04-01,Paid Search,636.98
2023-04-01,Referral,39.76
2023-04-01,Social,252.44
2023-04-02,Direct,0.0
2023-04-02,Email,6.47
2023-04-02,Organic Search,0.0
2023-04-02,Paid Search,417.89
2023-04-02,Referral,13.82
2023-04-02,Social,156.73
2023-04-03,Direct,0.0
2023-04-03,Email,1.4
2023-04-03,Organic Search,0.0
2023-04-03,Paid Search,222.49
2023-04-03,Referral,8.67
2023-04-03,Social,528.12
2023-04-04,Direct,0.0
2023-04-04,Email,2.56
2023-04-04,Organic Search,0.0
2023-04-04,Paid Search,439.62
2023-04-04,Referral,33.44
2023-04-04,Social,555.4
2023-04-05,Direct,0.0
2023-04-05,Email,10.28
2023-04-05,Organic Search,0.0
2023-04-05,Paid Search,259.86
2023-04-05,Referral,6.78
2023-04-05,Social,217.14
2023-04-06,Direct,0.0
2023-04-06,Email,0.99
2023-04-06,Organic Search,0.0
2023-04-06,Paid Search,1131.48
2023-04-06,Referral,15.47
2023-04-06,Social,209.65
2023-04-07,Direct,0.0
2023-04-07,Email,5.23
2023-04-07,Organic Search,0.0
2023-04-07,Paid Search,851.09
2023-04-07,Referral,51.83
2023-04-07,Social,407.06
2023-04-08,Direct,0.0
2023-04-08,Email,2.88
2023-04-08,Organic Search,0.0
2023-04-08,Paid Search,859.54
2023-04-08,Referral,6.84
2023-04-08,Social,279.06
2023-04-09,Direct,0.0
2023-04-09,Email,6.95
2023-04-09,Organic Search,0.0
2023-04-09,Paid Search,693.04
2023-04-09,Referral,5.47
2023-04-09,Social,143.79
2023-04-10,Direct,0.0
2023-04-10,Email,3.64
2023-04-10,Organic Search,0.0
2023-04-10,Paid Search,606.8
2023-04-10,Referral,41.82
2023-04-10,Social,663.9
2023-04-11,Direct,0.0
2023-04-11,Email,2.13
2023-04-11,Organic Search,0.0
2023-04-11,Paid Search,606.58
2023-04-11,Referral,32.53
2023-04-11,Social,283.8
2023-04-12,Direct,0.0
2023-04-12,Email,6.59
2023-04-12,Organic Search,0.0
2023-04-12,Paid Search,532.7
2023-04-12,Referral,25.98
2023-04-12,Social,311.83
2023-04-13,Direct,0.0
2023-04-13,Email,2.11
2023-04-13,Organic Search,0.0
2023-04-13,Paid Search,427.9
2023-04-13,Referral,18.52
2023-04-13,Social,252.42
2023-04-14,Direct,0.0
2023-04-14,Email,10.03
2023-04-14,Organic Search,0.0
2023-04-14,Paid Search,462.5
2023-04-14,Referral,5.74
2023-04-14,Social,173.01
2023-04-15,Direct,0.0
2023-04-15,Email,4.62
2023-04-15,Organic Search,0.0
2023-04-15,Paid Search,384.97
2023-04-15,Referral,50.06
2023-04-15,Social,199.33
2023-04-16,Direct,0.0
2023-04-16,Email,6.45
2023-04-16,Organic Search,0.0
2023-04-16,Paid Search,492.43
2023-04-16,Referral,14.31
2023-04-16,Social,455.66
2023-04-17,Direct,0.0
2023-04-17,Email,2.2
2023-04-17,Organic Search,0.0
2023-04-17,Paid Search,1186.14
2023-04-17,Referral,49.67
2023-04-17,Social,819.79
2023-04-18,Direct,0.0
2023-04-18,Email,6.87
2023-04-18,Organic Search,0.0
2023-04-18,Paid Search,739.44
2023-04-18,Referral,29.85
2023-04-18,Social,198.67
2023-04-19,Direct,0.0
2023-04-19,Email,3.35
2023-04-19,Organic Search,0.0
2023-04-19,Paid Search,500.89
2023-04-19,Referral,30.32
2023-04-19,Social,186.05
2023-04-20,Direct,0.0
2023-04-20,Email,5.16
2023-04-20,Organic Search,0.0
2023-04-20,Paid Search,715.38
2023-04-20,Referral,11.32
2023-04-20,Social,297.79
2023-04-21,Direct,0.0
2023-04-21,Email,4.33
2023-04-21,Organic Search,0.0
2023-04-21,Paid Search,1206.49
2023-04-21,Referral,92.74
2023-04-21,Social,268.11
2023-04-22,Direct,0.0
2023-04-22,Email,9.21
2023-04-22,Organic Search,0.0
2023-04-22,Paid Search,324.04
2023-04-22,Referral,8.0
2023-04-22,Social,628.49
2023-04-23,Direct,0.0
2023-04-23,Email,5.29
2023-04-23,Organic Search,0.0
2023-04-23,Paid Search,473.19
2023-04-23,Referral,19.73
2023-04-23,Social,256.2
2023-04-24,Direct,0.0
2023-04-24,Email,5.98
2023-04-24,Organic Search,0.0
2023-04-24,Paid Search,566.1
2023-04-24,Referral,56.55
2023-04-24,Social,112.55
2023-04-25,Direct,0.0
2023-04-25,Email,4.32
2023-04-25,Organic Search,0.0
2023-04-25,Paid Search,764.27
2023-04-25,Referral,71.17
2023-04-25,Social,275.31
2023-04-26,Direct,0.0
2023-04-26,Email,10.62
2023-04-26,Organic Search,0.0
2023-04-26,Paid Search,830.47
2023-04-26,Referral,36.86
2023-04-26,Social,277.01
2023-04-27,Direct,0.0
2023-04-27,Email,3.15
2023-04-27,Organic Search,0.0
2023-04-27,Paid Search,340.32
2023-04-27,Referral,28.27
2023-04-27,Social,431.75
2023-04-28,Direct,0.0
2023-04-28,Email,0.98
2023-04-28,Organic Search,0.0
2023-04-28,Paid Search,736.69
2023-04-28,Referral,53.51
2023-04-28,Social,224.37
2023-04-29,Direct,0.0
2023-04-29,Email,5.64
2023-04-29,Organic Search,0.0
2023-04-29,Paid Search,466.09
2023-04-29,Referral,14.21
2023-04-29,Social,147.69
2023-04-30,Direct,0.0
2023-04-30,Email,5.86
2023-04-30,Organic Search,0.0
2023-04-30,Paid Search,710.24
2023-04-30,Referral,36.56
2023-04-30,Social,780.32
2023-05-01,Direct,0.0
2023-05-01,Email,3.63
2023-05-01,Organic Search,0.0
2023-05-01,Paid Search,862.14
2023-05-01,Referral,20.32
2023-05-01,Social,262.52
2023-05-02,Direct,0.0
2023-05-02,Email,5.55
2023-05-02,Organic Search,0.0
2023-05-02,Paid Search,417.04
2023-05-02,Referral,16.06
2023-05-02,Social,329.92
2023-05-03,Direct,0.0
2023-05-03,Email,2.78
2023-05-03,Organic Search,0.0
2023-05-03,Paid Search,251.14
2023-05-03,Referral,3.53
2023-05-03,Social,776.63
2023-05-04,Direct,0.0
2023-05-04,Email,12.73
2023-05-04,Organic Search,0.0
2023-05-04,Paid Search,1170.65
2023-05-04,Referral,22.24
2023-05-04,Social,415.08
2023-05-05,Direct,0.0
2023-05-05,Email,4.19
2023-05-05,Organic Search,0.0
2023-05-05,Paid Search,484.75
2023-05-05,Referral,8.71
2023-05-05,Social,61.93
2023-05-06,Direct,0.0
2023-05-06,Email,7.29
2023-05-06,Organic Search,0.0
2023-05-06,Paid Search,811.5
2023-05-06,Referral,15.11
2023-05-06,Social,232.7
2023-05-07,Direct,0.0
2023-05-07,Email,6.19
2023-05-07,Organic Search,0.0
2023-05-07,Paid Search,706.0
2023-05-07,Referral,53.88
2023-05-07,Social,130.98
2023-05-08,Direct,0.0
2023-05-08,Email,6.49
2023-05-08,Organic Search,0.0
2023-05-08,Paid Search,696.62
2023-05-08,Referral,14.3
2023-05-08,Social,112.32
2023-05-09,Direct,0.0
2023-05-09,Email,8.41
2023-05-09,Organic Search,0.0
2023-05-09,Paid Search,293.43
2023-05-09,Referral,41.25
2023-05-09,Social,123.66
2023-05-10,Direct,0.0
2023-05-10,Email,13.82
2023-05-10,Organic Search,0.0
2023-05-10,Paid Search,607.82
2023-05-10,Referral,29.75
2023-05-10,Social,710.91
2023-05-11,Direct,0.0
2023-05-11,Email,8.45
2023-05-11,Organic Search,0.0
2023-05-11,Paid Search,550.43
2023-05-11,Referral,16.98
2023-05-11,Social,165.81
2023-05-12,Direct,0.0
2023-05-12,Email,9.31
2023-05-12,Organic Search,0.0
2023-05-12,Paid Search,454.05
2023-05-12,Referral,8.48
2023-05-12,Social,168.77
2023-05-13,Direct,0.0
2023-05-13,Email,0.57
2023-05-13,Organic Search,0.0
2023-05-13,Paid Search,1114.73
2023-05-13,Referral,13.7
2023-05-13,Social,129.66
2023-05-14,Direct,0.0
2023-05-14,Email,4.96
2023-05-14,Organic Search,0.0
2023-05-14,Paid Search,400.28
2023-05-14,Referral,43.6
2023-05-14,Social,172.4
2023-05-15,Direct,0.0
2023-05-15,Email,1.43
2023-05-15,Organic Search,0.0
2023-05-15,Paid Search,725.12
2023-05-15,Referral,107.88
2023-05-15,Social,465.08
2023-05-16,Direct,0.0
2023-05-16,Email,2.01
2023-05-16,Organic Search,0.0
2023-05-16,Paid Search,933.11
2023-05-16,Referral,79.63
2023-05-16,Social,384.08
2023-05-17,Direct,0.0
2023-05-17,Email,1.48
2023-05-17,Organic Search,0.0
2023-05-17,Paid Search,408.97
2023-05-17,Referral,6.92
2023-05-17,Social,181.49
2023-05-18,Direct,0.0
2023-05-18,Email,9.59
2023-05-18,Organic Search,0.0
2023-05-18,Paid Search,342.43
2023-05-18,Referral,23.07
2023-05-18,Social,139.03
2023-05-19,Direct,0.0
2023-05-19,Email,0.81
2023-05-19,Organic Search,0.0
2023-05-19,Paid Search,824.29
2023-05-19,Referral,15.05
2023-05-19,Social,398.71
2023-05-20,Direct,0.0
2023-05-20,Email,5.66
2023-05-20,Organic Search,0.0
2023-05-20,Paid Search,341.83
2023-05-20,Referral,11.05
2023-05-20,Social,71.04
2023-05-21,Direct,0.0
2023-05-21,Email,0.61
2023-05-21,Organic Search,0.0
2023-05-21,Paid Search,727.61
2023-05-21,Referral,11.48
2023-05-21,Social,191.59
2023-05-22,Direct,0.0
2023-05-22,Email,3.96
2023-05-22,Organic Search,0.0
2023-05-22,Paid Search,662.06
2023-05-22,Referral,27.27
2023-05-22,Social,366.63
2023-05-23,Direct,0.0
2023-05-23,Email,3.24
2023-05-23,Organic Search,0.0
2023-05-23,Paid Search,409.27
2023-05-23,Referral,60.03
2023-05-23,Social,504.11
2023-05-24,Direct,0.0
2023-05-24,Email,2.81
2023-05-24,Organic Search,0.0
2023-05-24,Paid Search,624.84
2023-05-24,Referral,5.76
2023-05-24,Social,80.66
2023-05-25,Direct,0.0
2023-05-25,Email,1.0
2023-05-25,Organic Search,0.0
2023-05-25,Paid Search,576.71
2023-05-25,Referral,54.44
2023-05-25,Social,183.16
2023-05-26,Direct,0.0
2023-05-26,Email,12.18
2023-05-26,Organic Search,0.0
2023-05-26,Paid Search,634.35
2023-05-26,Referral,35.22
2023-05-26,Social,111.06
2023-05-27,Direct,0.0
2023-05-27,Email,6.25
2023-05-27,Organic Search,0.0
2023-05-27,Paid Search,1108.65
2023-05-27,Referral,21.3
2023-05-27,Social,221.15
2023-05-28,Direct,0.0
2023-05-28,Email,7.71
2023-05-28,Organic Search,0.0
2023-05-28,Paid Search,436.3
2023-05-28,Referral,42.03
2023-05-28,Social,62.18
2023-05-29,Direct,0.0
2023-05-29,Email,4.22
2023-05-29,Organic Search,0.0
2023-05-29,Paid Search,524.83
2023-05-29,Referral,21.22
2023-05-29,Social,526.98
2023-05-30,Direct,0.0
2023-05-30,Email,1.78
2023-05-30,Organic Search,0.0
2023-05-30,Paid Search,704.21
2023-05-30,Referral,47.91
2023-05-30,Social,154.23
2023-05-31,Direct,0.0
2023-05-31,Email,4.16
2023-05-31,Organic Search,0.0
2023-05-31,Paid Search,974.61
2023-05-31,Referral,64.95
2023-05-31,Social,594.35
2023-06-01,Direct,0.0
2023-06-01,Email,6.7
2023-06-01,Organic Search,0.0
2023-06-01,Paid Search,1245.97
2023-06-01,Referral,81.11
2023-06-01,Social,154.74
2023-06-02,Direct,0.0
2023-06-02,Email,9.46
2023-06-02,Organic Search,0.0
2023-06-02,Paid Search,623.36
2023-06-02,Referral,5.3
2023-06-02,Social,304.86
2023-06-03,Direct,0.0
2023-06-03,Email,5.58
2023-06-03,Organic Search,0.0
2023-06-03,Paid Search,444.61
2023-06-03,Referral,54.1
2023-06-03,Social,278.32
2023-06-04,Direct,0.0
2023-06-04,Email,1.97
2023-06-04,Organic Search,0.0
2023-06-04,Paid Search,647.65
2023-06-04,Referral,18.1
2023-06-04,Social,304.56
2023-06-05,Direct,0.0
2023-06-05,Email,8.35
2023-06-05,Organic Search,0.0
2023-06-05,Paid Search,435.91
2023-06-05,Referral,53.36
2023-06-05,Social,79.06
2023-06-06,Direct,0.0
2023-06-06,Email,4.25
2023-06-06,Organic Search,0.0
2023-06-06,Paid Search,750.43
2023-06-06,Referral,18.61
2023-06-06,Social,72.48
2023-06-07,Direct,0.0
2023-06-07,Email,0.35
2023-06-07,Organic Search,0.0
2023-06-07,Paid Search,862.2
2023-06-07,Referral,190.26
2023-06-07,Social,351.89
2023-06-08,Direct,0.0
2023-06-08,Email,8.43
2023-06-08,Organic Search,0.0
2023-06-08,Paid Search,544.94
2023-06-08,Referral,18.8
2023-06-08,Social,312.0
2023-06-09,Direct,0.0
2023-06-09,Email,4.12
2023-06-09,Organic Search,0.0
2023-06-09,Paid Search,375.24
2023-06-09,Referral,24.93
2023-06-09,Social,292.04
2023-06-10,Direct,0.0
2023-06-10,Email,11.71
2023-06-10,Organic Search,0.0
2023-06-10,Paid Search,335.63
2023-06-10,Referral,36.69
2023-06-10,Social,157.22
2023-06-11,Direct,0.0
2023-06-11,Email,3.89
2023-06-11,Organic Search,0.0
2023-06-11,Paid Search,472.2
2023-06-11,Referral,105.76
2023-06-11,Social,170.39
2023-06-12,Direct,0.0
2023-06-12,Email,3.43
2023-06-12,Organic Search,0.0
2023-06-12,Paid Search,545.35
2023-06-12,Referral,12.38
2023-06-12,Social,399.9
2023-06-13,Direct,0.0
2023-06-13,Email,5.87
2023-06-13,Organic Search,0.0
2023-06-13,Paid Search,677.91
2023-06-13,Referral,9.95
2023-06-13,Social,210.38
2023-06-14,Direct,0.0
2023-06-14,Email,8.04
2023-06-14,Organic Search,0.0
2023-06-14,Paid Search,639.93
2023-06-14,Referral,19.33
2023-06-14,Social,405.58
2023-06-15,Direct,0.0
2023-06-15,Email,2.6
2023-06-15,Organic Search,0.0
2023-06-15,Paid Search,550.4
2023-06-15,Referral,25.93
2023-06-15,Social,336.16
2023-06-16,Direct,0.0
2023-06-16,Email,3.88
2023-06-16,Organic Search,0.0
2023-06-16,Paid Search,1240.26
2023-06-16,Referral,21.06
2023-06-16,Social,285.6
2023-06-17,Direct,0.0
2023-06-17,Email,2.81
2023-06-17,Organic Search,0.0
2023-06-17,Paid Search,922.68
2023-06-17,Referral,4.68
2023-06-17,Social,390.81
2023-06-18,Direct,0.0
2023-06-18,Email,11.88
2023-06-18,Organic Search,0.0
2023-06-18,Paid Search,1558.35
2023-06-18,Referral,25.64
2023-06-18,Social,383.3
2023-06-19,Direct,0.0
2023-06-19,Email,1.47
2023-06-19,Organic Search,0.0
2023-06-19,Paid Search,262.73
2023-06-19,Referral,14.14
2023-06-19,Social,29.67
2023-06-20,Direct,0.0
2023-06-20,Email,0.96
2023-06-20,Organic Search,0.0
2023-06-20,Paid Search,415.9
2023-06-20,Referral,7.12
2023-06-20,Social,1307.1
2023-06-21,Direct,0.0
2023-06-21,Email,6.55
2023-06-21,Organic Search,0.0
2023-06-21,Paid Search,317.29
2023-06-21,Referral,83.92
2023-06-21,Social,167.3
2023-06-22,Direct,0.0
2023-06-22,Email,1.5
2023-06-22,Organic Search,0.0
2023-06-22,Paid Search,611.91
2023-06-22,Referral,56.69
2023-06-22,Social,153.3
2023-06-23,Direct,0.0
2023-06-23,Email,7.33
2023-06-23,Organic Search,0.0
2023-06-23,Paid Search,190.97
2023-06-23,Referral,24.09
2023-06-23,Social,196.3
2023-06-24,Direct,0.0
2023-06-24,Email,7.14
2023-06-24,Organic Search,0.0
2023-06-24,Paid Search,504.08
2023-06-24,Referral,5.46
2023-06-24,Social,219.51
2023-06-25,Direct,0.0
2023-06-25,Email,3.54
2023-06-25,Organic Search,0.0
2023-06-25,Paid Search,185.03
2023-06-25,Referral,37.92
2023-06-25,Social,57.81
2023-06-26,Direct,0.0
2023-06-26,Email,2.27
2023-06-26,Organic Search,0.0
2023-06-26,Paid Search,160.59
2023-06-26,Referral,12.93
2023-06-26,Social,123.8
2023-06-27,Direct,0.0
2023-06-27,Email,1.93
2023-06-27,Organic Search,0.0
2023-06-27,Paid Search,225.93
2023-06-27,Referral,27.59
2023-06-27,Social,367.18
2023-06-28,Direct,0.0
2023-06-28,Email,3.57
2023-06-28,Organic Search,0.0
2023-06-28,Paid Search,379.19
2023-06-28,Referral,14.89
2023-06-28,Social,109.14
2023-06-29,Direct,0.0
2023-06-29,Email,3.9
2023-06-29,Organic Search,0.0
2023-06-29,Paid Search,469.18
2023-06-29,Referral,55.21
2023-06-29,Social,78.17
2023-06-30,Direct,0.0
2023-06-30,Email,3.36
2023-06-30,Organic Search,0.0
2023-06-30,Paid Search,950.89
2023-06-30,Referral,7.56
2023-06-30,Social,310.46
2023-07-01,Direct,0.0
2023-07-01,Email,4.14
2023-07-01,Organic Search,0.0
2023-07-01,Paid Search,1065.89
2023-07-01,Referral,4.06
2023-07-01,Social,62.99
2023-07-02,Direct,0.0
2023-07-02,Email,3.98
2023-07-02,Organic Search,0.0
2023-07-02,Paid Search,209.51
2023-07-02,Referral,66.54
2023-07-02,Social,229.09
2023-07-03,Direct,0.0
2023-07-03,Email,2.34
2023-07-03,Organic Search,0.0
2023-07-03,Paid Search,392.58
2023-07-03,Referral,16.26
2023-07-03,Social,110.3
2023-07-04,Direct,0.0
2023-07-04,Email,2.28
2023-07-04,Organic Search,0.0
2023-07-04,Paid Search,472.78
2023-07-04,Referral,56.19
2023-07-04,Social,87.39
2023-07-05,Direct,0.0
2023-07-05,Email,1.46
2023-07-05,Organic Search,0.0
2023-07-05,Paid Search,443.61
2023-07-05,Referral,25.55
2023-07-05,Social,163.09
2023-07-06,Direct,0.0
2023-07-06,Email,2.2
2023-07-06,Organic Search,0.0
2023-07-06,Paid Search,885.3
2023-07-06,Referral,24.13
2023-07-06,Social,427.98
2023-07-07,Direct,0.0
2023-07-07,Email,1.47
2023-07-07,Organic Search,0.0
2023-07-07,Paid Search,302.54
2023-07-07,Referral,37.13
2023-07-07,Social,58.49
2023-07-08,Direct,0.0
2023-07-08,Email,5.06
2023-07-08,Organic Search,0.0
2023-07-08,Paid Search,475.9
2023-07-08,Referral,21.21
2023-07-08,Social,338.55
2023-07-09,Direct,0.0
2023-07-09,Email,3.05
2023-07-09,Organic Search,0.0
2023-07-09,Paid Search,664.61
2023-07-09,Referral,8.86
2023-07-09,Social,179.86
2023-07-10,Direct,0.0
2023-07-10,Email,2.34
2023-07-10,Organic Search,0.0
2023-07-10,Paid Search,222.72
2023-07-10,Referral,10.51
2023-07-10,Social,69.76
2023-07-11,Direct,0.0
2023-07-11,Email,4.91
2023-07-11,Organic Search,0.0
2023-07-11,Paid Search,311.94
2023-07-11,Referral,12.38
2023-07-11,Social,234.69
2023-07-12,Direct,0.0
2023-07-12,Email,5.88
2023-07-12,Organic Search,0.0
2023-07-12,Paid Search,198.37
2023-07-12,Referral,14.33
2023-07-12,Social,122.34
2023-07-13,Direct,0.0
2023-07-13,Email,3.21
2023-07-13,Organic Search,0.0
2023-07-13,Paid Search,456.94
2023-07-13,Referral,31.21
2023-07-13,Social,240.71
2023-07-14,Direct,0.0
2023-07-14,Email,2.58
2023-07-14,Organic Search,0.0
2023-07-14,Paid Search,567.35
2023-07-14,Referral,9.76
2023-07-14,Social,267.69
2023-07-15,Direct,0.0
2023-07-15,Email,2.33
2023-07-15,Organic Search,0.0
2023-07-15,Paid Search,282.1
2023-07-15,Referral,22.93
2023-07-15,Social,143.44
2023-07-16,Direct,0.0
2023-07-16,Email,1.95
2023-07-16,Organic Search,0.0
2023-07-16,Paid Search,599.89
2023-07-16,Referral,33.93
2023-07-16,Social,249.61
2023-07-17,Direct,0.0
2023-07-17,Email,3.07
2023-07-17,Organic Search,0.0
2023-07-17,Paid Search,468.02
2023-07-17,Referral,6.45
2023-07-17,Social,55.64
2023-07-18,Direct,0.0
2023-07-18,Email,3.11
2023-07-18,Organic Search,0.0
2023-07-18,Paid Search,555.82
2023-07-18,Referral,10.46
2023-07-18,Social,272.2
2023-07-19,Direct,0.0
2023-07-19,Email,2.15
2023-07-19,Organic Search,0.0
2023-07-19,Paid Search,800.16
2023-07-19,Referral,112.08
2023-07-19,Social,57.17
2023-07-20,Direct,0.0
2023-07-20,Email,8.26
2023-07-20,Organic Search,0.0
2023-07-20,Paid Search,593.84
2023-07-20,Referral,7.58
2023-07-20,Social,306.14
2023-07-21,Direct,0.0
2023-07-21,Email,2.64
2023-07-21,Organic Search,0.0
2023-07-21,Paid Search,309.31
2023-07-21,Referral,23.91
2023-07-21,Social,145.78
2023-07-22,Direct,0.0
2023-07-22,Email,4.23
2023-07-22,Organic Search,0.0
2023-07-22,Paid Search,343.61
2023-07-22,Referral,41.82
2023-07-22,Social,213.52
2023-07-23,Direct,0.0
2023-07-23,Email,5.5
2023-07-23,Organic Search,0.0
2023-07-23,Paid Search,270.29
2023-07-23,Referral,6.85
2023-07-23,Social,52.93
2023-07-24,Direct,0.0
2023-07-24,Email,3.62
2023-07-24,Organic Search,0.0
2023-07-24,Paid Search,1175.71
2023-07-24,Referral,19.38
2023-07-24,Social,231.08
2023-07-25,Direct,0.0
2023-07-25,Email,4.13
2023-07-25,Organic Search,0.0
2023-07-25,Paid Search,296.66
2023-07-25,Referral,40.28
2023-07-25,Social,489.18
2023-07-26,Direct,0.0
2023-07-26,Email,0.77
2023-07-26,Organic Search,0.0
2023-07-26,Paid Search,532.93
2023-07-26,Referral,13.73
2023-07-26,Social,225.88
2023-07-27,Direct,0.0
2023-07-27,Email,6.31
2023-07-27,Organic Search,0.0
2023-07-27,Paid Search,441.93
2023-07-27,Referral,33.69
2023-07-27,Social,32.6
2023-07-28,Direct,0.0
2023-07-28,Email,0.45
2023-07-28,Organic Search,0.0
2023-07-28,Paid Search,282.74
2023-07-28,Referral,6.45
2023-07-28,Social,124.6
2023-07-29,Direct,0.0
2023-07-29,Email,1.87
2023-07-29,Organic Search,0.0
2023-07-29,Paid Search,653.64
2023-07-29,Referral,15.47
2023-07-29,Social,285.88
2023-07-30,Direct,0.0
2023-07-30,Email,4.21
2023-07-30,Organic Search,0.0
2023-07-30,Paid Search,870.85
2023-07-30,Referral,10.76
2023-07-30,Social,722.93
2023-07-31,Direct,0.0
2023-07-31,Email,2.3
2023-07-31,Organic Search,0.0
2023-07-31,Paid Search,262.82
2023-07-31,Referral,22.46
2023-07-31,Social,205.92
2023-08-01,Direct,0.0
2023-08-01,Email,4.44
2023-08-01,Organic Search,0.0
2023-08-01,Paid Search,599.14
2023-08-01,Referral,9.25
2023-08-01,Social,274.18
2023-08-02,Direct,0.0
2023-08-02,Email,0.62
2023-08-02,Organic Search,0.0
2023-08-02,Paid Search,576.18
2023-08-02,Referral,16.49
2023-08-02,Social,249.89
2023-08-03,Direct,0.0
2023-08-03,Email,3.37
2023-08-03,Organic Search,0.0
2023-08-03,Paid Search,766.04
2023-08-03,Referral,51.53
2023-08-03,Social,274.85
2023-08-04,Direct,0.0
2023-08-04,Email,7.01
2023-08-04,Organic Search,0.0
2023-08-04,Paid Search,275.75
2023-08-04,Referral,78.71
2023-08-04,Social,320.46
2023-08-05,Direct,0.0
2023-08-05,Email,1.48
2023-08-05,Organic Search,0.0
2023-08-05,Paid Search,565.1
2023-08-05,Referral,6.38
2023-08-05,Social,273.04
2023-08-06,Direct,0.0
2023-08-06,Email,1.17
2023-08-06,Organic Search,0.0
2023-08-06,Paid Search,351.79
2023-08-06,Referral,13.79
2023-08-06,Social,111.08
2023-08-07,Direct,0.0
2023-08-07,Email,4.62
2023-08-07,Organic Search,0.0
2023-08-07,Paid Search,392.64
2023-08-07,Referral,25.9
2023-08-07,Social,127.57
2023-08-08,Direct,0.0
2023-08-08,Email,3.18
2023-08-08,Organic Search,0.0
2023-08-08,Paid Search,849.49
2023-08-08,Referral,13.91
2023-08-08,Social,189.12
2023-08-09,Direct,0.0
2023-08-09,Email,1.31
2023-08-09,Organic Search,0.0
2023-08-09,Paid Search,1266.32
2023-08-09,Referral,67.73
2023-08-09,Social,94.48
2023-08-10,Direct,0.0
2023-08-10,Email,6.21
2023-08-10,Organic Search,0.0
2023-08-10,Paid Search,715.4
2023-08-10,Referral,30.81
2023-08-10,Social,197.27
2023-08-11,Direct,0.0
2023-08-11,Email,4.76
2023-08-11,Organic Search,0.0
2023-08-11,Paid Search,390.04
2023-08-11,Referral,9.13
2023-08-11,Social,309.35
2023-08-12,Direct,0.0
2023-08-12,Email,6.41
2023-08-12,Organic Search,0.0
2023-08-12,Paid Search,410.67
2023-08-12,Referral,5.93
2023-08-12,Social,33.67
2023-08-13,Direct,0.0
2023-08-13,Email,7.11
2023-08-13,Organic Search,0.0
2023-08-13,Paid Search,598.26
2023-08-13,Referral,12.0
2023-08-13,Social,74.54
2023-08-14,Direct,0.0
2023-08-14,Email,6.49
2023-08-14,Organic Search,0.0
2023-08-14,Paid Search,370.09
2023-08-14,Referral,20.74
2023-08-14,Social,395.68
2023-08-15,Direct,0.0
2023-08-15,Email,4.49
2023-08-15,Organic Search,0.0
2023-08-15,Paid Search,716.26
2023-08-15,Referral,20.83
2023-08-15,Social,169.37
2023-08-16,Direct,0.0
2023-08-16,Email,2.69
2023-08-16,Organic Search,0.0
2023-08-16,Paid Search,395.9
2023-08-16,Referral,55.28
2023-08-16,Social,65.26
2023-08-17,Direct,0.0
2023-08-17,Email,2.43
2023-08-17,Organic Search,0.0
2023-08-17,Paid Search,641.79
2023-08-17,Referral,11.03
2023-08-17,Social,476.46
2023-08-18,Direct,0.0
2023-08-18,Email,3.69
2023-08-18,Organic Search,0.0
2023-08-18,Paid Search,318.36
2023-08-18,Referral,25.28
2023-08-18,Social,364.54
2023-08-19,Direct,0.0
2023-08-19,Email,3.54
2023-08-19,Organic Search,0.0
2023-08-19,Paid Search,326.55
2023-08-19,Referral,9.33
2023-08-19,Social,181.72
2023-08-20,Direct,0.0
2023-08-20,Email,2.33
2023-08-20,Organic Search,0.0
2023-08-20,Paid Search,731.49
2023-08-20,Referral,55.12
2023-08-20,Social,359.77
2023-08-21,Direct,0.0
2023-08-21,Email,4.36
2023-08-21,Organic Search,0.0
2023-08-21,Paid Search,297.68
2023-08-21,Referral,5.94
2023-08-21,Social,302.19
2023-08-22,Direct,0.0
2023-08-22,Email,2.6
2023-08-22,Organic Search,0.0
2023-08-22,Paid Search,433.05
2023-08-22,Referral,7.53
2023-08-22,Social,124.96
2023-08-23,Direct,0.0
2023-08-23,Email,4.97
2023-08-23,Organic Search,0.0
2023-08-23,Paid Search,652.32
2023-08-23,Referral,17.0
2023-08-23,Social,61.84
2023-08-24,Direct,0.0
2023-08-24,Email,3.23
2023-08-24,Organic Search,0.0
2023-08-24,Paid Search,611.15
2023-08-24,Referral,41.55
2023-08-24,Social,179.64
2023-08-25,Direct,0.0
2023-08-25,Email,3.65
2023-08-25,Organic Search,0.0
2023-08-25,Paid Search,274.87
2023-08-25,Referral,13.69
2023-08-25,Social,124.69
2023-08-26,Direct,0.0
2023-08-26,Email,2.87
2023-08-26,Organic Search,0.0
2023-08-26,Paid Search,220.3
2023-08-26,Referral,57.44
2023-08-26,Social,265.74
2023-08-27,Direct,0.0
2023-08-27,Email,2.59
2023-08-27,Organic Search,0.0
2023-08-27,Paid Search,1102.43
2023-08-27,Referral,49.78
2023-08-27,Social,106.29
2023-08-28,Direct,0.0
2023-08-28,Email,4.39
2023-08-28,Organic Search,0.0
2023-08-28,Paid Search,363.96
2023-08-28,Referral,28.01
2023-08-28,Social,292.08
2023-08-29,Direct,0.0
2023-08-29,Email,2.21
2023-08-29,Organic Search,0.0
2023-08-29,Paid Search,997.36
2023-08-29,Referral,29.06
2023-08-29,Social,588.01
2023-08-30,Direct,0.0
2023-08-30,Email,2.96
2023-08-30,Organic Search,0.0
2023-08-30,Paid Search,549.31
2023-08-30,Referral,14.09
2023-08-30,Social,319.94
2023-08-31,Direct,0.0
2023-08-31,Email,12.41
2023-08-31,Organic Search,0.0
2023-08-31,Paid Search,326.6
2023-08-31,Referral,6.94
2023-08-31,Social,90.78
2023-09-01,Direct,0.0
2023-09-01,Email,5.78
2023-09-01,Organic Search,0.0
2023-09-01,Paid Search,281.59
2023-09-01,Referral,67.37
2023-09-01,Social,69.64
2023-09-02,Direct,0.0
2023-09-02,Email,3.28
2023-09-02,Organic Search,0.0
2023-09-02,Paid Search,317.94
2023-09-02,Referral,9.17
2023-09-02,Social,126.67
2023-09-03,Direct,0.0
2023-09-03,Email,2.78
2023-09-03,Organic Search,0.0
2023-09-03,Paid Search,467.86
2023-09-03,Referral,9.16
2023-09-03,Social,225.36
2023-09-04,Direct,0.0
2023-09-04,Email,3.02
2023-09-04,Organic Search,0.0
2023-09-04,Paid Search,479.19
2023-09-04,Referral,10.81
2023-09-04,Social,405.58
2023-09-05,Direct,0.0
2023-09-05,Email,3.34
2023-09-05,Organic Search,0.0
2023-09-05,Paid Search,394.46
2023-09-05,Referral,87.71
2023-09-05,Social,271.27
2023-09-06,Direct,0.0
2023-09-06,Email,1.96
2023-09-06,Organic Search,0.0
2023-09-06,Paid Search,245.4
2023-09-06,Referral,28.48
2023-09-06,Social,288.87
2023-09-07,Direct,0.0
2023-09-07,Email,2.75
2023-09-07,Organic Search,0.0
2023-09-07,Paid Search,381.91
2023-09-07,Referral,22.72
2023-09-07,Social,250.73
2023-09-08,Direct,0.0
2023-09-08,Email,4.46
2023-09-08,Organic Search,0.0
2023-09-08,Paid Search,407.72
2023-09-08,Referral,9.52
2023-09-08,Social,182.64
2023-09-09,Direct,0.0
2023-09-09,Email,4.86
2023-09-09,Organic Search,0.0
2023-09-09,Paid Search,401.18
2023-09-09,Referral,13.74
2023-09-09,Social,181.88
2023-09-10,Direct,0.0
2023-09-10,Email,7.39
2023-09-10,Organic Search,0.0
2023-09-10,Paid Search,622.04
2023-09-10,Referral,34.66
2023-09-10,Social,248.07
2023-09-11,Direct,0.0
2023-09-11,Email,4.53
2023-09-11,Organic Search,0.0
2023-09-11,Paid Search,372.21
2023-09-11,Referral,59.74
2023-09-11,Social,224.74
2023-09-12,Direct,0.0
2023-09-12,Email,0.88
2023-09-12,Organic Search,0.0
2023-09-12,Paid Search,236.86
2023-09-12,Referral,24.81
2023-09-12,Social,343.05
2023-09-13,Direct,0.0
2023-09-13,Email,4.83
2023-09-13,Organic Search,0.0
2023-09-13,Paid Search,285.22
2023-09-13,Referral,9.5
2023-09-13,Social,198.82
2023-09-14,Direct,0.0
2023-09-14,Email,3.88
2023-09-14,Organic Search,0.0
2023-09-14,Paid Search,608.16
2023-09-14,Referral,48.37
2023-09-14,Social,268.52
2023-09-15,Direct,0.0
2023-09-15,Email,1.91
2023-09-15,Organic Search,0.0
2023-09-15,Paid Search,349.6
2023-09-15,Referral,6.49
2023-09-15,Social,191.13
2023-09-16,Direct,0.0
2023-09-16,Email,1.16
2023-09-16,Organic Search,0.0
2023-09-16,Paid Search,289.96
2023-09-16,Referral,16.42
2023-09-16,Social,356.3
2023-09-17,Direct,0.0
2023-09-17,Email,5.29
2023-09-17,Organic Search,0.0
2023-09-17,Paid Search,728.6
2023-09-17,Referral,52.49
2023-09-17,Social,43.61
2023-09-18,Direct,0.0
2023-09-18,Email,4.38
2023-09-18,Organic Search,0.0
2023-09-18,Paid Search,324.69
2023-09-18,Referral,26.21
2023-09-18,Social,164.74
2023-09-19,Direct,0.0
2023-09-19,Email,3.33
2023-09-19,Organic Search,0.0
2023-09-19,Paid Search,684.74
2023-09-19,Referral,25.64
2023-09-19,Social,137.41
2023-09-20,Direct,0.0
2023-09-20,Email,3.84
2023-09-20,Organic Search,0.0
2023-09-20,Paid Search,740.62
2023-09-20,Referral,3.31
2023-09-20,Social,231.56
2023-09-21,Direct,0.0
2023-09-21,Email,1.39
2023-09-21,Organic Search,0.0
2023-09-21,Paid Search,405.56
2023-09-21,Referral,53.28
2023-09-21,Social,275.62
2023-09-22,Direct,0.0
2023-09-22,Email,3.11
2023-09-22,Organic Search,0.0
2023-09-22,Paid Search,1482.44
2023-09-22,Referral,21.06
2023-09-22,Social,46.63
2023-09-23,Direct,0.0
2023-09-23,Email,12.47
2023-09-23,Organic Search,0.0
2023-09-23,Paid Search,426.22
2023-09-23,Referral,15.41
2023-09-23,Social,338.94
2023-09-24,Direct,0.0
2023-09-24,Email,1.46
2023-09-24,Organic Search,0.0
2023-09-24,Paid Search,1105.7
2023-09-24,Referral,19.59
2023-09-24,Social,336.31
2023-09-25,Direct,0.0
2023-09-25,Email,3.17
2023-09-25,Organic Search,0.0
2023-09-25,Paid Search,1526.01
2023-09-25,Referral,26.62
2023-09-25,Social,215.16
2023-09-26,Direct,0.0
2023-09-26,Email,6.48
2023-09-26,Organic Search,0.0
2023-09-26,Paid Search,900.04
2023-09-26,Referral,9.87
2023-09-26,Social,440.0
2023-09-27,Direct,0.0
2023-09-27,Email,1.37
2023-09-27,Organic Search,0.0
2023-09-27,Paid Search,333.04
2023-09-27,Referral,24.46
2023-09-27,Social,199.09
2023-09-28,Direct,0.0
2023-09-28,Email,2.95
2023-09-28,Organic Search,0.0
2023-09-28,Paid Search,617.09
2023-09-28,Referral,48.16
2023-09-28,Social,257.99
2023-09-29,Direct,0.0
2023-09-29,Email,2.73
2023-09-29,Organic Search,0.0
2023-09-29,Paid Search,1020.92
2023-09-29,Referral,76.13
2023-09-29,Social,569.64
2023-09-30,Direct,0.0
2023-09-30,Email,3.51
2023-09-30,Organic Search,0.0
2023-09-30,Paid Search,1215.54
2023-09-30,Referral,55.88
2023-09-30,Social,907.31
2023-10-01,Direct,0.0
2023-10-01,Email,3.29
2023-10-01,Organic Search,0.0
2023-10-01,Paid Search,957.89
2023-10-01,Referral,13.38
2023-10-01,Social,205.67
2023-10-02,Direct,0.0
2023-10-02,Email,4.28
2023-10-02,Organic Search,0.0
2023-10-02,Paid Search,1254.69
2023-10-02,Referral,47.13
2023-10-02,Social,538.09
2023-10-03,Direct,0.0
2023-10-03,Email,6.0
2023-10-03,Organic Search,0.0
2023-10-03,Paid Search,910.7
2023-10-03,Referral,50.32
2023-10-03,Social,236.9
2023-10-04,Direct,0.0
2023-10-04,Email,8.73
2023-10-04,Organic Search,0.0
2023-10-04,Paid Search,553.05
2023-10-04,Referral,5.68
2023-10-04,Social,91.95
2023-10-05,Direct,0.0
2023-10-05,Email,8.37
2023-10-05,Organic Search,0.0
2023-10-05,Paid Search,1030.33
2023-10-05,Referral,7.69
2023-10-05,Social,340.24
2023-10-06,Direct,0.0
2023-10-06,Email,12.23
2023-10-06,Organic Search,0.0
2023-10-06,Paid Search,628.3
2023-10-06,Referral,33.62
2023-10-06,Social,170.48
2023-10-07,Direct,0.0
2023-10-07,Email,3.97
2023-10-07,Organic Search,0.0
2023-10-07,Paid Search,572.11
2023-10-07,Referral,16.55
2023-10-07,Social,368.58
2023-10-08,Direct,0.0
2023-10-08,Email,2.83
2023-10-08,Organic Search,0.0
2023-10-08,Paid Search,240.94
2023-10-08,Referral,71.76
2023-10-08,Social,203.95
2023-10-09,Direct,0.0
2023-10-09,Email,5.57
2023-10-09,Organic Search,0.0
2023-10-09,Paid Search,1060.69
2023-10-09,Referral,53.06
2023-10-09,Social,115.89
2023-10-10,Direct,0.0
2023-10-10,Email,8.02
2023-10-10,Organic Search,0.0
2023-10-10,Paid Search,681.67
2023-10-10,Referral,24.68
2023-10-10,Social,574.83
2023-10-11,Direct,0.0
2023-10-11,Email,2.84
2023-10-11,Organic Search,0.0
2023-10-11,Paid Search,624.34
2023-10-11,Referral,44.43
2023-10-11,Social,378.4
2023-10-12,Direct,0.0
2023-10-12,Email,2.49
2023-10-12,Organic Search,0.0
2023-10-12,Paid Search,203.0
2023-10-12,Referral,13.21
2023-10-12,Social,324.05
2023-10-13,Direct,0.0
2023-10-13,Email,13.31
2023-10-13,Organic Search,0.0
2023-10-13,Paid Search,421.33
2023-10-13,Referral,41.13
2023-10-13,Social,432.86
2023-10-14,Direct,0.0
2023-10-14,Email,1.99
2023-10-14,Organic Search,0.0
2023-10-14,Paid Search,1150.66
2023-10-14,Referral,10.47
2023-10-14,Social,313.6
2023-10-15,Direct,0.0
2023-10-15,Email,13.66
2023-10-15,Organic Search,0.0
2023-10-15,Paid Search,342.03
2023-10-15,Referral,43.84
2023-10-15,Social,63.36
2023-10-16,Direct,0.0
2023-10-16,Email,3.56
2023-10-16,Organic Search,0.0
2023-10-16,Paid Search,1240.89
2023-10-16,Referral,51.25
2023-10-16,Social,307.98
2023-10-17,Direct,0.0
2023-10-17,Email,3.05
2023-10-17,Organic Search,0.0
2023-10-17,Paid Search,426.81
2023-10-17,Referral,12.74
2023-10-17,Social,135.46
2023-10-18,Direct,0.0
2023-10-18,Email,2.47
2023-10-18,Organic Search,0.0
2023-10-18,Paid Search,298.79
2023-10-18,Referral,71.23
2023-10-18,Social,163.26
2023-10-19,Direct,0.0
2023-10-19,Email,1.44
2023-10-19,Organic Search,0.0
2023-10-19,Paid Search,415.28
2023-10-19,Referral,186.92
2023-10-19,Social,269.42
2023-10-20,Direct,0.0
2023-10-20,Email,5.17
2023-10-20,Organic Search,0.0
2023-10-20,Paid Search,227.1
2023-10-20,Referral,39.47
2023-10-20,Social,166.95
2023-10-21,Direct,0.0
2023-10-21,Email,15.92
2023-10-21,Organic Search,0.0
2023-10-21,Paid Search,788.05
2023-10-21,Referral,19.63
2023-10-21,Social,180.36
2023-10-22,Direct,0.0
2023-10-22,Email,2.86
2023-10-22,Organic Search,0.0
2023-10-22,Paid Search,520.32
2023-10-22,Referral,104.21
2023-10-22,Social,357.62
2023-10-23,Direct,0.0
2023-10-23,Email,5.21
2023-10-23,Organic Search,0.0
2023-10-23,Paid Search,277.27
2023-10-23,Referral,50.03
2023-10-23,Social,371.81
2023-10-24,Direct,0.0
2023-10-24,Email,5.53
2023-10-24,Organic Search,0.0
2023-10-24,Paid Search,679.66
2023-10-24,Referral,26.77
2023-10-24,Social,174.37
2023-10-25,Direct,0.0
2023-10-25,Email,8.69
2023-10-25,Organic Search,0.0
2023-10-25,Paid Search,1520.9
2023-10-25,Referral,61.37
2023-10-25,Social,348.18
2023-10-26,Direct,0.0
2023-10-26,Email,3.39
2023-10-26,Organic Search,0.0
2023-10-26,Paid Search,1093.47
2023-10-26,Referral,3.33
2023-10-26,Social,210.63
2023-10-27,Direct,0.0
2023-10-27,Email,1.75
2023-10-27,Organic Search,0.0
2023-10-27,Paid Search,1386.6
2023-10-27,Referral,6.27
2023-10-27,Social,504.1
2023-10-28,Direct,0.0
2023-10-28,Email,4.7
2023-10-28,Organic Search,0.0
2023-10-28,Paid Search,305.22
2023-10-28,Referral,33.42
2023-10-28,Social,258.85
2023-10-29,Direct,0.0
2023-10-29,Email,2.9
2023-10-29,Organic Search,0.0
2023-10-29,Paid Search,395.48
2023-10-29,Referral,39.27
2023-10-29,Social,249.64
2023-10-30,Direct,0.0
2023-10-30,Email,14.3
2023-10-30,Organic Search,0.0
2023-10-30,Paid Search,866.61
2023-10-30,Referral,32.28
2023-10-30,Social,219.56
2023-10-31,Direct,0.0
2023-10-31,Email,7.66
2023-10-31,Organic Search,0.0
2023-10-31,Paid Search,307.53
2023-10-31,Referral,89.81
2023-10-31,Social,85.08
2023-11-01,Direct,0.0
2023-11-01,Email,3.97
2023-11-01,Organic Search,0.0
2023-11-01,Paid Search,377.88
2023-11-01,Referral,39.72
2023-11-01,Social,559.26
2023-11-02,Direct,0.0
2023-11-02,Email,5.08
2023-11-02,Organic Search,0.0
2023-11-02,Paid Search,853.4
2023-11-02,Referral,69.4
2023-11-02,Social,199.28
2023-11-03,Direct,0.0
2023-11-03,Email,4.38
2023-11-03,Organic Search,0.0
2023-11-03,Paid Search,1172.78
2023-11-03,Referral,92.41
2023-11-03,Social,354.41
2023-11-04,Direct,0.0
2023-11-04,Email,1.81
2023-11-04,Organic Search,0.0
2023-11-04,Paid Search,350.84
2023-11-04,Referral,30.79
2023-11-04,Social,311.81
2023-11-05,Direct,0.0
2023-11-05,Email,4.08
2023-11-05,Organic Search,0.0
2023-11-05,Paid Search,765.46
2023-11-05,Referral,25.4
2023-11-05,Social,256.8
2023-11-06,Direct,0.0
2023-11-06,Email,4.01
2023-11-06,Organic Search,0.0
2023-11-06,Paid Search,233.32
2023-11-06,Referral,18.03
2023-11-06,Social,225.66
2023-11-07,Direct,0.0
2023-11-07,Email,4.03
2023-11-07,Organic Search,0.0
2023-11-07,Paid Search,413.55
2023-11-07,Referral,7.48
2023-11-07,Social,269.01
2023-11-08,Direct,0.0
2023-11-08,Email,4.73
2023-11-08,Organic Search,0.0
2023-11-08,Paid Search,716.05
2023-11-08,Referral,16.76
2023-11-08,Social,179.2
2023-11-09,Direct,0.0
2023-11-09,Email,5.19
2023-11-09,Organic Search,0.0
2023-11-09,Paid Search,1213.41
2023-11-09,Referral,4.18
2023-11-09,Social,369.61
2023-11-10,Direct,0.0
2023-11-10,Email,1.58
2023-11-10,Organic Search,0.0
2023-11-10,Paid Search,1174.49
2023-11-10,Referral,59.96
2023-11-10,Social,242.0
2023-11-11,Direct,0.0
2023-11-11,Email,2.36
2023-11-11,Organic Search,0.0
2023-11-11,Paid Search,780.05
2023-11-11,Referral,152.39
2023-11-11,Social,179.68
2023-11-12,Direct,0.0
2023-11-12,Email,7.28
2023-11-12,Organic Search,0.0
2023-11-12,Paid Search,602.84
2023-11-12,Referral,26.72
2023-11-12,Social,68.29
2023-11-13,Direct,0.0
2023-11-13,Email,5.15
2023-11-13,Organic Search,0.0
2023-11-13,Paid Search,752.84
2023-11-13,Referral,30.27
2023-11-13,Social,114.6
2023-11-14,Direct,0.0
2023-11-14,Email,0.8
2023-11-14,Organic Search,0.0
2023-11-14,Paid Search,1179.35
2023-11-14,Referral,52.16
2023-11-14,Social,255.53
2023-11-15,Direct,0.0
2023-11-15,Email,5.11
2023-11-15,Organic Search,0.0
2023-11-15,Paid Search,744.12
2023-11-15,Referral,24.2
2023-11-15,Social,188.71
2023-11-16,Direct,0.0
2023-11-16,Email,13.64
2023-11-16,Organic Search,0.0
2023-11-16,Paid Search,510.54
2023-11-16,Referral,41.45
2023-11-16,Social,214.36
2023-11-17,Direct,0.0
2023-11-17,Email,5.34
2023-11-17,Organic Search,0.0
2023-11-17,Paid Search,376.08
2023-11-17,Referral,45.46
2023-11-17,Social,140.1
2023-11-18,Direct,0.0
2023-11-18,Email,3.88
2023-11-18,Organic Search,0.0
2023-11-18,Paid Search,363.13
2023-11-18,Referral,43.62
2023-11-18,Social,334.77
2023-11-19,Direct,0.0
2023-11-19,Email,2.14
2023-11-19,Organic Search,0.0
2023-11-19,Paid Search,764.84
2023-11-19,Referral,82.7
2023-11-19,Social,72.13
2023-11-20,Direct,0.0
2023-11-20,Email,2.78
2023-11-20,Organic Search,0.0
2023-11-20,Paid Search,466.4
2023-11-20,Referral,12.4
2023-11-20,Social,290.89
2023-11-21,Direct,0.0
2023-11-21,Email,3.59
2023-11-21,Organic Search,0.0
2023-11-21,Paid Search,1700.58
2023-11-21,Referral,3.69
2023-11-21,Social,156.45
2023-11-22,Direct,0.0
2023-11-22,Email,11.14
2023-11-22,Organic Search,0.0
2023-11-22,Paid Search,347.27
2023-11-22,Referral,42.44
2023-11-22,Social,126.67
2023-11-23,Direct,0.0
2023-11-23,Email,2.99
2023-11-23,Organic Search,0.0
2023-11-23,Paid Search,659.85
2023-11-23,Referral,17.43
2023-11-23,Social,357.77
2023-11-24,Direct,0.0
2023-11-24,Email,3.1
2023-11-24,Organic Search,0.0
2023-11-24,Paid Search,329.12
2023-11-24,Referral,16.24
2023-11-24,Social,116.63
2023-11-25,Direct,0.0
2023-11-25,Email,4.32
2023-11-25,Organic Search,0.0
2023-11-25,Paid Search,748.97
2023-11-25,Referral,63.17
2023-11-25,Social,144.95
2023-11-26,Direct,0.0
2023-11-26,Email,2.25
2023-11-26,Organic Search,0.0
2023-11-26,Paid Search,791.42
2023-11-26,Referral,60.4
2023-11-26,Social,508.72
2023-11-27,Direct,0.0
2023-11-27,Email,2.01
2023-11-27,Organic Search,0.0
2023-11-27,Paid Search,1667.7
2023-11-27,Referral,73.37
2023-11-27,Social,255.28
2023-11-28,Direct,0.0
2023-11-28,Email,4.08
2023-11-28,Organic Search,0.0
2023-11-28,Paid Search,375.01
2023-11-28,Referral,41.47
2023-11-28,Social,87.66
2023-11-29,Direct,0.0
2023-11-29,Email,10.12
2023-11-29,Organic Search,0.0
2023-11-29,Paid Search,1139.97
2023-11-29,Referral,27.16
2023-11-29,Social,152.89
2023-11-30,Direct,0.0
2023-11-30,Email,16.16
2023-11-30,Organic Search,0.0
2023-11-30,Paid Search,770.4
2023-11-30,Referral,72.32
2023-11-30,Social,243.69
2023-12-01,Direct,0.0
2023-12-01,Email,9.4
2023-12-01,Organic Search,0.0
2023-12-01,Paid Search,1168.48
2023-12-01,Referral,40.13
2023-12-01,Social,93.56
2023-12-02,Direct,0.0
2023-12-02,Email,2.37
2023-12-02,Organic Search,0.0
2023-12-02,Paid Search,547.29
2023-12-02,Referral,10.68
2023-12-02,Social,880.1
2023-12-03,Direct,0.0
2023-12-03,Email,7.04
2023-12-03,Organic Search,0.0
2023-12-03,Paid Search,524.0
2023-12-03,Referral,48.43
2023-12-03,Social,239.05
2023-12-04,Direct,0.0
2023-12-04,Email,2.8
2023-12-04,Organic Search,0.0
2023-12-04,Paid Search,294.22
2023-12-04,Referral,84.61
2023-12-04,Social,217.72
2023-12-05,Direct,0.0
2023-12-05,Email,7.54
2023-12-05,Organic Search,0.0
2023-12-05,Paid Search,1212.2
2023-12-05,Referral,72.9
2023-12-05,Social,329.99
2023-12-06,Direct,0.0
2023-12-06,Email,3.43
2023-12-06,Organic Search,0.0
2023-12-06,Paid Search,1245.75
2023-12-06,Referral,18.69
2023-12-06,Social,221.04
2023-12-07,Direct,0.0
2023-12-07,Email,4.41
2023-12-07,Organic Search,0.0
2023-12-07,Paid Search,873.69
2023-12-07,Referral,16.73
2023-12-07,Social,146.92
2023-12-08,Direct,0.0
2023-12-08,Email,3.8
2023-12-08,Organic Search,0.0
2023-12-08,Paid Search,408.78
2023-12-08,Referral,31.58
2023-12-08,Social,239.67
2023-12-09,Direct,0.0
2023-12-09,Email,5.21
2023-12-09,Organic Search,0.0
2023-12-09,Paid Search,747.7
2023-12-09,Referral,274.59
2023-12-09,Social,173.91
2023-12-10,Direct,0.0
2023-12-10,Email,4.76
2023-12-10,Organic Search,0.0
2023-12-10,Paid Search,605.82
2023-12-10,Referral,21.57
2023-12-10,Social,361.97
2023-12-11,Direct,0.0
2023-12-11,Email,4.39
2023-12-11,Organic Search,0.0
2023-12-11,Paid Search,691.46
2023-12-11,Referral,87.66
2023-12-11,Social,258.63
2023-12-12,Direct,0.0
2023-12-12,Email,5.46
2023-12-12,Organic Search,0.0
2023-12-12,Paid Search,334.31
2023-12-12,Referral,7.44
2023-12-12,Social,406.94
2023-12-13,Direct,0.0
2023-12-13,Email,2.42
2023-12-13,Organic Search,0.0
2023-12-13,Paid Search,995.98
2023-12-13,Referral,175.73
2023-12-13,Social,66.15
2023-12-14,Direct,0.0
2023-12-14,Email,1.5
2023-12-14,Organic Search,0.0
2023-12-14,Paid Search,596.47
2023-12-14,Referral,30.01
2023-12-14,Social,865.54
2023-12-15,Direct,0.0
2023-12-15,Email,4.7
2023-12-15,Organic Search,0.0
2023-12-15,Paid Search,936.65
2023-12-15,Referral,50.47
2023-12-15,Social,281.57
2023-12-16,Direct,0.0
2023-12-16,Email,2.05
2023-12-16,Organic Search,0.0
2023-12-16,Paid Search,634.12
2023-12-16,Referral,210.56
2023-12-16,Social,119.33
2023-12-17,Direct,0.0
2023-12-17,Email,14.83
2023-12-17,Organic Search,0.0
2023-12-17,Paid Search,814.59
2023-12-17,Referral,85.89
2023-12-17,Social,964.91
2023-12-18,Direct,0.0
2023-12-18,Email,11.21
2023-12-18,Organic Search,0.0
2023-12-18,Paid Search,787.52
2023-12-18,Referral,41.28
2023-12-18,Social,87.58
2023-12-19,Direct,0.0
2023-12-19,Email,5.02
2023-12-19,Organic Search,0.0
2023-12-19,Paid Search,561.61
2023-12-19,Referral,9.51
2023-12-19,Social,260.62
2023-12-20,Direct,0.0
2023-12-20,Email,4.53
2023-12-20,Organic Search,0.0
2023-12-20,Paid Search,637.68
2023-12-20,Referral,83.33
2023-12-20,Social,22.35
2023-12-21,Direct,0.0
2023-12-21,Email,8.42
2023-12-21,Organic Search,0.0
2023-12-21,Paid Search,1207.44
2023-12-21,Referral,63.83
2023-12-21,Social,416.9
2023-12-22,Direct,0.0
2023-12-22,Email,9.53
2023-12-22,Organic Search,0.0
2023-12-22,Paid Search,912.4
2023-12-22,Referral,10.03
2023-12-22,Social,450.16
2023-12-23,Direct,0.0
2023-12-23,Email,3.77
2023-12-23,Organic Search,0.0
2023-12-23,Paid Search,1914.02
2023-12-23,Referral,3.27
2023-12-23,Social,190.91
2023-12-24,Direct,0.0
2023-12-24,Email,2.97
2023-12-24,Organic Search,0.0
2023-12-24,Paid Search,702.51
2023-12-24,Referral,42.7
2023-12-24,Social,126.4
2023-12-25,Direct,0.0
2023-12-25,Email,5.67
2023-12-25,Organic Search,0.0
2023-12-25,Paid Search,361.14
2023-12-25,Referral,12.94
2023-12-25,Social,252.01
2023-12-26,Direct,0.0
2023-12-26,Email,5.36
2023-12-26,Organic Search,0.0
2023-12-26,Paid Search,445.9
2023-12-26,Referral,71.01
2023-12-26,Social,85.32
2023-12-27,Direct,0.0
2023-12-27,Email,1.16
2023-12-27,Organic Search,0.0
2023-12-27,Paid Search,485.87
2023-12-27,Referral,27.28
2023-12-27,Social,319.1
2023-12-28,Direct,0.0
2023-12-28,Email,0.81
2023-12-28,Organic Search,0.0
2023-12-28,Paid Search,683.59
2023-12-28,Referral,8.19
2023-12-28,Social,434.16
2023-12-29,Direct,0.0
2023-12-29,Email,6.52
2023-12-29,Organic Search,0.0
2023-12-29,Paid Search,1338.53
2023-12-29,Referral,40.33
2023-12-29,Social,883.59
2023-12-30,Direct,0.0
2023-12-30,Email,0.41
2023-12-30,Organic Search,0.0
2023-12-30,Paid Search,692.42
2023-12-30,Referral,43.7
2023-12-30,Social,70.17
2023-12-31,Direct,0.0
2023-12-31,Email,5.32
2023-12-31,Organic Search,0.0
2023-12-31,Paid Search,522.8
2023-12-31,Referral,55.67
2023-12-31,Social,259.41
2024-01-01,Direct,0.0
2024-01-01,Email,0.84
2024-01-01,Organic Search,0.0
2024-01-01,Paid Search,861.77
2024-01-01,Referral,9.78
2024-01-01,Social,506.46
2024-01-02,Direct,0.0
2024-01-02,Email,2.7
2024-01-02,Organic Search,0.0
2024-01-02,Paid Search,711.13
2024-01-02,Referral,34.72
2024-01-02,Social,251.46
2024-01-03,Direct,0.0
2024-01-03,Email,5.01
2024-01-03,Organic Search,0.0
2024-01-03,Paid Search,1321.83
2024-01-03,Referral,29.37
2024-01-03,Social,90.56
2024-01-04,Direct,0.0
2024-01-04,Email,12.07
2024-01-04,Organic Search,0.0
2024-01-04,Paid Search,686.17
2024-01-04,Referral,10.55
2024-01-04,Social,266.7
2024-01-05,Direct,0.0
2024-01-05,Email,3.09
2024-01-05,Organic Search,0.0
2024-01-05,Paid Search,1517.3
2024-01-05,Referral,9.7
2024-01-05,Social,329.38
2024-01-06,Direct,0.0
2024-01-06,Email,0.97
2024-01-06,Organic Search,0.0
2024-01-06,Paid Search,602.86
2024-01-06,Referral,9.21
2024-01-06,Social,221.47
2024-01-07,Direct,0.0
2024-01-07,Email,5.96
2024-01-07,Organic Search,0.0
2024-01-07,Paid Search,907.95
2024-01-07,Referral,13.55
2024-01-07,Social,318.37
2024-01-08,Direct,0.0
2024-01-08,Email,8.67
2024-01-08,Organic Search,0.0
2024-01-08,Paid Search,786.42
2024-01-08,Referral,8.65
2024-01-08,Social,180.68
2024-01-09,Direct,0.0
2024-01-09,Email,14.74
2024-01-09,Organic Search,0.0
2024-01-09,Paid Search,427.11
2024-01-09,Referral,9.46
2024-01-09,Social,464.13
2024-01-10,Direct,0.0
2024-01-10,Email,3.17
2024-01-10,Organic Search,0.0
2024-01-10,Paid Search,915.27
2024-01-10,Referral,152.83
2024-01-10,Social,155.1
2024-01-11,Direct,0.0
2024-01-11,Email,4.15
2024-01-11,Organic Search,0.0
2024-01-11,Paid Search,451.48
2024-01-11,Referral,12.43
2024-01-11,Social,255.28
2024-01-12,Direct,0.0
2024-01-12,Email,10.51
2024-01-12,Organic Search,0.0
2024-01-12,Paid Search,792.54
2024-01-12,Referral,73.27
2024-01-12,Social,410.72
2024-01-13,Direct,0.0
2024-01-13,Email,5.26
2024-01-13,Organic Search,0.0
2024-01-13,Paid Search,588.69
2024-01-13,Referral,9.87
2024-01-13,Social,204.69
2024-01-14,Direct,0.0
2024-01-14,Email,2.98
2024-01-14,Organic Search,0.0
2024-01-14,Paid Search,2274.68
2024-01-14,Referral,24.8
2024-01-14,Social,314.81
2024-01-15,Direct,0.0
2024-01-15,Email,8.93
2024-01-15,Organic Search,0.0
2024-01-15,Paid Search,568.64
2024-01-15,Referral,16.96
2024-01-15,Social,1025.3
2024-01-16,Direct,0.0
2024-01-16,Email,5.0
2024-01-16,Organic Search,0.0
2024-01-16,Paid Search,920.46
2024-01-16,Referral,1.78
2024-01-16,Social,514.05
2024-01-17,Direct,0.0
2024-01-17,Email,9.15
2024-01-17,Organic Search,0.0
2024-01-17,Paid Search,875.65
2024-01-17,Referral,27.6
2024-01-17,Social,574.04
2024-01-18,Direct,0.0
2024-01-18,Email,8.71
2024-01-18,Organic Search,0.0
2024-01-18,Paid Search,1123.15
2024-01-18,Referral,77.16
2024-01-18,Social,300.43
2024-01-19,Direct,0.0
2024-01-19,Email,11.78
2024-01-19,Organic Search,0.0
2024-01-19,Paid Search,936.44
2024-01-19,Referral,16.9
2024-01-19,Social,264.88
2024-01-20,Direct,0.0
2024-01-20,Email,16.93
2024-01-20,Organic Search,0.0
2024-01-20,Paid Search,403.56
2024-01-20,Referral,66.97
2024-01-20,Social,220.68
2024-01-21,Direct,0.0
2024-01-21,Email,6.29
2024-01-21,Organic Search,0.0
2024-01-21,Paid Search,681.07
2024-01-21,Referral,14.65
2024-01-21,Social,259.22
2024-01-22,Direct,0.0
2024-01-22,Email,2.15
2024-01-22,Organic Search,0.0
2024-01-22,Paid Search,1054.92
2024-01-22,Referral,47.16
2024-01-22,Social,118.01
2024-01-23,Direct,0.0
2024-01-23,Email,5.18
2024-01-23,Organic Search,0.0
2024-01-23,Paid Search,722.93
2024-01-23,Referral,15.96
2024-01-23,Social,701.57
2024-01-24,Direct,0.0
2024-01-24,Email,1.7
2024-01-24,Organic Search,0.0
2024-01-24,Paid Search,411.07
2024-01-24,Referral,28.18
2024-01-24,Social,249.8
2024-01-25,Direct,0.0
2024-01-25,Email,3.64
2024-01-25,Organic Search,0.0
2024-01-25,Paid Search,622.31
2024-01-25,Referral,23.25
2024-01-25,Social,362.01
2024-01-26,Direct,0.0
2024-01-26,Email,10.01
2024-01-26,Organic Search,0.0
2024-01-26,Paid Search,368.03
2024-01-26,Referral,56.58
2024-01-26,Social,148.33
2024-01-27,Direct,0.0
2024-01-27,Email,9.73
2024-01-27,Organic Search,0.0
2024-01-27,Paid Search,1915.6
2024-01-27,Referral,13.05
2024-01-27,Social,355.14
2024-01-28,Direct,0.0
2024-01-28,Email,3.16
2024-01-28,Organic Search,0.0
2024-01-28,Paid Search,840.77
2024-01-28,Referral,14.91
2024-01-28,Social,509.43
2024-01-29,Direct,0.0
2024-01-29,Email,2.06
2024-01-29,Organic Search,0.0
2024-01-29,Paid Search,212.56
2024-01-29,Referral,167.68
2024-01-29,Social,419.96
2024-01-30,Direct,0.0
2024-01-30,Email,7.56
2024-01-30,Organic Search,0.0
2024-01-30,Paid Search,340.09
2024-01-30,Referral,7.1
2024-01-30,Social,350.73
2024-01-31,Direct,0.0
2024-01-31,Email,1.44
2024-01-31,Organic Search,0.0
2024-01-31,Paid Search,710.51
2024-01-31,Referral,36.12
2024-01-31,Social,335.14
2024-02-01,Direct,0.0
2024-02-01,Email,2.6
2024-02-01,Organic Search,0.0
2024-02-01,Paid Search,764.49
2024-02-01,Referral,58.49
2024-02-01,Social,91.84
2024-02-02,Direct,0.0
2024-02-02,Email,13.1
2024-02-02,Organic Search,0.0
2024-02-02,Paid Search,429.97
2024-02-02,Referral,53.44
2024-02-02,Social,141.52
2024-02-03,Direct,0.0
2024-02-03,Email,6.7
2024-02-03,Organic Search,0.0
2024-02-03,Paid Search,904.76
2024-02-03,Referral,40.95
2024-02-03,Social,245.6
2024-02-04,Direct,0.0
2024-02-04,Email,7.83
2024-02-04,Organic Search,0.0
2024-02-04,Paid Search,287.36
2024-02-04,Referral,2.66
2024-02-04,Social,466.38
2024-02-05,Direct,0.0
2024-02-05,Email,1.9
2024-02-05,Organic Search,0.0
2024-02-05,Paid Search,796.98
2024-02-05,Referral,4.67
2024-02-05,Social,308.27
2024-02-06,Direct,0.0
2024-02-06,Email,2.32
2024-02-06,Organic Search,0.0
2024-02-06,Paid Search,716.63
2024-02-06,Referral,76.33
2024-02-06,Social,491.85
2024-02-07,Direct,0.0
2024-02-07,Email,4.42
2024-02-07,Organic Search,0.0
2024-02-07,Paid Search,513.94
2024-02-07,Referral,82.12
2024-02-07,Social,1155.77
2024-02-08,Direct,0.0
2024-02-08,Email,3.14
2024-02-08,Organic Search,0.0
2024-02-08,Paid Search,706.4
2024-02-08,Referral,57.97
2024-02-08,Social,185.49
2024-02-09,Direct,0.0
2024-02-09,Email,1.98
2024-02-09,Organic Search,0.0
2024-02-09,Paid Search,705.47
2024-02-09,Referral,15.68
2024-02-09,Social,479.29
2024-02-10,Direct,0.0
2024-02-10,Email,5.58
2024-02-10,Organic Search,0.0
2024-02-10,Paid Search,1355.37
2024-02-10,Referral,12.81
2024-02-10,Social,110.74
2024-02-11,Direct,0.0
2024-02-11,Email,8.01
2024-02-11,Organic Search,0.0
2024-02-11,Paid Search,395.45
2024-02-11,Referral,25.6
2024-02-11,Social,175.71
2024-02-12,Direct,0.0
2024-02-12,Email,4.22
2024-02-12,Organic Search,0.0
2024-02-12,Paid Search,195.1
2024-02-12,Referral,15.0
2024-02-12,Social,311.98
2024-02-13,Direct,0.0
2024-02-13,Email,3.43
2024-02-13,Organic Search,0.0
2024-02-13,Paid Search,1064.27
2024-02-13,Referral,43.45
2024-02-13,Social,233.31
2024-02-14,Direct,0.0
2024-02-14,Email,5.65
2024-02-14,Organic Search,0.0
2024-02-14,Paid Search,1374.56
2024-02-14,Referral,13.81
2024-02-14,Social,348.83
2024-02-15,Direct,0.0
2024-02-15,Email,3.51
2024-02-15,Organic Search,0.0
2024-02-15,Paid Search,483.98
2024-02-15,Referral,19.45
2024-02-15,Social,196.85
2024-02-16,Direct,0.0
2024-02-16,Email,4.94
2024-02-16,Organic Search,0.0
2024-02-16,Paid Search,681.42
2024-02-16,Referral,22.0
2024-02-16,Social,68.66
2024-02-17,Direct,0.0
2024-02-17,Email,9.49
2024-02-17,Organic Search,0.0
2024-02-17,Paid Search,621.72
2024-02-17,Referral,76.48
2024-02-17,Social,254.72
2024-02-18,Direct,0.0
2024-02-18,Email,4.6
2024-02-18,Organic Search,0.0
2024-02-18,Paid Search,786.96
2024-02-18,Referral,6.97
2024-02-18,Social,371.33
2024-02-19,Direct,0.0
2024-02-19,Email,6.8
2024-02-19,Organic Search,0.0
2024-02-19,Paid Search,303.17
2024-02-19,Referral,79.62
2024-02-19,Social,632.6
2024-02-20,Direct,0.0
2024-02-20,Email,6.98
2024-02-20,Organic Search,0.0
2024-02-20,Paid Search,992.58
2024-02-20,Referral,66.77
2024-02-20,Social,143.36
2024-02-21,Direct,0.0
2024-02-21,Email,2.82
2024-02-21,Organic Search,0.0
2024-02-21,Paid Search,727.7
2024-02-21,Referral,74.0
2024-02-21,Social,184.87
2024-02-22,Direct,0.0
2024-02-22,Email,1.13
2024-02-22,Organic Search,0.0
2024-02-22,Paid Search,789.5
2024-02-22,Referral,35.11
2024-02-22,Social,888.65
2024-02-23,Direct,0.0
2024-02-23,Email,4.2
2024-02-23,Organic Search,0.0
2024-02-23,Paid Search,1291.89
2024-02-23,Referral,231.76
2024-02-23,Social,470.07
2024-02-24,Direct,0.0
2024-02-24,Email,4.18
2024-02-24,Organic Search,0.0
2024-02-24,Paid Search,1056.68
2024-02-24,Referral,20.91
2024-02-24,Social,472.65
2024-02-25,Direct,0.0
2024-02-25,Email,6.1
2024-02-25,Organic Search,0.0
2024-02-25,Paid Search,707.7
2024-02-25,Referral,49.85
2024-02-25,Social,261.46
2024-02-26,Direct,0.0
2024-02-26,Email,2.61
2024-02-26,Organic Search,0.0
2024-02-26,Paid Search,977.78
2024-02-26,Referral,31.37
2024-02-26,Social,251.63
2024-02-27,Direct,0.0
2024-02-27,Email,4.84
2024-02-27,Organic Search,0.0
2024-02-27,Paid Search,1257.02
2024-02-27,Referral,24.18
2024-02-27,Social,134.82
2024-02-28,Direct,0.0
2024-02-28,Email,8.95
2024-02-28,Organic Search,0.0
2024-02-28,Paid Search,1034.61
2024-02-28,Referral,78.59
2024-02-28,Social,349.12
2024-02-29,Direct,0.0
2024-02-29,Email,8.07
2024-02-29,Organic Search,0.0
2024-02-29,Paid Search,1266.09
2024-02-29,Referral,35.07
2024-02-29,Social,653.59
2024-03-01,Direct,0.0
2024-03-01,Email,2.81
2024-03-01,Organic Search,0.0
2024-03-01,Paid Search,1076.98
2024-03-01,Referral,85.78
2024-03-01,Social,717.15
2024-03-02,Direct,0.0
2024-03-02,Email,6.68
2024-03-02,Organic Search,0.0
2024-03-02,Paid Search,588.71
2024-03-02,Referral,16.87
2024-03-02,Social,203.0
2024-03-03,Direct,0.0
2024-03-03,Email,4.7
2024-03-03,Organic Search,0.0
2024-03-03,Paid Search,688.67
2024-03-03,Referral,46.5
2024-03-03,Social,371.24
2024-03-04,Direct,0.0
2024-03-04,Email,4.24
2024-03-04,Organic Search,0.0
2024-03-04,Paid Search,517.94
2024-03-04,Referral,64.02
2024-03-04,Social,75.8
2024-03-05,Direct,0.0
2024-03-05,Email,4.69
2024-03-05,Organic Search,0.0
2024-03-05,Paid Search,773.72
2024-03-05,Referral,37.6
2024-03-05,Social,394.62
2024-03-06,Direct,0.0
2024-03-06,Email,4.14
2024-03-06,Organic Search,0.0
2024-03-06,Paid Search,289.76
2024-03-06,Referral,54.34
2024-03-06,Social,119.24
2024-03-07,Direct,0.0
2024-03-07,Email,8.75
2024-03-07,Organic Search,0.0
2024-03-07,Paid Search,675.46
2024-03-07,Referral,15.95
2024-03-07,Social,223.6
2024-03-08,Direct,0.0
2024-03-08,Email,11.19
2024-03-08,Organic Search,0.0
2024-03-08,Paid Search,1016.52
2024-03-08,Referral,9.74
2024-03-08,Social,154.44
2024-03-09,Direct,0.0
2024-03-09,Email,8.68
2024-03-09,Organic Search,0.0
2024-03-09,Paid Search,1055.17
2024-03-09,Referral,12.75
2024-03-09,Social,151.56
2024-03-10,Direct,0.0
2024-03-10,Email,2.83
2024-03-10,Organic Search,0.0
2024-03-10,Paid Search,550.5
2024-03-10,Referral,15.19
2024-03-10,Social,65.68
2024-03-11,Direct,0.0
2024-03-11,Email,5.33
2024-03-11,Organic Search,0.0
2024-03-11,Paid Search,606.54
2024-03-11,Referral,8.39
2024-03-11,Social,202.75
2024-03-12,Direct,0.0
2024-03-12,Email,6.35
2024-03-12,Organic Search,0.0
2024-03-12,Paid Search,271.27
2024-03-12,Referral,45.42
2024-03-12,Social,158.74
2024-03-13,Direct,0.0
2024-03-13,Email,6.17
2024-03-13,Organic Search,0.0
2024-03-13,Paid Search,876.85
2024-03-13,Referral,67.57
2024-03-13,Social,286.47
2024-03-14,Direct,0.0
2024-03-14,Email,9.28
2024-03-14,Organic Search,0.0
2024-03-14,Paid Search,491.3
2024-03-14,Referral,28.07
2024-03-14,Social,943.83
2024-03-15,Direct,0.0
2024-03-15,Email,6.08
2024-03-15,Organic Search,0.0
2024-03-15,Paid Search,1818.63
2024-03-15,Referral,64.15
2024-03-15,Social,116.72
2024-03-16,Direct,0.0
2024-03-16,Email,7.52
2024-03-16,Organic Search,0.0
2024-03-16,Paid Search,328.34
2024-03-16,Referral,9.21
2024-03-16,Social,205.46
2024-03-17,Direct,0.0
2024-03-17,Email,7.47
2024-03-17,Organic Search,0.0
2024-03-17,Paid Search,644.54
2024-03-17,Referral,22.39
2024-03-17,Social,276.86
2024-03-18,Direct,0.0
2024-03-18,Email,3.4
2024-03-18,Organic Search,0.0
2024-03-18,Paid Search,471.17
2024-03-18,Referral,87.94
2024-03-18,Social,404.7
2024-03-19,Direct,0.0
2024-03-19,Email,2.11
2024-03-19,Organic Search,0.0
2024-03-19,Paid Search,705.42
2024-03-19,Referral,33.03
2024-03-19,Social,483.01
2024-03-20,Direct,0.0
2024-03-20,Email,9.28
2024-03-20,Organic Search,0.0
2024-03-20,Paid Search,437.95
2024-03-20,Referral,17.24
2024-03-20,Social,445.07
2024-03-21,Direct,0.0
2024-03-21,Email,5.83
2024-03-21,Organic Search,0.0
2024-03-21,Paid Search,713.0
2024-03-21,Referral,10.92
2024-03-21,Social,680.55
2024-03-22,Direct,0.0
2024-03-22,Email,7.33
2024-03-22,Organic Search,0.0
2024-03-22,Paid Search,1147.21
2024-03-22,Referral,56.04
2024-03-22,Social,140.88
2024-03-23,Direct,0.0
2024-03-23,Email,2.23
2024-03-23,Organic Search,0.0
2024-03-23,Paid Search,623.87
2024-03-23,Referral,27.12
2024-03-23,Social,496.4
2024-03-24,Direct,0.0
2024-03-24,Email,1.51
2024-03-24,Organic Search,0.0
2024-03-24,Paid Search,422.3
2024-03-24,Referral,9.71
2024-03-24,Social,141.09
2024-03-25,Direct,0.0
2024-03-25,Email,8.75
2024-03-25,Organic Search,0.0
2024-03-25,Paid Search,344.75
2024-03-25,Referral,22.73
2024-03-25,Social,1328.81
2024-03-26,Direct,0.0
2024-03-26,Email,2.02
2024-03-26,Organic Search,0.0
2024-03-26,Paid Search,794.01
2024-03-26,Referral,46.24
2024-03-26,Social,256.37
2024-03-27,Direct,0.0
2024-03-27,Email,6.12
2024-03-27,Organic Search,0.0
2024-03-27,Paid Search,633.72
2024-03-27,Referral,26.01
2024-03-27,Social,291.74
2024-03-28,Direct,0.0
2024-03-28,Email,9.41
2024-03-28,Organic Search,0.0
2024-03-28,Paid Search,1218.64
2024-03-28,Referral,12.19
2024-03-28,Social,412.39
2024-03-29,Direct,0.0
2024-03-29,Email,2.71
2024-03-29,Organic Search,0.0
2024-03-29,Paid Search,749.18
2024-03-29,Referral,54.73
2024-03-29,Social,589.33
2024-03-30,Direct,0.0
2024-03-30,Email,2.24
2024-03-30,Organic Search,0.0
2024-03-30,Paid Search,1891.82
2024-03-30,Referral,15.47
2024-03-30,Social,264.86
2024-03-31,Direct,0.0
2024-03-31,Email,4.2
2024-03-31,Organic Search,0.0
2024-03-31,Paid Search,729.73
2024-03-31,Referral,8.34
2024-03-31,Social,428.84
2024-04-01,Direct,0.0
2024-04-01,Email,6.93
2024-04-01,Organic Search,0.0
2024-04-01,Paid Search,217.17
2024-04-01,Referral,14.4
2024-04-01,Social,361.91
2024-04-02,Direct,0.0
2024-04-02,Email,7.13
2024-04-02,Organic Search,0.0
2024-04-02,Paid Search,1372.78
2024-04-02,Referral,6.45
2024-04-02,Social,301.68
2024-04-03,Direct,0.0
2024-04-03,Email,7.71
2024-04-03,Organic Search,0.0
2024-04-03,Paid Search,913.78
2024-04-03,Referral,17.66
2024-04-03,Social,160.18
2024-04-04,Direct,0.0
2024-04-04,Email,8.53
2024-04-04,Organic Search,0.0
2024-04-04,Paid Search,1467.59
2024-04-04,Referral,40.66
2024-04-04,Social,368.7
2024-04-05,Direct,0.0
2024-04-05,Email,0.98
2024-04-05,Organic Search,0.0
2024-04-05,Paid Search,773.35
2024-04-05,Referral,55.52
2024-04-05,Social,365.72
2024-04-06,Direct,0.0
2024-04-06,Email,4.49
2024-04-06,Organic Search,0.0
2024-04-06,Paid Search,961.75
2024-04-06,Referral,13.4
2024-04-06,Social,102.02
2024-04-07,Direct,0.0
2024-04-07,Email,4.06
2024-04-07,Organic Search,0.0
2024-04-07,Paid Search,596.73
2024-04-07,Referral,2.92
2024-04-07,Social,285.55
2024-04-08,Direct,0.0
2024-04-08,Email,4.17
2024-04-08,Organic Search,0.0
2024-04-08,Paid Search,394.73
2024-04-08,Referral,20.32
2024-04-08,Social,172.9
2024-04-09,Direct,0.0
2024-04-09,Email,5.52
2024-04-09,Organic Search,0.0
2024-04-09,Paid Search,1543.3
2024-04-09,Referral,22.61
2024-04-09,Social,381.83
2024-04-10,Direct,0.0
2024-04-10,Email,1.78
2024-04-10,Organic Search,0.0
2024-04-10,Paid Search,546.47
2024-04-10,Referral,47.36
2024-04-10,Social,372.92
2024-04-11,Direct,0.0
2024-04-11,Email,15.11
2024-04-11,Organic Search,0.0
2024-04-11,Paid Search,467.19
2024-04-11,Referral,24.14
2024-04-11,Social,332.58
2024-04-12,Direct,0.0
2024-04-12,Email,7.65
2024-04-12,Organic Search,0.0
2024-04-12,Paid Search,607.98
2024-04-12,Referral,154.42
2024-04-12,Social,430.99
2024-04-13,Direct,0.0
2024-04-13,Email,6.06
2024-04-13,Organic Search,0.0
2024-04-13,Paid Search,666.77
2024-04-13,Referral,17.55
2024-04-13,Social,355.68
2024-04-14,Direct,0.0
2024-04-14,Email,3.76
2024-04-14,Organic Search,0.0
2024-04-14,Paid Search,630.08
2024-04-14,Referral,97.5
2024-04-14,Social,56.93
2024-04-15,Direct,0.0
2024-04-15,Email,8.34
2024-04-15,Organic Search,0.0
2024-04-15,Paid Search,1539.55
2024-04-15,Referral,5.12
2024-04-15,Social,273.84
2024-04-16,Direct,0.0
2024-04-16,Email,3.39
2024-04-16,Organic Search,0.0
2024-04-16,Paid Search,708.58
2024-04-16,Referral,56.55
2024-04-16,Social,231.96
2024-04-17,Direct,0.0
2024-04-17,Email,3.45
2024-04-17,Organic Search,0.0
2024-04-17,Paid Search,696.52
2024-04-17,Referral,32.09
2024-04-17,Social,468.02
2024-04-18,Direct,0.0
2024-04-18,Email,2.25
2024-04-18,Organic Search,0.0
2024-04-18,Paid Search,950.47
2024-04-18,Referral,36.91
2024-04-18,Social,190.67
2024-04-19,Direct,0.0
2024-04-19,Email,6.72
2024-04-19,Organic Search,0.0
2024-04-19,Paid Search,782.94
2024-04-19,Referral,11.03
2024-04-19,Social,62.24
2024-04-20,Direct,0.0
2024-04-20,Email,1.73
2024-04-20,Organic Search,0.0
2024-04-20,Paid Search,588.34
2024-04-20,Referral,72.16
2024-04-20,Social,421.45
2024-04-21,Direct,0.0
2024-04-21,Email,9.99
2024-04-21,Organic Search,0.0
2024-04-21,Paid Search,1401.98
2024-04-21,Referral,14.16
2024-04-21,Social,294.87
2024-04-22,Direct,0.0
2024-04-22,Email,5.18
2024-04-22,Organic Search,0.0
2024-04-22,Paid Search,749.98
2024-04-22,Referral,49.03
2024-04-22,Social,308.36
2024-04-23,Direct,0.0
2024-04-23,Email,1.13
2024-04-23,Organic Search,0.0
2024-04-23,Paid Search,1007.11
2024-04-23,Referral,23.03
2024-04-23,Social,255.89
2024-04-24,Direct,0.0
2024-04-24,Email,4.3
2024-04-24,Organic Search,0.0
2024-04-24,Paid Search,692.56
2024-04-24,Referral,36.39
2024-04-24,Social,135.27
2024-04-25,Direct,0.0
2024-04-25,Email,5.93
2024-04-25,Organic Search,0.0
2024-04-25,Paid Search,1099.89
2024-04-25,Referral,12.66
2024-04-25,Social,125.07
2024-04-26,Direct,0.0
2024-04-26,Email,6.69
2024-04-26,Organic Search,0.0
2024-04-26,Paid Search,867.2
2024-04-26,Referral,30.3
2024-04-26,Social,316.06
2024-04-27,Direct,0.0
2024-04-27,Email,15.74
2024-04-27,Organic Search,0.0
2024-04-27,Paid Search,527.82
2024-04-27,Referral,142.94
2024-04-27,Social,112.8
2024-04-28,Direct,0.0
2024-04-28,Email,3.59
2024-04-28,Organic Search,0.0
2024-04-28,Paid Search,984.41
2024-04-28,Referral,14.22
2024-04-28,Social,316.33
2024-04-29,Direct,0.0
2024-04-29,Email,5.76
2024-04-29,Organic Search,0.0
2024-04-29,Paid Search,1092.86
2024-04-29,Referral,30.01
2024-04-29,Social,199.51
2024-04-30,Direct,0.0
2024-04-30,Email,2.55
2024-04-30,Organic Search,0.0
2024-04-30,Paid Search,1809.35
2024-04-30,Referral,14.85
2024-04-30,Social,167.35
2024-05-01,Direct,0.0
2024-05-01,Email,10.83
2024-05-01,Organic Search,0.0
2024-05-01,Paid Search,468.18
2024-05-01,Referral,32.29
2024-05-01,Social,204.87
2024-05-02,Direct,0.0
2024-05-02,Email,6.34
2024-05-02,Organic Search,0.0
2024-05-02,Paid Search,682.29
2024-05-02,Referral,9.47
2024-05-02,Social,72.65
2024-05-03,Direct,0.0
2024-05-03,Email,3.48
2024-05-03,Organic Search,0.0
2024-05-03,Paid Search,1061.68
2024-05-03,Referral,27.35
2024-05-03,Social,203.14
2024-05-04,Direct,0.0
2024-05-04,Email,3.76
2024-05-04,Organic Search,0.0
2024-05-04,Paid Search,1337.37
2024-05-04,Referral,23.22
2024-05-04,Social,140.3
2024-05-05,Direct,0.0
2024-05-05,Email,5.8
2024-05-05,Organic Search,0.0
2024-05-05,Paid Search,608.03
2024-05-05,Referral,11.13
2024-05-05,Social,567.04
2024-05-06,Direct,0.0
2024-05-06,Email,10.05
2024-05-06,Organic Search,0.0
2024-05-06,Paid Search,2407.13
2024-05-06,Referral,53.32
2024-05-06,Social,195.56
2024-05-07,Direct,0.0
2024-05-07,Email,7.33
2024-05-07,Organic Search,0.0
2024-05-07,Paid Search,1695.16
2024-05-07,Referral,135.65
2024-05-07,Social,200.2
2024-05-08,Direct,0.0
2024-05-08,Email,2.75
2024-05-08,Organic Search,0.0
2024-05-08,Paid Search,772.44
2024-05-08,Referral,18.08
2024-05-08,Social,477.7
2024-05-09,Direct,0.0
2024-05-09,Email,9.27
2024-05-09,Organic Search,0.0
2024-05-09,Paid Search,1391.23
2024-05-09,Referral,26.47
2024-05-09,Social,404.45
2024-05-10,Direct,0.0
2024-05-10,Email,4.48
2024-05-10,Organic Search,0.0
2024-05-10,Paid Search,831.73
2024-05-10,Referral,18.51
2024-05-10,Social,266.67
2024-05-11,Direct,0.0
2024-05-11,Email,7.27
2024-05-11,Organic Search,0.0
2024-05-11,Paid Search,679.88
2024-05-11,Referral,18.49
2024-05-11,Social,269.58
2024-05-12,Direct,0.0
2024-05-12,Email,1.95
2024-05-12,Organic Search,0.0
2024-05-12,Paid Search,817.84
2024-05-12,Referral,71.88
2024-05-12,Social,370.1
2024-05-13,Direct,0.0
2024-05-13,Email,5.33
2024-05-13,Organic Search,0.0
2024-05-13,Paid Search,894.29
2024-05-13,Referral,63.79
2024-05-13,Social,54.69
2024-05-14,Direct,0.0
2024-05-14,Email,3.21
2024-05-14,Organic Search,0.0
2024-05-14,Paid Search,499.69
2024-05-14,Referral,29.65
2024-05-14,Social,274.84
2024-05-15,Direct,0.0
2024-05-15,Email,1.62
2024-05-15,Organic Search,0.0
2024-05-15,Paid Search,1467.31
2024-05-15,Referral,16.13
2024-05-15,Social,132.72
2024-05-16,Direct,0.0
2024-05-16,Email,2.32
2024-05-16,Organic Search,0.0
2024-05-16,Paid Search,715.05
2024-05-16,Referral,38.22
2024-05-16,Social,217.76
2024-05-17,Direct,0.0
2024-05-17,Email,8.91
2024-05-17,Organic Search,0.0
2024-05-17,Paid Search,899.83
2024-05-17,Referral,39.94
2024-05-17,Social,349.71
2024-05-18,Direct,0.0
2024-05-18,Email,6.44
2024-05-18,Organic Search,0.0
2024-05-18,Paid Search,750.47
2024-05-18,Referral,33.76
2024-05-18,Social,430.32
2024-05-19,Direct,0.0
2024-05-19,Email,2.31
2024-05-19,Organic Search,0.0
2024-05-19,Paid Search,703.16
2024-05-19,Referral,31.17
2024-05-19,Social,384.77
2024-05-20,Direct,0.0
2024-05-20,Email,5.22
2024-05-20,Organic Search,0.0
2024-05-20,Paid Search,874.39
2024-05-20,Referral,23.03
2024-05-20,Social,219.96
2024-05-21,Direct,0.0
2024-05-21,Email,2.42
2024-05-21,Organic Search,0.0
2024-05-21,Paid Search,1041.79
2024-05-21,Referral,25.2
2024-05-21,Social,273.63
2024-05-22,Direct,0.0
2024-05-22,Email,7.3
2024-05-22,Organic Search,0.0
2024-05-22,Paid Search,1326.14
2024-05-22,Referral,110.07
2024-05-22,Social,179.57
2024-05-23,Direct,0.0
2024-05-23,Email,2.93
2024-05-23,Organic Search,0.0
2024-05-23,Paid Search,1622.86
2024-05-23,Referral,45.67
2024-05-23,Social,434.4
2024-05-24,Direct,0.0
2024-05-24,Email,5.72
2024-05-24,Organic Search,0.0
2024-05-24,Paid Search,399.57
2024-05-24,Referral,48.05
2024-05-24,Social,147.52
2024-05-25,Direct,0.0
2024-05-25,Email,9.54
2024-05-25,Organic Search,0.0
2024-05-25,Paid Search,326.54
2024-05-25,Referral,14.02
2024-05-25,Social,60.76
2024-05-26,Direct,0.0
2024-05-26,Email,8.92
2024-05-26,Organic Search,0.0
2024-05-26,Paid Search,514.85
2024-05-26,Referral,15.78
2024-05-26,Social,195.09
2024-05-27,Direct,0.0
2024-05-27,Email,4.11
2024-05-27,Organic Search,0.0
2024-05-27,Paid Search,1296.07
2024-05-27,Referral,3.3
2024-05-27,Social,939.02
2024-05-28,Direct,0.0
2024-05-28,Email,3.68
2024-05-28,Organic Search,0.0
2024-05-28,Paid Search,748.82
2024-05-28,Referral,16.49
2024-05-28,Social,292.52
2024-05-29,Direct,0.0
2024-05-29,Email,1.95
2024-05-29,Organic Search,0.0
2024-05-29,Paid Search,726.88
2024-05-29,Referral,37.56
2024-05-29,Social,553.41
2024-05-30,Direct,0.0
2024-05-30,Email,7.76
2024-05-30,Organic Search,0.0
2024-05-30,Paid Search,559.41
2024-05-30,Referral,37.33
2024-05-30,Social,390.0
2024-05-31,Direct,0.0
2024-05-31,Email,0.72
2024-05-31,Organic Search,0.0
2024-05-31,Paid Search,817.14
2024-05-31,Referral,37.09
2024-05-31,Social,314.74
2024-06-01,Direct,0.0
2024-06-01,Email,1.66
2024-06-01,Organic Search,0.0
2024-06-01,Paid Search,1824.99
2024-06-01,Referral,14.93
2024-06-01,Social,502.37
2024-06-02,Direct,0.0
2024-06-02,Email,3.21
2024-06-02,Organic Search,0.0
2024-06-02,Paid Search,312.96
2024-06-02,Referral,24.52
2024-06-02,Social,375.08
2024-06-03,Direct,0.0
2024-06-03,Email,3.18
2024-06-03,Organic Search,0.0
2024-06-03,Paid Search,524.56
2024-06-03,Referral,44.34
2024-06-03,Social,345.11
2024-06-04,Direct,0.0
2024-06-04,Email,10.86
2024-06-04,Organic Search,0.0
2024-06-04,Paid Search,350.54
2024-06-04,Referral,107.92
2024-06-04,Social,754.77
2024-06-05,Direct,0.0
2024-06-05,Email,8.28
2024-06-05,Organic Search,0.0
2024-06-05,Paid Search,1177.9
2024-06-05,Referral,63.66
2024-06-05,Social,870.11
2024-06-06,Direct,0.0
2024-06-06,Email,7.46
2024-06-06,Organic Search,0.0
2024-06-06,Paid Search,708.97
2024-06-06,Referral,4.92
2024-06-06,Social,86.86
2024-06-07,Direct,0.0
2024-06-07,Email,2.27
2024-06-07,Organic Search,0.0
2024-06-07,Paid Search,754.84
2024-06-07,Referral,47.18
2024-06-07,Social,368.86
2024-06-08,Direct,0.0
2024-06-08,Email,1.65
2024-06-08,Organic Search,0.0
2024-06-08,Paid Search,699.29
2024-06-08,Referral,108.58
2024-06-08,Social,279.47
2024-06-09,Direct,0.0
2024-06-09,Email,6.48
2024-06-09,Organic Search,0.0
2024-06-09,Paid Search,405.17
2024-06-09,Referral,63.38
2024-06-09,Social,522.6
2024-06-10,Direct,0.0
2024-06-10,Email,14.37
2024-06-10,Organic Search,0.0
2024-06-10,Paid Search,508.17
2024-06-10,Referral,17.79
2024-06-10,Social,420.33
2024-06-11,Direct,0.0
2024-06-11,Email,1.76
2024-06-11,Organic Search,0.0
2024-06-11,Paid Search,511.26
2024-06-11,Referral,3.24
2024-06-11,Social,358.04
2024-06-12,Direct,0.0
2024-06-12,Email,1.34
2024-06-12,Organic Search,0.0
2024-06-12,Paid Search,1029.27
2024-06-12,Referral,4.26
2024-06-12,Social,586.78
2024-06-13,Direct,0.0
2024-06-13,Email,9.24
2024-06-13,Organic Search,0.0
2024-06-13,Paid Search,1157.55
2024-06-13,Referral,51.95
2024-06-13,Social,318.9
2024-06-14,Direct,0.0
2024-06-14,Email,10.28
2024-06-14,Organic Search,0.0
2024-06-14,Paid Search,1038.76
2024-06-14,Referral,1.65
2024-06-14,Social,438.32
2024-06-15,Direct,0.0
2024-06-15,Email,2.01
2024-06-15,Organic Search,0.0
2024-06-15,Paid Search,709.49
2024-06-15,Referral,11.27
2024-06-15,Social,448.84
2024-06-16,Direct,0.0
2024-06-16,Email,8.93
2024-06-16,Organic Search,0.0
2024-06-16,Paid Search,553.36
2024-06-16,Referral,27.42
2024-06-16,Social,510.9
2024-06-17,Direct,0.0
2024-06-17,Email,12.18
2024-06-17,Organic Search,0.0
2024-06-17,Paid Search,1036.55
2024-06-17,Referral,54.78
2024-06-17,Social,246.78
2024-06-18,Direct,0.0
2024-06-18,Email,5.74
2024-06-18,Organic Search,0.0
2024-06-18,Paid Search,426.43
2024-06-18,Referral,53.23
2024-06-18,Social,488.09
2024-06-19,Direct,0.0
2024-06-19,Email,4.53
2024-06-19,Organic Search,0.0
2024-06-19,Paid Search,396.2
2024-06-19,Referral,167.83
2024-06-19,Social,569.67
2024-06-20,Direct,0.0
2024-06-20,Email,6.52
2024-06-20,Organic Search,0.0
2024-06-20,Paid Search,533.7
2024-06-20,Referral,12.01
2024-06-20,Social,194.69
2024-06-21,Direct,0.0
2024-06-21,Email,7.03
2024-06-21,Organic Search,0.0
2024-06-21,Paid Search,966.47
2024-06-21,Referral,92.28
2024-06-21,Social,172.79
2024-06-22,Direct,0.0
2024-06-22,Email,6.14
2024-06-22,Organic Search,0.0
2024-06-22,Paid Search,631.85
2024-06-22,Referral,10.75
2024-06-22,Social,422.03
2024-06-23,Direct,0.0
2024-06-23,Email,8.71
2024-06-23,Organic Search,0.0
2024-06-23,Paid Search,538.58
2024-06-23,Referral,47.96
2024-06-23,Social,236.92
2024-06-24,Direct,0.0
2024-06-24,Email,6.93
2024-06-24,Organic Search,0.0
2024-06-24,Paid Search,764.7
2024-06-24,Referral,80.35
2024-06-24,Social,199.29
2024-06-25,Direct,0.0
2024-06-25,Email,3.34
2024-06-25,Organic Search,0.0
2024-06-25,Paid Search,887.78
2024-06-25,Referral,46.96
2024-06-25,Social,587.88
2024-06-26,Direct,0.0
2024-06-26,Email,6.01
2024-06-26,Organic Search,0.0
2024-06-26,Paid Search,774.68
2024-06-26,Referral,75.64
2024-06-26,Social,180.14
2024-06-27,Direct,0.0
2024-06-27,Email,12.67
2024-06-27,Organic Search,0.0
2024-06-27,Paid Search,1176.01
2024-06-27,Referral,16.02
2024-06-27,Social,294.76
2024-06-28,Direct,0.0
2024-06-28,Email,2.58
2024-06-28,Organic Search,0.0
2024-06-28,Paid Search,1175.49
2024-06-28,Referral,60.88
2024-06-28,Social,297.55
2024-06-29,Direct,0.0
2024-06-29,Email,6.42
2024-06-29,Organic Search,0.0
2024-06-29,Paid Search,847.56
2024-06-29,Referral,50.93
2024-06-29,Social,589.05
2024-06-30,Direct,0.0
2024-06-30,Email,6.17
2024-06-30,Organic Search,0.0
2024-06-30,Paid Search,918.81
2024-06-30,Referral,5.75
2024-06-30,Social,197.45
2024-07-01,Direct,0.0
2024-07-01,Email,8.41
2024-07-01,Organic Search,0.0
2024-07-01,Paid Search,938.21
2024-07-01,Referral,32.32
2024-07-01,Social,189.64
2024-07-02,Direct,0.0
2024-07-02,Email,2.01
2024-07-02,Organic Search,0.0
2024-07-02,Paid Search,1188.95
2024-07-02,Referral,22.45
2024-07-02,Social,115.31
2024-07-03,Direct,0.0
2024-07-03,Email,3.58
2024-07-03,Organic Search,0.0
2024-07-03,Paid Search,548.77
2024-07-03,Referral,32.06
2024-07-03,Social,99.47
2024-07-04,Direct,0.0
2024-07-04,Email,5.9
2024-07-04,Organic Search,0.0
2024-07-04,Paid Search,1213.13
2024-07-04,Referral,18.85
2024-07-04,Social,537.34
2024-07-05,Direct,0.0
2024-07-05,Email,3.54
2024-07-05,Organic Search,0.0
2024-07-05,Paid Search,584.69
2024-07-05,Referral,25.87
2024-07-05,Social,163.53
2024-07-06,Direct,0.0
2024-07-06,Email,3.48
2024-07-06,Organic Search,0.0
2024-07-06,Paid Search,458.91
2024-07-06,Referral,71.89
2024-07-06,Social,137.14
2024-07-07,Direct,0.0
2024-07-07,Email,6.43
2024-07-07,Organic Search,0.0
2024-07-07,Paid Search,242.39
2024-07-07,Referral,4.89
2024-07-07,Social,198.84
2024-07-08,Direct,0.0
2024-07-08,Email,5.46
2024-07-08,Organic Search,0.0
2024-07-08,Paid Search,471.46
2024-07-08,Referral,5.13
2024-07-08,Social,491.72
2024-07-09,Direct,0.0
2024-07-09,Email,6.19
2024-07-09,Organic Search,0.0
2024-07-09,Paid Search,358.84
2024-07-09,Referral,69.24
2024-07-09,Social,539.78
2024-07-10,Direct,0.0
2024-07-10,Email,5.27
2024-07-10,Organic Search,0.0
2024-07-10,Paid Search,983.57
2024-07-10,Referral,9.72
2024-07-10,Social,630.28
2024-07-11,Direct,0.0
2024-07-11,Email,0.91
2024-07-11,Organic Search,0.0
2024-07-11,Paid Search,289.56
2024-07-11,Referral,11.8
2024-07-11,Social,1406.98
2024-07-12,Direct,0.0
2024-07-12,Email,14.63
2024-07-12,Organic Search,0.0
2024-07-12,Paid Search,543.33
2024-07-12,Referral,5.09
2024-07-12,Social,411.33
2024-07-13,Direct,0.0
2024-07-13,Email,9.57
2024-07-13,Organic Search,0.0
2024-07-13,Paid Search,1280.2
2024-07-13,Referral,31.46
2024-07-13,Social,469.75
2024-07-14,Direct,0.0
2024-07-14,Email,6.65
2024-07-14,Organic Search,0.0
2024-07-14,Paid Search,686.46
2024-07-14,Referral,70.38
2024-07-14,Social,473.48
2024-07-15,Direct,0.0
2024-07-15,Email,2.8
2024-07-15,Organic Search,0.0
2024-07-15,Paid Search,431.88
2024-07-15,Referral,45.8
2024-07-15,Social,165.58
2024-07-16,Direct,0.0
2024-07-16,Email,2.64
2024-07-16,Organic Search,0.0
2024-07-16,Paid Search,934.36
2024-07-16,Referral,16.44
2024-07-16,Social,267.44
2024-07-17,Direct,0.0
2024-07-17,Email,6.09
2024-07-17,Organic Search,0.0
2024-07-17,Paid Search,644.08
2024-07-17,Referral,18.9
2024-07-17,Social,349.29
2024-07-18,Direct,0.0
2024-07-18,Email,5.28
2024-07-18,Organic Search,0.0
2024-07-18,Paid Search,803.26
2024-07-18,Referral,119.58
2024-07-18,Social,530.94
2024-07-19,Direct,0.0
2024-07-19,Email,3.07
2024-07-19,Organic Search,0.0
2024-07-19,Paid Search,1019.47
2024-07-19,Referral,42.02
2024-07-19,Social,952.3
2024-07-20,Direct,0.0
2024-07-20,Email,5.98
2024-07-20,Organic Search,0.0
2024-07-20,Paid Search,368.99
2024-07-20,Referral,27.19
2024-07-20,Social,147.86
2024-07-21,Direct,0.0
2024-07-21,Email,5.11
2024-07-21,Organic Search,0.0
2024-07-21,Paid Search,403.21
2024-07-21,Referral,13.74
2024-07-21,Social,118.95
2024-07-22,Direct,0.0
2024-07-22,Email,3.05
2024-07-22,Organic Search,0.0
2024-07-22,Paid Search,861.89
2024-07-22,Referral,44.23
2024-07-22,Social,304.23
2024-07-23,Direct,0.0
2024-07-23,Email,8.45
2024-07-23,Organic Search,0.0
2024-07-23,Paid Search,635.11
2024-07-23,Referral,41.8
2024-07-23,Social,609.27
2024-07-24,Direct,0.0
2024-07-24,Email,3.84
2024-07-24,Organic Search,0.0
2024-07-24,Paid Search,597.39
2024-07-24,Referral,26.13
2024-07-24,Social,299.57
2024-07-25,Direct,0.0
2024-07-25,Email,3.2
2024-07-25,Organic Search,0.0
2024-07-25,Paid Search,901.94
2024-07-25,Referral,34.0
2024-07-25,Social,82.67
2024-07-26,Direct,0.0
2024-07-26,Email,9.91
2024-07-26,Organic Search,0.0
2024-07-26,Paid Search,844.71
2024-07-26,Referral,19.8
2024-07-26,Social,161.08
2024-07-27,Direct,0.0
2024-07-27,Email,3.17
2024-07-27,Organic Search,0.0
2024-07-27,Paid Search,928.14
2024-07-27,Referral,60.21
2024-07-27,Social,281.52
2024-07-28,Direct,0.0
2024-07-28,Email,0.67
2024-07-28,Organic Search,0.0
2024-07-28,Paid Search,1579.79
2024-07-28,Referral,12.62
2024-07-28,Social,368.81
2024-07-29,Direct,0.0
2024-07-29,Email,7.09
2024-07-29,Organic Search,0.0
2024-07-29,Paid Search,340.62
2024-07-29,Referral,86.9
2024-07-29,Social,156.33
2024-07-30,Direct,0.0
2024-07-30,Email,4.11
2024-07-30,Organic Search,0.0
2024-07-30,Paid Search,1675.5
2024-07-30,Referral,12.24
2024-07-30,Social,102.62
2024-07-31,Direct,0.0
2024-07-31,Email,5.32
2024-07-31,Organic Search,0.0
2024-07-31,Paid Search,379.44
2024-07-31,Referral,9.68
2024-07-31,Social,154.34
2024-08-01,Direct,0.0
2024-08-01,Email,2.23
2024-08-01,Organic Search,0.0
2024-08-01,Paid Search,857.47
2024-08-01,Referral,41.35
2024-08-01,Social,228.05
2024-08-02,Direct,0.0
2024-08-02,Email,6.82
2024-08-02,Organic Search,0.0
2024-08-02,Paid Search,856.03
2024-08-02,Referral,38.3
2024-08-02,Social,312.63
2024-08-03,Direct,0.0
2024-08-03,Email,2.03
2024-08-03,Organic Search,0.0
2024-08-03,Paid Search,414.11
2024-08-03,Referral,19.36
2024-08-03,Social,216.87
2024-08-04,Direct,0.0
2024-08-04,Email,5.7
2024-08-04,Organic Search,0.0
2024-08-04,Paid Search,476.74
2024-08-04,Referral,32.5
2024-08-04,Social,151.6
2024-08-05,Direct,0.0
2024-08-05,Email,1.7
2024-08-05,Organic Search,0.0
2024-08-05,Paid Search,592.85
2024-08-05,Referral,99.59
2024-08-05,Social,316.42
2024-08-06,Direct,0.0
2024-08-06,Email,10.39
2024-08-06,Organic Search,0.0
2024-08-06,Paid Search,1353.94
2024-08-06,Referral,42.55
2024-08-06,Social,241.93
2024-08-07,Direct,0.0
2024-08-07,Email,11.75
2024-08-07,Organic Search,0.0
2024-08-07,Paid Search,861.08
2024-08-07,Referral,44.97
2024-08-07,Social,321.75
2024-08-08,Direct,0.0
2024-08-08,Email,7.17
2024-08-08,Organic Search,0.0
2024-08-08,Paid Search,436.0
2024-08-08,Referral,40.6
2024-08-08,Social,266.53
2024-08-09,Direct,0.0
2024-08-09,Email,1.52
2024-08-09,Organic Search,0.0
2024-08-09,Paid Search,780.45
2024-08-09,Referral,25.08
2024-08-09,Social,555.95
2024-08-10,Direct,0.0
2024-08-10,Email,12.68
2024-08-10,Organic Search,0.0
2024-08-10,Paid Search,659.53
2024-08-10,Referral,28.02
2024-08-10,Social,248.07
2024-08-11,Direct,0.0
2024-08-11,Email,7.01
2024-08-11,Organic Search,0.0
2024-08-11,Paid Search,286.98
2024-08-11,Referral,94.54
2024-08-11,Social,225.53
2024-08-12,Direct,0.0
2024-08-12,Email,3.07
2024-08-12,Organic Search,0.0
2024-08-12,Paid Search,747.93
2024-08-12,Referral,50.61
2024-08-12,Social,318.7
2024-08-13,Direct,0.0
2024-08-13,Email,5.26
2024-08-13,Organic Search,0.0
2024-08-13,Paid Search,1309.86
2024-08-13,Referral,79.66
2024-08-13,Social,259.47
2024-08-14,Direct,0.0
2024-08-14,Email,0.74
2024-08-14,Organic Search,0.0
2024-08-14,Paid Search,403.28
2024-08-14,Referral,34.07
2024-08-14,Social,399.28
2024-08-15,Direct,0.0
2024-08-15,Email,3.03
2024-08-15,Organic Search,0.0
2024-08-15,Paid Search,807.63
2024-08-15,Referral,26.97
2024-08-15,Social,284.0
2024-08-16,Direct,0.0
2024-08-16,Email,6.95
2024-08-16,Organic Search,0.0
2024-08-16,Paid Search,252.99
2024-08-16,Referral,24.05
2024-08-16,Social,214.09
2024-08-17,Direct,0.0
2024-08-17,Email,5.64
2024-08-17,Organic Search,0.0
2024-08-17,Paid Search,558.17
2024-08-17,Referral,67.11
2024-08-17,Social,1280.14
2024-08-18,Direct,0.0
2024-08-18,Email,3.57
2024-08-18,Organic Search,0.0
2024-08-18,Paid Search,1106.56
2024-08-18,Referral,150.2
2024-08-18,Social,455.75
2024-08-19,Direct,0.0
2024-08-19,Email,6.6
2024-08-19,Organic Search,0.0
2024-08-19,Paid Search,1473.71
2024-08-19,Referral,16.39
2024-08-19,Social,114.78
2024-08-20,Direct,0.0
2024-08-20,Email,3.4
2024-08-20,Organic Search,0.0
2024-08-20,Paid Search,382.93
2024-08-20,Referral,98.37
2024-08-20,Social,328.19
2024-08-21,Direct,0.0
2024-08-21,Email,7.84
2024-08-21,Organic Search,0.0
2024-08-21,Paid Search,641.82
2024-08-21,Referral,65.3
2024-08-21,Social,196.4
2024-08-22,Direct,0.0
2024-08-22,Email,0.49
2024-08-22,Organic Search,0.0
2024-08-22,Paid Search,741.27
2024-08-22,Referral,29.88
2024-08-22,Social,604.41
2024-08-23,Direct,0.0
2024-08-23,Email,1.93
2024-08-23,Organic Search,0.0
2024-08-23,Paid Search,663.72
2024-08-23,Referral,29.36
2024-08-23,Social,676.57
2024-08-24,Direct,0.0
2024-08-24,Email,7.16
2024-08-24,Organic Search,0.0
2024-08-24,Paid Search,1663.51
2024-08-24,Referral,55.05
2024-08-24,Social,157.54
2024-08-25,Direct,0.0
2024-08-25,Email,18.06
2024-08-25,Organic Search,0.0
2024-08-25,Paid Search,426.89
2024-08-25,Referral,114.99
2024-08-25,Social,236.27
2024-08-26,Direct,0.0
2024-08-26,Email,11.08
2024-08-26,Organic Search,0.0
2024-08-26,Paid Search,318.79
2024-08-26,Referral,55.34
2024-08-26,Social,422.49
2024-08-27,Direct,0.0
2024-08-27,Email,1.66
2024-08-27,Organic Search,0.0
2024-08-27,Paid Search,552.62
2024-08-27,Referral,139.01
2024-08-27,Social,409.05
2024-08-28,Direct,0.0
2024-08-28,Email,5.9
2024-08-28,Organic Search,0.0
2024-08-28,Paid Search,1201.95
2024-08-28,Referral,7.87
2024-08-28,Social,366.63
2024-08-29,Direct,0.0
2024-08-29,Email,13.16
2024-08-29,Organic Search,0.0
2024-08-29,Paid Search,883.62
2024-08-29,Referral,32.47
2024-08-29,Social,505.52
2024-08-30,Direct,0.0
2024-08-30,Email,2.21
2024-08-30,Organic Search,0.0
2024-08-30,Paid Search,425.92
2024-08-30,Referral,62.37
2024-08-30,Social,307.39
2024-08-31,Direct,0.0
2024-08-31,Email,8.62
2024-08-31,Organic Search,0.0
2024-08-31,Paid Search,588.52
2024-08-31,Referral,33.39
2024-08-31,Social,469.2
2024-09-01,Direct,0.0
2024-09-01,Email,4.37
2024-09-01,Organic Search,0.0
2024-09-01,Paid Search,490.2
2024-09-01,Referral,9.75
2024-09-01,Social,356.03
2024-09-02,Direct,0.0
2024-09-02,Email,11.21
2024-09-02,Organic Search,0.0
2024-09-02,Paid Search,557.13
2024-09-02,Referral,47.61
2024-09-02,Social,367.11
2024-09-03,Direct,0.0
2024-09-03,Email,6.31
2024-09-03,Organic Search,0.0
2024-09-03,Paid Search,181.51
2024-09-03,Referral,3.8
2024-09-03,Social,311.28
2024-09-04,Direct,0.0
2024-09-04,Email,0.99
2024-09-04,Organic Search,0.0
2024-09-04,Paid Search,1157.23
2024-09-04,Referral,19.63
2024-09-04,Social,275.18
2024-09-05,Direct,0.0
2024-09-05,Email,4.07
2024-09-05,Organic Search,0.0
2024-09-05,Paid Search,1737.44
2024-09-05,Referral,73.65
2024-09-05,Social,422.87
2024-09-06,Direct,0.0
2024-09-06,Email,4.21
2024-09-06,Organic Search,0.0
2024-09-06,Paid Search,503.89
2024-09-06,Referral,43.7
2024-09-06,Social,762.01
2024-09-07,Direct,0.0
2024-09-07,Email,1.72
2024-09-07,Organic Search,0.0
2024-09-07,Paid Search,864.05
2024-09-07,Referral,15.75
2024-09-07,Social,132.86
2024-09-08,Direct,0.0
2024-09-08,Email,4.09
2024-09-08,Organic Search,0.0
2024-09-08,Paid Search,540.48
2024-09-08,Referral,30.93
2024-09-08,Social,94.21
2024-09-09,Direct,0.0
2024-09-09,Email,2.55
2024-09-09,Organic Search,0.0
2024-09-09,Paid Search,565.65
2024-09-09,Referral,36.74
2024-09-09,Social,895.45
2024-09-10,Direct,0.0
2024-09-10,Email,6.2
2024-09-10,Organic Search,0.0
2024-09-10,Paid Search,831.06
2024-09-10,Referral,19.97
2024-09-10,Social,839.37
2024-09-11,Direct,0.0
2024-09-11,Email,4.73
2024-09-11,Organic Search,0.0
2024-09-11,Paid Search,627.6
2024-09-11,Referral,15.22
2024-09-11,Social,215.74
2024-09-12,Direct,0.0
2024-09-12,Email,8.02
2024-09-12,Organic Search,0.0
2024-09-12,Paid Search,1472.52
2024-09-12,Referral,71.66
2024-09-12,Social,355.93
2024-09-13,Direct,0.0
2024-09-13,Email,3.02
2024-09-13,Organic Search,0.0
2024-09-13,Paid Search,1201.43
2024-09-13,Referral,25.88
2024-09-13,Social,315.6
2024-09-14,Direct,0.0
2024-09-14,Email,6.96
2024-09-14,Organic Search,0.0
2024-09-14,Paid Search,611.42
2024-09-14,Referral,3.51
2024-09-14,Social,377.42
2024-09-15,Direct,0.0
2024-09-15,Email,2.95
2024-09-15,Organic Search,0.0
2024-09-15,Paid Search,628.95
2024-09-15,Referral,61.48
2024-09-15,Social,413.67
2024-09-16,Direct,0.0
2024-09-16,Email,10.92
2024-09-16,Organic Search,0.0
2024-09-16,Paid Search,1323.48
2024-09-16,Referral,26.53
2024-09-16,Social,222.18
2024-09-17,Direct,0.0
2024-09-17,Email,3.76
2024-09-17,Organic Search,0.0
2024-09-17,Paid Search,373.05
2024-09-17,Referral,57.99
2024-09-17,Social,155.42
2024-09-18,Direct,0.0
2024-09-18,Email,5.42
2024-09-18,Organic Search,0.0
2024-09-18,Paid Search,588.96
2024-09-18,Referral,15.63
2024-09-18,Social,128.27
2024-09-19,Direct,0.0
2024-09-19,Email,3.72
2024-09-19,Organic Search,0.0
2024-09-19,Paid Search,1186.16
2024-09-19,Referral,14.66
2024-09-19,Social,217.31
2024-09-20,Direct,0.0
2024-09-20,Email,3.41
2024-09-20,Organic Search,0.0
2024-09-20,Paid Search,1572.96
2024-09-20,Referral,11.61
2024-09-20,Social,229.02
2024-09-21,Direct,0.0
2024-09-21,Email,7.24
2024-09-21,Organic Search,0.0
2024-09-21,Paid Search,635.16
2024-09-21,Referral,13.43
2024-09-21,Social,318.49
2024-09-22,Direct,0.0
2024-09-22,Email,3.53
2024-09-22,Organic Search,0.0
2024-09-22,Paid Search,707.14
2024-09-22,Referral,109.25
2024-09-22,Social,325.59
2024-09-23,Direct,0.0
2024-09-23,Email,1.28
2024-09-23,Organic Search,0.0
2024-09-23,Paid Search,495.8
2024-09-23,Referral,5.54
2024-09-23,Social,254.71
2024-09-24,Direct,0.0
2024-09-24,Email,5.41
2024-09-24,Organic Search,0.0
2024-09-24,Paid Search,478.67
2024-09-24,Referral,31.3
2024-09-24,Social,486.6
2024-09-25,Direct,0.0
2024-09-25,Email,11.55
2024-09-25,Organic Search,0.0
2024-09-25,Paid Search,346.38
2024-09-25,Referral,8.81
2024-09-25,Social,39.66
2024-09-26,Direct,0.0
2024-09-26,Email,7.8
2024-09-26,Organic Search,0.0
2024-09-26,Paid Search,818.01
2024-09-26,Referral,27.69
2024-09-26,Social,699.15
2024-09-27,Direct,0.0
2024-09-27,Email,5.65
2024-09-27,Organic Search,0.0
2024-09-27,Paid Search,784.66
2024-09-27,Referral,6.76
2024-09-27,Social,696.05
2024-09-28,Direct,0.0
2024-09-28,Email,21.51
2024-09-28,Organic Search,0.0
2024-09-28,Paid Search,374.91
2024-09-28,Referral,4.24
2024-09-28,Social,338.81
2024-09-29,Direct,0.0
2024-09-29,Email,1.99
2024-09-29,Organic Search,0.0
2024-09-29,Paid Search,1844.15
2024-09-29,Referral,11.29
2024-09-29,Social,1084.86
2024-09-30,Direct,0.0
2024-09-30,Email,4.51
2024-09-30,Organic Search,0.0
2024-09-30,Paid Search,853.08
2024-09-30,Referral,124.36
2024-09-30,Social,486.56
2024-10-01,Direct,0.0
2024-10-01,Email,1.67
2024-10-01,Organic Search,0.0
2024-10-01,Paid Search,962.65
2024-10-01,Referral,16.29
2024-10-01,Social,480.66
2024-10-02,Direct,0.0
2024-10-02,Email,2.46
2024-10-02,Organic Search,0.0
2024-10-02,Paid Search,656.69
2024-10-02,Referral,38.01
2024-10-02,Social,280.68
2024-10-03,Direct,0.0
2024-10-03,Email,1.64
2024-10-03,Organic Search,0.0
2024-10-03,Paid Search,1762.29
2024-10-03,Referral,24.78
2024-10-03,Social,250.46
2024-10-04,Direct,0.0
2024-10-04,Email,1.82
2024-10-04,Organic Search,0.0
2024-10-04,Paid Search,1215.68
2024-10-04,Referral,75.39
2024-10-04,Social,258.87
2024-10-05,Direct,0.0
2024-10-05,Email,2.76
2024-10-05,Organic Search,0.0
2024-10-05,Paid Search,478.16
2024-10-05,Referral,83.25
2024-10-05,Social,277.75
2024-10-06,Direct,0.0
2024-10-06,Email,6.77
2024-10-06,Organic Search,0.0
2024-10-06,Paid Search,660.93
2024-10-06,Referral,52.4
2024-10-06,Social,133.75
2024-10-07,Direct,0.0
2024-10-07,Email,2.39
2024-10-07,Organic Search,0.0
2024-10-07,Paid Search,837.35
2024-10-07,Referral,10.11
2024-10-07,Social,102.86
2024-10-08,Direct,0.0
2024-10-08,Email,4.86
2024-10-08,Organic Search,0.0
2024-10-08,Paid Search,290.35
2024-10-08,Referral,53.88
2024-10-08,Social,269.22
2024-10-09,Direct,0.0
2024-10-09,Email,18.41
2024-10-09,Organic Search,0.0
2024-10-09,Paid Search,722.04
2024-10-09,Referral,77.07
2024-10-09,Social,158.24
2024-10-10,Direct,0.0
2024-10-10,Email,4.77
2024-10-10,Organic Search,0.0
2024-10-10,Paid Search,210.89
2024-10-10,Referral,24.45
2024-10-10,Social,484.69
2024-10-11,Direct,0.0
2024-10-11,Email,2.04
2024-10-11,Organic Search,0.0
2024-10-11,Paid Search,230.92
2024-10-11,Referral,23.41
2024-10-11,Social,233.03
2024-10-12,Direct,0.0
2024-10-12,Email,11.83
2024-10-12,Organic Search,0.0
2024-10-12,Paid Search,1227.53
2024-10-12,Referral,41.18
2024-10-12,Social,300.43
2024-10-13,Direct,0.0
2024-10-13,Email,6.03
2024-10-13,Organic Search,0.0
2024-10-13,Paid Search,557.34
2024-10-13,Referral,26.4
2024-10-13,Social,344.78
2024-10-14,Direct,0.0
2024-10-14,Email,6.08
2024-10-14,Organic Search,0.0
2024-10-14,Paid Search,342.94
2024-10-14,Referral,44.78
2024-10-14,Social,501.96
2024-10-15,Direct,0.0
2024-10-15,Email,2.19
2024-10-15,Organic Search,0.0
2024-10-15,Paid Search,983.4
2024-10-15,Referral,19.01
2024-10-15,Social,184.44
2024-10-16,Direct,0.0
2024-10-16,Email,4.15
2024-10-16,Organic Search,0.0
2024-10-16,Paid Search,1391.66
2024-10-16,Referral,34.83
2024-10-16,Social,225.8
2024-10-17,Direct,0.0
2024-10-17,Email,5.0
2024-10-17,Organic Search,0.0
2024-10-17,Paid Search,703.74
2024-10-17,Referral,44.89
2024-10-17,Social,755.54
2024-10-18,Direct,0.0
2024-10-18,Email,3.38
2024-10-18,Organic Search,0.0
2024-10-18,Paid Search,738.24
2024-10-18,Referral,86.78
2024-10-18,Social,307.09
2024-10-19,Direct,0.0
2024-10-19,Email,8.72
2024-10-19,Organic Search,0.0
2024-10-19,Paid Search,928.46
2024-10-19,Referral,85.52
2024-10-19,Social,595.77
2024-10-20,Direct,0.0
2024-10-20,Email,1.75
2024-10-20,Organic Search,0.0
2024-10-20,Paid Search,566.1
2024-10-20,Referral,17.77
2024-10-20,Social,191.16
2024-10-21,Direct,0.0
2024-10-21,Email,6.17
2024-10-21,Organic Search,0.0
2024-10-21,Paid Search,1108.77
2024-10-21,Referral,31.93
2024-10-21,Social,387.33
2024-10-22,Direct,0.0
2024-10-22,Email,1.8
2024-10-22,Organic Search,0.0
2024-10-22,Paid Search,1038.69
2024-10-22,Referral,13.08
2024-10-22,Social,300.16
2024-10-23,Direct,0.0
2024-10-23,Email,1.95
2024-10-23,Organic Search,0.0
2024-10-23,Paid Search,626.02
2024-10-23,Referral,66.51
2024-10-23,Social,284.19
2024-10-24,Direct,0.0
2024-10-24,Email,1.88
2024-10-24,Organic Search,0.0
2024-10-24,Paid Search,875.97
2024-10-24,Referral,16.58
2024-10-24,Social,143.67
2024-10-25,Direct,0.0
2024-10-25,Email,4.11
2024-10-25,Organic Search,0.0
2024-10-25,Paid Search,1191.64
2024-10-25,Referral,39.45
2024-10-25,Social,227.42
2024-10-26,Direct,0.0
2024-10-26,Email,4.53
2024-10-26,Organic Search,0.0
2024-10-26,Paid Search,1135.24
2024-10-26,Referral,7.36
2024-10-26,Social,216.02
2024-10-27,Direct,0.0
2024-10-27,Email,8.82
2024-10-27,Organic Search,0.0
2024-10-27,Paid Search,379.18
2024-10-27,Referral,59.13
2024-10-27,Social,501.35
2024-10-28,Direct,0.0
2024-10-28,Email,2.09
2024-10-28,Organic Search,0.0
2024-10-28,Paid Search,690.94
2024-10-28,Referral,26.43
2024-10-28,Social,458.64
2024-10-29,Direct,0.0
2024-10-29,Email,0.69
2024-10-29,Organic Search,0.0
2024-10-29,Paid Search,987.43
2024-10-29,Referral,69.57
2024-10-29,Social,366.08
2024-10-30,Direct,0.0
2024-10-30,Email,9.24
2024-10-30,Organic Search,0.0
2024-10-30,Paid Search,705.35
2024-10-30,Referral,42.98
2024-10-30,Social,491.07
2024-10-31,Direct,0.0
2024-10-31,Email,1.99
2024-10-31,Organic Search,0.0
2024-10-31,Paid Search,673.47
2024-10-31,Referral,6.05
2024-10-31,Social,120.44
2024-11-01,Direct,0.0
2024-11-01,Email,5.24
2024-11-01,Organic Search,0.0
2024-11-01,Paid Search,805.42
2024-11-01,Referral,105.93
2024-11-01,Social,245.7
2024-11-02,Direct,0.0
2024-11-02,Email,5.62
2024-11-02,Organic Search,0.0
2024-11-02,Paid Search,1497.28
2024-11-02,Referral,48.69
2024-11-02,Social,390.49
2024-11-03,Direct,0.0
2024-11-03,Email,5.59
2024-11-03,Organic Search,0.0
2024-11-03,Paid Search,624.16
2024-11-03,Referral,33.32
2024-11-03,Social,881.19
2024-11-04,Direct,0.0
2024-11-04,Email,5.18
2024-11-04,Organic Search,0.0
2024-11-04,Paid Search,835.0
2024-11-04,Referral,52.17
2024-11-04,Social,199.58
2024-11-05,Direct,0.0
2024-11-05,Email,9.36
2024-11-05,Organic Search,0.0
2024-11-05,Paid Search,884.52
2024-11-05,Referral,12.2
2024-11-05,Social,216.44
2024-11-06,Direct,0.0
2024-11-06,Email,6.96
2024-11-06,Organic Search,0.0
2024-11-06,Paid Search,554.16
2024-11-06,Referral,5.02
2024-11-06,Social,204.04
2024-11-07,Direct,0.0
2024-11-07,Email,6.08
2024-11-07,Organic Search,0.0
2024-11-07,Paid Search,855.13
2024-11-07,Referral,25.88
2024-11-07,Social,613.91
2024-11-08,Direct,0.0
2024-11-08,Email,4.65
2024-11-08,Organic Search,0.0
2024-11-08,Paid Search,688.97
2024-11-08,Referral,197.82
2024-11-08,Social,155.72
2024-11-09,Direct,0.0
2024-11-09,Email,3.27
2024-11-09,Organic Search,0.0
2024-11-09,Paid Search,776.15
2024-11-09,Referral,77.75
2024-11-09,Social,69.67
2024-11-10,Direct,0.0
2024-11-10,Email,3.4
2024-11-10,Organic Search,0.0
2024-11-10,Paid Search,677.62
2024-11-10,Referral,14.84
2024-11-10,Social,228.35
2024-11-11,Direct,0.0
2024-11-11,Email,9.98
2024-11-11,Organic Search,0.0
2024-11-11,Paid Search,363.88
2024-11-11,Referral,79.03
2024-11-11,Social,108.3
2024-11-12,Direct,0.0
2024-11-12,Email,2.96
2024-11-12,Organic Search,0.0
2024-11-12,Paid Search,618.84
2024-11-12,Referral,64.6
2024-11-12,Social,401.25
2024-11-13,Direct,0.0
2024-11-13,Email,3.12
2024-11-13,Organic Search,0.0
2024-11-13,Paid Search,856.6
2024-11-13,Referral,53.98
2024-11-13,Social,409.17
2024-11-14,Direct,0.0
2024-11-14,Email,1.33
2024-11-14,Organic Search,0.0
2024-11-14,Paid Search,889.07
2024-11-14,Referral,8.6
2024-11-14,Social,129.56
2024-11-15,Direct,0.0
2024-11-15,Email,3.65
2024-11-15,Organic Search,0.0
2024-11-15,Paid Search,815.21
2024-11-15,Referral,21.86
2024-11-15,Social,193.98
2024-11-16,Direct,0.0
2024-11-16,Email,2.96
2024-11-16,Organic Search,0.0
2024-11-16,Paid Search,823.44
2024-11-16,Referral,32.05
2024-11-16,Social,154.28
2024-11-17,Direct,0.0
2024-11-17,Email,8.13
2024-11-17,Organic Search,0.0
2024-11-17,Paid Search,1543.68
2024-11-17,Referral,52.79
2024-11-17,Social,287.94
2024-11-18,Direct,0.0
2024-11-18,Email,10.1
2024-11-18,Organic Search,0.0
2024-11-18,Paid Search,1118.62
2024-11-18,Referral,15.96
2024-11-18,Social,136.27
2024-11-19,Direct,0.0
2024-11-19,Email,5.9
2024-11-19,Organic Search,0.0
2024-11-19,Paid Search,537.13
2024-11-19,Referral,62.87
2024-11-19,Social,182.2
2024-11-20,Direct,0.0
2024-11-20,Email,6.39
2024-11-20,Organic Search,0.0
2024-11-20,Paid Search,754.16
2024-11-20,Referral,6.95
2024-11-20,Social,278.23
2024-11-21,Direct,0.0
2024-11-21,Email,7.68
2024-11-21,Organic Search,0.0
2024-11-21,Paid Search,1115.11
2024-11-21,Referral,24.25
2024-11-21,Social,599.32
2024-11-22,Direct,0.0
2024-11-22,Email,7.01
2024-11-22,Organic Search,0.0
2024-11-22,Paid Search,1025.89
2024-11-22,Referral,24.21
2024-11-22,Social,874.05
2024-11-23,Direct,0.0
2024-11-23,Email,4.47
2024-11-23,Organic Search,0.0
2024-11-23,Paid Search,407.83
2024-11-23,Referral,65.18
2024-11-23,Social,696.86
2024-11-24,Direct,0.0
2024-11-24,Email,5.61
2024-11-24,Organic Search,0.0
2024-11-24,Paid Search,1153.24
2024-11-24,Referral,8.54
2024-11-24,Social,392.75
2024-11-25,Direct,0.0
2024-11-25,Email,3.55
2024-11-25,Organic Search,0.0
2024-11-25,Paid Search,395.86
2024-11-25,Referral,30.3
2024-11-25,Social,310.69
2024-11-26,Direct,0.0
2024-11-26,Email,6.13
2024-11-26,Organic Search,0.0
2024-11-26,Paid Search,915.66
2024-11-26,Referral,32.53
2024-11-26,Social,444.38
2024-11-27,Direct,0.0
2024-11-27,Email,3.86
2024-11-27,Organic Search,0.0
2024-11-27,Paid Search,1639.76
2024-11-27,Referral,50.97
2024-11-27,Social,294.8
2024-11-28,Direct,0.0
2024-11-28,Email,4.78
2024-11-28,Organic Search,0.0
2024-11-28,Paid Search,435.5
2024-11-28,Referral,83.64
2024-11-28,Social,577.42
2024-11-29,Direct,0.0
2024-11-29,Email,0.72
2024-11-29,Organic Search,0.0
2024-11-29,Paid Search,703.75
2024-11-29,Referral,33.2
2024-11-29,Social,611.06
2024-11-30,Direct,0.0
2024-11-30,Email,7.13
2024-11-30,Organic Search,0.0
2024-11-30,Paid Search,479.87
2024-11-30,Referral,9.73
2024-11-30,Social,528.44
2024-12-01,Direct,0.0
2024-12-01,Email,5.82
2024-12-01,Organic Search,0.0
2024-12-01,Paid Search,1369.52
2024-12-01,Referral,68.91
2024-12-01,Social,234.8
2024-12-02,Direct,0.0
2024-12-02,Email,1.65
2024-12-02,Organic Search,0.0
2024-12-02,Paid Search,507.7
2024-12-02,Referral,9.88
2024-12-02,Social,236.18
2024-12-03,Direct,0.0
2024-12-03,Email,10.31
2024-12-03,Organic Search,0.0
2024-12-03,Paid Search,596.24
2024-12-03,Referral,102.53
2024-12-03,Social,183.17
2024-12-04,Direct,0.0
2024-12-04,Email,3.0
2024-12-04,Organic Search,0.0
2024-12-04,Paid Search,994.73
2024-12-04,Referral,52.1
2024-12-04,Social,246.5
2024-12-05,Direct,0.0
2024-12-05,Email,8.49
2024-12-05,Organic Search,0.0
2024-12-05,Paid Search,1002.07
2024-12-05,Referral,16.12
2024-12-05,Social,788.37
2024-12-06,Direct,0.0
2024-12-06,Email,4.47
2024-12-06,Organic Search,0.0
2024-12-06,Paid Search,664.84
2024-12-06,Referral,59.14
2024-12-06,Social,277.73
2024-12-07,Direct,0.0
2024-12-07,Email,5.87
2024-12-07,Organic Search,0.0
2024-12-07,Paid Search,779.57
2024-12-07,Referral,48.65
2024-12-07,Social,112.35
2024-12-08,Direct,0.0
2024-12-08,Email,4.7
2024-12-08,Organic Search,0.0
2024-12-08,Paid Search,413.44
2024-12-08,Referral,13.73
2024-12-08,Social,99.84
2024-12-09,Direct,0.0
2024-12-09,Email,10.54
2024-12-09,Organic Search,0.0
2024-12-09,Paid Search,730.39
2024-12-09,Referral,34.12
2024-12-09,Social,643.96
2024-12-10,Direct,0.0
2024-12-10,Email,7.01
2024-12-10,Organic Search,0.0
2024-12-10,Paid Search,849.82
2024-12-10,Referral,78.07
2024-12-10,Social,618.16
2024-12-11,Direct,0.0
2024-12-11,Email,3.09
2024-12-11,Organic Search,0.0
2024-12-11,Paid Search,726.24
2024-12-11,Referral,14.29
2024-12-11,Social,168.38
2024-12-12,Direct,0.0
2024-12-12,Email,1.47
2024-12-12,Organic Search,0.0
2024-12-12,Paid Search,589.55
2024-12-12,Referral,61.73
2024-12-12,Social,799.6
2024-12-13,Direct,0.0
2024-12-13,Email,8.94
2024-12-13,Organic Search,0.0
2024-12-13,Paid Search,953.45
2024-12-13,Referral,41.64
2024-12-13,Social,74.09
2024-12-14,Direct,0.0
2024-12-14,Email,7.34
2024-12-14,Organic Search,0.0
2024-12-14,Paid Search,566.82
2024-12-14,Referral,13.79
2024-12-14,Social,46.23
2024-12-15,Direct,0.0
2024-12-15,Email,2.87
2024-12-15,Organic Search,0.0
2024-12-15,Paid Search,824.58
2024-12-15,Referral,41.61
2024-12-15,Social,106.46
2024-12-16,Direct,0.0
2024-12-16,Email,3.64
2024-12-16,Organic Search,0.0
2024-12-16,Paid Search,1117.95
2024-12-16,Referral,96.27
2024-12-16,Social,228.5
2024-12-17,Direct,0.0
2024-12-17,Email,4.77
2024-12-17,Organic Search,0.0
2024-12-17,Paid Search,1227.79
2024-12-17,Referral,2.74
2024-12-17,Social,448.28
2024-12-18,Direct,0.0
2024-12-18,Email,1.77
2024-12-18,Organic Search,0.0
2024-12-18,Paid Search,1042.3
2024-12-18,Referral,6.12
2024-12-18,Social,132.33
2024-12-19,Direct,0.0
2024-12-19,Email,13.56
2024-12-19,Organic Search,0.0
2024-12-19,Paid Search,1256.61
2024-12-19,Referral,42.06
2024-12-19,Social,355.11
2024-12-20,Direct,0.0
2024-12-20,Email,2.66
2024-12-20,Organic Search,0.0
2024-12-20,Paid Search,663.28
2024-12-20,Referral,15.87
2024-12-20,Social,743.57
2024-12-21,Direct,0.0
2024-12-21,Email,3.05
2024-12-21,Organic Search,0.0
2024-12-21,Paid Search,620.24
2024-12-21,Referral,43.53
2024-12-21,Social,105.98
2024-12-22,Direct,0.0
2024-12-22,Email,1.58
2024-12-22,Organic Search,0.0
2024-12-22,Paid Search,1103.02
2024-12-22,Referral,233.87
2024-12-22,Social,189.29
2024-12-23,Direct,0.0
2024-12-23,Email,1.39
2024-12-23,Organic Search,0.0
2024-12-23,Paid Search,615.25
2024-12-23,Referral,21.04
2024-12-23,Social,1025.77
2024-12-24,Direct,0.0
2024-12-24,Email,2.69
2024-12-24,Organic Search,0.0
2024-12-24,Paid Search,382.57
2024-12-24,Referral,130.65
2024-12-24,Social,154.24
2024-12-25,Direct,0.0
2024-12-25,Email,11.59
2024-12-25,Organic Search,0.0
2024-12-25,Paid Search,1313.16
2024-12-25,Referral,52.42
2024-12-25,Social,371.49
2024-12-26,Direct,0.0
2024-12-26,Email,8.54
2024-12-26,Organic Search,0.0
2024-12-26,Paid Search,1343.72
2024-12-26,Referral,77.16
2024-12-26,Social,295.41
2024-12-27,Direct,0.0
2024-12-27,Email,5.23
2024-12-27,Organic Search,0.0
2024-12-27,Paid Search,893.59
2024-12-27,Referral,38.49
2024-12-27,Social,828.02
2024-12-28,Direct,0.0
2024-12-28,Email,2.87
2024-12-28,Organic Search,0.0
2024-12-28,Paid Search,558.14
2024-12-28,Referral,107.54
2024-12-28,Social,151.69
2024-12-29,Direct,0.0
2024-12-29,Email,3.32
2024-12-29,Organic Search,0.0
2024-12-29,Paid Search,291.74
2024-12-29,Referral,47.95
2024-12-29,Social,752.6
2024-12-30,Direct,0.0
2024-12-30,Email,5.61
2024-12-30,Organic Search,0.0
2024-12-30,Paid Search,659.67
2024-12-30,Referral,40.51
2024-12-30,Social,482.18
2024-12-31,Direct,0.0
2024-12-31,Email,5.11
2024-12-31,Organic Search,0.0
2024-12-31,Paid Search,381.63
2024-12-31,Referral,2.66
2024-12-31,Social,235.92
2025-01-01,Direct,0.0
2025-01-01,Email,10.58
2025-01-01,Organic Search,0.0
2025-01-01,Paid Search,821.51
2025-01-01,Referral,30.66
2025-01-01,Social,644.3
2025-01-02,Direct,0.0
2025-01-02,Email,4.41
2025-01-02,Organic Search,0.0
2025-01-02,Paid Search,629.53
2025-01-02,Referral,11.99
2025-01-02,Social,329.26
2025-01-03,Direct,0.0
2025-01-03,Email,7.13
2025-01-03,Organic Search,0.0
2025-01-03,Paid Search,536.52
2025-01-03,Referral,51.38
2025-01-03,Social,758.97
2025-01-04,Direct,0.0
2025-01-04,Email,11.12
2025-01-04,Organic Search,0.0
2025-01-04,Paid Search,1411.69
2025-01-04,Referral,20.88
2025-01-04,Social,292.7
2025-01-05,Direct,0.0
2025-01-05,Email,8.22
2025-01-05,Organic Search,0.0
2025-01-05,Paid Search,576.67
2025-01-05,Referral,66.27
2025-01-05,Social,360.59
2025-01-06,Direct,0.0
2025-01-06,Email,6.09
2025-01-06,Organic Search,0.0
2025-01-06,Paid Search,894.05
2025-01-06,Referral,21.11
2025-01-06,Social,151.11
2025-01-07,Direct,0.0
2025-01-07,Email,10.48
2025-01-07,Organic Search,0.0
2025-01-07,Paid Search,740.83
2025-01-07,Referral,17.78
2025-01-07,Social,263.91
2025-01-08,Direct,0.0
2025-01-08,Email,7.56
2025-01-08,Organic Search,0.0
2025-01-08,Paid Search,1161.36
2025-01-08,Referral,27.04
2025-01-08,Social,353.29
2025-01-09,Direct,0.0
2025-01-09,Email,4.98
2025-01-09,Organic Search,0.0
2025-01-09,Paid Search,343.54
2025-01-09,Referral,87.54
2025-01-09,Social,129.59
2025-01-10,Direct,0.0
2025-01-10,Email,6.27
2025-01-10,Organic Search,0.0
2025-01-10,Paid Search,991.39
2025-01-10,Referral,55.34
2025-01-10,Social,248.17
2025-01-11,Direct,0.0
2025-01-11,Email,5.76
2025-01-11,Organic Search,0.0
2025-01-11,Paid Search,354.11
2025-01-11,Referral,39.18
2025-01-11,Social,668.94
2025-01-12,Direct,0.0
2025-01-12,Email,1.64
2025-01-12,Organic Search,0.0
2025-01-12,Paid Search,1029.02
2025-01-12,Referral,29.41
2025-01-12,Social,277.57
2025-01-13,Direct,0.0
2025-01-13,Email,12.05
2025-01-13,Organic Search,0.0
2025-01-13,Paid Search,472.8
2025-01-13,Referral,35.39
2025-01-13,Social,542.31
2025-01-14,Direct,0.0
2025-01-14,Email,5.91
2025-01-14,Organic Search,0.0
2025-01-14,Paid Search,434.12
2025-01-14,Referral,7.31
2025-01-14,Social,143.95
2025-01-15,Direct,0.0
2025-01-15,Email,2.9
2025-01-15,Organic Search,0.0
2025-01-15,Paid Search,288.56
2025-01-15,Referral,56.61
2025-01-15,Social,185.99
2025-01-16,Direct,0.0
2025-01-16,Email,7.66
2025-01-16,Organic Search,0.0
2025-01-16,Paid Search,722.59
2025-01-16,Referral,50.34
2025-01-16,Social,161.82
2025-01-17,Direct,0.0
2025-01-17,Email,7.79
2025-01-17,Organic Search,0.0
2025-01-17,Paid Search,1164.96
2025-01-17,Referral,44.95
2025-01-17,Social,826.27
2025-01-18,Direct,0.0
2025-01-18,Email,4.99
2025-01-18,Organic Search,0.0
2025-01-18,Paid Search,742.74
2025-01-18,Referral,9.39
2025-01-18,Social,186.06
2025-01-19,Direct,0.0
2025-01-19,Email,4.97
2025-01-19,Organic Search,0.0
2025-01-19,Paid Search,899.53
2025-01-19,Referral,54.04
2025-01-19,Social,292.42
2025-01-20,Direct,0.0
2025-01-20,Email,1.02
2025-01-20,Organic Search,0.0
2025-01-20,Paid Search,2003.31
2025-01-20,Referral,32.1
2025-01-20,Social,306.5
2025-01-21,Direct,0.0
2025-01-21,Email,2.71
2025-01-21,Organic Search,0.0
2025-01-21,Paid Search,429.38
2025-01-21,Referral,20.73
2025-01-21,Social,246.37
2025-01-22,Direct,0.0
2025-01-22,Email,4.19
2025-01-22,Organic Search,0.0
2025-01-22,Paid Search,453.87
2025-01-22,Referral,12.19
2025-01-22,Social,150.71
2025-01-23,Direct,0.0
2025-01-23,Email,7.77
2025-01-23,Organic Search,0.0
2025-01-23,Paid Search,1352.98
2025-01-23,Referral,114.34
2025-01-23,Social,246.81
2025-01-24,Direct,0.0
2025-01-24,Email,1.28
2025-01-24,Organic Search,0.0
2025-01-24,Paid Search,946.39
2025-01-24,Referral,59.6
2025-01-24,Social,404.99
2025-01-25,Direct,0.0
2025-01-25,Email,2.06
2025-01-25,Organic Search,0.0
2025-01-25,Paid Search,678.23
2025-01-25,Referral,41.63
2025-01-25,Social,661.85
2025-01-26,Direct,0.0
2025-01-26,Email,5.8
2025-01-26,Organic Search,0.0
2025-01-26,Paid Search,860.05
2025-01-26,Referral,14.12
2025-01-26,Social,98.44
2025-01-27,Direct,0.0
2025-01-27,Email,3.87
2025-01-27,Organic Search,0.0
2025-01-27,Paid Search,1107.96
2025-01-27,Referral,89.15
2025-01-27,Social,207.12
2025-01-28,Direct,0.0
2025-01-28,Email,11.39
2025-01-28,Organic Search,0.0
2025-01-28,Paid Search,271.73
2025-01-28,Referral,39.78
2025-01-28,Social,119.35
2025-01-29,Direct,0.0
2025-01-29,Email,24.97
2025-01-29,Organic Search,0.0
2025-01-29,Paid Search,516.68
2025-01-29,Referral,18.2
2025-01-29,Social,887.25
2025-01-30,Direct,0.0
2025-01-30,Email,3.36
2025-01-30,Organic Search,0.0
2025-01-30,Paid Search,1252.02
2025-01-30,Referral,17.38
2025-01-30,Social,241.3
2025-01-31,Direct,0.0
2025-01-31,Email,2.19
2025-01-31,Organic Search,0.0
2025-01-31,Paid Search,340.77
2025-01-31,Referral,17.35
2025-01-31,Social,667.03
2025-02-01,Direct,0.0
2025-02-01,Email,5.68
2025-02-01,Organic Search,0.0
2025-02-01,Paid Search,861.84
2025-02-01,Referral,51.31
2025-02-01,Social,408.13
2025-02-02,Direct,0.0
2025-02-02,Email,6.32
2025-02-02,Organic Search,0.0
2025-02-02,Paid Search,667.15
2025-02-02,Referral,15.48
2025-02-02,Social,307.79
2025-02-03,Direct,0.0
2025-02-03,Email,8.13
2025-02-03,Organic Search,0.0
2025-02-03,Paid Search,440.14
2025-02-03,Referral,43.56
2025-02-03,Social,388.54
2025-02-04,Direct,0.0
2025-02-04,Email,16.63
2025-02-04,Organic Search,0.0
2025-02-04,Paid Search,571.62
2025-02-04,Referral,15.03
2025-02-04,Social,163.03
2025-02-05,Direct,0.0
2025-02-05,Email,4.46
2025-02-05,Organic Search,0.0
2025-02-05,Paid Search,1235.99
2025-02-05,Referral,64.39
2025-02-05,Social,339.34
2025-02-06,Direct,0.0
2025-02-06,Email,4.02
2025-02-06,Organic Search,0.0
2025-02-06,Paid Search,473.42
2025-02-06,Referral,33.37
2025-02-06,Social,240.43
2025-02-07,Direct,0.0
2025-02-07,Email,3.64
2025-02-07,Organic Search,0.0
2025-02-07,Paid Search,574.27
2025-02-07,Referral,116.42
2025-02-07,Social,531.29
2025-02-08,Direct,0.0
2025-02-08,Email,3.43
2025-02-08,Organic Search,0.0
2025-02-08,Paid Search,1199.26
2025-02-08,Referral,31.72
2025-02-08,Social,654.03
2025-02-09,Direct,0.0
2025-02-09,Email,6.11
2025-02-09,Organic Search,0.0
2025-02-09,Paid Search,1390.17
2025-02-09,Referral,18.94
2025-02-09,Social,476.7
2025-02-10,Direct,0.0
2025-02-10,Email,1.78
2025-02-10,Organic Search,0.0
2025-02-10,Paid Search,791.57
2025-02-10,Referral,32.12
2025-02-10,Social,479.57
2025-02-11,Direct,0.0
2025-02-11,Email,2.88
2025-02-11,Organic Search,0.0
2025-02-11,Paid Search,721.07
2025-02-11,Referral,57.73
2025-02-11,Social,298.74
2025-02-12,Direct,0.0
2025-02-12,Email,5.06
2025-02-12,Organic Search,0.0
2025-02-12,Paid Search,573.7
2025-02-12,Referral,34.46
2025-02-12,Social,373.92
2025-02-13,Direct,0.0
2025-02-13,Email,7.05
2025-02-13,Organic Search,0.0
2025-02-13,Paid Search,612.12
2025-02-13,Referral,25.33
2025-02-13,Social,167.47
2025-02-14,Direct,0.0
2025-02-14,Email,4.16
2025-02-14,Organic Search,0.0
2025-02-14,Paid Search,975.14
2025-02-14,Referral,34.48
2025-02-14,Social,93.05
2025-02-15,Direct,0.0
2025-02-15,Email,4.66
2025-02-15,Organic Search,0.0
2025-02-15,Paid Search,1033.6
2025-02-15,Referral,44.93
2025-02-15,Social,586.14
2025-02-16,Direct,0.0
2025-02-16,Email,5.64
2025-02-16,Organic Search,0.0
2025-02-16,Paid Search,337.48
2025-02-16,Referral,14.43
2025-02-16,Social,170.83
2025-02-17,Direct,0.0
2025-02-17,Email,6.04
2025-02-17,Organic Search,0.0
2025-02-17,Paid Search,680.74
2025-02-17,Referral,87.59
2025-02-17,Social,364.53
2025-02-18,Direct,0.0
2025-02-18,Email,3.59
2025-02-18,Organic Search,0.0
2025-02-18,Paid Search,1023.15
2025-02-18,Referral,103.63
2025-02-18,Social,477.18
2025-02-19,Direct,0.0
2025-02-19,Email,3.8
2025-02-19,Organic Search,0.0
2025-02-19,Paid Search,920.1
2025-02-19,Referral,9.45
2025-02-19,Social,844.39
2025-02-20,Direct,0.0
2025-02-20,Email,3.64
2025-02-20,Organic Search,0.0
2025-02-20,Paid Search,299.96
2025-02-20,Referral,61.22
2025-02-20,Social,288.6
2025-02-21,Direct,0.0
2025-02-21,Email,10.16
2025-02-21,Organic Search,0.0
2025-02-21,Paid Search,690.72
2025-02-21,Referral,38.66
2025-02-21,Social,151.12
2025-02-22,Direct,0.0
2025-02-22,Email,3.78
2025-02-22,Organic Search,0.0
2025-02-22,Paid Search,400.69
2025-02-22,Referral,24.11
2025-02-22,Social,188.86
2025-02-23,Direct,0.0
2025-02-23,Email,3.36
2025-02-23,Organic Search,0.0
2025-02-23,Paid Search,1948.11
2025-02-23,Referral,87.31
2025-02-23,Social,970.97
2025-02-24,Direct,0.0
2025-02-24,Email,10.85
2025-02-24,Organic Search,0.0
2025-02-24,Paid Search,498.55
2025-02-24,Referral,36.91
2025-02-24,Social,289.79
2025-02-25,Direct,0.0
2025-02-25,Email,9.08
2025-02-25,Organic Search,0.0
2025-02-25,Paid Search,710.17
2025-02-25,Referral,36.38
2025-02-25,Social,235.88
2025-02-26,Direct,0.0
2025-02-26,Email,6.65
2025-02-26,Organic Search,0.0
2025-02-26,Paid Search,825.3
2025-02-26,Referral,57.29
2025-02-26,Social,435.68
2025-02-27,Direct,0.0
2025-02-27,Email,5.15
2025-02-27,Organic Search,0.0
2025-02-27,Paid Search,1126.71
2025-02-27,Referral,52.09
2025-02-27,Social,103.17
2025-02-28,Direct,0.0
2025-02-28,Email,10.27
2025-02-28,Organic Search,0.0
2025-02-28,Paid Search,1291.02
2025-02-28,Referral,35.63
2025-02-28,Social,302.12
2025-03-01,Direct,0.0
2025-03-01,Email,2.45
2025-03-01,Organic Search,0.0
2025-03-01,Paid Search,899.86
2025-03-01,Referral,48.29
2025-03-01,Social,144.18
2025-03-02,Direct,0.0
2025-03-02,Email,3.43
2025-03-02,Organic Search,0.0
2025-03-02,Paid Search,1083.8
2025-03-02,Referral,74.04
2025-03-02,Social,545.74
2025-03-03,Direct,0.0
2025-03-03,Email,18.13
2025-03-03,Organic Search,0.0
2025-03-03,Paid Search,887.52
2025-03-03,Referral,20.17
2025-03-03,Social,121.75
2025-03-04,Direct,0.0
2025-03-04,Email,7.02
2025-03-04,Organic Search,0.0
2025-03-04,Paid Search,930.39
2025-03-04,Referral,54.08
2025-03-04,Social,152.16
2025-03-05,Direct,0.0
2025-03-05,Email,9.1
2025-03-05,Organic Search,0.0
2025-03-05,Paid Search,1049.78
2025-03-05,Referral,14.56
2025-03-05,Social,257.63
2025-03-06,Direct,0.0
2025-03-06,Email,4.54
2025-03-06,Organic Search,0.0
2025-03-06,Paid Search,1004.26
2025-03-06,Referral,14.67
2025-03-06,Social,263.83
2025-03-07,Direct,0.0
2025-03-07,Email,7.7
2025-03-07,Organic Search,0.0
2025-03-07,Paid Search,992.33
2025-03-07,Referral,16.29
2025-03-07,Social,236.02
2025-03-08,Direct,0.0
2025-03-08,Email,3.18
2025-03-08,Organic Search,0.0
2025-03-08,Paid Search,669.89
2025-03-08,Referral,90.5
2025-03-08,Social,306.33
2025-03-09,Direct,0.0
2025-03-09,Email,2.61
2025-03-09,Organic Search,0.0
2025-03-09,Paid Search,1181.92
2025-03-09,Referral,1.86
2025-03-09,Social,422.25
2025-03-10,Direct,0.0
2025-03-10,Email,10.79
2025-03-10,Organic Search,0.0
2025-03-10,Paid Search,437.25
2025-03-10,Referral,69.71
2025-03-10,Social,190.67
2025-03-11,Direct,0.0
2025-03-11,Email,4.0
2025-03-11,Organic Search,0.0
2025-03-11,Paid Search,641.31
2025-03-11,Referral,51.52
2025-03-11,Social,294.99
2025-03-12,Direct,0.0
2025-03-12,Email,3.12
2025-03-12,Organic Search,0.0
2025-03-12,Paid Search,506.99
2025-03-12,Referral,49.69
2025-03-12,Social,130.79
2025-03-13,Direct,0.0
2025-03-13,Email,2.5
2025-03-13,Organic Search,0.0
2025-03-13,Paid Search,974.83
2025-03-13,Referral,39.56
2025-03-13,Social,123.65
2025-03-14,Direct,0.0
2025-03-14,Email,1.45
2025-03-14,Organic Search,0.0
2025-03-14,Paid Search,650.01
2025-03-14,Referral,2.94
2025-03-14,Social,353.01
2025-03-15,Direct,0.0
2025-03-15,Email,0.85
2025-03-15,Organic Search,0.0
2025-03-15,Paid Search,1126.35
2025-03-15,Referral,18.76
2025-03-15,Social,418.77
2025-03-16,Direct,0.0
2025-03-16,Email,3.51
2025-03-16,Organic Search,0.0
2025-03-16,Paid Search,1162.36
2025-03-16,Referral,81.62
2025-03-16,Social,250.46
2025-03-17,Direct,0.0
2025-03-17,Email,7.54
2025-03-17,Organic Search,0.0
2025-03-17,Paid Search,545.93
2025-03-17,Referral,52.79
2025-03-17,Social,854.37
2025-03-18,Direct,0.0
2025-03-18,Email,5.95
2025-03-18,Organic Search,0.0
2025-03-18,Paid Search,345.0
2025-03-18,Referral,47.39
2025-03-18,Social,367.09
2025-03-19,Direct,0.0
2025-03-19,Email,13.45
2025-03-19,Organic Search,0.0
2025-03-19,Paid Search,1381.98
2025-03-19,Referral,14.8
2025-03-19,Social,480.33
2025-03-20,Direct,0.0
2025-03-20,Email,4.86
2025-03-20,Organic Search,0.0
2025-03-20,Paid Search,1040.78
2025-03-20,Referral,43.37
2025-03-20,Social,463.07
2025-03-21,Direct,0.0
2025-03-21,Email,3.18
2025-03-21,Organic Search,0.0
2025-03-21,Paid Search,591.85
2025-03-21,Referral,31.43
2025-03-21,Social,330.67
2025-03-22,Direct,0.0
2025-03-22,Email,3.94
2025-03-22,Organic Search,0.0
2025-03-22,Paid Search,595.48
2025-03-22,Referral,77.19
2025-03-22,Social,374.0
2025-03-23,Direct,0.0
2025-03-23,Email,3.28
2025-03-23,Organic Search,0.0
2025-03-23,Paid Search,559.4
2025-03-23,Referral,7.93
2025-03-23,Social,509.29
2025-03-24,Direct,0.0
2025-03-24,Email,4.2
2025-03-24,Organic Search,0.0
2025-03-24,Paid Search,875.86
2025-03-24,Referral,119.32
2025-03-24,Social,161.65
2025-03-25,Direct,0.0
2025-03-25,Email,12.31
2025-03-25,Organic Search,0.0
2025-03-25,Paid Search,318.54
2025-03-25,Referral,19.82
2025-03-25,Social,186.26
2025-03-26,Direct,0.0
2025-03-26,Email,10.93
2025-03-26,Organic Search,0.0
2025-03-26,Paid Search,895.51
2025-03-26,Referral,128.31
2025-03-26,Social,372.49
2025-03-27,Direct,0.0
2025-03-27,Email,3.02
2025-03-27,Organic Search,0.0
2025-03-27,Paid Search,1481.52
2025-03-27,Referral,35.72
2025-03-27,Social,218.06
2025-03-28,Direct,0.0
2025-03-28,Email,7.82
2025-03-28,Organic Search,0.0
2025-03-28,Paid Search,402.67
2025-03-28,Referral,48.79
2025-03-28,Social,412.73
2025-03-29,Direct,0.0
2025-03-29,Email,1.29
2025-03-29,Organic Search,0.0
2025-03-29,Paid Search,758.16
2025-03-29,Referral,30.15
2025-03-29,Social,264.15
2025-03-30,Direct,0.0
2025-03-30,Email,3.03
2025-03-30,Organic Search,0.0
2025-03-30,Paid Search,1346.17
2025-03-30,Referral,15.27
2025-03-30,Social,1291.46
2025-03-31,Direct,0.0
2025-03-31,Email,3.6
2025-03-31,Organic Search,0.0
2025-03-31,Paid Search,926.21
2025-03-31,Referral,33.88
2025-03-31,Social,295.66
2025-04-01,Direct,0.0
2025-04-01,Email,3.57
2025-04-01,Organic Search,0.0
2025-04-01,Paid Search,1331.03
2025-04-01,Referral,9.93
2025-04-01,Social,67.74
2025-04-02,Direct,0.0
2025-04-02,Email,5.49
2025-04-02,Organic Search,0.0
2025-04-02,Paid Search,586.86
2025-04-02,Referral,29.72
2025-04-02,Social,747.38
2025-04-03,Direct,0.0
2025-04-03,Email,4.47
2025-04-03,Organic Search,0.0
2025-04-03,Paid Search,709.15
2025-04-03,Referral,79.97
2025-04-03,Social,373.53
2025-04-04,Direct,0.0
2025-04-04,Email,4.41
2025-04-04,Organic Search,0.0
2025-04-04,Paid Search,685.73
2025-04-04,Referral,21.97
2025-04-04,Social,371.87
2025-04-05,Direct,0.0
2025-04-05,Email,4.6
2025-04-05,Organic Search,0.0
2025-04-05,Paid Search,2067.74
2025-04-05,Referral,103.58
2025-04-05,Social,205.24
2025-04-06,Direct,0.0
2025-04-06,Email,7.05
2025-04-06,Organic Search,0.0
2025-04-06,Paid Search,711.97
2025-04-06,Referral,7.62
2025-04-06,Social,336.87
2025-04-07,Direct,0.0
2025-04-07,Email,20.1
2025-04-07,Organic Search,0.0
2025-04-07,Paid Search,861.47
2025-04-07,Referral,35.1
2025-04-07,Social,371.5
2025-04-08,Direct,0.0
2025-04-08,Email,5.06
2025-04-08,Organic Search,0.0
2025-04-08,Paid Search,269.41
2025-04-08,Referral,53.95
2025-04-08,Social,366.36
2025-04-09,Direct,0.0
2025-04-09,Email,12.81
2025-04-09,Organic Search,0.0
2025-04-09,Paid Search,789.71
2025-04-09,Referral,34.99
2025-04-09,Social,317.11
2025-04-10,Direct,0.0
2025-04-10,Email,12.39
2025-04-10,Organic Search,0.0
2025-04-10,Paid Search,788.7
2025-04-10,Referral,78.33
2025-04-10,Social,537.21
2025-04-11,Direct,0.0
2025-04-11,Email,3.43
2025-04-11,Organic Search,0.0
2025-04-11,Paid Search,1577.09
2025-04-11,Referral,26.02
2025-04-11,Social,587.08
2025-04-12,Direct,0.0
2025-04-12,Email,0.95
2025-04-12,Organic Search,0.0
2025-04-12,Paid Search,1186.65
2025-04-12,Referral,18.37
2025-04-12,Social,486.54
2025-04-13,Direct,0.0
2025-04-13,Email,5.38
2025-04-13,Organic Search,0.0
2025-04-13,Paid Search,489.76
2025-04-13,Referral,9.23
2025-04-13,Social,193.87
2025-04-14,Direct,0.0
2025-04-14,Email,3.92
2025-04-14,Organic Search,0.0
2025-04-14,Paid Search,879.62
2025-04-14,Referral,21.84
2025-04-14,Social,104.92
2025-04-15,Direct,0.0
2025-04-15,Email,4.47
2025-04-15,Organic Search,0.0
2025-04-15,Paid Search,906.27
2025-04-15,Referral,50.63
2025-04-15,Social,382.71
2025-04-16,Direct,0.0
2025-04-16,Email,8.19
2025-04-16,Organic Search,0.0
2025-04-16,Paid Search,510.31
2025-04-16,Referral,23.95
2025-04-16,Social,749.62
2025-04-17,Direct,0.0
2025-04-17,Email,8.48
2025-04-17,Organic Search,0.0
2025-04-17,Paid Search,817.83
2025-04-17,Referral,48.65
2025-04-17,Social,275.38
2025-04-18,Direct,0.0
2025-04-18,Email,9.99
2025-04-18,Organic Search,0.0
2025-04-18,Paid Search,878.83
2025-04-18,Referral,113.48
2025-04-18,Social,293.68
2025-04-19,Direct,0.0
2025-04-19,Email,10.72
2025-04-19,Organic Search,0.0
2025-04-19,Paid Search,818.17
2025-04-19,Referral,63.3
2025-04-19,Social,439.54
2025-04-20,Direct,0.0
2025-04-20,Email,12.49
2025-04-20,Organic Search,0.0
2025-04-20,Paid Search,760.72
2025-04-20,Referral,60.31
2025-04-20,Social,246.62
2025-04-21,Direct,0.0
2025-04-21,Email,12.76
2025-04-21,Organic Search,0.0
2025-04-21,Paid Search,1538.78
2025-04-21,Referral,26.7
2025-04-21,Social,304.33
2025-04-22,Direct,0.0
2025-04-22,Email,7.82
2025-04-22,Organic Search,0.0
2025-04-22,Paid Search,724.06
2025-04-22,Referral,111.41
2025-04-22,Social,219.25
2025-04-23,Direct,0.0
2025-04-23,Email,2.83
2025-04-23,Organic Search,0.0
2025-04-23,Paid Search,1059.48
2025-04-23,Referral,25.6
2025-04-23,Social,532.87
2025-04-24,Direct,0.0
2025-04-24,Email,2.7
2025-04-24,Organic Search,0.0
2025-04-24,Paid Search,501.07
2025-04-24,Referral,40.06
2025-04-24,Social,679.18
2025-04-25,Direct,0.0
2025-04-25,Email,5.44
2025-04-25,Organic Search,0.0
2025-04-25,Paid Search,1131.49
2025-04-25,Referral,79.36
2025-04-25,Social,352.97
2025-04-26,Direct,0.0
2025-04-26,Email,1.49
2025-04-26,Organic Search,0.0
2025-04-26,Paid Search,1430.65
2025-04-26,Referral,57.79
2025-04-26,Social,339.95
2025-04-27,Direct,0.0
2025-04-27,Email,5.62
2025-04-27,Organic Search,0.0
2025-04-27,Paid Search,1221.28
2025-04-27,Referral,25.84
2025-04-27,Social,355.21
2025-04-28,Direct,0.0
2025-04-28,Email,3.2
2025-04-28,Organic Search,0.0
2025-04-28,Paid Search,695.45
2025-04-28,Referral,36.23
2025-04-28,Social,451.91
2025-04-29,Direct,0.0
2025-04-29,Email,11.81
2025-04-29,Organic Search,0.0
2025-04-29,Paid Search,1313.05
2025-04-29,Referral,56.5
2025-04-29,Social,322.58
2025-04-30,Direct,0.0
2025-04-30,Email,3.38
2025-04-30,Organic Search,0.0
2025-04-30,Paid Search,1444.46
2025-04-30,Referral,6.97
2025-04-30,Social,332.23
2025-05-01,Direct,0.0
2025-05-01,Email,1.46
2025-05-01,Organic Search,0.0
2025-05-01,Paid Search,455.68
2025-05-01,Referral,142.31
2025-05-01,Social,261.51
2025-05-02,Direct,0.0
2025-05-02,Email,8.06
2025-05-02,Organic Search,0.0
2025-05-02,Paid Search,913.21
2025-05-02,Referral,24.4
2025-05-02,Social,572.9
2025-05-03,Direct,0.0
2025-05-03,Email,4.51
2025-05-03,Organic Search,0.0
2025-05-03,Paid Search,1246.23
2025-05-03,Referral,31.79
2025-05-03,Social,196.24
2025-05-04,Direct,0.0
2025-05-04,Email,6.08
2025-05-04,Organic Search,0.0
2025-05-04,Paid Search,844.93
2025-05-04,Referral,21.97
2025-05-04,Social,77.74
2025-05-05,Direct,0.0
2025-05-05,Email,9.4
2025-05-05,Organic Search,0.0
2025-05-05,Paid Search,1379.84
2025-05-05,Referral,33.6
2025-05-05,Social,371.45
2025-05-06,Direct,0.0
2025-05-06,Email,3.47
2025-05-06,Organic Search,0.0
2025-05-06,Paid Search,979.75
2025-05-06,Referral,43.81
2025-05-06,Social,353.8
2025-05-07,Direct,0.0
2025-05-07,Email,1.87
2025-05-07,Organic Search,0.0
2025-05-07,Paid Search,885.67
2025-05-07,Referral,50.71
2025-05-07,Social,476.37
2025-05-08,Direct,0.0
2025-05-08,Email,7.54
2025-05-08,Organic Search,0.0
2025-05-08,Paid Search,820.54
2025-05-08,Referral,9.73
2025-05-08,Social,743.04
2025-05-09,Direct,0.0
2025-05-09,Email,3.75
2025-05-09,Organic Search,0.0
2025-05-09,Paid Search,1113.85
2025-05-09,Referral,21.71
2025-05-09,Social,853.57
2025-05-10,Direct,0.0
2025-05-10,Email,3.09
2025-05-10,Organic Search,0.0
2025-05-10,Paid Search,506.61
2025-05-10,Referral,81.53
2025-05-10,Social,405.26
2025-05-11,Direct,0.0
2025-05-11,Email,8.77
2025-05-11,Organic Search,0.0
2025-05-11,Paid Search,481.43
2025-05-11,Referral,8.12
2025-05-11,Social,460.44
2025-05-12,Direct,0.0
2025-05-12,Email,1.79
2025-05-12,Organic Search,0.0
2025-05-12,Paid Search,351.06
2025-05-12,Referral,26.97
2025-05-12,Social,541.12
2025-05-13,Direct,0.0
2025-05-13,Email,5.69
2025-05-13,Organic Search,0.0
2025-05-13,Paid Search,1578.55
2025-05-13,Referral,9.85
2025-05-13,Social,465.14
2025-05-14,Direct,0.0
2025-05-14,Email,15.76
2025-05-14,Organic Search,0.0
2025-05-14,Paid Search,1008.52
2025-05-14,Referral,106.72
2025-05-14,Social,154.07
2025-05-15,Direct,0.0
2025-05-15,Email,2.88
2025-05-15,Organic Search,0.0
2025-05-15,Paid Search,771.77
2025-05-15,Referral,33.73
2025-05-15,Social,698.65
2025-05-16,Direct,0.0
2025-05-16,Email,9.27
2025-05-16,Organic Search,0.0
2025-05-16,Paid Search,1520.7
2025-05-16,Referral,11.46
2025-05-16,Social,520.38
2025-05-17,Direct,0.0
2025-05-17,Email,1.9
2025-05-17,Organic Search,0.0
2025-05-17,Paid Search,715.84
2025-05-17,Referral,24.65
2025-05-17,Social,783.48
2025-05-18,Direct,0.0
2025-05-18,Email,6.94
2025-05-18,Organic Search,0.0
2025-05-18,Paid Search,459.51
2025-05-18,Referral,73.58
2025-05-18,Social,251.45
2025-05-19,Direct,0.0
2025-05-19,Email,4.7
2025-05-19,Organic Search,0.0
2025-05-19,Paid Search,502.63
2025-05-19,Referral,29.76
2025-05-19,Social,193.93
2025-05-20,Direct,0.0
2025-05-20,Email,3.27
2025-05-20,Organic Search,0.0
2025-05-20,Paid Search,1071.2
2025-05-20,Referral,141.38
2025-05-20,Social,265.49
2025-05-21,Direct,0.0
2025-05-21,Email,8.74
2025-05-21,Organic Search,0.0
2025-05-21,Paid Search,704.59
2025-05-21,Referral,98.76
2025-05-21,Social,625.36
2025-05-22,Direct,0.0
2025-05-22,Email,9.79
2025-05-22,Organic Search,0.0
2025-05-22,Paid Search,552.6
2025-05-22,Referral,155.1
2025-05-22,Social,269.49
2025-05-23,Direct,0.0
2025-05-23,Email,5.05
2025-05-23,Organic Search,0.0
2025-05-23,Paid Search,1330.53
2025-05-23,Referral,53.35
2025-05-23,Social,164.71
2025-05-24,Direct,0.0
2025-05-24,Email,8.7
2025-05-24,Organic Search,0.0
2025-05-24,Paid Search,482.1
2025-05-24,Referral,23.89
2025-05-24,Social,111.46
2025-05-25,Direct,0.0
2025-05-25,Email,2.74
2025-05-25,Organic Search,0.0
2025-05-25,Paid Search,1246.74
2025-05-25,Referral,42.49
2025-05-25,Social,416.97
2025-05-26,Direct,0.0
2025-05-26,Email,9.3
2025-05-26,Organic Search,0.0
2025-05-26,Paid Search,1201.39
2025-05-26,Referral,37.73
2025-05-26,Social,656.28
2025-05-27,Direct,0.0
2025-05-27,Email,1.11
2025-05-27,Organic Search,0.0
2025-05-27,Paid Search,1244.05
2025-05-27,Referral,46.06
2025-05-27,Social,229.34
2025-05-28,Direct,0.0
2025-05-28,Email,10.99
2025-05-28,Organic Search,0.0
2025-05-28,Paid Search,724.05
2025-05-28,Referral,20.53
2025-05-28,Social,264.72
2025-05-29,Direct,0.0
2025-05-29,Email,6.49
2025-05-29,Organic Search,0.0
2025-05-29,Paid Search,605.1
2025-05-29,Referral,6.13
2025-05-29,Social,539.74
2025-05-30,Direct,0.0
2025-05-30,Email,13.51
2025-05-30,Organic Search,0.0
2025-05-30,Paid Search,834.83
2025-05-30,Referral,25.4
2025-05-30,Social,162.89
2025-05-31,Direct,0.0
2025-05-31,Email,4.98
2025-05-31,Organic Search,0.0
2025-05-31,Paid Search,750.3
2025-05-31,Referral,21.24
2025-05-31,Social,593.07
2025-06-01,Direct,0.0
2025-06-01,Email,2.17
2025-06-01,Organic Search,0.0
2025-06-01,Paid Search,1472.12
2025-06-01,Referral,41.58
2025-06-01,Social,206.84
2025-06-02,Direct,0.0
2025-06-02,Email,4.45
2025-06-02,Organic Search,0.0
2025-06-02,Paid Search,1492.97
2025-06-02,Referral,8.26
2025-06-02,Social,872.96
2025-06-03,Direct,0.0
2025-06-03,Email,5.01
2025-06-03,Organic Search,0.0
2025-06-03,Paid Search,1189.74
2025-06-03,Referral,14.92
2025-06-03,Social,227.93
2025-06-04,Direct,0.0
2025-06-04,Email,4.31
2025-06-04,Organic Search,0.0
2025-06-04,Paid Search,583.17
2025-06-04,Referral,33.87
2025-06-04,Social,1319.77
2025-06-05,Direct,0.0
2025-06-05,Email,8.39
2025-06-05,Organic Search,0.0
2025-06-05,Paid Search,1244.93
2025-06-05,Referral,39.66
2025-06-05,Social,892.67
2025-06-06,Direct,0.0
2025-06-06,Email,8.06
2025-06-06,Organic Search,0.0
2025-06-06,Paid Search,956.13
2025-06-06,Referral,68.77
2025-06-06,Social,329.84
2025-06-07,Direct,0.0
2025-06-07,Email,11.91
2025-06-07,Organic Search,0.0
2025-06-07,Paid Search,1221.87
2025-06-07,Referral,2.97
2025-06-07,Social,545.99
2025-06-08,Direct,0.0
2025-06-08,Email,3.07
2025-06-08,Organic Search,0.0
2025-06-08,Paid Search,1170.75
2025-06-08,Referral,56.09
2025-06-08,Social,338.62
2025-06-09,Direct,0.0
2025-06-09,Email,6.08
2025-06-09,Organic Search,0.0
2025-06-09,Paid Search,647.41
2025-06-09,Referral,152.56
2025-06-09,Social,60.99
2025-06-10,Direct,0.0
2025-06-10,Email,10.47
2025-06-10,Organic Search,0.0
2025-06-10,Paid Search,1030.88
2025-06-10,Referral,46.42
2025-06-10,Social,362.44
2025-06-11,Direct,0.0
2025-06-11,Email,8.76
2025-06-11,Organic Search,0.0
2025-06-11,Paid Search,1010.35
2025-06-11,Referral,33.62
2025-06-11,Social,708.97
2025-06-12,Direct,0.0
2025-06-12,Email,5.57
2025-06-12,Organic Search,0.0
2025-06-12,Paid Search,1568.41
2025-06-12,Referral,40.48
2025-06-12,Social,376.95
2025-06-13,Direct,0.0
2025-06-13,Email,1.77
2025-06-13,Organic Search,0.0
2025-06-13,Paid Search,405.65
2025-06-13,Referral,28.76
2025-06-13,Social,163.78
2025-06-14,Direct,0.0
2025-06-14,Email,4.17
2025-06-14,Organic Search,0.0
2025-06-14,Paid Search,706.5
2025-06-14,Referral,20.92
2025-06-14,Social,249.72
2025-06-15,Direct,0.0
2025-06-15,Email,2.3
2025-06-15,Organic Search,0.0
2025-06-15,Paid Search,1147.24
2025-06-15,Referral,17.71
2025-06-15,Social,739.95
2025-06-16,Direct,0.0
2025-06-16,Email,5.09
2025-06-16,Organic Search,0.0
2025-06-16,Paid Search,560.8
2025-06-16,Referral,22.45
2025-06-16,Social,293.99
2025-06-17,Direct,0.0
2025-06-17,Email,3.57
2025-06-17,Organic Search,0.0
2025-06-17,Paid Search,459.68
2025-06-17,Referral,13.72
2025-06-17,Social,1449.8
2025-06-18,Direct,0.0
2025-06-18,Email,5.21
2025-06-18,Organic Search,0.0
2025-06-18,Paid Search,896.05
2025-06-18,Referral,31.96
2025-06-18,Social,460.32
2025-06-19,Direct,0.0
2025-06-19,Email,13.9
2025-06-19,Organic Search,0.0
2025-06-19,Paid Search,775.04
2025-06-19,Referral,16.56
2025-06-19,Social,212.08
2025-06-20,Direct,0.0
2025-06-20,Email,4.66
2025-06-20,Organic Search,0.0
2025-06-20,Paid Search,820.49
2025-06-20,Referral,103.68
2025-06-20,Social,357.94
2025-06-21,Direct,0.0
2025-06-21,Email,4.4
2025-06-21,Organic Search,0.0
2025-06-21,Paid Search,733.12
2025-06-21,Referral,124.14
2025-06-21,Social,194.27
2025-06-22,Direct,0.0
2025-06-22,Email,12.28
2025-06-22,Organic Search,0.0
2025-06-22,Paid Search,656.67
2025-06-22,Referral,16.67
2025-06-22,Social,691.68
2025-06-23,Direct,0.0
2025-06-23,Email,13.05
2025-06-23,Organic Search,0.0
2025-06-23,Paid Search,897.68
2025-06-23,Referral,20.25
2025-06-23,Social,249.72
2025-06-24,Direct,0.0
2025-06-24,Email,4.89
2025-06-24,Organic Search,0.0
2025-06-24,Paid Search,503.93
2025-06-24,Referral,9.32
2025-06-24,Social,241.18
2025-06-25,Direct,0.0
2025-06-25,Email,11.73
2025-06-25,Organic Search,0.0
2025-06-25,Paid Search,1008.55
2025-06-25,Referral,16.22
2025-06-25,Social,281.45
2025-06-26,Direct,0.0
2025-06-26,Email,12.35
2025-06-26,Organic Search,0.0
2025-06-26,Paid Search,1623.71
2025-06-26,Referral,51.39
2025-06-26,Social,495.05
2025-06-27,Direct,0.0
2025-06-27,Email,1.87
2025-06-27,Organic Search,0.0
2025-06-27,Paid Search,1039.9
2025-06-27,Referral,34.51
2025-06-27,Social,574.19
2025-06-28,Direct,0.0
2025-06-28,Email,11.73
2025-06-28,Organic Search,0.0
2025-06-28,Paid Search,1170.94
2025-06-28,Referral,29.78
2025-06-28,Social,805.8
2025-06-29,Direct,0.0
2025-06-29,Email,10.1
2025-06-29,Organic Search,0.0
2025-06-29,Paid Search,752.05
2025-06-29,Referral,101.71
2025-06-29,Social,678.94
2025-06-30,Direct,0.0
2025-06-30,Email,19.56
2025-06-30,Organic Search,0.0
2025-06-30,Paid Search,1051.25
2025-06-30,Referral,86.03
2025-06-30,Social,196.58
2025-07-01,Direct,0.0
2025-07-01,Email,3.35
2025-07-01,Organic Search,0.0
2025-07-01,Paid Search,1123.04
2025-07-01,Referral,58.69
2025-07-01,Social,197.68
2025-07-02,Direct,0.0
2025-07-02,Email,13.65
2025-07-02,Organic Search,0.0
2025-07-02,Paid Search,1326.74
2025-07-02,Referral,48.44
2025-07-02,Social,1221.17
2025-07-03,Direct,0.0
2025-07-03,Email,12.63
2025-07-03,Organic Search,0.0
2025-07-03,Paid Search,682.89
2025-07-03,Referral,58.11
2025-07-03,Social,598.31
2025-07-04,Direct,0.0
2025-07-04,Email,19.91
2025-07-04,Organic Search,0.0
2025-07-04,Paid Search,368.91
2025-07-04,Referral,28.84
2025-07-04,Social,198.2
2025-07-05,Direct,0.0
2025-07-05,Email,26.49
2025-07-05,Organic Search,0.0
2025-07-05,Paid Search,1354.83
2025-07-05,Referral,130.05
2025-07-05,Social,160.77
2025-07-06,Direct,0.0
2025-07-06,Email,3.39
2025-07-06,Organic Search,0.0
2025-07-06,Paid Search,759.42
2025-07-06,Referral,16.31
2025-07-06,Social,237.28
2025-07-07,Direct,0.0
2025-07-07,Email,1.34
2025-07-07,Organic Search,0.0
2025-07-07,Paid Search,860.17
2025-07-07,Referral,39.45
2025-07-07,Social,760.81
2025-07-08,Direct,0.0
2025-07-08,Email,1.61
2025-07-08,Organic Search,0.0
2025-07-08,Paid Search,773.54
2025-07-08,Referral,92.26
2025-07-08,Social,588.75
2025-07-09,Direct,0.0
2025-07-09,Email,14.41
2025-07-09,Organic Search,0.0
2025-07-09,Paid Search,2234.38
2025-07-09,Referral,28.5
2025-07-09,Social,82.89
2025-07-10,Direct,0.0
2025-07-10,Email,5.28
2025-07-10,Organic Search,0.0
2025-07-10,Paid Search,833.91
2025-07-10,Referral,72.86
2025-07-10,Social,708.63
2025-07-11,Direct,0.0
2025-07-11,Email,11.4
2025-07-11,Organic Search,0.0
2025-07-11,Paid Search,1755.17
2025-07-11,Referral,31.07
2025-07-11,Social,292.45
2025-07-12,Direct,0.0
2025-07-12,Email,5.16
2025-07-12,Organic Search,0.0
2025-07-12,Paid Search,917.69
2025-07-12,Referral,102.7
2025-07-12,Social,254.8
2025-07-13,Direct,0.0
2025-07-13,Email,7.58
2025-07-13,Organic Search,0.0
2025-07-13,Paid Search,1546.61
2025-07-13,Referral,11.02
2025-07-13,Social,509.1
2025-07-14,Direct,0.0
2025-07-14,Email,6.55
2025-07-14,Organic Search,0.0
2025-07-14,Paid Search,430.65
2025-07-14,Referral,197.53
2025-07-14,Social,194.13
2025-07-15,Direct,0.0
2025-07-15,Email,13.09
2025-07-15,Organic Search,0.0
2025-07-15,Paid Search,1805.03
2025-07-15,Referral,19.72
2025-07-15,Social,250.12
2025-07-16,Direct,0.0
2025-07-16,Email,1.76
2025-07-16,Organic Search,0.0
2025-07-16,Paid Search,1069.61
2025-07-16,Referral,25.62
2025-07-16,Social,437.21
2025-07-17,Direct,0.0
2025-07-17,Email,5.25
2025-07-17,Organic Search,0.0
2025-07-17,Paid Search,432.8
2025-07-17,Referral,34.86
2025-07-17,Social,269.07
2025-07-18,Direct,0.0
2025-07-18,Email,5.5
2025-07-18,Organic Search,0.0
2025-07-18,Paid Search,1103.66
2025-07-18,Referral,52.52
2025-07-18,Social,273.25
2025-07-19,Direct,0.0
2025-07-19,Email,7.71
2025-07-19,Organic Search,0.0
2025-07-19,Paid Search,881.45
2025-07-19,Referral,33.89
2025-07-19,Social,269.36
2025-07-20,Direct,0.0
2025-07-20,Email,4.7
2025-07-20,Organic Search,0.0
2025-07-20,Paid Search,398.76
2025-07-20,Referral,8.42
2025-07-20,Social,401.75
2025-07-21,Direct,0.0
2025-07-21,Email,15.55
2025-07-21,Organic Search,0.0
2025-07-21,Paid Search,575.94
2025-07-21,Referral,74.21
2025-07-21,Social,935.67
2025-07-22,Direct,0.0
2025-07-22,Email,5.81
2025-07-22,Organic Search,0.0
2025-07-22,Paid Search,778.59
2025-07-22,Referral,7.62
2025-07-22,Social,408.47
2025-07-23,Direct,0.0
2025-07-23,Email,4.94
2025-07-23,Organic Search,0.0
2025-07-23,Paid Search,661.77
2025-07-23,Referral,124.17
2025-07-23,Social,306.07
2025-07-24,Direct,0.0
2025-07-24,Email,4.33
2025-07-24,Organic Search,0.0
2025-07-24,Paid Search,1392.25
2025-07-24,Referral,13.34
2025-07-24,Social,391.3
2025-07-25,Direct,0.0
2025-07-25,Email,4.86
2025-07-25,Organic Search,0.0
2025-07-25,Paid Search,1514.74
2025-07-25,Referral,19.07
2025-07-25,Social,200.55
2025-07-26,Direct,0.0
2025-07-26,Email,24.37
2025-07-26,Organic Search,0.0
2025-07-26,Paid Search,971.14
2025-07-26,Referral,48.28
2025-07-26,Social,243.32
2025-07-27,Direct,0.0
2025-07-27,Email,13.36
2025-07-27,Organic Search,0.0
2025-07-27,Paid Search,749.08
2025-07-27,Referral,148.53
2025-07-27,Social,334.89
2025-07-28,Direct,0.0
2025-07-28,Email,13.14
2025-07-28,Organic Search,0.0
2025-07-28,Paid Search,906.57
2025-07-28,Referral,10.91
2025-07-28,Social,564.7
2025-07-29,Direct,0.0
2025-07-29,Email,5.37
2025-07-29,Organic Search,0.0
2025-07-29,Paid Search,784.55
2025-07-29,Referral,69.19
2025-07-29,Social,193.13
2025-07-30,Direct,0.0
2025-07-30,Email,5.84
2025-07-30,Organic Search,0.0
2025-07-30,Paid Search,1261.46
2025-07-30,Referral,100.33
2025-07-30,Social,220.84
2025-07-31,Direct,0.0
2025-07-31,Email,12.58
2025-07-31,Organic Search,0.0
2025-07-31,Paid Search,323.15
2025-07-31,Referral,145.01
2025-07-31,Social,687.92
2025-08-01,Direct,0.0
2025-08-01,Email,5.2
2025-08-01,Organic Search,0.0
2025-08-01,Paid Search,1432.06
2025-08-01,Referral,20.11
2025-08-01,Social,631.63
2025-08-02,Direct,0.0
2025-08-02,Email,9.64
2025-08-02,Organic Search,0.0
2025-08-02,Paid Search,888.43
2025-08-02,Referral,55.04
2025-08-02,Social,285.55
2025-08-03,Direct,0.0
2025-08-03,Email,13.86
2025-08-03,Organic Search,0.0
2025-08-03,Paid Search,957.37
2025-08-03,Referral,51.32
2025-08-03,Social,272.41
2025-08-04,Direct,0.0
2025-08-04,Email,6.46
2025-08-04,Organic Search,0.0
2025-08-04,Paid Search,1311.81
2025-08-04,Referral,8.07
2025-08-04,Social,559.31
2025-08-05,Direct,0.0
2025-08-05,Email,16.4
2025-08-05,Organic Search,0.0
2025-08-05,Paid Search,713.3
2025-08-05,Referral,13.07
2025-08-05,Social,197.38
2025-08-06,Direct,0.0
2025-08-06,Email,2.47
2025-08-06,Organic Search,0.0
2025-08-06,Paid Search,1304.03
2025-08-06,Referral,94.86
2025-08-06,Social,277.03
2025-08-07,Direct,0.0
2025-08-07,Email,12.63
2025-08-07,Organic Search,0.0
2025-08-07,Paid Search,1217.91
2025-08-07,Referral,19.97
2025-08-07,Social,780.17
2025-08-08,Direct,0.0
2025-08-08,Email,19.67
2025-08-08,Organic Search,0.0
2025-08-08,Paid Search,1149.76
2025-08-08,Referral,51.97
2025-08-08,Social,400.76
2025-08-09,Direct,0.0
2025-08-09,Email,3.01
2025-08-09,Organic Search,0.0
2025-08-09,Paid Search,755.17
2025-08-09,Referral,45.98
2025-08-09,Social,315.4
2025-08-10,Direct,0.0
2025-08-10,Email,5.13
2025-08-10,Organic Search,0.0
2025-08-10,Paid Search,972.8
2025-08-10,Referral,66.29
2025-08-10,Social,369.68
2025-08-11,Direct,0.0
2025-08-11,Email,4.77
2025-08-11,Organic Search,0.0
2025-08-11,Paid Search,583.11
2025-08-11,Referral,51.63
2025-08-11,Social,190.15
2025-08-12,Direct,0.0
2025-08-12,Email,17.35
2025-08-12,Organic Search,0.0
2025-08-12,Paid Search,1608.61
2025-08-12,Referral,132.63
2025-08-12,Social,325.38
2025-08-13,Direct,0.0
2025-08-13,Email,4.6
2025-08-13,Organic Search,0.0
2025-08-13,Paid Search,1166.62
2025-08-13,Referral,17.07
2025-08-13,Social,781.47
2025-08-14,Direct,0.0
2025-08-14,Email,14.56
2025-08-14,Organic Search,0.0
2025-08-14,Paid Search,876.06
2025-08-14,Referral,93.48
2025-08-14,Social,537.77
2025-08-15,Direct,0.0
2025-08-15,Email,9.04
2025-08-15,Organic Search,0.0
2025-08-15,Paid Search,2028.4
2025-08-15,Referral,115.28
2025-08-15,Social,224.04
2025-08-16,Direct,0.0
2025-08-16,Email,5.85
2025-08-16,Organic Search,0.0
2025-08-16,Paid Search,501.21
2025-08-16,Referral,56.41
2025-08-16,Social,428.75
2025-08-17,Direct,0.0
2025-08-17,Email,10.3
2025-08-17,Organic Search,0.0
2025-08-17,Paid Search,1099.0
2025-08-17,Referral,16.98
2025-08-17,Social,400.3
2025-08-18,Direct,0.0
2025-08-18,Email,4.74
2025-08-18,Organic Search,0.0
2025-08-18,Paid Search,716.34
2025-08-18,Referral,50.65
2025-08-18,Social,393.66
2025-08-19,Direct,0.0
2025-08-19,Email,9.39
2025-08-19,Organic Search,0.0
2025-08-19,Paid Search,3109.37
2025-08-19,Referral,48.34
2025-08-19,Social,435.64
2025-08-20,Direct,0.0
2025-08-20,Email,18.56
2025-08-20,Organic Search,0.0
2025-08-20,Paid Search,1295.46
2025-08-20,Referral,13.47
2025-08-20,Social,316.16
2025-08-21,Direct,0.0
2025-08-21,Email,12.34
2025-08-21,Organic Search,0.0
2025-08-21,Paid Search,547.53
2025-08-21,Referral,39.63
2025-08-21,Social,453.62
2025-08-22,Direct,0.0
2025-08-22,Email,6.48
2025-08-22,Organic Search,0.0
2025-08-22,Paid Search,1315.61
2025-08-22,Referral,42.43
2025-08-22,Social,281.6
2025-08-23,Direct,0.0
2025-08-23,Email,3.48
2025-08-23,Organic Search,0.0
2025-08-23,Paid Search,1351.91
2025-08-23,Referral,17.37
2025-08-23,Social,471.03
2025-08-24,Direct,0.0
2025-08-24,Email,12.13
2025-08-24,Organic Search,0.0
2025-08-24,Paid Search,1301.3
2025-08-24,Referral,20.28
2025-08-24,Social,244.0
2025-08-25,Direct,0.0
2025-08-25,Email,18.87
2025-08-25,Organic Search,0.0
2025-08-25,Paid Search,945.12
2025-08-25,Referral,108.57
2025-08-25,Social,460.21
2025-08-26,Direct,0.0
2025-08-26,Email,6.22
2025-08-26,Organic Search,0.0
2025-08-26,Paid Search,440.02
2025-08-26,Referral,41.7
2025-08-26,Social,745.46
2025-08-27,Direct,0.0
2025-08-27,Email,2.52
2025-08-27,Organic Search,0.0
2025-08-27,Paid Search,1054.7
2025-08-27,Referral,59.05
2025-08-27,Social,307.26
2025-08-28,Direct,0.0
2025-08-28,Email,15.57
2025-08-28,Organic Search,0.0
2025-08-28,Paid Search,725.31
2025-08-28,Referral,55.13
2025-08-28,Social,645.54
2025-08-29,Direct,0.0
2025-08-29,Email,12.14
2025-08-29,Organic Search,0.0
2025-08-29,Paid Search,1214.8
2025-08-29,Referral,41.18
2025-08-29,Social,803.7
2025-08-30,Direct,0.0
2025-08-30,Email,2.46
2025-08-30,Organic Search,0.0
2025-08-30,Paid Search,587.34
2025-08-30,Referral,121.34
2025-08-30,Social,585.8
2025-08-31,Direct,0.0
2025-08-31,Email,4.11
2025-08-31,Organic Search,0.0
2025-08-31,Paid Search,2352.96
2025-08-31,Referral,29.71
2025-08-31,Social,182.33
2025-09-01,Direct,0.0
2025-09-01,Email,4.1
2025-09-01,Organic Search,0.0
2025-09-01,Paid Search,1475.82
2025-09-01,Referral,55.04
2025-09-01,Social,795.08
2025-09-02,Direct,0.0
2025-09-02,Email,10.22
2025-09-02,Organic Search,0.0
2025-09-02,Paid Search,1284.34
2025-09-02,Referral,60.39
2025-09-02,Social,930.18
2025-09-03,Direct,0.0
2025-09-03,Email,7.77
2025-09-03,Organic Search,0.0
2025-09-03,Paid Search,661.22
2025-09-03,Referral,50.28
2025-09-03,Social,734.83
2025-09-04,Direct,0.0
2025-09-04,Email,22.01
2025-09-04,Organic Search,0.0
2025-09-04,Paid Search,643.86
2025-09-04,Referral,32.28
2025-09-04,Social,357.22
2025-09-05,Direct,0.0
2025-09-05,Email,3.68
2025-09-05,Organic Search,0.0
2025-09-05,Paid Search,1126.88
2025-09-05,Referral,26.54
2025-09-05,Social,898.36
2025-09-06,Direct,0.0
2025-09-06,Email,5.51
2025-09-06,Organic Search,0.0
2025-09-06,Paid Search,1123.05
2025-09-06,Referral,124.28
2025-09-06,Social,364.1
2025-09-07,Direct,0.0
2025-09-07,Email,10.11
2025-09-07,Organic Search,0.0
2025-09-07,Paid Search,822.73
2025-09-07,Referral,27.8
2025-09-07,Social,324.44
2025-09-08,Direct,0.0
2025-09-08,Email,6.51
2025-09-08,Organic Search,0.0
2025-09-08,Paid Search,1393.63
2025-09-08,Referral,49.96
2025-09-08,Social,311.4
2025-09-09,Direct,0.0
2025-09-09,Email,1.69
2025-09-09,Organic Search,0.0
2025-09-09,Paid Search,2308.23
2025-09-09,Referral,70.97
2025-09-09,Social,633.6
2025-09-10,Direct,0.0
2025-09-10,Email,7.39
2025-09-10,Organic Search,0.0
2025-09-10,Paid Search,1850.03
2025-09-10,Referral,43.9
2025-09-10,Social,186.42
2025-09-11,Direct,0.0
2025-09-11,Email,5.67
2025-09-11,Organic Search,0.0
2025-09-11,Paid Search,840.72
2025-09-11,Referral,47.01
2025-09-11,Social,344.64
2025-09-12,Direct,0.0
2025-09-12,Email,7.69
2025-09-12,Organic Search,0.0
2025-09-12,Paid Search,1089.85
2025-09-12,Referral,36.26
2025-09-12,Social,277.4
2025-09-13,Direct,0.0
2025-09-13,Email,7.28
2025-09-13,Organic Search,0.0
2025-09-13,Paid Search,1956.17
2025-09-13,Referral,22.58
2025-09-13,Social,317.99
2025-09-14,Direct,0.0
2025-09-14,Email,7.79
2025-09-14,Organic Search,0.0
2025-09-14,Paid Search,2586.59
2025-09-14,Referral,43.53
2025-09-14,Social,1419.52
2025-09-15,Direct,0.0
2025-09-15,Email,12.26
2025-09-15,Organic Search,0.0
2025-09-15,Paid Search,1024.96
2025-09-15,Referral,55.42
2025-09-15,Social,194.47
2025-09-16,Direct,0.0
2025-09-16,Email,18.21
2025-09-16,Organic Search,0.0
2025-09-16,Paid Search,348.48
2025-09-16,Referral,114.18
2025-09-16,Social,102.36
2025-09-17,Direct,0.0
2025-09-17,Email,5.03
2025-09-17,Organic Search,0.0
2025-09-17,Paid Search,1612.14
2025-09-17,Referral,171.53
2025-09-17,Social,499.67
2025-09-18,Direct,0.0
2025-09-18,Email,5.71
2025-09-18,Organic Search,0.0
2025-09-18,Paid Search,416.24
2025-09-18,Referral,28.38
2025-09-18,Social,420.09
2025-09-19,Direct,0.0
2025-09-19,Email,9.02
2025-09-19,Organic Search,0.0
2025-09-19,Paid Search,361.03
2025-09-19,Referral,48.68
2025-09-19,Social,760.12
2025-09-20,Direct,0.0
2025-09-20,Email,17.25
2025-09-20,Organic Search,0.0
2025-09-20,Paid Search,1164.64
2025-09-20,Referral,20.22
2025-09-20,Social,294.95
2025-09-21,Direct,0.0
2025-09-21,Email,10.01
2025-09-21,Organic Search,0.0
2025-09-21,Paid Search,1158.92
2025-09-21,Referral,55.42
2025-09-21,Social,287.01
2025-09-22,Direct,0.0
2025-09-22,Email,6.21
2025-09-22,Organic Search,0.0
2025-09-22,Paid Search,932.72
2025-09-22,Referral,37.02
2025-09-22,Social,205.13
2025-09-23,Direct,0.0
2025-09-23,Email,8.77
2025-09-23,Organic Search,0.0
2025-09-23,Paid Search,669.85
2025-09-23,Referral,142.46
2025-09-23,Social,223.88
2025-09-24,Direct,0.0
2025-09-24,Email,2.18
2025-09-24,Organic Search,0.0
2025-09-24,Paid Search,680.56
2025-09-24,Referral,23.48
2025-09-24,Social,348.45
2025-09-25,Direct,0.0
2025-09-25,Email,9.16
2025-09-25,Organic Search,0.0
2025-09-25,Paid Search,748.37
2025-09-25,Referral,13.39
2025-09-25,Social,451.95
2025-09-26,Direct,0.0
2025-09-26,Email,5.12
2025-09-26,Organic Search,0.0
2025-09-26,Paid Search,661.3
2025-09-26,Referral,26.44
2025-09-26,Social,364.17
2025-09-27,Direct,0.0
2025-09-27,Email,4.09
2025-09-27,Organic Search,0.0
2025-09-27,Paid Search,274.0
2025-09-27,Referral,15.86
2025-09-27,Social,201.26
2025-09-28,Direct,0.0
2025-09-28,Email,6.59
2025-09-28,Organic Search,0.0
2025-09-28,Paid Search,906.06
2025-09-28,Referral,22.94
2025-09-28,Social,289.69
2025-09-29,Direct,0.0
2025-09-29,Email,5.9
2025-09-29,Organic Search,0.0
2025-09-29,Paid Search,943.39
2025-09-29,Referral,17.91
2025-09-29,Social,110.89
2025-09-30,Direct,0.0
2025-09-30,Email,5.43
2025-09-30,Organic Search,0.0
2025-09-30,Paid Search,1350.76
2025-09-30,Referral,50.19
2025-09-30,Social,274.66
2025-10-01,Direct,0.0
2025-10-01,Email,8.36
2025-10-01,Organic Search,0.0
2025-10-01,Paid Search,553.01
2025-10-01,Referral,17.1
2025-10-01,Social,184.52
2025-10-02,Direct,0.0
2025-10-02,Email,17.37
2025-10-02,Organic Search,0.0
2025-10-02,Paid Search,774.09
2025-10-02,Referral,6.78
2025-10-02,Social,377.47
2025-10-03,Direct,0.0
2025-10-03,Email,5.15
2025-10-03,Organic Search,0.0
2025-10-03,Paid Search,1311.33
2025-10-03,Referral,57.61
2025-10-03,Social,431.23
2025-10-04,Direct,0.0
2025-10-04,Email,9.44
2025-10-04,Organic Search,0.0
2025-10-04,Paid Search,1177.72
2025-10-04,Referral,32.5
2025-10-04,Social,338.87
2025-10-05,Direct,0.0
2025-10-05,Email,3.08
2025-10-05,Organic Search,0.0
2025-10-05,Paid Search,455.72
2025-10-05,Referral,10.4
2025-10-05,Social,342.74
2025-10-06,Direct,0.0
2025-10-06,Email,9.21
2025-10-06,Organic Search,0.0
2025-10-06,Paid Search,1124.41
2025-10-06,Referral,62.78
2025-10-06,Social,188.0
2025-10-07,Direct,0.0
2025-10-07,Email,5.85
2025-10-07,Organic Search,0.0
2025-10-07,Paid Search,1042.13
2025-10-07,Referral,25.82
2025-10-07,Social,518.79
2025-10-08,Direct,0.0
2025-10-08,Email,9.09
2025-10-08,Organic Search,0.0
2025-10-08,Paid Search,728.8
2025-10-08,Referral,12.33
2025-10-08,Social,113.94
2025-10-09,Direct,0.0
2025-10-09,Email,5.13
2025-10-09,Organic Search,0.0
2025-10-09,Paid Search,918.65
2025-10-09,Referral,34.4
2025-10-09,Social,394.29
2025-10-10,Direct,0.0
2025-10-10,Email,6.44
2025-10-10,Organic Search,0.0
2025-10-10,Paid Search,1397.56
2025-10-10,Referral,15.33
2025-10-10,Social,227.81
2025-10-11,Direct,0.0
2025-10-11,Email,5.39
2025-10-11,Organic Search,0.0
2025-10-11,Paid Search,918.43
2025-10-11,Referral,121.64
2025-10-11,Social,202.92
2025-10-12,Direct,0.0
2025-10-12,Email,11.92
2025-10-12,Organic Search,0.0
2025-10-12,Paid Search,510.69
2025-10-12,Referral,14.84
2025-10-12,Social,330.4
2025-10-13,Direct,0.0
2025-10-13,Email,3.88
2025-10-13,Organic Search,0.0
2025-10-13,Paid Search,1134.9
2025-10-13,Referral,40.53
2025-10-13,Social,447.18
2025-10-14,Direct,0.0
2025-10-14,Email,10.8
2025-10-14,Organic Search,0.0
2025-10-14,Paid Search,322.1
2025-10-14,Referral,7.82
2025-10-14,Social,440.67
2025-10-15,Direct,0.0
2025-10-15,Email,3.57
2025-10-15,Organic Search,0.0
2025-10-15,Paid Search,866.66
2025-10-15,Referral,3.69
2025-10-15,Social,385.29
2025-10-16,Direct,0.0
2025-10-16,Email,3.28
2025-10-16,Organic Search,0.0
2025-10-16,Paid Search,623.54
2025-10-16,Referral,82.97
2025-10-16,Social,200.88
2025-10-17,Direct,0.0
2025-10-17,Email,3.05
2025-10-17,Organic Search,0.0
2025-10-17,Paid Search,1651.41
2025-10-17,Referral,52.98
2025-10-17,Social,204.61
2025-10-18,Direct,0.0
2025-10-18,Email,5.42
2025-10-18,Organic Search,0.0
2025-10-18,Paid Search,836.29
2025-10-18,Referral,9.39
2025-10-18,Social,426.04
