Product Key,Effective Start Date,Price,Discount Percent,Promotion Key
1,2023-02-08,106.66,0,
1,2023-03-18,98.55,10,20
1,2023-08-31,106.49,0,
1,2024-06-24,105.82,0,
1,2025-07-17,98.21,0,
2,2021-09-02,896.32,15,2
2,2022-06-25,1006.75,0,
2,2023-09-10,1019.5,0,
2,2025-02-13,1010.71,0,
3,2021-10-18,166.2,0,
3,2022-01-19,154.8,0,
3,2023-11-22,144.75,0,
3,2024-01-21,135.94,0,
3,2024-02-05,138.76,0,
3,2025-03-05,127.8,0,
3,2025-04-05,124.45,0,
3,2025-06-18,119.8,0,
4,2022-09-18,123.95,26,15
4,2022-12-31,167.07,0,
4,2023-05-15,165.89,0,
4,2023-12-04,154.7,0,
4,2024-02-02,147.07,0,
4,2024-05-06,136.76,0,
4,2024-06-02,126.94,0,
4,2025-03-09,119.71,0,
5,2021-12-20,279.26,0,
5,2022-03-03,268.12,0,
5,2022-12-09,249.81,0,
5,2024-01-07,249.47,15,30
5,2024-08-03,246.83,0,
5,2024-08-28,245.25,0,
6,2022-02-21,156.75,0,
6,2022-12-07,145.85,0,
6,2023-04-20,139.83,0,
6,2024-08-31,140.03,0,
6,2025-06-20,141.54,0,
7,2022-07-25,413.28,0,
7,2022-12-08,382.95,0,
7,2025-03-25,367.02,0,
7,2025-08-10,369.16,12,49
8,2023-05-18,163.24,0,
8,2024-02-25,150.38,0,
8,2024-07-21,145.49,0,
8,2024-08-06,115.57,33,35
9,2022-02-03,100.75,0,
9,2022-03-31,101.67,0,
9,2022-05-07,94.95,0,
9,2023-10-28,96.3,0,
9,2024-06-28,99.15,0,
9,2024-09-01,93.08,15,37
10,2023-01-14,461.76,0,
10,2024-04-23,457.11,0,
10,2025-07-12,332.88,27,48
11,2022-12-20,102.0,0,
11,2022-12-30,95.82,0,
11,2023-06-07,94.33,0,
11,2024-11-26,76.65,30,39
12,2021-12-11,927.6,20,5
12,2023-12-31,1079.57,0,
12,2025-05-11,998.55,0,
13,2022-08-30,1008.69,0,
13,2022-12-27,1031.55,0,
13,2023-02-03,1027.19,0,
13,2024-03-08,973.42,0,
14,2022-03-17,89.1,10,8
14,2022-10-30,99.93,0,
14,2023-01-02,84.15,15,19
14,2023-01-27,101.95,0,
14,2024-04-10,96.86,0,
15,2021-10-14,567.36,0,
15,2021-10-24,548.59,0,
15,2023-07-29,518.59,0,
15,2024-08-17,525.33,0,
15,2024-09-27,508.3,0,
15,2025-02-15,485.09,0,
15,2025-09-04,503.62,15,50
16,2021-12-10,146.4,20,5
16,2022-12-24,177.04,0,
16,2024-08-27,167.1,0,
16,2025-05-28,160.13,0,
16,2025-05-31,156.42,0,
16,2025-08-15,161.04,12,49
17,2022-04-06,104.12,0,
17,2023-08-08,100.47,0,
17,2023-08-13,96.36,12,24
17,2023-12-14,87.6,20,29
17,2024-02-25,101.58,0,
17,2024-03-20,98.55,10,31
17,2024-04-01,102.61,0,
17,2024-05-24,93.08,15,33
18,2022-04-10,122.17,0,
18,2022-11-22,112.82,0,
18,2022-12-08,109.85,0,
18,2023-08-29,102.26,0,
18,2023-12-03,84.0,30,27
18,2024-01-10,102.0,15,30
18,2024-04-29,98.09,0,
19,2022-09-15,1134.73,0,
19,2023-01-22,1143.05,0,
19,2023-03-03,1111.47,0,
19,2025-05-05,1081.33,0,
19,2025-07-03,894.0,20,47
20,2022-06-29,233.42,0,
20,2024-10-11,219.03,0,
20,2025-07-08,218.36,0,
21,2021-11-20,883.42,0,
21,2022-06-22,895.11,0,
21,2022-08-05,850.92,0,
21,2025-01-04,753.52,15,43
21,2025-02-24,585.09,34,44
21,2025-08-19,860.66,0,
22,2021-08-30,41.08,21,1
22,2021-11-02,47.89,0,
22,2023-03-13,48.49,0,
22,2023-05-11,46.8,0,
22,2024-05-22,45.92,0,
22,2025-05-08,44.68,0,
23,2022-07-02,138.0,20,12
23,2022-07-18,160.1,0,
23,2023-03-29,148.74,0,
23,2023-12-06,151.17,0,
23,2025-01-01,149.78,0,
23,2025-07-27,153.64,0,
24,2023-01-19,391.43,0,
24,2023-11-28,267.75,30,27
24,2024-05-07,371.57,0,
24,2024-11-28,267.75,30,39
24,2024-12-28,361.65,0,
24,2025-05-22,334.18,0,
24,2025-08-03,321.07,0,
25,2021-11-04,361.9,0,
25,2022-10-02,369.92,0,
25,2023-03-11,366.2,0,
25,2023-08-26,364.23,0,
25,2024-12-15,356.4,0,
25,2025-06-27,364.33,0,
25,2025-08-02,372.57,0,
26,2021-09-09,342.2,0,
26,2022-06-01,315.36,0,
26,2023-11-04,291.5,0,
26,2023-12-20,296.01,0,
26,2024-01-20,285.8,0,
26,2024-09-04,285.18,15,37
26,2025-03-21,301.95,10,45
26,2025-09-03,285.18,15,50
27,2021-12-07,516.99,0,
27,2022-01-24,488.03,0,
27,2023-05-15,451.6,0,
27,2023-12-19,438.25,0,
27,2025-02-28,434.43,0,
28,2021-08-22,479.72,0,
28,2021-11-03,465.9,0,
28,2022-11-25,337.75,30,16
28,2023-01-01,464.34,0,
28,2023-10-13,427.78,0,
29,2022-03-15,3689.55,10,8
29,2023-10-19,3946.37,0,
29,2024-05-02,3860.2,0,
29,2024-12-12,3279.6,20,42
29,2024-12-22,3800.82,0,
29,2025-09-02,3484.57,15,50
30,2023-02-27,214.36,0,
30,2024-03-01,208.28,0,
30,2025-07-13,156.59,27,48
31,2021-08-27,156.9,0,
31,2022-02-04,146.66,0,
31,2022-03-09,143.34,0,
31,2024-09-17,135.43,0,
31,2025-03-10,131.25,0,
31,2025-09-25,134.37,0,
31,2025-10-05,137.48,0,
32,2021-10-18,354.33,0,
32,2022-06-01,363.23,0,
32,2023-09-11,350.5,0,
32,2024-02-21,360.07,0,
32,2024-08-16,350.29,0,
32,2025-07-18,322.75,0,
32,2025-07-19,322.06,0,
33,2022-04-28,111.1,0,
33,2023-10-25,107.27,0,
33,2023-12-10,87.6,20,29
33,2024-12-28,100.85,0,
34,2022-12-25,183.8,0,
34,2025-01-28,180.76,0,
34,2025-02-09,169.14,0,
34,2025-04-02,156.66,0,
35,2022-07-08,999.46,0,
35,2022-09-15,981.41,0,
35,2023-01-30,935.27,0,
35,2023-08-25,871.95,0,
35,2024-05-20,848.07,0,
35,2025-04-24,855.78,0,
35,2025-06-19,814.6,0,
35,2025-07-01,864.8,20,47
36,2022-04-05,135.98,0,
36,2022-08-20,138.97,0,
36,2023-01-11,131.64,0,
36,2024-10-31,124.79,0,
36,2024-12-10,117.2,20,42
36,2025-03-03,123.81,0,
37,2022-06-10,281.88,0,
37,2023-03-21,268.65,10,20
37,2023-05-23,270.43,0,
37,2024-09-07,260.35,0,
37,2025-06-11,264.64,0,
38,2022-12-13,188.4,20,18
38,2024-01-31,219.54,0,
38,2024-04-13,217.02,0,
38,2024-07-10,213.37,0,
38,2024-10-29,208.11,0,
39,2022-04-05,453.85,0,
39,2023-11-21,457.91,0,
39,2023-12-14,390.0,20,29
39,2024-03-16,438.75,10,31
40,2021-09-27,177.6,0,
40,2023-01-20,165.71,0,
40,2025-02-13,160.08,0,
41,2022-04-19,1218.98,0,
41,2022-07-18,1204.02,0,
41,2022-09-07,1021.27,15,14
41,2024-02-01,1143.29,0,
42,2021-08-26,454.01,0,
42,2021-10-31,424.66,0,
42,2022-05-12,396.01,0,
42,2022-05-15,387.02,0,
42,2023-11-26,311.85,30,27
42,2025-01-17,370.52,0,
42,2025-04-02,373.84,0,
43,2021-09-20,298.54,0,
43,2021-11-29,212.8,30,3
43,2022-04-20,290.98,0,
43,2025-02-06,270.43,0,
44,2022-06-24,175.92,0,
44,2023-01-28,175.93,0,
44,2023-09-01,155.55,15,25
44,2024-01-18,179.74,0,
44,2024-03-26,165.49,0,
44,2024-10-15,155.55,15,38
44,2025-01-20,163.42,0,
45,2022-04-17,561.3,0,
45,2022-07-26,565.74,0,
45,2022-12-02,420.75,25,17
45,2024-05-01,559.37,0,
45,2025-05-03,524.19,0,
45,2025-08-03,517.23,0,
46,2021-10-28,109.86,0,
46,2021-12-13,92.0,20,5
46,2022-04-20,106.89,0,
46,2023-05-22,103.15,0,
46,2023-11-17,96.44,0,
46,2024-01-09,97.75,15,30
46,2024-03-13,94.59,0,
46,2025-04-27,95.0,0,
47,2022-01-20,690.28,0,
47,2023-01-17,636.22,0,
47,2023-03-30,606.38,0,
47,2023-12-12,558.0,20,29
47,2024-03-07,580.91,0,
47,2024-11-22,556.49,0,
48,2022-01-15,730.46,0,
48,2022-06-04,717.01,0,
48,2022-12-11,591.6,20,18
48,2023-06-26,701.56,0,
48,2023-09-25,693.18,0,
48,2024-03-24,665.55,10,31
48,2025-02-19,689.67,0,
49,2021-10-29,103.38,0,
49,2022-01-10,97.53,0,
49,2022-09-24,92.56,0,
49,2023-03-17,98.55,10,20
50,2022-06-17,309.18,0,
50,2022-08-16,286.0,12,13
50,2024-01-13,300.53,0,
51,2021-10-19,214.71,0,
51,2022-09-19,166.5,26,15
51,2022-10-24,211.35,0,
51,2023-01-12,217.63,0,
51,2023-05-05,150.75,33,21
51,2023-12-22,209.22,0,
51,2024-11-17,200.4,0,
51,2025-07-12,164.25,27,48
52,2021-08-25,105.86,0,
52,2021-11-10,102.42,0,
52,2022-07-16,103.81,0,
52,2023-11-05,103.17,0,
52,2024-08-18,96.51,0,
52,2025-04-03,94.44,0,
52,2025-05-24,93.08,15,46
52,2025-07-23,92.88,0,
53,2022-02-10,203.02,0,
53,2023-02-08,191.61,0,
53,2023-10-18,190.98,0,
53,2023-11-01,177.14,0,
53,2024-02-01,172.23,0,
53,2025-03-20,183.6,10,45
53,2025-07-31,173.29,0,
54,2022-07-22,185.8,0,
54,2023-04-06,188.15,0,
54,2023-04-19,174.05,0,
54,2023-08-12,161.04,12,24
54,2024-04-07,167.54,0,
54,2025-03-14,172.11,0,
54,2025-09-08,165.03,0,
55,2021-12-30,618.8,0,
55,2022-03-21,570.57,0,
55,2023-04-16,543.06,0,
55,2023-04-28,558.91,0,
55,2023-08-13,544.72,12,24
55,2024-04-06,555.21,0,
55,2024-05-10,521.76,0,
55,2025-03-31,486.06,0,
56,2022-05-30,767.12,15,11
56,2023-03-23,888.13,0,
56,2024-09-25,873.95,0,
56,2025-01-26,871.6,0,
57,2022-08-30,117.48,0,
57,2022-12-29,114.44,0,
57,2024-05-22,112.49,0,
58,2023-12-31,168.26,0,
58,2025-04-04,159.8,0,
58,2025-07-09,163.83,0,
58,2025-10-06,166.52,0,
59,2022-11-10,217.88,0,
59,2024-09-23,214.04,0,
59,2024-10-04,210.26,0,
59,2025-05-31,210.01,0,
60,2022-01-13,164.19,0,
60,2022-12-01,121.5,25,17
60,2023-09-19,159.61,0,
60,2023-10-12,158.25,0,
60,2025-03-06,151.85,0,
60,2025-04-27,140.93,0,
60,2025-09-07,144.48,0,
61,2021-10-10,52.06,0,
61,2022-08-02,49.75,0,
61,2025-03-13,49.31,0,
61,2025-08-27,47.35,0,
62,2021-09-15,418.45,0,
62,2021-10-02,428.44,0,
62,2021-10-29,440.48,0,
62,2021-12-11,348.0,20,5
62,2022-10-20,418.7,0,
62,2023-06-22,423.75,0,
62,2023-11-07,425.09,0,
63,2021-08-30,169.46,21,1
63,2021-10-12,217.1,0,
63,2023-09-09,182.32,15,25
63,2023-12-06,214.19,0,
63,2024-11-09,212.85,0,
63,2024-11-14,218.58,0,
64,2021-08-24,967.48,0,
64,2021-12-22,978.9,0,
64,2022-05-22,917.82,0,
64,2023-10-14,895.49,0,
64,2024-05-04,857.99,0,
64,2025-05-10,881.9,0,
65,2023-09-14,116.72,0,
65,2024-03-16,103.5,10,31
65,2024-05-08,110.93,0,
65,2024-05-26,97.75,15,33
66,2021-12-11,96.0,20,5
66,2022-06-23,119.31,0,
66,2022-12-27,122.54,0,
66,2023-03-15,108.0,10,20
66,2023-08-25,120.91,0,
66,2024-05-26,102.0,15,33
66,2024-11-03,118.91,0,
66,2025-06-30,116.08,0,
67,2021-09-11,47.97,0,
67,2021-10-06,46.82,0,
67,2021-12-09,44.15,0,
67,2021-12-18,41.66,0,
67,2022-01-06,44.2,15,6
67,2022-12-27,40.56,0,
67,2024-05-07,40.59,0,
67,2025-08-28,37.77,0,
68,2022-04-16,92.39,0,
68,2022-12-12,79.2,20,18
68,2023-01-11,93.36,0,
68,2023-05-27,84.15,15,22
68,2025-02-16,91.95,0,
68,2025-04-17,84.6,0,
69,2022-02-02,407.46,0,
69,2022-03-13,380.02,0,
69,2022-11-30,302.62,25,17
69,2022-12-28,363.13,0,
69,2024-01-19,345.8,0,
69,2024-04-24,335.96,0,
69,2024-06-24,321.93,0,
70,2022-03-05,524.43,0,
70,2023-02-01,502.39,0,
70,2023-03-19,490.95,10,20
70,2023-05-24,463.68,15,22
70,2024-07-16,502.94,0,
70,2025-03-04,505.69,0,
70,2025-08-05,507.7,0,
70,2025-09-25,502.51,0,
71,2022-08-15,465.96,12,13
71,2024-11-06,538.82,0,
71,2025-03-09,545.17,0,
71,2025-04-27,546.62,0,
71,2025-10-15,402.42,24,52
72,2022-03-07,519.56,0,
72,2022-05-14,479.28,0,
72,2024-04-06,477.21,0,
73,2021-10-10,250.45,0,
73,2022-09-06,222.7,15,14
73,2022-10-05,234.97,0,
73,2022-12-26,229.32,0,
73,2025-03-23,222.82,0,
74,2021-09-07,293.95,0,
74,2021-12-22,287.58,0,
74,2022-06-04,285.54,0,
74,2022-07-19,264.4,0,
74,2025-03-14,262.08,0,
74,2025-10-14,226.86,24,52
75,2022-04-17,499.99,0,
75,2023-06-01,473.83,0,
75,2023-12-09,458.14,0,
75,2024-04-30,458.87,0,
75,2024-09-21,450.36,0,
75,2025-02-25,349.47,34,44
75,2025-05-15,433.36,0,
75,2025-08-17,465.96,12,49
76,2022-04-26,292.4,32,10
76,2023-09-05,365.5,15,25
76,2023-12-31,440.44,0,
76,2024-01-28,414.7,0,
76,2024-10-11,410.67,0,
76,2024-12-18,415.28,0,
76,2025-06-01,416.23,0,
76,2025-06-06,416.31,0,
77,2023-04-25,697.71,0,
77,2023-09-22,695.01,0,
77,2024-10-17,683.01,0,
78,2022-07-02,142.4,20,12
78,2024-03-01,176.49,0,
78,2025-08-03,172.74,0,
79,2021-09-11,138.9,0,
79,2021-12-20,142.33,0,
79,2022-06-26,142.3,0,
79,2023-11-26,102.55,30,27
79,2025-07-27,137.08,0,
79,2025-09-03,124.52,15,50
79,2025-09-18,134.67,0,
80,2022-12-22,421.69,0,
80,2023-11-03,419.04,0,
80,2025-04-13,395.64,0,
81,2023-02-01,59.32,0,
81,2023-11-11,55.72,0,
81,2024-05-25,53.12,15,33
81,2024-09-13,51.38,0,
81,2024-12-01,43.75,30,39
81,2025-08-13,55.0,12,49
82,2021-11-10,371.28,0,
82,2022-06-09,373.59,0,
82,2022-10-26,367.56,0,
82,2022-12-06,375.95,0,
82,2023-10-06,373.53,0,
82,2025-08-29,364.49,0,
83,2022-09-29,575.58,0,
83,2023-03-21,552.15,10,20
83,2023-09-24,543.61,0,
83,2024-03-25,516.09,0,
83,2025-04-21,486.01,0,
84,2022-01-17,1188.19,0,
84,2022-04-15,1220.05,0,
84,2022-05-23,1201.12,0,
84,2023-11-19,1226.57,0,
84,2024-11-28,855.75,30,39
84,2025-03-05,1143.61,0,
85,2024-06-30,337.18,0,
85,2024-12-12,268.4,20,42
85,2025-01-10,285.18,15,43
86,2021-10-17,515.11,0,
86,2022-05-19,519.62,0,
86,2023-04-01,531.05,0,
86,2024-03-09,495.3,0,
86,2024-07-11,481.65,0,
87,2021-10-22,156.99,0,
87,2023-05-31,151.45,0,
87,2023-11-29,113.4,30,27
88,2022-04-25,206.72,32,10
88,2022-07-20,312.56,0,
88,2022-08-06,307.46,0,
88,2023-11-03,309.79,0,
88,2024-03-09,315.3,0,
88,2024-08-08,294.19,0,
88,2024-09-22,271.25,0,
88,2025-06-07,257.99,0,
89,2023-05-06,684.9,0,
89,2023-11-25,495.6,30,27
89,2025-02-01,665.86,0,
90,2022-03-06,1561.15,0,
90,2024-02-17,1559.14,0,
90,2025-03-21,1449.9,10,45
90,2025-08-28,1514.05,0,
91,2022-09-07,423.3,15,14
91,2022-10-27,495.79,0,
91,2023-09-27,476.31,0,
91,2023-11-21,480.68,0,
91,2024-05-09,464.37,0,
91,2025-07-21,473.77,0,
92,2022-01-23,304.07,0,
92,2022-03-12,305.42,0,
92,2022-04-10,288.44,0,
92,2024-09-22,285.85,0,
92,2025-07-31,288.57,0,
93,2022-03-13,103.73,0,
93,2023-10-08,103.77,0,
93,2025-01-19,96.28,0,
93,2025-06-22,92.75,0,
93,2025-08-14,96.36,12,49
94,2021-08-20,906.9,0,
94,2021-09-24,928.7,0,
94,2023-02-25,900.8,0,
94,2024-10-11,906.94,0,
94,2024-12-06,864.19,0,
95,2023-01-20,63.8,0,
95,2024-05-11,61.0,0,
95,2025-05-03,60.76,0,
95,2025-06-25,56.83,0,
96,2022-08-01,671.31,0,
96,2024-02-23,657.56,0,
96,2024-05-26,570.77,15,33
96,2024-08-24,626.46,0,
96,2024-12-27,630.82,0,
96,2025-04-08,594.96,0,
96,2025-04-09,560.59,0,
96,2025-06-01,569.62,0,
97,2021-10-12,154.55,0,
97,2021-12-30,145.41,0,
97,2022-02-20,138.09,0,
97,2022-06-02,130.72,0,
97,2024-11-11,129.03,0,
97,2025-01-19,120.99,0,
97,2025-05-23,123.16,0,
98,2021-12-27,114.13,0,
98,2022-07-23,115.69,0,
98,2023-03-05,116.62,0,
98,2023-11-10,114.72,0,
98,2024-05-09,117.85,0,
98,2025-06-08,108.48,0,
98,2025-09-27,100.67,0,
99,2022-03-16,2196.45,10,8
99,2023-09-30,2457.17,0,
99,2023-10-04,1903.59,22,26
99,2023-12-26,2265.85,0,
99,2025-01-16,2206.69,0,
99,2025-05-03,2229.31,0,
100,2021-10-17,1020.73,0,
100,2022-01-22,957.49,0,
100,2022-05-15,919.26,0,
100,2022-08-19,934.0,0,
100,2024-10-19,942.53,0,
101,2024-04-08,304.97,0,
101,2024-07-15,281.46,0,
101,2024-11-18,264.37,0,
101,2024-11-18,244.38,0,
102,2021-11-17,266.38,0,
102,2022-04-07,261.68,0,
102,2023-09-07,231.62,15,25
102,2024-01-08,231.62,15,30
102,2024-02-26,248.74,0,
102,2024-08-27,246.37,0,
102,2024-11-24,190.75,30,39
102,2025-09-29,252.88,0,
103,2022-04-15,1062.2,0,
103,2023-03-12,981.85,0,
103,2024-02-10,919.72,0,
103,2024-09-10,942.91,0,
104,2021-11-09,115.69,0,
104,2022-01-05,97.75,15,6
104,2022-07-04,92.0,20,12
104,2022-11-14,106.53,0,
104,2023-07-10,104.74,0,
104,2024-06-14,99.63,0,
104,2024-12-14,92.0,20,42
104,2025-05-14,100.44,0,
105,2022-12-23,546.56,0,
105,2023-03-10,514.38,0,
105,2023-06-05,514.45,0,
105,2023-07-21,474.18,0,
105,2023-11-26,414.75,30,27
105,2024-02-28,439.38,0,
105,2024-11-01,426.0,0,
106,2022-03-18,98.55,10,8
106,2024-04-28,110.44,0,
106,2025-03-09,111.01,0,
107,2021-09-13,242.31,0,
107,2022-10-27,244.71,0,
107,2023-06-30,241.09,0,
107,2025-01-21,239.48,0,
107,2025-09-03,213.78,15,50
108,2021-10-12,1051.17,0,
108,2021-11-08,1072.94,0,
108,2022-03-11,1081.8,0,
108,2022-04-26,759.9,32,10
108,2024-04-11,1019.71,0,
108,2025-04-21,1020.66,0,
109,2022-02-01,573.8,0,
109,2022-07-31,544.48,0,
109,2022-09-04,485.77,15,14
109,2023-03-05,517.9,0,
109,2025-05-26,485.77,15,46
109,2025-06-24,478.35,0,
109,2025-08-24,477.73,0,
109,2025-10-16,434.34,24,52
110,2024-06-21,168.82,0,
110,2024-10-09,169.9,0,
110,2025-01-25,171.31,0,
111,2021-11-11,100.45,0,
111,2022-10-06,98.3,0,
111,2022-10-11,95.42,0,
111,2023-10-14,88.04,0,
111,2024-09-04,84.15,15,37
111,2025-01-07,84.15,15,43
111,2025-08-13,87.12,12,49
111,2025-08-27,85.53,0,
112,2022-06-14,1593.85,0,
112,2023-01-14,1532.83,0,
112,2023-09-02,1396.12,15,25
112,2023-10-29,1489.91,0,
112,2023-12-10,1314.0,20,29
112,2025-07-11,1463.66,0,
113,2021-10-31,57.32,0,
113,2021-11-09,56.18,0,
113,2021-12-06,42.75,25,4
113,2022-04-14,52.57,0,
113,2024-04-12,52.98,0,
113,2024-10-04,49.32,0,
113,2025-05-31,45.82,0,
113,2025-09-05,48.45,15,50
114,2021-10-09,491.51,0,
114,2021-10-17,455.58,0,
114,2022-08-16,465.96,12,13
114,2023-09-19,427.32,0,
114,2024-05-13,411.35,0,
115,2022-11-04,747.49,0,
115,2023-09-24,767.14,0,
115,2024-08-21,785.37,0,
115,2024-10-16,797.46,0,
115,2025-05-17,819.8,0,
115,2025-09-15,799.05,0,
115,2025-09-16,797.46,0,
116,2022-09-24,773.86,0,
116,2023-03-29,743.56,0,
116,2023-04-23,697.92,0,
116,2023-04-26,674.51,0,
116,2024-02-14,623.86,0,
116,2024-05-23,574.53,0,
116,2025-05-18,542.56,0,
117,2021-10-09,293.91,0,
117,2024-01-08,244.8,15,30
117,2024-02-26,279.9,0,
117,2024-04-27,287.73,0,
117,2024-09-04,244.8,15,37
117,2025-02-16,270.75,0,
118,2022-03-30,98.2,0,
118,2022-10-12,100.44,0,
118,2023-03-19,89.1,10,20
118,2024-01-12,95.34,0,
118,2024-07-06,79.2,20,34
118,2024-12-31,89.5,0,
118,2025-06-18,86.92,0,
118,2025-08-16,87.12,12,49
119,2021-09-11,537.05,0,
119,2022-07-11,537.52,0,
119,2022-09-29,500.42,0,
119,2022-12-30,486.92,0,
119,2023-07-20,468.9,0,
119,2024-08-23,467.16,0,
119,2025-03-12,447.86,0,
119,2025-08-14,512.16,12,49
120,2022-08-13,142.56,12,13
120,2022-10-09,151.19,0,
120,2023-01-13,141.45,0,
120,2023-10-14,137.13,0,
120,2024-10-17,129.6,0,
120,2025-03-14,123.75,0,
120,2025-05-06,114.44,0,
121,2021-10-16,148.36,0,
121,2022-12-30,139.13,0,
121,2024-06-23,142.9,0,
121,2024-07-15,135.75,0,
121,2024-08-14,133.32,12,36
121,2024-11-02,137.58,0,
121,2025-07-31,129.71,0,
122,2022-04-06,365.77,0,
122,2022-04-17,352.05,0,
122,2022-11-27,260.4,30,16
122,2023-02-19,352.66,0,
122,2023-12-18,346.98,0,
122,2024-11-20,338.72,0,
122,2025-10-05,336.89,0,
122,2025-10-11,326.47,0,
123,2021-10-25,456.45,0,
123,2022-01-28,457.11,0,
123,2022-12-19,469.65,0,
123,2023-01-27,441.48,0,
123,2023-07-10,412.24,0,
123,2024-07-22,408.39,0,
123,2025-04-09,391.12,0,
124,2021-08-28,817.26,0,
124,2021-10-23,761.82,0,
124,2021-12-03,653.25,25,4
124,2022-01-08,739.06,0,
124,2024-01-26,708.74,0,
125,2021-11-01,992.0,0,
125,2021-11-28,738.15,30,3
125,2022-01-04,896.32,15,6
125,2022-02-23,1002.74,0,
125,2022-06-01,984.55,0,
125,2023-06-17,931.19,0,
125,2023-12-01,738.15,30,27
126,2021-10-15,107.62,0,
126,2022-02-16,107.65,0,
126,2022-04-19,100.59,0,
126,2022-06-24,95.22,0,
127,2022-07-14,151.08,0,
127,2025-01-31,153.17,0,
127,2025-05-22,154.04,0,
127,2025-08-18,157.83,0,
128,2022-03-18,226.35,10,8
128,2023-08-13,221.32,12,24
128,2025-04-29,254.25,0,
128,2025-06-14,240.55,0,
129,2021-11-19,1416.09,0,
129,2022-07-29,1454.1,0,
129,2022-10-27,1452.28,0,
129,2023-01-09,1360.55,0,
129,2024-01-22,1254.5,0,
130,2021-10-26,225.85,0,
130,2023-01-11,211.86,0,
130,2023-06-22,212.89,0,
130,2024-01-19,210.96,0,
130,2024-10-05,194.38,0,
130,2024-12-16,186.77,0,
130,2024-12-20,184.49,0,
130,2025-03-01,173.49,0,
131,2023-03-09,181.81,0,
131,2023-06-02,184.66,0,
131,2023-06-07,182.98,0,
132,2022-08-07,599.14,0,
132,2023-11-19,584.68,0,
132,2024-09-10,550.74,0,
133,2023-10-26,1167.65,0,
133,2024-11-14,1154.81,0,
133,2025-01-26,1133.47,0,
134,2022-04-25,160.14,32,10
134,2023-05-11,240.05,0,
134,2024-09-18,245.81,0,
134,2025-08-05,242.39,0,
135,2022-04-19,96.49,0,
135,2023-02-27,98.2,0,
135,2024-07-13,91.59,0,
135,2025-05-06,90.76,0,
135,2025-09-28,90.47,0,
136,2022-07-16,267.83,0,
136,2023-11-03,267.34,0,
136,2024-02-06,252.62,0,
136,2024-08-14,249.04,12,36
136,2024-09-12,258.58,0,
136,2024-12-02,198.1,30,39
137,2021-09-05,503.62,15,2
137,2023-10-20,589.6,0,
137,2024-03-05,545.68,0,
137,2024-08-20,550.92,0,
137,2024-12-05,509.55,14,41
138,2021-09-04,914.17,15,2
138,2023-04-21,1104.06,0,
138,2023-08-08,1047.85,0,
138,2024-01-08,914.17,15,30
138,2024-02-10,965.75,0,
139,2021-10-12,1158.1,0,
139,2022-02-22,1133.19,0,
139,2022-02-24,1063.31,0,
139,2022-05-26,1021.27,15,11
139,2022-10-19,1029.46,0,
139,2022-12-18,961.2,20,18
139,2023-09-28,1042.54,0,
139,2025-02-16,986.1,0,
140,2022-04-22,745.62,32,9
140,2023-01-12,1125.12,0,
140,2023-05-24,932.02,15,22
140,2025-01-02,932.02,15,43
140,2025-09-05,932.02,15,50
141,2023-11-28,337.75,30,27
141,2024-01-09,410.12,15,30
141,2024-01-15,446.05,0,
141,2024-06-02,445.7,0,
141,2025-10-15,366.7,24,52
142,2021-10-19,489.88,0,
142,2023-09-04,450.07,15,25
142,2025-07-21,453.82,0,
143,2022-04-18,1210.7,0,
143,2022-05-09,1133.67,0,
143,2022-07-04,944.4,20,12
143,2022-08-11,1038.84,12,13
143,2023-01-19,1132.65,0,
143,2023-12-19,1123.33,0,
143,2024-05-11,1043.52,0,
143,2024-11-29,826.35,30,39
144,2023-08-25,1027.99,0,
144,2023-09-24,958.12,0,
144,2024-10-06,957.74,0,
144,2025-04-18,882.13,0,
145,2021-09-27,281.39,0,
145,2024-05-06,282.26,0,
145,2024-06-30,266.51,0,
145,2025-06-17,255.21,0,
146,2022-01-03,128.78,15,6
146,2022-01-04,128.78,15,6
146,2022-04-22,103.02,32,9
146,2022-05-01,153.64,0,
146,2022-05-14,148.32,0,
146,2022-10-04,138.39,0,
146,2023-06-01,139.31,0,
146,2023-10-29,128.57,0,
147,2022-02-11,1501.82,0,
147,2022-05-01,1460.83,0,
147,2023-03-17,1393.2,10,20
147,2024-06-07,1373.75,0,
147,2024-07-27,1319.74,0,
147,2025-06-17,1243.6,0,
148,2022-09-15,215.57,0,
148,2022-12-30,218.65,0,
148,2023-01-15,205.91,0,
148,2023-05-22,211.23,0,
148,2024-02-14,195.81,0,
148,2024-08-09,182.66,0,
148,2025-03-22,185.75,0,
149,2021-12-02,617.62,25,4
149,2022-04-01,791.9,0,
149,2022-07-08,793.78,0,
149,2022-11-29,617.62,25,17
149,2023-07-17,769.66,0,
149,2023-09-11,744.86,0,
149,2024-06-19,736.27,0,
150,2024-12-06,323.34,0,
150,2025-01-25,319.33,0,
150,2025-07-26,321.14,0,
151,2021-11-14,452.52,0,
151,2022-02-02,422.31,0,
151,2022-09-08,414.38,15,14
151,2022-10-17,423.17,0,
151,2023-05-10,420.32,0,
151,2023-06-21,409.29,0,
151,2024-09-16,409.23,0,
151,2025-01-31,389.29,0,
152,2023-01-10,403.15,0,
152,2023-06-20,397.19,0,
152,2024-11-13,406.93,0,
152,2025-05-30,402.22,0,
152,2025-09-23,383.38,0,
152,2025-10-01,378.4,12,51
152,2025-10-16,326.8,24,52
153,2023-01-11,3402.24,0,
153,2024-01-06,2949.07,15,30
153,2024-02-08,3359.28,0,
153,2025-08-08,3207.24,0,
154,2022-03-17,51.3,10,8
154,2022-04-01,55.31,0,
154,2022-09-04,48.45,15,14
154,2024-05-02,51.17,0,
154,2025-09-22,47.4,0,
155,2022-07-20,181.19,0,
155,2023-06-23,179.08,0,
155,2023-08-03,182.97,0,
155,2024-02-02,181.46,0,
156,2021-11-15,305.21,0,
156,2024-11-06,309.46,0,
156,2024-11-29,208.95,30,39
157,2022-02-28,168.93,0,
157,2022-05-30,151.3,15,11
157,2022-07-04,142.4,20,12
157,2023-01-29,170.74,0,
157,2023-12-15,142.4,20,29
157,2025-07-26,158.01,0,
158,2021-08-23,176.61,0,
158,2022-02-08,168.53,0,
158,2022-06-28,158.92,0,
158,2023-11-16,150.39,0,
158,2025-05-13,150.24,0,
158,2025-08-19,143.18,0,
159,2022-12-17,96.0,20,18
159,2023-01-01,121.77,0,
159,2023-03-15,108.0,10,20
159,2023-09-14,121.04,0,
159,2023-09-17,115.84,0,
159,2024-05-31,102.0,15,33
159,2024-10-13,115.18,0,
159,2025-08-26,115.56,0,
160,2021-11-05,319.77,0,
160,2021-11-13,313.21,0,
160,2022-05-31,276.25,15,11
160,2022-12-16,260.0,20,18
160,2024-05-07,302.89,0,
160,2024-07-07,260.0,20,34
160,2025-03-28,279.63,0,
161,2021-09-02,1753.12,15,2
161,2023-04-04,2069.0,0,
161,2023-06-03,2113.51,0,
161,2023-07-17,1978.49,0,
161,2024-06-12,1930.73,0,
161,2024-10-04,1950.18,0,
161,2025-03-25,1908.35,0,
161,2025-10-07,1811.47,0,
162,2021-11-01,62.76,0,
162,2022-01-18,62.56,0,
162,2022-07-05,50.0,20,12
162,2022-08-13,55.0,12,13
162,2023-10-18,64.39,0,
163,2022-01-18,220.76,0,
163,2023-04-16,221.17,0,
163,2023-08-14,188.76,12,24
163,2023-09-01,182.32,15,25
163,2024-01-17,208.89,0,
163,2024-02-05,202.31,0,
164,2021-12-29,231.37,0,
164,2022-10-08,222.76,0,
164,2023-05-10,214.31,0,
165,2021-08-28,1150.9,0,
165,2022-12-06,1137.2,0,
165,2023-02-19,1160.77,0,
165,2024-09-25,1129.97,0,
165,2024-12-15,1067.87,0,
166,2021-12-02,550.88,25,4
166,2024-10-13,703.11,0,
166,2024-12-26,673.06,0,
166,2025-05-02,679.85,0,
167,2021-12-18,161.17,0,
167,2022-10-30,155.07,0,
167,2022-12-17,129.6,20,18
167,2023-08-31,144.55,0,
167,2023-10-09,138.37,0,
167,2024-09-07,137.6,0,
167,2025-10-09,130.27,0,
168,2021-10-17,491.37,0,
168,2022-05-07,460.1,0,
168,2022-09-29,425.66,0,
168,2023-03-21,462.6,10,20
168,2023-10-14,394.58,0,
168,2025-07-04,411.2,20,47
169,2022-02-21,353.67,0,
169,2023-09-23,328.23,0,
169,2024-08-10,313.72,12,36
169,2025-04-10,309.64,0,
170,2021-09-17,146.32,0,
170,2022-07-03,117.2,20,12
170,2023-03-29,145.91,0,
171,2022-08-01,172.48,0,
171,2022-12-13,138.0,20,18
171,2023-05-19,167.56,0,
172,2024-10-08,1294.51,0,
172,2024-12-26,1273.84,0,
172,2025-03-01,1295.51,0,
172,2025-03-02,1276.58,0,
172,2025-04-26,1214.79,0,
172,2025-07-04,1032.8,20,47
173,2022-07-02,129.6,20,12
173,2023-05-13,149.07,0,
173,2023-11-16,150.0,0,
173,2025-10-13,148.1,0,
174,2021-09-20,994.38,0,
174,2022-07-04,776.4,20,12
174,2022-09-08,824.92,15,14
174,2023-09-27,945.25,0,
174,2024-08-16,911.94,0,
175,2022-06-30,1066.01,0,
175,2022-11-04,1080.32,0,
175,2023-04-25,996.86,0,
175,2023-05-28,951.73,0,
175,2023-10-21,948.16,0,
175,2024-09-10,925.02,0,
175,2025-04-08,858.15,0,
175,2025-05-25,967.73,15,46
176,2021-10-29,111.19,0,
176,2022-04-24,81.6,32,9
176,2022-07-31,106.2,0,
176,2022-08-18,103.32,0,
176,2023-03-16,108.0,10,20
176,2024-02-06,97.72,0,
176,2024-12-31,96.77,0,
177,2023-08-25,165.56,0,
177,2024-01-22,162.29,0,
177,2024-11-10,151.21,0,
177,2025-08-16,142.56,12,49
178,2021-09-08,169.95,0,
178,2021-10-13,164.18,0,
178,2022-04-26,117.3,32,10
178,2022-05-09,156.95,0,
178,2024-01-04,146.62,15,30
179,2022-06-02,135.87,0,
179,2022-08-02,133.89,0,
179,2022-09-29,130.95,0,
179,2022-10-05,134.87,0,
179,2022-12-12,117.2,20,18
179,2025-05-31,126.74,0,
180,2022-09-11,103.46,0,
180,2023-08-10,96.36,12,24
180,2025-06-15,95.47,0,
181,2022-08-25,612.83,0,
181,2023-09-21,580.89,0,
181,2023-12-22,557.59,0,
181,2024-03-09,539.23,0,
181,2024-11-10,519.85,0,
181,2024-11-28,422.1,30,39
181,2025-02-08,530.69,0,
181,2025-08-28,543.31,0,
182,2022-01-22,343.44,0,
182,2024-02-26,320.51,0,
182,2025-03-29,309.57,0,
183,2022-02-17,240.37,0,
183,2022-11-30,180.75,25,17
183,2023-05-18,235.37,0,
183,2023-07-07,192.8,20,23
183,2023-07-23,231.98,0,
183,2023-08-31,224.22,0,
183,2024-06-21,208.27,0,
183,2024-10-01,197.67,0,
184,2021-10-31,191.66,0,
184,2022-05-30,169.15,15,11
184,2023-04-10,184.5,0,
184,2025-03-19,179.1,10,45
185,2022-11-15,410.84,0,
185,2023-03-14,420.86,0,
185,2023-05-19,394.96,0,
185,2023-05-21,402.31,0,
185,2024-02-20,381.95,0,
185,2025-01-30,392.47,0,
185,2025-05-31,373.49,0,
185,2025-09-15,380.38,0,
186,2023-09-04,209.1,15,25
186,2023-11-18,237.13,0,
186,2024-03-12,227.21,0,
186,2025-09-15,212.92,0,
187,2021-11-28,752.85,30,3
187,2022-06-21,1092.0,0,
187,2023-09-23,1009.19,0,
187,2025-05-27,914.17,15,46
188,2022-05-29,503.62,15,11
188,2022-10-23,587.63,0,
188,2023-03-06,572.66,0,
188,2023-03-25,551.94,0,
188,2023-07-11,508.74,0,
188,2023-11-30,414.75,30,27
188,2024-03-05,474.71,0,
188,2024-06-18,453.85,0,
189,2022-01-08,110.81,0,
189,2022-01-31,113.68,0,
189,2023-04-17,111.86,0,
189,2023-04-30,105.43,0,
189,2024-08-14,101.2,12,36
189,2024-10-19,106.18,0,
189,2025-02-25,75.9,34,44
190,2021-08-25,303.9,0,
190,2021-12-22,304.26,0,
190,2022-10-06,287.99,0,
190,2022-12-31,288.41,0,
190,2023-09-30,284.74,0,
190,2025-05-19,266.88,0,
190,2025-09-23,249.86,0,
191,2022-08-14,193.6,12,13
191,2022-08-26,209.39,0,
191,2023-03-03,194.08,0,
191,2023-03-17,198.0,10,20
191,2024-06-07,185.25,0,
191,2024-11-24,154.0,30,39
192,2023-01-28,460.78,0,
192,2023-08-07,466.15,0,
192,2023-11-13,450.13,0,
192,2024-05-09,418.58,0,
192,2024-12-05,419.25,14,41
192,2025-07-30,401.36,0,
193,2023-06-03,135.41,0,
193,2024-11-05,127.21,0,
193,2025-05-08,127.62,0,
194,2022-07-16,188.7,0,
194,2023-07-23,185.29,0,
194,2025-09-26,175.38,0,
195,2022-07-09,108.49,0,
195,2022-11-30,86.25,25,17
195,2023-05-17,108.34,0,
195,2023-07-12,103.59,0,
195,2023-10-22,103.24,0,
195,2024-12-03,98.9,14,41
195,2025-07-02,92.0,20,47
195,2025-07-23,104.31,0,
196,2021-09-15,2164.62,0,
196,2021-11-12,2104.68,0,
196,2024-07-29,2104.36,0,
196,2025-01-18,1992.29,0,
196,2025-05-27,1967.33,15,46
196,2025-10-03,2022.96,0,
197,2023-06-02,162.24,0,
197,2023-12-11,129.6,20,29
197,2024-09-24,151.0,0,
197,2024-11-15,141.65,0,
198,2022-06-23,1432.59,0,
198,2022-12-15,1171.2,20,18
198,2023-01-19,1454.5,0,
198,2023-09-07,1244.4,15,25
198,2023-09-11,1434.96,0,
198,2024-07-16,1362.02,0,
198,2025-03-24,1298.15,0,
199,2022-07-23,99.78,0,
199,2023-03-13,97.08,0,
199,2024-06-07,98.58,0,
199,2024-06-23,90.7,0,
200,2021-08-26,534.09,0,
200,2022-11-12,528.51,0,
200,2023-05-25,441.15,15,22
200,2023-05-27,441.15,15,22
200,2023-11-02,537.34,0,
200,2023-11-21,501.59,0,
200,2024-09-03,441.15,15,37
200,2025-01-17,470.07,0,
201,2022-08-20,159.61,0,
201,2022-08-29,155.88,0,
201,2023-06-09,143.7,0,
201,2023-12-29,134.34,0,
201,2024-10-25,131.31,0,
201,2025-02-14,132.95,0,
201,2025-06-14,135.92,0,
202,2021-09-29,706.92,0,
202,2021-10-06,660.43,0,
202,2021-11-28,521.5,30,3
202,2022-03-15,670.5,10,8
202,2023-09-20,616.89,0,
203,2022-12-29,298.33,0,
203,2023-04-27,280.26,0,
203,2024-06-26,266.51,0,
203,2024-07-17,264.25,0,
203,2025-02-03,270.25,0,
203,2025-05-06,268.97,0,
204,2023-07-02,377.6,20,23
204,2024-09-14,484.04,0,
204,2024-12-03,405.92,14,41
204,2025-01-27,483.03,0,
205,2021-08-20,165.31,0,
205,2022-07-21,158.02,0,
205,2022-08-01,149.83,0,
205,2022-08-06,143.19,0,
205,2023-11-11,133.27,0,
205,2025-01-17,124.76,0,
205,2025-07-20,118.33,0,
205,2025-10-12,109.54,0,
206,2021-10-18,201.73,0,
206,2023-02-05,200.86,0,
206,2023-03-25,199.23,0,
206,2024-07-06,159.2,20,34
206,2024-09-24,188.56,0,
207,2022-11-30,82.12,25,17
207,2024-07-27,104.72,0,
207,2024-10-11,100.53,0,
207,2025-09-07,100.86,0,
208,2022-07-09,61.04,0,
208,2022-08-19,59.47,0,
208,2025-01-15,61.08,0,
208,2025-06-25,56.97,0,
209,2024-03-11,283.45,0,
209,2024-10-31,276.74,0,
209,2025-07-20,280.98,0,
210,2022-01-10,269.94,0,
210,2022-07-22,273.37,0,
210,2022-10-13,257.38,0,
210,2023-03-19,245.25,10,20
210,2024-09-18,251.91,0,
210,2024-12-27,240.42,0,
210,2025-04-21,227.21,0,
210,2025-07-27,213.81,0,
211,2023-03-14,769.68,0,
211,2024-02-20,760.82,0,
211,2024-11-12,782.83,0,
211,2024-12-09,726.67,0,
212,2021-10-11,381.48,0,
212,2022-02-03,351.16,0,
212,2022-11-13,348.95,0,
212,2024-01-04,334.05,15,30
212,2024-03-17,353.7,10,31
212,2025-07-26,328.23,0,
213,2022-07-28,162.16,0,
213,2024-04-20,154.36,0,
213,2024-10-08,145.26,0,
213,2024-11-14,146.02,0,
213,2025-10-04,142.14,0,
214,2022-12-11,722.0,20,18
214,2023-05-26,767.12,15,22
214,2024-06-26,855.55,0,
214,2024-07-12,868.0,0,
214,2024-12-05,776.15,14,41
215,2023-09-10,578.64,0,
215,2023-10-01,551.27,0,
215,2024-03-04,563.36,0,
215,2024-05-10,573.52,0,
215,2024-05-28,494.7,15,33
215,2024-07-27,569.32,0,
215,2025-07-06,537.9,0,
216,2025-06-20,156.42,0,
216,2025-07-27,161.0,0,
216,2025-08-31,160.48,0,
217,2022-05-19,384.97,0,
217,2023-03-13,380.66,0,
217,2023-10-10,372.92,0,
217,2024-07-22,347.53,0,
217,2024-12-10,331.2,20,42
217,2025-06-29,340.39,0,
217,2025-07-31,348.3,0,
218,2021-09-04,44.2,15,2
218,2022-10-18,50.2,0,
218,2023-03-11,50.07,0,
218,2023-04-21,50.38,0,
218,2023-04-30,46.85,0,
218,2023-08-26,46.85,0,
218,2023-09-19,46.64,0,
218,2024-11-25,36.4,30,39
219,2021-10-04,143.74,0,
219,2022-07-20,146.64,0,
219,2023-09-03,128.78,15,25
219,2023-09-23,145.98,0,
219,2024-04-09,135.24,0,
219,2024-04-22,130.51,0,
219,2025-07-26,124.99,0,
220,2022-05-22,401.19,0,
220,2023-12-26,391.9,0,
220,2024-10-09,398.83,0,
220,2025-05-25,365.5,15,46
220,2025-07-05,344.0,20,47
221,2021-11-29,124.6,30,3
221,2022-03-02,178.73,0,
221,2023-05-04,119.26,33,21
221,2023-09-13,171.97,0,
221,2023-12-27,161.13,0,
222,2023-05-18,184.69,0,
222,2023-09-22,179.42,0,
222,2025-04-16,179.01,0,
222,2025-08-20,177.81,0,
223,2022-02-12,219.33,0,
223,2023-01-16,222.24,0,
223,2023-03-12,215.78,0,
223,2023-09-12,209.62,0,
223,2024-02-20,200.89,0,
223,2025-06-11,192.78,0,
224,2022-02-14,50.53,0,
224,2023-09-06,44.2,15,25
224,2024-09-18,51.23,0,
225,2021-09-24,225.4,0,
225,2022-03-23,215.81,0,
225,2022-09-29,214.9,0,
225,2023-09-09,204.85,15,25
225,2024-07-22,215.08,0,
225,2025-03-07,214.8,0,
225,2025-03-26,200.97,0,
225,2025-05-15,189.63,0,
226,2023-02-21,63.29,0,
226,2023-05-16,63.63,0,
226,2023-08-14,55.0,12,24
226,2023-09-29,62.19,0,
226,2023-12-25,63.16,0,
226,2023-12-27,62.77,0,
226,2024-11-11,61.78,0,
227,2021-10-05,559.54,0,
227,2022-03-07,553.72,0,
227,2022-11-12,511.85,0,
227,2023-03-05,508.87,0,
227,2023-04-18,495.91,0,
227,2023-10-26,488.41,0,
228,2022-01-10,300.33,0,
228,2022-07-01,243.2,20,12
228,2022-08-28,303.06,0,
228,2023-10-08,300.71,0,
228,2024-06-15,278.91,0,
228,2024-09-06,278.76,0,
228,2024-11-16,286.67,0,
228,2025-06-19,293.18,0,
229,2022-01-30,176.86,0,
229,2022-09-20,170.14,0,
229,2023-01-31,162.9,0,
229,2024-01-27,153.99,0,
229,2024-07-15,149.75,0,
229,2025-03-21,160.2,10,45
230,2022-08-17,151.8,12,13
230,2022-09-13,172.0,0,
230,2022-09-16,171.54,0,
230,2022-10-07,171.21,0,
230,2022-11-09,171.22,0,
230,2025-07-18,174.73,0,
230,2025-10-08,162.03,0,
231,2022-08-01,647.92,0,
231,2022-08-21,625.31,0,
231,2024-08-14,558.36,12,36
231,2025-06-10,631.49,0,
232,2022-01-05,494.7,15,6
232,2022-01-31,597.04,0,
232,2022-03-23,597.18,0,
232,2022-05-05,581.14,0,
232,2023-04-24,555.43,0,
232,2025-08-21,559.11,0,
233,2021-12-30,111.07,0,
233,2022-01-30,104.03,0,
233,2022-07-03,87.6,20,12
233,2023-01-25,104.29,0,
233,2023-05-15,105.71,0,
233,2024-10-28,104.36,0,
234,2022-04-02,263.39,0,
234,2023-03-07,245.56,0,
234,2023-09-23,242.21,0,
234,2024-09-30,248.39,0,
235,2022-07-08,214.31,0,
235,2023-09-25,219.02,0,
235,2024-06-05,222.06,0,
235,2024-07-22,210.84,0,
235,2024-08-05,154.43,33,35
236,2022-05-08,5365.42,0,
236,2022-05-20,4948.77,0,
236,2022-11-23,4593.72,0,
236,2023-03-07,4667.61,0,
236,2023-10-12,4337.36,0,
236,2024-07-01,4371.6,20,34
236,2024-10-13,4246.86,0,
237,2022-01-11,2306.6,0,
237,2022-03-04,2180.8,0,
237,2022-10-13,2242.32,0,
237,2022-10-31,2275.98,0,
237,2024-02-27,2322.16,0,
237,2025-03-30,2277.72,0,
237,2025-05-31,2335.46,0,
237,2025-08-14,2041.6,12,49
238,2021-10-14,238.56,0,
238,2021-11-25,168.7,30,3
238,2022-08-10,212.08,12,13
238,2024-07-09,227.32,0,
238,2024-10-22,228.27,0,
239,2022-09-20,1136.51,0,
239,2023-05-07,1089.14,0,
239,2023-06-11,1060.45,0,
239,2025-02-11,1004.3,0,
240,2023-05-30,150.65,0,
240,2024-07-07,129.6,20,34
240,2024-12-17,148.91,0,
240,2025-09-17,141.06,0,
241,2023-03-08,1181.71,0,
241,2023-04-10,1158.29,0,
241,2023-11-26,866.95,30,27
241,2024-01-11,1119.97,0,
241,2024-01-26,1121.29,0,
241,2025-04-04,1078.1,0,
241,2025-08-29,1008.3,0,
242,2021-09-17,227.03,0,
242,2021-11-12,227.08,0,
242,2022-03-25,232.83,0,
242,2022-04-27,167.28,32,10
242,2022-05-03,219.24,0,
242,2022-10-05,221.53,0,
242,2024-03-16,221.4,10,31
242,2025-05-14,224.6,0,
243,2023-05-24,48.45,15,22
243,2023-08-16,53.12,0,
243,2024-07-06,45.6,20,34
243,2024-12-23,52.05,0,
243,2025-05-06,49.03,0,
244,2021-12-31,449.22,0,
244,2022-01-15,447.45,0,
244,2024-08-05,323.27,33,35
244,2024-11-13,437.74,0,
244,2025-06-22,446.12,0,
245,2022-12-22,309.98,0,
245,2024-06-08,312.27,0,
245,2025-05-11,295.19,0,
245,2025-07-23,276.14,0,
246,2022-05-23,97.06,0,
246,2023-03-09,92.29,0,
246,2025-10-16,75.24,24,52
247,2021-08-24,143.2,0,
247,2022-01-14,144.16,0,
247,2024-11-23,138.75,0,
248,2022-01-26,56.57,0,
248,2022-11-30,42.75,25,17
248,2023-03-12,56.14,0,
248,2023-10-05,52.33,0,
248,2024-01-10,48.45,15,30
248,2024-12-31,51.14,0,
249,2024-11-23,157.69,0,
249,2025-01-27,145.79,0,
249,2025-08-20,146.63,0,
250,2021-12-31,274.15,0,
250,2022-05-12,259.49,0,
250,2022-08-11,239.8,12,13
250,2022-09-16,265.05,0,
250,2022-09-25,246.48,0,
250,2023-03-26,245.59,0,
250,2023-10-14,233.51,0,
250,2023-11-20,235.38,0,
251,2022-07-28,464.07,0,
251,2024-04-22,461.05,0,
251,2024-08-19,451.3,0,
252,2021-10-05,279.03,0,
252,2023-05-09,276.91,0,
252,2023-10-13,267.37,0,
252,2023-11-09,253.25,0,
252,2024-02-28,234.21,0,
252,2024-03-07,220.43,0,
252,2024-11-14,215.1,0,
252,2024-12-31,208.81,0,
253,2021-09-21,311.58,0,
253,2022-10-06,318.55,0,
253,2022-10-14,322.47,0,
253,2023-10-31,328.64,0,
253,2024-04-25,315.09,0,
253,2024-10-31,315.39,0,
253,2025-09-21,309.16,0,
254,2023-04-08,107.84,0,
254,2023-08-18,100.59,0,
254,2023-12-16,101.84,0,
254,2024-07-30,98.72,0,
254,2024-08-27,96.62,0,
254,2025-01-06,97.75,15,43
255,2022-08-23,110.61,0,
255,2023-06-17,112.66,0,
255,2023-10-27,111.22,0,
255,2023-12-14,87.6,20,29
255,2023-12-26,111.37,0,
255,2024-08-06,73.36,33,35
255,2024-11-24,76.65,30,39
256,2021-11-25,3035.2,30,3
256,2023-08-25,4392.21,0,
256,2025-02-22,4133.27,0,
257,2023-08-31,144.78,0,
257,2023-10-07,137.87,0,
257,2024-11-27,106.05,30,39
257,2025-02-05,129.98,0,
257,2025-08-29,123.1,0,
258,2022-06-21,467.92,0,
258,2023-08-03,447.3,0,
258,2023-09-14,419.59,0,
258,2024-05-09,420.71,0,
258,2024-10-01,387.71,0,
258,2025-05-19,370.83,0,
259,2023-02-19,385.07,0,
259,2023-03-19,344.25,10,20
259,2023-04-19,373.2,0,
259,2025-03-07,366.65,0,
260,2021-09-29,228.28,0,
260,2022-04-11,223.93,0,
260,2023-03-24,228.42,0,
260,2023-09-30,233.75,0,
260,2023-12-07,222.95,0,
260,2024-06-01,228.81,0,
261,2021-12-13,117.2,20,5
261,2022-09-17,150.33,0,
261,2023-04-08,142.41,0,
261,2023-08-01,138.66,0,
261,2024-09-09,140.2,0,
261,2025-02-02,132.4,0,
262,2022-09-14,455.58,0,
262,2023-04-16,451.6,0,
262,2023-05-13,442.43,0,
262,2023-06-04,423.16,0,
262,2023-12-24,392.84,0,
263,2022-08-26,104.18,0,
263,2023-08-18,106.64,0,
263,2023-10-10,101.31,0,
263,2024-01-09,93.08,15,30
263,2025-09-26,97.54,0,
264,2022-04-02,122.23,0,
264,2024-11-21,119.48,0,
264,2025-05-14,119.3,0,
265,2021-08-29,426.6,21,1
265,2022-02-25,503.12,0,
265,2022-07-23,478.96,0,
265,2022-08-29,466.95,0,
266,2022-04-08,167.19,0,
266,2022-08-03,163.65,0,
266,2023-02-23,153.11,0,
266,2023-05-20,151.79,0,
266,2023-09-13,146.27,0,
266,2024-07-02,134.0,20,34
266,2025-06-15,140.13,0,
266,2025-09-11,137.29,0,
267,2021-11-19,114.81,0,
267,2022-08-04,117.15,0,
267,2023-10-13,115.46,0,
267,2023-12-13,96.0,20,29
267,2024-02-29,110.11,0,
267,2024-05-13,111.2,0,
267,2025-05-22,103.67,0,
268,2021-08-25,795.68,0,
268,2021-10-19,769.54,0,
268,2022-10-15,781.31,0,
268,2023-10-31,738.31,0,
268,2024-01-09,713.57,15,30
268,2025-04-19,713.26,0,
269,2021-10-02,105.11,0,
269,2022-08-28,103.81,0,
269,2023-05-07,102.88,0,
269,2023-07-29,102.92,0,
269,2023-10-12,102.43,0,
269,2024-04-06,96.0,0,
269,2024-06-25,92.83,0,
270,2023-12-25,169.44,0,
270,2024-04-16,168.09,0,
270,2024-09-19,157.2,0,
270,2024-09-29,150.47,0,
270,2025-01-05,151.3,15,43
270,2025-08-30,149.32,0,
270,2025-09-27,143.8,0,
271,2022-03-21,682.23,0,
271,2023-06-23,685.53,0,
271,2024-08-11,600.16,12,36
271,2024-12-28,678.44,0,
272,2021-10-08,150.96,0,
272,2023-05-11,143.16,0,
272,2023-09-01,137.7,15,25
272,2023-09-07,137.7,15,25
273,2021-10-05,158.09,0,
273,2023-02-28,148.35,0,
273,2023-03-14,137.0,0,
273,2024-08-03,135.39,0,
274,2021-10-26,202.07,0,
274,2022-06-26,204.57,0,
274,2024-03-26,209.57,0,
274,2025-05-19,197.28,0,
275,2023-08-26,62.41,0,
275,2024-01-31,62.05,0,
275,2024-04-13,58.29,0,
275,2024-07-03,50.0,20,34
275,2024-10-08,56.77,0,
275,2024-12-27,52.8,0,
276,2023-05-05,129.64,33,21
276,2023-08-13,170.28,12,24
276,2024-11-18,192.92,0,
277,2021-10-28,267.88,0,
277,2022-05-25,244.8,15,11
277,2022-08-26,269.68,0,
277,2023-01-23,270.64,0,
277,2024-12-09,253.69,0,
278,2023-10-16,1154.28,0,
278,2024-04-07,1157.36,0,
278,2024-12-04,1015.23,14,41
278,2024-12-05,1015.23,14,41
278,2025-09-17,1083.23,0,
279,2022-01-23,100.53,0,
279,2022-05-04,103.17,0,
279,2022-07-21,104.99,0,
279,2023-03-03,100.22,0,
279,2023-03-15,89.1,10,20
279,2023-09-01,84.15,15,25
279,2025-05-11,95.32,0,
280,2023-05-23,509.19,0,
280,2024-12-06,497.29,0,
280,2025-08-18,466.25,0,
281,2022-11-26,190.75,30,16
281,2023-09-18,270.05,0,
281,2023-10-05,275.24,0,
281,2024-07-28,268.26,0,
281,2024-10-06,259.48,0,
281,2024-10-15,231.62,15,38
282,2021-08-26,551.34,0,
282,2022-07-06,448.8,20,12
282,2022-11-03,513.8,0,
282,2022-11-16,490.48,0,
283,2022-01-02,137.7,15,6
283,2023-06-10,157.0,0,
283,2024-07-28,150.6,0,
283,2025-01-20,151.09,0,
283,2025-01-26,143.49,0,
283,2025-10-07,132.45,0,
284,2021-09-22,170.85,0,
284,2022-02-12,174.42,0,
284,2022-06-29,171.87,0,
285,2022-10-08,122.92,0,
285,2024-06-19,119.88,0,
285,2024-10-31,120.35,0,
286,2021-09-02,441.15,15,2
286,2021-11-12,500.15,0,
286,2022-06-07,498.42,0,
286,2023-03-18,467.1,10,20
286,2023-04-09,479.69,0,
286,2024-05-19,489.57,0,
286,2024-08-29,494.93,0,
287,2021-09-25,271.89,0,
287,2022-02-24,254.66,0,
287,2022-11-06,253.56,0,
287,2024-10-08,244.83,0,
287,2024-10-28,230.1,0,
288,2022-03-04,172.79,0,
288,2022-03-06,159.79,0,
288,2023-07-16,149.18,0,
288,2024-03-18,160.2,10,31
288,2024-05-01,148.69,0,
288,2024-07-20,146.94,0,
289,2021-12-17,910.8,20,5
289,2024-03-23,1024.65,10,31
289,2025-06-24,1153.82,0,
289,2025-09-03,967.73,15,50
290,2023-12-11,96.0,20,29
290,2024-12-27,111.31,0,
290,2025-05-10,107.81,0,
291,2021-10-31,453.27,0,
291,2021-12-14,381.6,20,5
291,2023-01-29,432.34,0,
291,2024-01-16,437.96,0,
291,2024-08-25,413.08,0,
291,2025-04-04,404.94,0,
291,2025-07-14,348.21,27,48
292,2022-03-29,172.46,0,
292,2022-08-10,147.4,12,13
292,2022-12-15,134.0,20,18
292,2024-05-24,142.38,15,33
292,2024-09-08,172.31,0,
292,2024-09-30,165.16,0,
293,2022-09-15,616.17,0,
293,2023-01-14,594.81,0,
293,2023-07-04,490.8,20,23
293,2024-03-23,552.15,10,31
293,2025-03-05,576.58,0,
294,2022-04-07,170.53,0,
294,2022-04-10,166.84,0,
294,2023-01-26,156.58,0,
294,2023-06-20,155.32,0,
294,2024-04-23,153.95,0,
294,2025-02-15,151.28,0,
294,2025-02-17,148.62,0,
294,2025-07-01,138.0,20,47
295,2022-06-27,289.9,0,
295,2022-07-23,269.32,0,
295,2023-10-20,253.51,0,
295,2024-02-04,252.12,0,
295,2025-01-21,251.27,0,
295,2025-03-24,244.85,0,
296,2022-05-01,293.02,0,
296,2023-07-06,238.8,20,23
296,2023-08-20,294.64,0,
296,2024-02-25,298.73,0,
296,2024-06-07,304.13,0,
296,2025-04-21,305.76,0,
296,2025-10-17,226.86,24,52
297,2021-10-25,104.15,0,
297,2022-01-22,102.41,0,
297,2022-08-11,96.36,12,13
297,2023-05-10,97.31,0,
297,2024-12-30,94.23,0,
297,2025-02-04,93.66,0,
298,2022-12-05,4118.25,25,17
298,2023-06-04,5491.44,0,
298,2024-03-17,4941.9,10,31
299,2022-03-21,154.32,0,
299,2022-09-09,143.39,0,
299,2023-01-10,143.96,0,
299,2023-03-02,132.77,0,
299,2023-07-22,127.23,0,
299,2023-10-10,123.14,0,
299,2023-11-03,125.19,0,
299,2024-06-16,127.85,0,
300,2021-09-30,1121.55,0,
300,2022-03-12,1046.46,0,
300,2023-11-03,1065.84,0,
300,2025-01-12,1069.15,0,
300,2025-03-11,996.41,0,
300,2025-07-26,922.02,0,
300,2025-10-15,881.22,24,52
301,2021-11-19,112.01,0,
301,2023-04-05,107.09,0,
301,2024-03-21,108.0,10,31
302,2021-10-17,55.36,0,
302,2022-01-05,48.45,15,6
302,2022-08-13,50.16,12,13
302,2023-10-11,51.11,0,
302,2024-01-16,50.36,0,
302,2025-07-11,48.89,0,
303,2021-12-26,622.84,0,
303,2022-07-11,623.19,0,
303,2022-10-15,609.38,0,
303,2024-07-12,622.02,0,
303,2025-01-31,630.25,0,
303,2025-08-02,581.36,0,
303,2025-09-03,570.77,15,50
304,2024-01-12,638.95,0,
304,2024-03-16,604.35,10,31
304,2024-06-09,643.49,0,
304,2025-04-19,641.93,0,
305,2021-09-08,109.05,0,
305,2023-09-20,101.61,0,
305,2023-11-16,94.96,0,
305,2024-06-10,87.69,0,
305,2024-06-17,88.19,0,
306,2022-12-04,428.62,25,17
306,2023-03-08,587.83,0,
306,2023-04-17,601.16,0,
306,2023-06-17,612.19,0,
306,2024-02-28,629.55,0,
306,2024-05-03,620.31,0,
306,2025-02-22,622.58,0,
306,2025-07-19,592.02,0,
307,2022-11-06,109.28,0,
307,2023-10-15,109.28,0,
307,2024-09-29,106.94,0,
307,2024-10-31,107.52,0,
307,2024-11-25,76.65,30,39
307,2025-04-06,103.45,0,
308,2023-09-17,115.04,0,
308,2023-12-16,111.29,0,
308,2024-03-06,105.95,0,
308,2024-04-11,97.87,0,
308,2024-06-16,97.46,0,
308,2025-06-22,91.27,0,
308,2025-09-12,92.11,0,
309,2022-03-15,108.0,10,8
309,2024-02-23,120.66,0,
309,2024-08-14,105.6,12,36
309,2024-10-01,111.9,0,
310,2022-05-16,753.29,0,
310,2023-01-15,768.71,0,
310,2023-05-15,754.25,0,
310,2023-06-14,694.01,0,
310,2024-06-18,655.23,0,
310,2025-08-15,696.96,12,49
311,2022-01-11,238.23,0,
311,2022-01-21,241.01,0,
311,2022-04-12,244.59,0,
311,2022-06-28,249.49,0,
311,2023-05-08,252.38,0,
311,2023-11-19,257.88,0,
312,2022-01-09,422.97,0,
312,2023-03-24,432.22,0,
312,2025-05-14,415.25,0,
313,2022-05-03,100.82,0,
313,2022-09-26,103.54,0,
313,2022-12-15,87.6,20,18
313,2023-06-15,96.64,0,
313,2023-12-16,90.37,0,
313,2024-05-22,90.5,0,
313,2024-12-31,86.13,0,
313,2025-05-29,86.25,0,
314,2022-06-12,177.33,0,
314,2023-08-19,174.37,0,
314,2024-12-23,163.53,0,
315,2022-05-04,222.2,0,
315,2023-01-26,223.39,0,
315,2023-05-29,206.52,0,
315,2023-10-26,202.44,0,
315,2024-09-05,191.25,15,37
315,2025-04-03,205.86,0,
315,2025-09-25,210.84,0,
316,2022-12-13,45.6,20,18
316,2023-04-20,55.61,0,
316,2023-05-21,52.32,0,
316,2024-12-14,45.6,20,42
317,2021-08-19,432.33,0,
317,2021-08-24,401.59,0,
317,2021-09-28,393.86,0,
317,2022-05-17,403.54,0,
317,2023-07-14,377.95,0,
317,2024-04-30,359.56,0,
317,2025-01-09,369.75,15,43
318,2022-01-24,164.33,0,
318,2023-02-21,166.71,0,
318,2023-02-26,159.62,0,
318,2023-04-01,156.73,0,
318,2023-04-27,150.97,0,
318,2024-03-25,139.16,0,
318,2024-04-04,128.71,0,
318,2025-07-22,119.48,0,
319,2022-11-15,192.96,0,
319,2023-06-07,189.17,0,
319,2023-10-10,188.91,0,
319,2023-12-21,182.91,0,
319,2024-03-01,172.33,0,
320,2022-02-25,53.3,0,
320,2022-12-28,50.01,0,
320,2024-07-20,47.22,0,
320,2024-08-09,45.73,0,
320,2024-11-13,43.46,0,
320,2025-02-23,44.26,0,
320,2025-05-08,42.39,0,
321,2022-07-08,154.89,0,
321,2022-09-09,157.2,0,
321,2022-10-19,148.21,0,
321,2024-10-10,147.66,0,
321,2025-03-04,144.84,0,
322,2022-06-07,60.84,0,
322,2022-08-05,56.66,0,
322,2023-07-02,50.0,20,23
322,2024-02-04,52.32,0,
322,2024-05-28,53.12,15,33
322,2024-09-03,53.12,15,37
322,2024-09-14,52.2,0,
322,2025-06-01,50.43,0,
323,2024-01-29,63.35,0,
323,2024-03-30,64.93,0,
323,2024-07-06,50.0,20,34
323,2025-04-04,62.71,0,
323,2025-04-20,62.97,0,
324,2021-09-28,861.74,0,
324,2022-03-24,850.93,0,
324,2022-10-15,844.73,0,
324,2023-04-19,816.4,0,
325,2022-05-17,177.49,0,
325,2022-08-10,151.8,12,13
325,2022-11-14,179.58,0,
325,2023-08-12,151.8,12,24
325,2023-10-31,177.65,0,
325,2024-06-15,177.36,0,
325,2024-08-17,173.67,0,
326,2021-12-26,96.7,0,
326,2022-02-17,92.23,0,
326,2022-04-30,85.41,0,
326,2023-07-25,79.66,0,
326,2023-08-08,79.83,0,
326,2024-01-12,78.98,0,
326,2024-04-22,73.72,0,
326,2025-05-31,72.97,0,
327,2022-06-07,112.38,0,
327,2022-07-27,107.34,0,
327,2022-10-20,100.51,0,
327,2023-08-21,103.09,0,
327,2024-05-04,95.43,0,
327,2024-06-26,87.83,0,
327,2025-06-18,87.3,0,
327,2025-08-12,105.6,12,49
328,2022-04-28,281.05,0,
328,2022-05-02,282.85,0,
328,2024-10-25,265.47,0,
328,2025-09-15,252.63,0,
329,2022-01-11,109.89,0,
329,2022-03-20,98.55,10,8
329,2022-05-20,104.73,0,
329,2022-08-15,96.36,12,13
329,2023-05-18,105.13,0,
329,2023-05-25,93.08,15,22
329,2024-07-20,105.96,0,
329,2025-05-08,108.18,0,
330,2021-12-28,50.08,0,
330,2024-04-12,47.2,0,
330,2024-09-17,47.67,0,
330,2025-04-15,46.89,0,
330,2025-08-25,45.99,0,
331,2021-08-22,340.14,0,
331,2023-01-04,307.27,15,19
331,2023-02-11,331.37,0,
331,2023-06-19,314.95,0,
331,2025-08-16,318.12,12,49
332,2021-09-09,221.0,0,
332,2021-12-28,203.82,0,
332,2023-10-09,189.44,0,
332,2023-10-17,186.59,0,
332,2024-08-12,198.0,12,36
332,2025-06-22,177.9,0,
332,2025-06-22,165.88,0,
333,2022-07-21,170.73,0,
333,2022-08-26,165.04,0,
333,2022-09-23,160.81,0,
333,2023-04-02,150.76,0,
333,2024-08-12,147.4,12,36
334,2022-03-05,120.17,0,
334,2022-03-26,122.52,0,
334,2022-04-15,124.15,0,
334,2022-05-09,114.91,0,
334,2022-10-30,108.56,0,
334,2024-02-08,99.97,0,
334,2024-08-12,105.6,12,36
334,2024-11-02,95.17,0,
335,2022-02-18,286.92,0,
335,2022-05-29,249.47,15,11
335,2022-12-05,220.12,25,17
335,2023-06-26,272.4,0,
335,2024-04-26,263.48,0,
335,2025-10-05,267.67,0,
336,2021-09-25,227.06,0,
336,2021-10-31,233.35,0,
336,2022-02-11,225.41,0,
336,2023-02-17,217.87,0,
336,2023-04-15,215.54,0,
336,2023-04-17,199.9,0,
336,2024-01-04,204.85,15,30
336,2025-01-11,195.81,0,
337,2022-12-26,477.16,0,
337,2024-01-25,441.47,0,
337,2024-10-14,410.12,15,38
337,2025-06-11,413.68,0,
337,2025-10-02,424.6,12,51
338,2022-06-25,347.36,0,
338,2022-07-01,289.2,20,12
338,2022-11-24,253.05,30,16
338,2023-09-26,334.98,0,
338,2023-11-26,253.05,30,27
338,2024-06-24,317.45,0,
339,2021-09-22,99.68,0,
339,2022-04-27,67.32,32,10
339,2022-05-12,91.95,0,
339,2023-10-19,91.2,0,
339,2024-01-24,92.97,0,
339,2024-02-26,88.75,0,
339,2024-03-13,88.55,0,
339,2025-05-15,82.72,0,
340,2022-06-28,988.74,0,
340,2022-08-05,912.35,0,
340,2022-10-24,888.21,0,
340,2022-10-25,896.18,0,
340,2024-02-14,861.01,0,
340,2024-12-11,772.4,20,42
340,2025-07-13,704.81,27,48
341,2021-10-24,294.82,0,
341,2021-10-29,303.13,0,
341,2024-11-16,292.16,0,
341,2025-10-14,231.04,24,52
342,2023-10-30,1072.47,0,
342,2023-11-02,1102.98,0,
342,2024-04-04,1067.38,0,
342,2024-05-17,1006.75,0,
342,2025-03-14,969.5,0,
343,2021-10-25,156.31,0,
343,2021-11-07,158.5,0,
343,2022-08-06,155.95,0,
343,2023-09-13,151.99,0,
343,2023-10-20,149.61,0,
343,2023-12-30,142.45,0,
343,2024-06-27,141.45,0,
343,2024-11-16,139.16,0,
344,2021-12-02,74.25,25,4
344,2022-04-04,94.02,0,
344,2022-08-05,96.35,0,
344,2022-09-27,97.89,0,
344,2022-11-25,69.3,30,16
344,2023-12-02,69.3,30,27
344,2024-05-28,84.15,15,33
344,2024-11-19,98.53,0,
345,2021-09-30,114.9,0,
345,2021-12-06,86.25,25,4
345,2022-05-07,113.14,0,
345,2024-01-02,97.75,15,30
345,2024-08-01,114.21,0,
345,2024-11-10,109.32,0,
346,2022-08-30,111.53,0,
346,2022-11-25,80.5,30,16
346,2024-06-09,103.39,0,
346,2025-03-02,104.04,0,
346,2025-04-06,101.85,0,
347,2022-12-11,566.4,20,18
347,2023-01-20,721.34,0,
347,2023-07-07,566.4,20,23
347,2025-09-06,712.01,0,
348,2022-02-02,339.16,0,
348,2022-02-04,333.8,0,
348,2022-08-05,320.96,0,
348,2023-03-17,306.45,10,20
348,2023-09-01,289.43,15,25
348,2024-08-14,299.64,12,36
349,2022-03-11,116.43,0,
349,2023-10-02,93.6,22,26
349,2023-12-24,114.9,0,
349,2025-09-25,107.22,0,
350,2021-08-30,252.41,21,1
350,2022-05-07,305.94,0,
350,2023-08-24,310.56,0,
350,2023-10-09,314.96,0,
350,2024-12-01,223.65,30,39
351,2022-12-28,57.65,0,
351,2025-05-08,53.99,0,
351,2025-07-10,51.1,0,
352,2022-07-09,214.27,0,
352,2023-01-08,182.32,15,19
352,2023-01-31,216.0,0,
352,2024-07-06,171.6,20,34
353,2022-04-30,500.94,0,
353,2022-05-11,502.9,0,
353,2022-08-14,438.24,12,13
353,2022-11-13,478.18,0,
353,2023-07-29,471.29,0,
353,2024-02-17,480.05,0,
353,2024-05-20,466.43,0,
354,2022-04-16,219.78,0,
354,2025-01-03,195.92,15,43
354,2025-05-22,203.65,0,
355,2022-08-20,277.31,0,
355,2023-05-31,274.7,0,
355,2024-08-23,277.47,0,
355,2025-03-08,264.7,0,
356,2022-07-11,763.33,0,
356,2023-06-12,752.58,0,
356,2023-06-15,729.66,0,
356,2023-06-27,678.06,0,
357,2022-03-27,335.78,0,
357,2022-12-17,285.2,20,18
357,2023-01-22,315.63,0,
357,2023-12-10,285.2,20,29
357,2025-01-17,303.54,0,
357,2025-08-18,295.13,0,
358,2021-11-12,236.71,0,
358,2023-09-27,236.15,0,
358,2023-12-18,235.05,0,
358,2024-05-05,222.22,0,
358,2024-05-09,208.51,0,
358,2025-08-23,214.03,0,
359,2021-09-05,338.72,15,2
359,2022-06-18,406.92,0,
359,2022-07-20,407.46,0,
359,2023-01-22,405.11,0,
359,2023-11-22,414.1,0,
360,2023-11-20,163.78,0,
360,2024-09-11,163.07,0,
360,2025-07-26,153.85,0,
361,2021-11-13,1092.6,0,
361,2022-06-08,1033.66,0,
361,2023-01-02,1003.42,15,19
361,2024-03-21,1062.45,10,31
361,2024-08-25,1035.02,0,
361,2024-10-18,1062.28,0,
361,2024-12-06,1039.32,0,
362,2022-05-15,101.45,0,
362,2023-01-19,103.59,0,
362,2023-03-22,102.23,0,
362,2025-04-17,100.86,0,
362,2025-08-03,102.02,0,
363,2021-10-05,169.32,0,
363,2022-01-05,155.55,15,6
363,2022-08-18,164.37,0,
363,2023-02-15,158.45,0,
363,2023-07-04,146.4,20,23
363,2024-02-19,162.43,0,
363,2024-02-24,163.41,0,
364,2023-10-21,258.45,0,
364,2024-11-20,262.09,0,
364,2025-09-15,248.35,0,
365,2023-01-17,801.9,0,
365,2023-02-10,766.43,0,
365,2023-09-27,705.29,0,
366,2021-08-22,237.98,0,
366,2022-08-25,220.04,0,
366,2023-01-20,209.57,0,
366,2023-04-09,193.75,0,
366,2023-07-11,191.98,0,
366,2023-08-14,216.48,12,24
366,2023-10-27,182.04,0,
367,2022-12-02,129.38,25,17
367,2023-02-01,175.86,0,
367,2024-03-09,178.22,0,
367,2024-09-29,172.85,0,
367,2024-12-28,164.25,0,
368,2022-06-23,116.12,0,
368,2022-06-25,116.53,0,
368,2023-02-15,107.81,0,
369,2021-09-06,587.6,0,
369,2023-03-06,554.1,0,
369,2023-03-07,517.27,0,
369,2024-05-21,479.62,0,
369,2025-08-01,453.46,0,
370,2022-07-10,623.78,0,
370,2023-01-08,526.15,15,19
370,2023-09-12,616.24,0,
370,2024-05-07,588.52,0,
370,2025-01-17,541.97,0,
370,2025-02-11,534.45,0,
370,2025-02-12,527.27,0,
371,2021-08-26,595.26,0,
371,2022-04-14,583.38,0,
371,2022-07-30,599.59,0,
371,2022-09-09,554.81,0,
371,2022-12-28,529.75,0,
371,2023-07-06,474.0,20,23
371,2025-08-07,535.44,0,
372,2022-06-23,118.55,0,
372,2022-08-03,116.98,0,
372,2022-11-19,116.09,0,
372,2022-12-02,90.0,25,17
372,2023-03-16,108.0,10,20
372,2023-06-04,112.85,0,
372,2023-08-25,104.79,0,
372,2023-09-29,107.03,0,
373,2021-11-20,53.37,0,
373,2023-07-26,50.51,0,
373,2023-11-08,50.06,0,
373,2023-11-10,48.87,0,
373,2025-01-07,44.2,15,43
374,2022-01-26,1169.77,0,
374,2022-01-30,1164.24,0,
374,2022-06-24,1187.45,0,
374,2024-04-14,889.11,26,32
374,2024-08-16,1158.64,0,
374,2025-01-14,1138.2,0,
375,2022-01-06,588.62,15,6
375,2022-03-03,643.82,0,
375,2025-03-09,617.86,0,
375,2025-08-26,632.34,0,
376,2023-03-30,552.59,0,
376,2023-12-26,567.67,0,
376,2025-07-07,544.83,0,
376,2025-07-21,503.47,0,
377,2023-11-23,101.47,0,
377,2024-03-12,101.71,0,
377,2024-04-11,97.36,0,
377,2024-07-23,95.87,0,
377,2024-11-15,95.29,0,
377,2025-02-21,96.25,0,
377,2025-03-21,89.1,10,45
378,2022-04-23,221.0,32,9
378,2023-05-15,322.98,0,
378,2023-06-10,321.43,0,
378,2024-01-28,302.24,0,
378,2025-04-14,294.25,0,
379,2021-11-25,370.65,30,3
379,2021-12-20,505.1,0,
379,2024-04-18,472.14,0,
379,2024-05-02,459.69,0,
379,2024-06-30,448.99,0,
379,2024-10-15,450.07,15,38
379,2024-12-25,425.55,0,
380,2021-09-01,49.38,21,1
380,2021-12-20,61.99,0,
380,2022-06-11,59.13,0,
380,2022-10-20,57.74,0,
381,2022-04-13,703.39,0,
381,2023-01-29,703.92,0,
381,2025-01-10,610.73,15,43
382,2022-11-17,218.19,0,
382,2023-07-21,219.08,0,
382,2023-12-19,208.44,0,
382,2024-07-30,212.15,0,
382,2025-04-01,215.67,0,
382,2025-04-06,205.24,0,
383,2021-09-11,98.65,0,
383,2022-09-13,92.77,0,
383,2023-05-14,88.03,0,
383,2024-04-04,88.69,0,
383,2025-05-23,88.63,0,
384,2022-07-11,343.71,0,
384,2023-07-06,289.2,20,23
384,2024-03-27,338.59,0,
384,2025-04-04,314.61,0,
385,2022-02-01,153.35,0,
385,2024-06-16,157.4,0,
385,2024-08-22,160.99,0,
385,2025-01-21,165.58,0,
385,2025-08-09,163.16,0,
386,2022-04-02,446.51,0,
386,2022-09-09,438.84,0,
386,2023-01-14,422.69,0,
386,2023-03-09,394.52,0,
386,2023-03-11,367.76,0,
386,2023-03-25,356.42,0,
386,2023-09-14,336.84,0,
386,2024-08-30,326.78,0,
387,2022-04-08,1216.96,0,
387,2022-06-08,1211.01,0,
387,2023-05-20,1200.14,0,
387,2023-06-02,1156.96,0,
387,2023-11-01,1106.23,0,
387,2025-01-20,1071.77,0,
387,2025-02-28,1037.87,0,
388,2021-08-28,483.0,0,
388,2021-12-02,365.62,25,4
388,2022-06-13,447.06,0,
388,2023-04-07,455.03,0,
388,2023-10-10,439.89,0,
388,2024-01-14,437.38,0,
388,2024-08-23,409.66,0,
388,2025-05-15,402.5,0,
389,2022-01-25,266.4,0,
389,2022-05-05,256.12,0,
389,2022-05-06,238.76,0,
389,2022-10-24,222.0,0,
389,2024-06-14,226.12,0,
390,2022-09-15,121.13,0,
390,2022-10-08,123.98,0,
390,2023-01-05,102.0,15,19
390,2023-05-13,120.3,0,
390,2023-09-29,119.22,0,
390,2025-08-14,105.6,12,49
391,2022-07-11,108.12,0,
391,2024-11-07,102.57,0,
391,2025-02-12,103.44,0,
391,2025-04-15,99.61,0,
391,2025-06-10,99.01,0,
391,2025-07-28,94.24,0,
392,2023-09-15,108.59,0,
392,2025-01-22,108.14,0,
392,2025-07-10,100.57,0,
393,2022-02-13,910.53,0,
393,2023-10-06,869.08,0,
393,2024-03-26,806.75,0,
393,2024-08-19,795.46,0,
393,2025-07-25,741.54,0,
393,2025-08-06,736.04,0,
393,2025-09-09,738.37,0,
393,2025-09-16,719.84,0,
394,2022-06-13,542.98,0,
394,2024-07-16,527.86,0,
394,2025-01-29,513.57,0,
395,2023-02-10,981.08,0,
395,2025-02-23,937.26,0,
395,2025-04-30,889.58,0,
395,2025-08-13,927.96,12,49
396,2021-08-27,515.77,0,
396,2022-01-10,505.91,0,
396,2022-04-16,470.19,0,
396,2023-09-02,436.9,15,25
396,2024-10-07,461.67,0,
396,2025-08-04,434.68,0,
397,2022-03-14,159.72,0,
397,2022-05-10,148.24,0,
397,2022-05-12,142.9,0,
397,2023-08-19,133.57,0,
397,2023-09-24,126.07,0,
397,2024-06-06,127.67,0,
397,2025-04-22,119.52,0,
397,2025-04-26,116.39,0,
398,2023-01-12,172.06,0,
398,2023-04-16,167.74,0,
398,2023-12-03,117.25,30,27
398,2024-01-08,142.38,15,30
399,2021-11-11,1069.63,0,
399,2022-03-23,1027.09,0,
399,2022-12-10,910.8,20,18
399,2023-05-28,964.18,0,
399,2023-09-04,967.73,15,25
399,2023-10-11,954.43,0,
399,2025-04-05,889.13,0,
400,2022-05-10,273.27,0,
400,2023-07-27,272.89,0,
400,2023-11-28,186.9,30,27
400,2024-04-23,275.38,0,
400,2024-11-07,265.29,0,
400,2024-12-03,229.62,14,41
401,2021-10-17,137.06,0,
401,2021-11-12,133.06,0,
401,2023-07-01,117.2,20,23
401,2023-12-15,117.2,20,29
401,2024-07-22,131.54,0,
401,2024-11-07,121.7,0,
402,2021-10-24,818.79,0,
402,2023-04-05,840.61,0,
402,2024-11-01,794.06,0,
402,2025-01-13,789.98,0,
403,2021-11-21,95.71,0,
403,2023-07-04,79.2,20,23
403,2023-11-20,92.8,0,
403,2024-02-07,87.77,0,
403,2025-05-11,88.67,0,
404,2022-08-17,299.64,12,13
404,2023-04-26,327.46,0,
404,2024-02-09,302.26,0,
405,2022-06-14,225.24,0,
405,2022-09-03,204.85,15,14
405,2023-05-23,208.78,0,
405,2024-05-02,199.7,0,
405,2024-11-29,168.7,30,39
405,2025-06-23,202.48,0,
406,2022-03-28,150.1,0,
406,2023-05-09,153.79,0,
406,2024-09-15,149.19,0,
407,2021-11-04,53.18,0,
407,2022-01-14,49.51,0,
407,2022-05-28,48.45,15,11
407,2023-12-10,45.6,20,29
407,2024-08-19,48.57,0,
407,2024-08-24,44.74,0,
408,2022-07-27,1084.62,0,
408,2022-10-18,1034.04,0,
408,2022-12-10,894.0,20,18
408,2023-02-28,972.47,0,
408,2023-03-31,931.77,0,
408,2024-04-02,915.38,0,
408,2025-10-11,940.44,0,
409,2021-09-08,1163.98,0,
409,2021-10-30,1141.12,0,
409,2022-12-02,853.88,25,17
409,2022-12-05,853.88,25,17
409,2024-07-06,910.8,20,34
409,2025-06-10,1139.21,0,
409,2025-07-24,1089.54,0,
410,2021-08-25,47.87,0,
410,2022-02-10,46.88,0,
410,2022-04-16,48.27,0,
410,2023-07-20,44.87,0,
410,2023-08-11,45.76,12,24
410,2025-02-13,45.57,0,
410,2025-03-13,44.93,0,
410,2025-06-29,43.48,0,
411,2023-08-29,945.91,0,
411,2023-11-02,949.64,0,
411,2025-04-20,954.66,0,
412,2022-08-10,655.6,12,13
412,2022-12-09,745.07,0,
412,2023-01-09,736.51,0,
412,2024-04-21,704.73,0,
412,2025-04-02,711.46,0,
412,2025-09-07,698.82,0,
413,2022-08-25,294.35,0,
413,2023-07-08,243.2,20,23
413,2023-08-09,270.96,0,
413,2023-09-17,275.71,0,
413,2023-11-23,261.58,0,
413,2025-01-11,248.97,0,
413,2025-07-18,253.05,0,
414,2022-01-19,5318.78,0,
414,2022-09-24,5186.95,0,
414,2023-01-30,4847.29,0,
414,2023-12-09,4564.57,0,
414,2024-02-27,4258.3,0,
415,2024-06-19,292.3,0,
415,2024-09-07,274.25,0,
415,2025-05-29,264.98,0,
416,2022-12-02,133.5,25,17
416,2022-12-12,142.4,20,18
416,2023-07-28,182.84,0,
416,2025-07-05,142.4,20,47
417,2022-01-28,115.45,0,
417,2023-08-05,112.7,0,
417,2024-10-05,106.06,0,
417,2024-12-26,99.06,0,
417,2025-03-16,103.5,10,45
417,2025-04-12,99.68,0,
417,2025-06-24,101.39,0,
418,2023-04-29,442.21,0,
418,2024-09-23,409.71,0,
418,2025-02-27,388.75,0,
418,2025-06-17,362.27,0,
419,2021-09-30,1064.9,0,
419,2022-02-04,1061.34,0,
419,2022-05-24,967.73,15,11
419,2024-03-30,1032.68,0,
420,2022-03-23,156.92,0,
420,2022-03-25,156.83,0,
420,2022-10-21,150.83,0,
420,2023-01-30,144.33,0,
420,2023-12-08,133.92,0,
420,2024-10-12,132.05,0,
420,2025-03-23,125.92,0,
420,2025-06-03,129.1,0,
421,2021-09-01,190.39,21,1
421,2023-09-19,226.61,0,
421,2025-02-28,224.94,0,
421,2025-05-23,229.22,0,
422,2022-12-09,511.76,0,
422,2024-04-06,484.8,0,
422,2025-07-19,481.61,0,
423,2023-06-14,879.83,0,
423,2023-08-31,820.14,0,
423,2023-09-15,805.86,0,
423,2023-12-15,696.8,20,29
423,2024-08-13,766.48,12,36
423,2025-05-03,807.56,0,
423,2025-07-01,696.8,20,47
424,2023-01-13,167.87,0,
424,2024-05-01,169.35,0,
424,2025-04-02,163.56,0,
424,2025-04-28,164.13,0,
425,2021-09-30,268.78,0,
425,2021-10-22,267.66,0,
425,2022-01-18,251.23,0,
425,2022-02-21,234.89,0,
425,2023-12-01,190.75,30,27
425,2024-11-09,232.34,0,
425,2025-07-08,222.33,0,
426,2023-01-14,1408.11,0,
426,2025-03-10,1404.94,0,
426,2025-09-16,1329.77,0,
427,2022-04-28,245.65,0,
427,2022-08-09,240.5,0,
427,2022-08-29,226.47,0,
427,2022-12-21,226.51,0,
427,2023-02-20,210.13,0,
427,2024-09-08,202.51,0,
428,2022-04-30,511.6,0,
428,2022-08-17,480.04,12,13
428,2023-01-20,499.18,0,
428,2024-02-26,480.6,0,
428,2024-05-21,460.33,0,
428,2024-06-16,468.03,0,
428,2024-06-19,463.93,0,
429,2021-11-07,855.97,0,
429,2022-05-22,842.38,0,
429,2024-01-22,838.08,0,
429,2024-06-25,830.33,0,
429,2024-10-19,787.22,0,
429,2025-10-06,797.1,0,
430,2022-01-05,253.72,15,6
430,2022-03-31,297.61,0,
430,2023-05-30,274.32,0,
430,2023-07-30,276.59,0,
430,2023-10-25,282.72,0,
430,2024-04-25,269.61,0,
430,2024-09-29,267.9,0,
430,2025-02-25,197.01,34,44
431,2022-02-26,252.42,0,
431,2022-10-15,234.43,0,
431,2024-10-27,230.9,0,
431,2025-04-02,230.9,0,
431,2025-09-12,224.04,0,
432,2022-01-03,102.0,15,6
432,2022-02-25,121.13,0,
432,2022-03-06,115.78,0,
432,2022-04-23,81.6,32,9
432,2024-05-25,102.0,15,33
432,2024-07-23,107.71,0,
432,2025-09-21,103.79,0,
433,2023-07-30,2131.55,0,
433,2023-09-04,1860.22,15,25
433,2024-01-24,2025.52,0,
434,2022-09-24,152.37,0,
434,2022-12-02,121.5,25,17
434,2023-08-06,140.2,0,
434,2023-09-12,137.96,0,
434,2025-03-10,127.87,0,
435,2021-08-28,826.52,0,
435,2022-04-18,791.16,0,
435,2022-06-08,801.37,0,
435,2022-08-28,809.19,0,
435,2023-10-09,782.97,0,
435,2023-12-15,713.6,20,29
435,2025-07-30,729.11,0,
436,2022-11-22,615.27,0,
436,2023-04-28,589.69,0,
436,2023-04-29,606.86,0,
436,2023-07-01,495.2,20,23
436,2023-08-16,623.92,0,
436,2025-09-24,641.02,0,
437,2022-07-04,45.6,20,12
437,2022-12-21,54.55,0,
437,2024-10-26,54.05,0,
437,2024-12-22,54.87,0,
437,2025-03-04,53.55,0,
438,2022-10-26,147.03,0,
438,2023-12-06,137.29,0,
438,2024-07-06,117.2,20,34
438,2024-11-20,137.79,0,
438,2025-02-19,132.2,0,
439,2021-09-07,58.59,0,
439,2021-10-04,59.58,0,
439,2022-05-12,55.88,0,
439,2022-12-01,42.75,25,17
439,2022-12-03,42.75,25,17
439,2023-06-01,53.18,0,
439,2024-11-29,39.9,30,39
439,2025-01-13,52.24,0,
440,2022-03-04,1030.32,0,
440,2022-11-24,701.4,30,16
440,2023-01-28,1054.81,0,
440,2023-10-26,1083.38,0,
440,2024-02-29,1109.03,0,
440,2024-05-31,851.7,15,33
440,2025-03-04,1068.28,0,
441,2022-11-11,165.53,0,
441,2023-02-14,166.33,0,
441,2024-02-22,165.35,0,
441,2024-07-23,161.2,0,
441,2025-09-19,163.01,0,
441,2025-09-30,151.8,12,51
442,2022-02-06,378.45,13,7
442,2022-08-30,427.91,0,
442,2023-07-20,419.78,0,
442,2023-08-28,416.35,0,
442,2024-06-27,418.42,0,
442,2025-03-11,405.29,0,
442,2025-07-20,395.89,0,
443,2023-12-04,106.66,0,
443,2023-12-12,92.0,20,29
443,2024-07-05,92.0,20,34
443,2024-12-12,92.0,20,42
443,2025-06-06,109.34,0,
444,2021-09-23,104.24,0,
444,2022-04-11,99.5,0,
444,2022-09-11,91.57,0,
444,2023-01-12,88.09,0,
444,2023-03-10,82.54,0,
444,2025-02-02,80.27,0,
444,2025-07-07,78.5,0,
444,2025-08-12,96.36,12,49
445,2022-01-26,644.63,0,
445,2022-12-07,638.26,0,
445,2023-06-16,601.42,0,
445,2023-06-21,585.74,0,
445,2023-06-26,545.47,0,
445,2023-10-28,521.53,0,
445,2024-05-29,579.7,15,33
445,2025-07-06,509.0,0,
446,2021-09-17,149.38,0,
446,2023-03-11,152.82,0,
446,2024-02-27,155.49,0,
446,2024-10-28,153.52,0,
446,2025-02-28,149.01,0,
447,2023-05-15,378.58,0,
447,2023-09-19,373.83,0,
447,2025-01-31,370.72,0,
448,2023-04-20,147.2,0,
448,2023-07-23,149.49,0,
448,2025-01-27,150.37,0,
449,2021-11-17,231.8,0,
449,2023-11-09,229.63,0,
449,2024-07-05,184.4,20,34
449,2024-07-11,232.86,0,
450,2021-11-26,293.65,30,3
450,2022-03-07,397.16,0,
450,2022-06-08,374.92,0,
450,2022-06-29,361.15,0,
450,2022-08-28,346.88,0,
450,2024-10-02,319.39,0,
450,2024-10-17,312.1,0,
450,2024-11-13,315.18,0,
451,2022-01-05,151.3,15,6
451,2024-09-23,171.27,0,
451,2025-03-20,160.2,10,45
451,2025-05-31,165.1,0,
451,2025-07-18,152.76,0,
452,2024-05-05,1199.9,0,
452,2024-05-10,1108.01,0,
452,2024-12-03,1042.32,14,41
452,2024-12-28,1124.22,0,
453,2021-10-29,141.15,0,
453,2022-06-10,136.22,0,
453,2022-09-17,132.97,0,
453,2022-12-16,117.2,20,18
453,2023-11-16,132.6,0,
453,2025-02-13,128.83,0,
453,2025-03-22,129.95,0,
453,2025-05-28,128.9,0,
454,2022-09-08,740.35,15,14
454,2023-01-24,887.23,0,
454,2025-01-23,847.58,0,
454,2025-06-03,830.05,0,
454,2025-06-28,816.34,0,
454,2025-08-25,779.78,0,
455,2022-05-01,167.1,0,
455,2023-10-10,154.28,0,
455,2023-10-11,148.59,0,
455,2024-05-27,151.3,15,33
455,2024-07-26,142.8,0,
455,2024-07-31,139.82,0,
455,2025-01-07,151.3,15,43
455,2025-02-12,141.68,0,
456,2022-05-07,380.33,0,
456,2022-10-01,370.93,0,
456,2023-09-22,352.86,0,
456,2023-10-30,342.22,0,
456,2024-08-22,344.1,0,
456,2024-08-29,328.36,0,
456,2024-08-30,316.44,0,
456,2024-09-25,325.42,0,
457,2022-02-17,456.39,0,
457,2022-10-13,422.92,0,
457,2023-07-11,399.58,0,
457,2024-06-14,399.76,0,
457,2025-06-28,392.49,0,
457,2025-10-02,415.36,12,51
458,2022-06-28,838.72,0,
458,2024-11-16,856.8,0,
458,2025-01-02,726.75,15,43
458,2025-01-15,875.61,0,
459,2022-12-23,491.31,0,
459,2023-01-24,473.22,0,
459,2023-09-13,455.73,0,
459,2024-02-01,458.48,0,
459,2024-02-25,469.35,0,
460,2022-05-05,3422.62,0,
460,2022-05-15,3449.76,0,
460,2023-07-16,3406.77,0,
460,2024-10-09,3403.48,0,
460,2024-11-02,3311.8,0,
461,2022-05-21,276.29,0,
461,2022-12-18,230.4,20,18
461,2023-10-20,271.32,0,
461,2024-02-09,258.79,0,
461,2024-08-10,253.44,12,36
461,2024-09-01,244.8,15,37
461,2024-12-27,259.07,0,
461,2025-09-29,248.17,0,
462,2022-04-28,141.91,0,
462,2024-06-11,136.61,0,
462,2024-12-28,136.88,0,
462,2025-07-15,110.59,27,48
462,2025-08-02,134.24,0,
462,2025-09-25,133.92,0,
463,2023-12-03,352.45,30,27
463,2024-03-04,486.56,0,
463,2024-08-18,449.3,0,
463,2024-09-29,444.53,0,
463,2024-11-07,420.03,0,
463,2025-04-17,401.9,0,
463,2025-08-13,443.08,12,49
464,2022-01-06,1503.22,15,6
464,2022-04-03,1657.93,0,
464,2023-10-17,1587.66,0,
464,2024-01-06,1503.22,15,30
464,2024-07-13,1564.41,0,
464,2025-05-21,1521.14,0,
464,2025-06-26,1556.89,0,
465,2021-09-09,293.76,0,
465,2022-01-04,253.72,15,6
465,2022-05-17,286.85,0,
465,2022-11-20,294.09,0,
465,2024-01-26,282.43,0,
465,2024-05-29,253.72,15,33
466,2021-12-29,247.87,0,
466,2022-04-24,163.88,32,9
466,2022-11-10,243.67,0,
466,2024-05-08,231.97,0,
466,2024-07-01,192.8,20,34
466,2024-09-11,226.02,0,
466,2025-01-28,230.01,0,
466,2025-04-27,220.32,0,
467,2022-04-12,158.66,0,
467,2023-03-22,146.71,0,
467,2023-08-06,144.16,0,
467,2024-02-10,138.9,0,
467,2025-06-16,133.2,0,
468,2022-12-11,398.4,20,18
468,2023-07-27,462.12,0,
468,2025-02-18,474.9,0,
468,2025-03-23,448.9,0,
469,2022-06-04,627.13,0,
469,2022-08-05,622.05,0,
469,2024-02-28,592.08,0,
470,2022-10-16,61.06,0,
470,2023-03-24,57.57,0,
470,2023-06-24,58.72,0,
470,2024-01-24,58.12,0,
470,2024-09-23,57.96,0,
470,2024-11-28,43.75,30,39
470,2025-06-25,58.54,0,
471,2022-02-05,145.72,13,7
471,2023-05-10,168.18,0,
471,2023-05-18,163.91,0,
471,2024-06-05,167.87,0,
471,2025-02-06,158.19,0,
471,2025-08-21,160.65,0,
472,2024-04-03,3115.68,0,
472,2024-09-23,2963.92,0,
472,2025-05-12,2807.65,0,
473,2022-07-14,716.97,0,
473,2022-10-10,664.64,0,
473,2023-10-24,646.25,0,
473,2024-02-01,609.27,0,
473,2024-04-10,588.09,0,
473,2024-12-15,571.95,0,
473,2025-06-27,567.28,0,
473,2025-07-14,524.5,27,48
474,2023-08-22,1232.95,0,
474,2024-04-29,1211.87,0,
474,2024-06-11,1136.54,0,
474,2025-03-24,1069.37,0,
474,2025-03-30,1088.41,0,
474,2025-08-22,1070.65,0,
475,2022-03-04,166.41,0,
475,2022-11-12,166.44,0,
475,2022-12-11,134.0,20,18
475,2025-01-26,161.86,0,
475,2025-03-01,149.89,0,
475,2025-07-05,134.0,20,47
475,2025-07-15,122.27,27,48
475,2025-09-09,152.81,0,
476,2023-01-26,120.67,0,
476,2023-05-04,80.4,33,21
476,2023-10-05,112.17,0,
477,2021-11-24,201.6,30,3
477,2022-05-30,244.8,15,11
477,2022-09-22,275.46,0,
477,2024-02-18,278.04,0,
477,2024-02-19,276.36,0,
477,2025-01-17,275.79,0,
478,2021-12-07,341.32,0,
478,2023-10-27,333.97,0,
478,2024-08-24,318.72,0,
479,2022-02-12,876.12,0,
479,2022-05-21,817.12,0,
479,2023-11-14,797.68,0,
479,2024-02-14,739.3,0,
480,2022-02-06,218.81,13,7
480,2022-07-26,251.54,0,
480,2022-08-13,221.32,12,13
480,2023-06-22,255.39,0,
481,2022-07-09,353.26,0,
481,2022-09-17,336.03,0,
481,2023-01-23,312.65,0,
481,2023-02-22,298.79,0,
481,2023-04-02,292.22,0,
481,2023-12-01,249.55,30,27
481,2024-08-20,270.65,0,
481,2024-09-19,269.88,0,
482,2021-11-19,63.53,0,
482,2022-01-29,59.93,0,
482,2022-05-11,61.16,0,
482,2022-07-28,61.05,0,
482,2023-07-01,50.0,20,23
482,2024-05-19,61.31,0,
483,2021-09-11,165.64,0,
483,2024-08-21,162.48,0,
483,2024-10-22,157.15,0,
483,2025-08-17,151.8,12,49
483,2025-08-20,160.15,0,
484,2021-09-16,108.96,0,
484,2022-06-08,104.46,0,
484,2023-02-17,98.95,0,
484,2023-03-03,101.74,0,
484,2024-08-03,98.88,0,
485,2021-09-26,877.63,0,
485,2021-10-19,869.65,0,
485,2021-11-21,866.41,0,
485,2022-12-17,759.6,20,18
485,2023-04-21,804.75,0,
485,2023-06-20,808.7,0,
485,2023-08-03,777.22,0,
485,2025-07-30,764.26,0,
486,2022-06-01,761.79,0,
486,2022-07-03,596.0,20,12
486,2023-02-26,735.16,0,
486,2023-03-21,670.5,10,20
486,2023-12-20,694.42,0,
486,2024-09-16,660.73,0,
486,2024-10-31,662.82,0,
487,2023-02-22,553.97,0,
487,2023-07-03,432.0,20,23
487,2023-12-09,528.07,0,
487,2025-01-27,488.13,0,
488,2022-01-16,97.09,0,
488,2022-08-22,98.75,0,
488,2023-09-05,84.15,15,25
488,2023-12-05,92.74,0,
488,2025-10-13,90.2,0,
489,2022-02-20,475.78,0,
489,2022-02-28,488.95,0,
489,2022-08-25,501.46,0,
489,2022-08-31,482.92,0,
489,2022-10-29,472.73,0,
490,2021-12-07,177.18,0,
490,2022-02-13,168.65,0,
490,2023-09-23,166.13,0,
490,2024-11-03,152.88,0,
490,2025-03-15,160.2,10,45
490,2025-09-28,149.54,0,
491,2021-08-25,1644.84,0,
491,2022-10-14,1596.77,0,
491,2024-07-23,1481.54,0,
491,2025-07-09,1410.19,0,
492,2021-09-02,142.38,15,2
492,2022-09-11,164.7,0,
492,2023-11-02,155.7,0,
492,2024-02-05,147.69,0,
492,2024-04-27,136.4,0,
492,2024-07-04,134.0,20,34
492,2025-03-26,136.12,0,
492,2025-04-10,138.39,0,
493,2023-03-12,166.73,0,
493,2024-01-17,165.53,0,
493,2024-02-12,167.55,0,
493,2024-09-20,154.88,0,
494,2022-01-05,53.12,15,6
494,2024-10-23,57.72,0,
494,2025-02-16,57.4,0,
495,2023-01-14,546.55,0,
495,2023-12-24,522.62,0,
495,2024-03-24,486.0,10,31
496,2021-09-24,173.89,0,
496,2022-06-13,162.19,0,
496,2022-09-13,150.5,0,
496,2022-10-10,153.62,0,
496,2023-03-29,142.44,0,
496,2024-01-01,133.29,0,
496,2025-04-09,123.09,0,
496,2025-07-12,125.92,27,48
497,2022-05-18,55.96,0,
497,2022-06-04,53.87,0,
497,2022-07-14,55.2,0,
497,2022-08-15,50.16,12,13
497,2023-08-18,51.68,0,
497,2024-04-12,52.18,0,
497,2024-06-11,50.04,0,
497,2024-06-26,48.48,0,
498,2022-04-16,213.39,0,
498,2022-06-29,214.04,0,
498,2022-11-10,198.49,0,
498,2023-04-09,188.07,0,
498,2023-06-01,184.94,0,
498,2025-07-08,183.06,0,
499,2022-02-01,1108.67,0,
499,2023-09-21,1031.1,0,
499,2024-03-28,1016.65,0,
499,2025-02-12,1014.87,0,
500,2021-12-03,113.62,25,4
500,2023-11-21,147.52,0,
500,2025-05-07,143.94,0,
501,2022-05-13,115.2,0,
501,2023-01-20,117.49,0,
501,2024-05-13,110.06,0,
501,2024-09-22,111.28,0,
502,2021-11-20,1420.74,0,
502,2022-05-12,1462.11,0,
502,2022-11-10,1503.14,0,
502,2023-02-24,1420.88,0,
502,2023-02-28,1429.57,0,
502,2024-04-02,1318.88,0,
502,2024-10-12,1301.12,0,
502,2025-02-23,1330.54,0,
503,2022-05-04,218.34,0,
503,2023-03-04,211.73,0,
503,2023-04-23,212.03,0,
503,2023-12-29,217.62,0,
503,2024-02-22,204.16,0,
503,2024-10-22,200.76,0,
503,2025-05-01,188.53,0,
504,2021-09-07,770.6,0,
504,2025-09-01,686.8,15,50
504,2025-10-02,711.04,12,51
505,2021-12-31,254.32,0,
505,2022-12-07,242.5,0,
505,2023-08-06,243.8,0,
505,2023-08-09,243.67,0,
505,2024-01-04,226.95,15,30
505,2024-02-11,250.03,0,
505,2024-05-15,234.35,0,
505,2025-10-03,240.54,0,
506,2022-01-07,285.18,15,6
506,2022-12-02,251.62,25,17
506,2023-01-01,324.14,0,
506,2023-02-03,305.74,0,
506,2025-08-12,295.24,12,49
507,2021-09-16,167.38,0,
507,2021-11-19,171.84,0,
507,2023-01-08,142.38,15,19
507,2023-08-03,158.43,0,
507,2025-04-17,150.4,0,
508,2022-10-20,111.14,0,
508,2024-05-30,102.0,15,33
508,2025-04-03,111.57,0,
508,2025-06-28,113.06,0,
509,2023-08-03,176.42,0,
509,2023-12-01,128.1,30,27
509,2024-03-28,174.67,0,
509,2024-07-12,165.49,0,
509,2024-08-20,161.37,0,
509,2024-12-06,156.28,0,
509,2024-12-13,146.4,20,42
509,2025-06-01,157.83,0,
510,2022-03-24,112.4,0,
510,2022-11-14,111.57,0,
510,2022-11-17,103.28,0,
510,2022-12-14,92.0,20,18
510,2022-12-17,92.0,20,18
510,2024-02-28,103.74,0,
511,2023-04-24,110.89,0,
511,2023-06-13,112.69,0,
511,2023-08-24,105.5,0,
511,2023-10-08,104.41,0,
512,2022-09-09,982.7,0,
512,2022-09-27,979.27,0,
512,2022-11-22,999.72,0,
512,2023-12-18,926.55,0,
512,2024-04-08,944.88,0,
512,2024-12-15,896.39,0,
512,2025-07-08,893.24,0,
512,2025-10-03,882.2,0,
513,2022-07-13,99.93,0,
513,2023-12-27,102.18,0,
513,2024-01-07,84.15,15,30
514,2023-02-09,96.39,0,
514,2023-06-06,93.61,0,
514,2024-09-11,92.11,0,
514,2025-02-05,90.96,0,
515,2021-09-01,459.78,21,1
515,2021-10-24,574.4,0,
515,2023-06-25,587.91,0,
515,2023-11-08,598.32,0,
515,2024-04-07,583.92,0,
515,2024-06-07,592.64,0,
515,2025-06-25,605.24,0,
516,2022-01-09,298.62,0,
516,2022-05-06,275.27,0,
516,2022-06-29,275.99,0,
516,2023-04-18,261.89,0,
516,2023-04-19,256.03,0,
516,2024-01-20,246.4,0,
516,2024-06-25,228.53,0,
516,2025-01-21,229.03,0,
517,2021-09-12,123.39,0,
517,2023-06-25,122.22,0,
517,2023-12-03,84.0,30,27
517,2024-04-26,119.41,0,
517,2025-09-18,120.3,0,
518,2021-10-27,298.32,0,
518,2022-03-27,279.37,0,
518,2023-01-17,271.06,0,
518,2023-02-13,253.4,0,
519,2022-02-19,157.08,0,
519,2022-07-31,158.87,0,
519,2022-10-23,152.47,0,
519,2023-03-25,149.75,0,
519,2024-05-23,146.43,0,
519,2025-09-29,143.24,0,
520,2023-08-19,444.9,0,
520,2023-10-11,447.09,0,
520,2024-01-23,443.52,0,
520,2025-01-26,422.94,0,
520,2025-02-23,399.54,0,
520,2025-04-28,387.18,0,
520,2025-05-04,378.79,0,
520,2025-10-15,334.78,24,52
521,2022-04-16,155.01,0,
521,2023-05-18,144.58,0,
521,2023-09-23,135.56,0,
521,2023-12-29,128.31,0,
521,2025-06-10,122.1,0,
521,2025-06-21,118.33,0,
522,2022-03-08,307.61,0,
522,2022-09-05,262.65,15,14
522,2023-05-18,308.31,0,
522,2024-04-30,312.41,0,
522,2024-05-21,303.53,0,
522,2024-09-24,285.48,0,
522,2025-09-25,277.54,0,
523,2022-09-18,81.03,26,15
523,2022-12-31,102.29,0,
523,2023-02-08,100.91,0,
523,2024-01-27,94.32,0,
523,2025-09-25,96.23,0,
524,2022-09-24,176.15,0,
524,2023-04-07,164.1,0,
524,2024-10-24,165.31,0,
524,2025-05-15,156.09,0,
525,2021-08-29,385.12,21,1
525,2022-07-14,478.79,0,
525,2023-07-10,474.94,0,
525,2024-09-07,453.43,0,
525,2024-11-06,441.91,0,
525,2025-03-19,438.75,10,45
525,2025-08-26,414.89,0,
525,2025-09-21,416.99,0,
526,2022-01-09,105.57,0,
526,2023-01-05,93.08,15,19
526,2023-05-27,93.08,15,22
526,2024-04-29,99.93,0,
527,2021-10-23,281.18,0,
527,2022-08-04,259.78,0,
527,2022-09-22,263.67,0,
527,2023-04-19,249.83,0,
527,2023-12-15,243.2,20,29
527,2024-06-26,249.01,0,
527,2025-10-14,231.04,24,52
528,2021-10-03,338.3,0,
528,2022-05-24,285.18,15,11
528,2024-06-28,348.31,0,
528,2025-03-02,329.38,0,
528,2025-04-15,306.55,0,
529,2022-03-05,1339.19,0,
529,2022-06-27,1345.2,0,
529,2025-01-09,1235.47,15,43
529,2025-08-31,1376.47,0,
529,2025-10-17,1104.66,24,52
530,2022-06-23,104.88,0,
530,2022-11-22,106.14,0,
530,2023-03-04,99.64,0,
530,2024-02-17,92.76,0,
530,2024-03-27,94.98,0,
530,2024-08-25,92.59,0,
530,2024-09-11,89.93,0,
530,2025-08-04,86.76,0,
531,2022-04-24,117.3,32,9
531,2022-07-12,168.19,0,
531,2022-10-08,164.31,0,
531,2023-07-09,164.31,0,
531,2024-04-02,156.68,0,
531,2024-07-14,158.73,0,
532,2022-03-24,115.77,0,
532,2022-06-23,109.04,0,
532,2024-03-23,103.5,10,31
532,2024-08-17,109.87,0,
532,2025-04-09,110.61,0,
532,2025-04-24,109.5,0,
533,2022-10-20,219.52,0,
533,2023-08-25,202.18,0,
533,2025-10-15,178.98,24,52
534,2022-09-22,166.38,0,
534,2022-12-05,121.5,25,17
534,2023-02-17,160.39,0,
534,2024-05-28,137.7,15,33
535,2021-10-22,146.69,0,
535,2021-11-30,109.88,25,4
535,2023-01-03,124.52,15,19
535,2023-08-01,135.12,0,
535,2023-10-19,138.39,0,
535,2024-05-29,124.52,15,33
535,2024-06-07,136.33,0,
536,2021-09-01,86.51,21,1
536,2021-09-01,86.51,21,1
536,2021-11-27,76.65,30,3
536,2021-12-09,103.26,0,
536,2023-03-02,100.68,0,
536,2023-11-21,97.63,0,
536,2024-08-18,98.53,0,
536,2025-10-01,96.36,12,51
537,2021-12-14,826.8,20,5
537,2022-04-18,1032.01,0,
537,2022-05-18,1034.48,0,
537,2023-02-07,1032.39,0,
537,2023-03-29,1040.72,0,
537,2024-01-30,1032.99,0,
537,2024-04-04,1005.8,0,
537,2024-11-27,723.45,30,39
538,2022-01-08,2442.58,0,
538,2022-05-08,2466.0,0,
538,2023-03-01,2420.16,0,
538,2023-04-20,2407.53,0,
538,2024-03-04,2382.41,0,
538,2024-05-15,2207.49,0,
538,2024-08-12,2267.76,12,36
538,2025-01-01,2223.61,0,
539,2022-04-16,168.38,0,
539,2023-03-14,166.43,0,
539,2023-12-11,142.4,20,29
539,2024-03-22,160.2,10,31
539,2024-10-25,161.22,0,
539,2025-02-26,117.48,34,44
539,2025-04-14,159.05,0,
540,2022-11-17,141.08,0,
540,2022-12-06,136.24,0,
540,2023-03-11,128.76,0,
540,2023-12-02,102.55,30,27
540,2024-01-20,127.77,0,
540,2024-07-02,117.2,20,34
540,2024-08-17,118.47,0,
540,2024-09-03,124.52,15,37
541,2021-12-31,819.17,0,
541,2022-07-09,786.72,0,
541,2022-10-31,797.12,0,
541,2023-03-13,745.02,0,
541,2023-03-25,754.75,0,
541,2024-04-30,695.06,0,
541,2025-05-10,684.78,0,
541,2025-05-22,676.62,0,
542,2022-06-17,48.44,0,
542,2023-02-02,49.49,0,
542,2023-10-22,50.13,0,
542,2024-04-02,47.04,0,
542,2024-07-20,43.28,0,
542,2025-09-06,39.86,0,
543,2025-03-15,145.8,10,45
543,2025-08-08,152.73,0,
543,2025-08-25,148.53,0,
544,2022-01-01,164.47,0,
544,2023-03-01,154.52,0,
544,2023-08-02,153.29,0,
544,2023-09-21,154.84,0,
544,2024-08-01,153.37,0,
545,2021-09-07,110.07,0,
545,2022-06-02,104.9,0,
545,2023-08-07,106.6,0,
545,2023-12-20,108.79,0,
545,2025-04-15,105.92,0,
545,2025-04-28,108.22,0,
546,2022-01-18,171.03,0,
546,2022-11-01,172.84,0,
546,2024-06-08,172.59,0,
546,2025-07-20,166.59,0,
547,2023-03-18,419.85,10,20
547,2023-04-03,432.45,0,
547,2023-07-10,422.41,0,
547,2025-03-24,400.26,0,
547,2025-06-28,385.04,0,
547,2025-08-07,373.22,0,
548,2021-11-13,329.26,0,
548,2022-07-30,317.14,0,
548,2023-05-06,318.53,0,
548,2023-10-21,311.13,0,
548,2024-08-23,313.64,0,
548,2025-04-13,298.39,0,
549,2022-02-01,289.33,0,
549,2022-04-29,292.94,0,
549,2023-06-28,275.02,0,
549,2023-12-17,259.44,0,
549,2024-08-01,256.57,0,
549,2024-12-11,226.4,20,42
549,2024-12-20,244.17,0,
549,2025-03-02,241.56,0,
550,2022-11-16,105.1,0,
550,2024-03-23,98.55,10,31
550,2024-06-15,105.44,0,
550,2024-12-29,105.95,0,
550,2025-08-27,108.24,0,
551,2022-02-01,215.46,0,
551,2022-04-04,219.97,0,
551,2022-06-05,206.14,0,
551,2023-05-28,199.99,0,
551,2023-10-04,175.5,22,26
552,2024-09-16,98.2,0,
552,2024-09-21,99.7,0,
552,2025-08-29,98.94,0,
553,2022-12-01,550.88,25,17
553,2023-06-30,693.99,0,
553,2023-08-30,664.89,0,
553,2024-05-28,624.32,15,33
553,2024-06-14,669.07,0,
554,2022-08-17,1075.8,12,13
554,2023-04-04,1186.87,0,
554,2023-06-02,1110.24,0,
554,2025-02-02,1125.91,0,
555,2021-10-15,1660.66,0,
555,2023-05-23,1559.97,0,
555,2023-12-25,1562.16,0,
555,2024-11-20,1517.68,0,
555,2024-12-25,1413.69,0,
556,2021-11-17,166.34,0,
556,2022-08-22,167.55,0,
556,2024-01-09,137.7,15,30
556,2024-11-07,158.83,0,
556,2025-10-13,157.76,0,
557,2021-12-05,334.12,25,4
557,2022-02-09,429.93,0,
557,2024-03-08,414.88,0,
558,2024-08-08,365.14,0,
558,2025-03-16,325.35,10,45
558,2025-07-14,263.89,27,48
559,2023-01-27,287.45,0,
559,2023-08-11,262.68,12,24
559,2025-07-17,284.01,0,
560,2021-10-22,112.17,0,
560,2023-01-03,97.75,15,19
560,2023-01-09,106.88,0,
560,2023-05-09,108.2,0,
560,2023-12-12,92.0,20,29
560,2024-05-27,97.75,15,33
560,2024-08-17,105.77,0,
560,2024-10-31,103.06,0,
561,2022-03-02,743.08,0,
561,2024-12-03,645.0,14,41
561,2025-02-12,753.27,0,
562,2023-03-30,2104.64,0,
562,2024-01-31,2029.16,0,
562,2024-03-25,1962.07,0,
562,2024-09-05,1753.12,15,37
562,2024-10-28,1971.85,0,
563,2022-05-29,450.07,15,11
563,2022-11-11,520.58,0,
563,2022-12-21,482.01,0,
563,2023-03-09,455.17,0,
563,2024-01-27,459.98,0,
563,2025-06-20,442.87,0,
564,2022-01-02,128.78,15,6
564,2022-01-02,128.78,15,6
564,2023-09-10,148.07,0,
564,2023-11-29,106.05,30,27
564,2024-08-05,101.5,33,35
565,2023-09-28,267.92,0,
565,2024-11-16,256.26,0,
565,2025-04-20,256.61,0,
566,2024-01-16,459.76,0,
566,2025-02-20,433.77,0,
566,2025-04-18,435.44,0,
567,2022-06-01,399.99,0,
567,2022-06-23,370.27,0,
567,2022-12-30,376.59,0,
567,2023-12-24,348.71,0,
567,2024-05-21,337.61,0,
567,2025-03-02,331.51,0,
568,2021-09-19,297.6,0,
568,2023-03-27,294.48,0,
568,2023-06-18,286.67,0,
568,2024-02-04,292.64,0,
568,2024-02-14,296.7,0,
569,2021-08-24,1942.71,0,
569,2022-07-20,1810.02,0,
569,2022-11-02,1843.96,0,
569,2024-12-24,1697.42,0,
569,2025-03-01,1606.72,0,
570,2024-04-01,1791.82,0,
570,2025-06-02,1737.69,0,
570,2025-09-06,1781.18,0,
571,2023-05-26,84.15,15,22
571,2023-07-12,100.73,0,
571,2025-09-21,96.64,0,
572,2022-05-01,122.08,0,
572,2022-10-11,113.69,0,
572,2023-02-05,115.88,0,
572,2023-04-24,109.35,0,
572,2023-12-28,100.99,0,
572,2025-01-30,93.11,0,
572,2025-05-20,87.68,0,
572,2025-06-08,82.26,0,
573,2021-10-19,8339.58,0,
573,2022-02-17,8510.06,0,
573,2022-05-19,8636.95,0,
573,2022-05-20,8189.62,0,
573,2023-01-21,8342.1,0,
573,2023-01-31,8528.63,0,
573,2025-06-18,8221.75,0,
574,2021-10-24,118.08,0,
574,2022-11-13,111.26,0,
574,2023-01-22,108.39,0,
574,2023-05-15,107.01,0,
574,2024-05-18,107.62,0,
574,2024-05-26,102.0,15,33
574,2024-12-06,100.39,0,
574,2025-06-24,101.99,0,
575,2021-10-06,147.33,0,
575,2022-01-11,150.91,0,
575,2025-07-24,148.71,0,
576,2022-06-10,118.53,0,
576,2023-07-23,110.65,0,
576,2025-07-18,113.16,0,
577,2021-12-26,246.94,0,
577,2022-09-07,213.78,15,14
577,2022-10-15,232.52,0,
577,2023-01-25,229.72,0,
577,2024-04-15,186.11,26,32
577,2024-07-31,220.75,0,
577,2025-01-25,216.99,0,
577,2025-10-06,213.08,0,
578,2021-10-05,586.91,0,
578,2023-03-27,565.68,0,
578,2024-06-25,573.34,0,
578,2024-12-14,482.4,20,42
579,2024-05-04,753.03,0,
579,2024-05-15,716.85,0,
579,2024-08-19,735.34,0,
580,2021-09-01,265.05,21,1
580,2021-09-20,330.77,0,
580,2021-11-13,328.26,0,
580,2022-10-12,316.7,0,
580,2024-04-03,318.28,0,
580,2024-10-17,298.9,0,
580,2025-08-20,303.05,0,
581,2022-08-08,136.51,0,
581,2023-09-09,124.52,15,25
581,2024-03-27,139.47,0,
582,2021-09-23,101.46,0,
582,2021-12-22,102.69,0,
582,2023-07-18,94.76,0,
582,2025-02-17,96.3,0,
583,2022-05-27,169.15,15,11
583,2022-06-23,195.29,0,
583,2023-07-15,183.89,0,
583,2023-12-08,180.64,0,
584,2021-10-16,166.86,0,
584,2022-09-25,166.9,0,
584,2024-05-09,167.67,0,
584,2025-05-15,169.38,0,
584,2025-07-17,156.34,0,
585,2022-03-10,112.2,0,
585,2023-03-04,110.55,0,
585,2023-10-31,104.5,0,
585,2024-03-02,102.71,0,
585,2024-05-13,97.99,0,
585,2024-10-07,95.41,0,
585,2025-05-05,91.24,0,
585,2025-09-10,91.98,0,
586,2021-10-08,1556.2,0,
586,2022-08-23,1508.29,0,
586,2023-05-15,1438.4,0,
586,2024-12-08,1390.38,0,
586,2025-01-29,1362.06,0,
586,2025-10-17,1200.42,24,52
587,2021-10-01,94.67,0,
587,2023-12-30,92.76,0,
587,2024-06-14,87.49,0,
588,2021-09-12,160.04,0,
588,2023-01-27,158.79,0,
588,2024-06-22,161.11,0,
588,2024-08-27,152.07,0,
588,2025-09-08,142.2,0,
589,2022-11-17,759.28,0,
589,2023-03-13,728.45,0,
589,2025-03-22,710.45,0,
589,2025-06-21,666.56,0,
590,2022-01-05,137.7,15,6
590,2022-07-10,155.46,0,
590,2024-03-06,153.5,0,
591,2021-09-09,234.58,0,
591,2021-11-14,228.89,0,
591,2022-12-17,188.4,20,18
591,2024-11-23,211.21,0,
591,2025-08-09,213.07,0,
592,2021-12-04,200.25,25,4
592,2022-03-02,251.81,0,
592,2022-08-29,255.54,0,
592,2023-09-27,262.48,0,
592,2024-02-19,261.44,0,
592,2024-08-19,241.14,0,
593,2022-04-29,61.79,0,
593,2022-06-16,57.73,0,
593,2022-08-30,57.28,0,
593,2022-10-22,57.84,0,
593,2023-04-11,55.96,0,
593,2025-08-09,51.59,0,
594,2022-01-08,91.97,0,
594,2025-04-13,85.44,0,
594,2025-05-09,83.84,0,
594,2025-06-20,78.55,0,
595,2021-10-28,102.33,0,
595,2022-11-12,103.4,0,
595,2024-05-16,100.53,0,
595,2025-01-19,101.87,0,
595,2025-03-04,98.67,0,
595,2025-06-11,98.4,0,
596,2023-05-13,122.99,0,
596,2025-01-09,102.0,15,43
596,2025-09-03,102.0,15,50
597,2022-06-06,1143.9,0,
597,2022-07-13,1138.04,0,
597,2024-02-23,1151.45,0,
598,2022-01-05,102.0,15,6
598,2024-06-25,119.96,0,
598,2024-08-23,122.23,0,
598,2025-02-16,117.87,0,
599,2021-09-26,298.39,0,
599,2022-04-05,281.51,0,
599,2022-07-19,274.13,0,
599,2022-12-10,243.2,20,18
599,2023-04-14,255.19,0,
599,2024-12-22,237.05,0,
599,2024-12-26,233.74,0,
599,2025-05-14,217.25,0,
600,2021-11-19,540.33,0,
600,2023-04-10,527.32,0,
600,2023-08-17,525.33,0,
600,2023-08-18,515.97,0,
600,2023-11-21,517.38,0,
600,2025-06-21,526.26,0,
600,2025-07-12,417.19,27,48
600,2025-09-08,535.69,0,
601,2023-01-17,1096.02,0,
601,2023-02-04,1093.75,0,
601,2024-09-03,932.02,15,37
601,2025-01-07,932.02,15,43
601,2025-10-05,1048.74,0,
602,2022-01-23,404.31,0,
602,2022-08-07,409.63,0,
602,2024-03-30,377.96,0,
602,2024-08-06,263.31,33,35
602,2025-03-17,353.7,10,45
603,2021-10-09,115.18,0,
603,2021-11-08,108.53,0,
603,2022-07-29,100.48,0,
603,2022-08-13,101.2,12,13
603,2023-04-28,97.11,0,
603,2024-09-13,96.74,0,
604,2021-10-06,279.66,0,
604,2022-07-27,287.92,0,
604,2022-09-28,284.48,0,
604,2024-05-21,287.41,0,
604,2025-02-19,269.26,0,
604,2025-04-20,272.24,0,
605,2021-11-13,563.98,0,
605,2022-09-04,512.55,15,14
605,2023-07-19,534.41,0,
605,2024-04-03,497.33,0,
605,2024-11-14,464.55,0,
606,2023-01-16,115.83,0,
606,2023-07-26,115.38,0,
606,2024-01-14,111.4,0,
606,2024-04-02,104.79,0,
606,2024-06-06,105.65,0,
606,2024-06-14,106.67,0,
606,2024-11-21,99.51,0,
607,2023-08-14,198.0,12,24
607,2024-02-22,211.6,0,
607,2024-10-25,196.2,0,
607,2025-01-05,191.25,15,43
607,2025-09-04,191.25,15,50
607,2025-09-14,198.81,0,
607,2025-09-18,196.14,0,
608,2023-07-05,79.2,20,23
608,2023-08-31,96.37,0,
608,2024-05-04,97.94,0,
608,2024-05-28,84.15,15,33
609,2021-10-29,961.63,0,
609,2022-05-12,975.88,0,
609,2022-05-27,824.92,15,11
609,2022-06-18,924.67,0,
609,2023-02-28,858.08,0,
609,2025-03-11,851.68,0,
609,2025-05-28,785.01,0,
610,2022-04-06,1045.81,0,
610,2022-08-09,1033.65,0,
610,2023-02-23,1014.53,0,
610,2025-04-20,987.42,0,
610,2025-07-09,953.56,0,
611,2023-03-09,174.03,0,
611,2023-04-06,165.28,0,
611,2024-03-05,169.76,0,
611,2024-10-09,174.85,0,
611,2025-04-15,177.46,0,
612,2021-09-17,285.9,0,
612,2022-10-11,288.07,0,
612,2022-11-09,265.61,0,
612,2023-01-01,258.19,0,
612,2024-02-29,243.53,0,
613,2021-09-19,277.14,0,
613,2022-04-25,199.58,32,10
613,2023-04-03,268.77,0,
614,2021-11-28,113.4,30,3
614,2022-06-09,155.15,0,
614,2023-06-01,146.69,0,
614,2024-05-08,138.73,0,
614,2024-08-25,139.08,0,
614,2024-11-08,135.99,0,
615,2021-11-03,164.09,0,
615,2022-04-02,166.3,0,
615,2025-03-15,155.25,10,45
616,2022-03-08,93.05,0,
616,2024-03-16,89.1,10,31
616,2024-04-04,85.95,0,
616,2025-02-01,87.67,0,
616,2025-03-14,89.09,0,
616,2025-10-05,89.74,0,
617,2022-08-13,313.72,12,13
617,2022-10-25,352.61,0,
617,2023-06-11,359.94,0,
617,2023-07-14,347.72,0,
617,2023-10-11,342.15,0,
617,2023-10-20,315.61,0,
617,2024-12-10,285.2,20,42
618,2022-02-12,563.18,0,
618,2022-02-14,567.69,0,
618,2024-10-10,539.63,0,
618,2024-10-16,498.15,0,
618,2024-10-29,511.71,0,
618,2025-08-23,515.92,0,
619,2022-02-18,186.51,0,
619,2023-03-03,181.39,0,
619,2024-05-21,178.61,0,
619,2024-12-07,174.07,0,
619,2025-04-18,171.1,0,
620,2023-04-28,111.76,0,
620,2023-07-20,105.45,0,
620,2024-08-03,104.97,0,
621,2021-11-22,264.2,0,
621,2024-01-10,226.95,15,30
621,2024-07-26,260.03,0,
621,2024-07-30,264.03,0,
621,2024-11-05,267.01,0,
622,2022-11-28,297.15,30,16
622,2024-11-04,424.84,0,
622,2025-07-09,418.02,0,
622,2025-10-13,426.92,0,
623,2021-11-15,100.49,0,
623,2023-08-16,98.06,0,
623,2024-03-29,99.61,0,
623,2025-05-01,96.99,0,
623,2025-07-15,72.27,27,48
623,2025-08-14,87.12,12,49
624,2022-06-02,1101.05,0,
624,2022-11-30,810.75,25,17
624,2023-08-08,1109.55,0,
624,2023-10-29,1052.22,0,
624,2024-06-10,982.27,0,
625,2022-02-25,260.01,0,
625,2022-12-14,213.6,20,18
625,2023-12-27,248.94,0,
625,2025-08-29,243.5,0,
625,2025-09-08,245.98,0,
626,2022-06-29,111.33,0,
626,2022-12-30,104.45,0,
626,2023-09-30,105.32,0,
626,2024-02-07,100.2,0,
626,2024-08-06,73.36,33,35
626,2024-10-19,99.49,0,
626,2025-06-29,94.81,0,
627,2022-05-24,93.08,15,11
627,2023-07-16,111.56,0,
627,2025-06-06,114.72,0,
628,2021-09-19,217.84,0,
628,2021-12-19,207.06,0,
628,2023-08-28,193.67,0,
628,2023-09-21,178.78,0,
628,2024-01-05,182.32,15,30
628,2024-03-01,178.5,0,
628,2024-05-03,181.1,0,
629,2021-08-23,110.94,0,
629,2023-09-09,93.08,15,25
629,2023-12-19,112.11,0,
629,2023-12-27,103.4,0,
629,2024-07-24,99.62,0,
630,2022-06-11,182.79,0,
630,2023-01-20,168.55,0,
630,2023-02-10,158.37,0,
630,2023-06-04,156.29,0,
631,2023-08-05,114.43,0,
631,2023-12-02,80.5,30,27
631,2024-02-21,107.28,0,
631,2024-11-24,80.5,30,39
631,2025-03-30,109.92,0,
632,2024-04-09,112.34,0,
632,2024-11-13,112.67,0,
632,2025-02-03,104.7,0,
633,2022-02-25,254.55,0,
633,2024-10-08,250.48,0,
633,2025-02-07,239.57,0,
633,2025-05-09,233.76,0,
633,2025-05-09,218.75,0,
633,2025-07-13,183.59,27,48
634,2022-03-13,1839.39,0,
634,2023-08-08,1779.11,0,
634,2024-01-21,1714.06,0,
634,2025-07-26,1633.91,0,
635,2023-01-26,112.13,0,
635,2023-02-07,105.29,0,
635,2024-02-25,104.28,0,
635,2024-04-21,102.91,0,
635,2025-02-14,102.2,0,
636,2021-10-02,112.72,0,
636,2021-10-19,106.86,0,
636,2024-07-14,105.83,0,
636,2025-01-19,107.72,0,
637,2023-04-17,158.12,0,
637,2023-12-19,157.75,0,
637,2024-07-02,134.0,20,34
637,2024-09-04,142.38,15,37
637,2025-05-31,157.88,0,
637,2025-08-30,158.08,0,
637,2025-08-31,148.28,0,
638,2021-10-04,277.16,0,
638,2022-03-27,276.75,0,
638,2023-01-05,231.62,15,19
638,2024-11-17,268.08,0,
639,2022-03-15,145.8,10,8
639,2023-04-18,154.45,0,
639,2025-01-25,154.92,0,
640,2022-05-25,226.95,15,11
640,2022-10-23,250.65,0,
640,2023-08-18,240.89,0,
640,2024-09-29,234.02,0,
641,2022-07-09,942.03,0,
641,2023-01-17,937.92,0,
641,2025-05-08,959.82,0,
642,2022-10-16,291.74,0,
642,2024-01-01,274.32,0,
642,2024-06-29,272.18,0,
643,2022-03-12,2370.94,0,
643,2023-10-11,2275.85,0,
643,2025-06-14,2329.93,0,
643,2025-10-16,1854.78,24,52
644,2021-09-20,1058.73,0,
644,2021-12-13,860.4,20,5
644,2022-06-21,1084.04,0,
644,2022-11-11,1100.06,0,
644,2025-01-02,914.17,15,43
644,2025-03-23,1067.86,0,
644,2025-05-09,1045.67,0,
645,2022-11-17,294.51,0,
645,2022-12-19,273.54,0,
645,2023-03-01,272.5,0,
645,2023-08-15,276.97,0,
645,2023-12-04,262.22,0,
645,2024-04-26,265.94,0,
645,2024-07-15,261.51,0,
646,2023-05-17,371.6,0,
646,2023-11-26,253.05,30,27
646,2024-08-14,318.12,12,36
646,2025-08-19,373.75,0,
646,2025-09-25,363.17,0,
647,2021-09-27,176.5,0,
647,2022-04-02,179.92,0,
647,2022-04-09,165.72,0,
647,2023-11-27,128.1,30,27
647,2024-05-16,159.29,0,
647,2024-10-27,155.81,0,
647,2025-04-12,150.53,0,
648,2021-09-21,334.75,0,
648,2021-10-17,335.99,0,
648,2021-10-29,331.21,0,
648,2021-12-08,319.8,0,
648,2022-02-23,315.26,0,
648,2022-11-12,310.86,0,
648,2025-09-06,309.51,0,
649,2022-01-09,97.11,0,
649,2022-03-25,93.83,0,
649,2024-07-30,93.73,0,
649,2024-11-14,86.31,0,
649,2025-02-03,86.61,0,
650,2021-11-02,162.19,0,
650,2022-01-12,157.67,0,
650,2022-12-16,129.6,20,18
650,2024-01-10,137.7,15,30
651,2022-06-18,297.13,0,
651,2022-07-10,300.04,0,
651,2024-05-05,279.9,0,
651,2025-03-08,285.81,0,
651,2025-06-15,278.18,0,
652,2022-03-02,107.64,0,
652,2023-08-08,104.74,0,
652,2024-07-18,107.55,0,
652,2025-07-30,106.56,0,
652,2025-08-10,101.2,12,49
653,2022-04-13,154.01,0,
653,2025-02-28,156.78,0,
653,2025-05-11,160.39,0,
654,2022-09-20,305.27,0,
654,2024-03-14,307.47,0,
654,2025-07-16,316.33,0,
655,2022-02-01,904.52,0,
655,2023-08-15,859.47,0,
655,2024-08-03,837.09,0,
655,2024-11-19,791.99,0,
655,2024-12-03,834.63,14,41
655,2025-09-02,824.92,15,50
656,2022-03-10,49.12,0,
656,2022-03-14,50.41,0,
656,2022-05-07,50.87,0,
656,2022-10-14,48.55,0,
656,2023-06-23,45.87,0,
656,2023-06-30,47.08,0,
656,2023-09-24,47.56,0,
656,2024-01-26,48.81,0,
657,2021-08-30,314.81,21,1
657,2021-10-28,409.4,0,
657,2022-02-02,384.57,0,
657,2022-10-15,396.06,0,
657,2023-10-15,404.66,0,
657,2024-04-06,404.27,0,
658,2022-10-04,171.12,0,
658,2024-02-05,169.16,0,
658,2024-02-26,164.44,0,
658,2024-06-19,161.76,0,
659,2021-09-25,204.67,0,
659,2022-05-24,169.15,15,11
659,2024-02-26,200.88,0,
659,2024-11-19,195.22,0,
660,2021-09-09,118.21,0,
660,2021-10-15,110.66,0,
660,2022-09-07,97.75,15,14
660,2023-02-28,102.9,0,
660,2024-06-18,102.26,0,
660,2024-09-21,101.41,0,
660,2025-01-01,102.73,0,
660,2025-01-01,96.53,0,
661,2022-12-17,583.2,20,18
661,2025-03-12,745.54,0,
661,2025-09-13,730.8,0,
662,2022-04-11,54.87,0,
662,2024-11-17,52.93,0,
662,2025-01-01,54.0,0,
663,2022-04-04,207.49,0,
663,2022-05-24,182.32,15,11
663,2023-12-19,199.48,0,
664,2021-10-13,769.4,0,
664,2022-07-02,658.8,20,12
664,2024-11-22,738.41,0,
664,2025-03-03,756.75,0,
664,2025-06-09,778.72,0,
665,2021-12-21,112.92,0,
665,2022-01-02,102.0,15,6
665,2022-09-17,114.47,0,
665,2024-02-12,111.68,0,
665,2024-08-05,80.4,33,35
666,2022-04-13,277.08,0,
666,2024-04-18,259.46,0,
666,2024-08-18,245.32,0,
667,2022-01-19,198.59,0,
667,2022-12-27,189.48,0,
667,2023-04-02,186.88,0,
667,2023-11-21,191.71,0,
667,2023-11-29,150.15,30,27
667,2024-10-21,189.96,0,
667,2025-07-04,171.6,20,47
667,2025-07-29,174.88,0,
668,2022-07-04,776.4,20,12
668,2022-09-30,908.18,0,
668,2023-07-28,933.62,0,
668,2024-01-30,925.3,0,
668,2024-05-27,824.92,15,33
668,2024-09-11,917.66,0,
668,2025-08-14,854.04,12,49
669,2021-11-23,51.37,0,
669,2022-05-12,52.8,0,
669,2022-10-24,52.11,0,
669,2022-12-23,51.99,0,
669,2023-05-15,49.61,0,
669,2024-03-27,48.23,0,
669,2024-05-14,46.81,0,
669,2025-07-03,41.6,20,47
670,2021-10-14,222.03,0,
670,2022-05-27,187.0,15,11
670,2022-08-16,193.6,12,13
670,2022-11-23,215.9,0,
670,2023-06-20,207.84,0,
670,2024-07-27,205.23,0,
671,2023-03-03,1187.87,0,
671,2024-02-09,1177.61,0,
671,2025-06-13,1114.75,0,
672,2022-02-27,992.91,0,
672,2022-06-17,1017.95,0,
672,2024-10-28,988.01,0,
672,2025-01-15,915.66,0,
673,2022-05-07,1022.84,0,
673,2022-08-02,989.03,0,
673,2023-06-03,946.38,0,
673,2023-10-18,924.25,0,
673,2024-03-17,920.7,10,31
673,2024-06-25,861.25,0,
673,2024-10-16,880.13,0,
673,2025-05-12,856.56,0,
674,2022-02-05,246.21,13,7
674,2022-12-04,212.25,25,17
674,2023-01-08,240.55,15,19
674,2024-05-12,282.92,0,
675,2022-08-04,692.32,0,
675,2022-08-21,708.99,0,
675,2024-08-17,693.92,0,
675,2024-12-29,698.18,0,
675,2025-04-22,701.98,0,
675,2025-06-12,661.48,0,
675,2025-09-09,612.33,0,
676,2021-10-24,361.42,0,
676,2022-10-27,349.65,0,
676,2023-10-04,281.97,22,26
676,2023-10-05,323.02,0,
676,2024-01-08,307.27,15,30
676,2024-01-18,298.8,0,
677,2021-10-14,297.82,0,
677,2022-01-01,282.01,0,
677,2022-12-29,274.61,0,
677,2023-02-20,258.08,0,
677,2024-01-23,246.33,0,
677,2024-03-01,228.44,0,
678,2022-02-17,2644.91,0,
678,2022-11-20,2454.74,0,
678,2023-08-31,2489.44,0,
678,2023-10-29,2530.05,0,
678,2025-06-24,2480.62,0,
679,2022-04-05,1555.53,0,
679,2022-05-01,1530.61,0,
679,2022-10-22,1564.86,0,
679,2023-08-09,1476.62,0,
679,2024-02-07,1502.76,0,
679,2024-12-22,1437.52,0,
680,2022-07-02,1750.8,20,12
680,2022-10-24,2080.93,0,
680,2023-05-30,2023.06,0,
680,2025-02-18,2078.19,0,
680,2025-09-16,2063.87,0,
681,2022-02-15,466.49,0,
681,2022-11-01,437.54,0,
681,2024-02-04,438.79,0,
681,2024-09-16,430.79,0,
682,2022-01-20,982.88,0,
682,2022-02-09,906.43,0,
682,2022-12-04,743.62,25,17
682,2024-02-01,839.8,0,
682,2024-09-18,834.42,0,
682,2025-06-02,831.46,0,
682,2025-08-20,839.1,0,
683,2021-11-22,1569.4,0,
683,2024-11-13,1470.26,0,
683,2025-05-12,1478.88,0,
683,2025-06-13,1399.7,0,
683,2025-10-08,1410.78,0,
684,2022-03-03,169.97,0,
684,2022-03-11,162.46,0,
684,2024-03-30,150.09,0,
684,2024-07-31,145.69,0,
684,2025-05-12,137.28,0,
684,2025-05-17,126.31,0,
684,2025-07-11,127.16,0,
685,2021-09-27,463.85,0,
685,2024-03-21,453.15,10,31
685,2024-12-19,434.2,0,
685,2025-08-11,443.08,12,49
685,2025-09-15,418.54,0,
686,2021-09-01,127.98,21,1
686,2022-06-06,156.85,0,
686,2023-02-13,151.68,0,
686,2023-06-29,150.54,0,
686,2025-06-06,147.8,0,
687,2022-06-22,252.65,0,
687,2022-07-25,242.07,0,
687,2024-06-09,231.43,0,
688,2022-02-24,56.84,0,
688,2022-11-07,57.59,0,
688,2024-06-14,58.17,0,
689,2022-03-14,101.76,0,
689,2023-05-20,97.2,0,
689,2023-09-22,92.32,0,
689,2023-11-09,94.33,0,
689,2024-08-14,87.12,12,36
689,2024-09-07,93.62,0,
689,2025-07-19,90.65,0,
690,2022-03-02,150.7,0,
690,2022-04-11,145.0,0,
690,2024-01-13,143.37,0,
690,2024-03-05,145.19,0,
690,2024-05-20,144.3,0,
690,2025-03-27,146.92,0,
690,2025-09-11,137.37,0,
691,2021-10-06,579.47,0,
691,2022-11-01,573.06,0,
691,2023-12-12,474.0,20,29
691,2025-01-19,560.31,0,
692,2021-10-13,725.82,0,
692,2022-01-10,718.71,0,
692,2022-05-17,675.42,0,
692,2022-09-06,619.65,15,14
692,2022-12-26,656.74,0,
692,2023-03-23,645.21,0,
692,2023-09-16,650.27,0,
692,2025-04-12,640.56,0,
693,2022-02-27,275.7,0,
693,2022-06-26,283.54,0,
693,2023-02-20,283.8,0,
693,2025-02-13,273.66,0,
694,2022-05-12,247.66,0,
694,2022-07-05,201.2,20,12
694,2022-08-09,232.33,0,
694,2023-09-18,228.78,0,
695,2022-12-11,432.0,20,18
695,2023-01-24,503.82,0,
695,2023-10-15,513.86,0,
695,2025-02-14,498.54,0,
695,2025-06-29,496.8,0,
696,2021-12-10,184.4,20,5
696,2022-03-08,231.05,0,
696,2022-04-08,233.86,0,
696,2022-06-02,232.22,0,
696,2023-11-19,221.07,0,
696,2024-01-24,219.34,0,
696,2024-02-20,214.81,0,
697,2022-07-20,151.74,0,
697,2024-05-09,145.4,0,
697,2024-10-23,145.19,0,
697,2024-12-02,113.4,30,39
697,2025-05-09,142.15,0,
697,2025-05-16,132.97,0,
697,2025-09-04,137.7,15,50
698,2021-11-26,223.65,30,3
698,2022-09-23,299.13,0,
698,2024-01-29,281.89,0,
699,2022-03-24,1006.22,0,
699,2022-12-01,775.12,25,17
699,2023-08-05,956.34,0,
699,2024-08-01,928.2,0,
699,2025-08-08,860.13,0,
699,2025-09-11,837.69,0,
700,2021-12-08,2961.28,0,
700,2022-05-14,2991.19,0,
700,2022-12-14,2439.6,20,18
700,2023-01-28,2898.45,0,
700,2024-07-11,2670.47,0,
700,2025-02-04,2468.11,0,
700,2025-06-16,2506.82,0,
700,2025-09-05,2592.07,15,50
701,2022-09-15,624.24,0,
701,2023-06-20,595.84,0,
701,2024-05-30,548.25,15,33
701,2025-03-10,556.67,0,
701,2025-08-22,525.06,0,
701,2025-10-16,490.2,24,52
702,2021-09-01,78.21,21,1
702,2021-10-19,97.64,0,
702,2021-10-29,97.62,0,
702,2022-05-19,95.21,0,
702,2023-12-17,96.77,0,
702,2024-05-03,90.96,0,
703,2022-01-09,346.26,0,
703,2022-12-23,339.04,0,
703,2023-05-15,341.14,0,
703,2023-10-21,341.94,0,
703,2024-05-31,289.43,15,33
703,2024-11-29,238.35,30,39
703,2025-04-11,328.65,0,
703,2025-09-15,331.51,0,
704,2021-10-11,57.28,0,
704,2022-01-28,55.9,0,
704,2022-02-22,52.47,0,
704,2022-11-24,39.9,30,16
704,2023-06-14,50.01,0,
704,2024-07-24,49.64,0,
704,2024-08-20,46.95,0,
704,2024-12-11,45.6,20,42
705,2022-04-23,38.76,32,9
705,2023-09-09,48.45,15,25
705,2024-03-06,54.59,0,
705,2025-08-31,51.72,0,
706,2021-12-17,894.0,20,5
706,2022-05-18,1071.78,0,
706,2022-05-25,949.88,15,11
706,2022-06-14,1055.25,0,
706,2023-01-14,1031.48,0,
706,2023-03-10,1020.68,0,
706,2024-04-26,977.02,0,
706,2024-10-19,997.26,0,
707,2022-01-16,2968.42,0,
707,2022-03-16,2862.9,10,8
707,2022-11-12,2732.04,0,
707,2023-05-21,2670.22,0,
707,2024-05-15,2550.83,0,
707,2025-08-02,2444.23,0,
707,2025-08-10,2799.28,12,49
708,2021-10-28,53.35,0,
708,2022-08-22,54.62,0,
708,2022-12-14,45.6,20,18
708,2023-08-08,53.44,0,
708,2023-08-29,54.36,0,
708,2024-07-06,45.6,20,34
708,2024-09-26,52.86,0,
709,2023-12-24,288.16,0,
709,2024-01-12,287.72,0,
709,2024-09-14,269.06,0,
709,2025-02-22,252.48,0,
709,2025-04-27,233.45,0,
709,2025-06-17,214.96,0,
709,2025-07-11,214.98,0,
710,2022-06-18,246.05,0,
710,2023-10-08,247.47,0,
710,2024-07-24,245.14,0,
711,2023-03-30,97.12,0,
711,2024-01-25,93.72,0,
711,2024-02-05,89.91,0,
711,2025-01-08,84.15,15,43
711,2025-04-29,85.57,0,
711,2025-06-10,83.97,0,
712,2022-03-29,448.59,0,
712,2024-01-24,448.8,0,
712,2024-03-12,434.61,0,
712,2024-04-24,411.86,0,
712,2025-05-30,412.18,0,
712,2025-06-09,405.46,0,
713,2021-09-15,172.77,0,
713,2022-06-05,165.5,0,
713,2024-08-09,155.81,0,
713,2024-11-24,124.6,30,39
713,2025-03-05,146.48,0,
713,2025-10-01,156.64,12,51
714,2022-03-03,290.76,0,
714,2022-06-18,289.6,0,
714,2023-02-09,271.99,0,
714,2024-01-26,266.78,0,
715,2022-10-13,110.23,0,
715,2023-02-10,102.42,0,
715,2023-02-15,100.09,0,
715,2025-05-14,101.01,0,
716,2022-02-03,52.97,0,
716,2022-08-11,50.16,12,13
716,2023-01-19,50.4,0,
716,2024-05-21,48.53,0,
716,2024-07-15,47.67,0,
716,2024-11-02,45.5,0,
716,2025-01-20,45.97,0,
717,2022-12-07,291.03,0,
717,2023-06-21,298.11,0,
717,2024-05-02,297.87,0,
717,2024-08-13,258.28,12,36
717,2024-10-07,287.48,0,
717,2024-11-17,266.12,0,
718,2021-11-26,69.3,30,3
718,2022-02-17,101.03,0,
718,2023-03-23,94.69,0,
718,2024-10-07,95.33,0,
718,2025-02-20,94.24,0,
718,2025-05-17,89.31,0,
718,2025-05-20,82.37,0,
719,2023-04-21,183.38,0,
719,2023-07-26,188.18,0,
719,2023-08-31,187.9,0,
719,2023-09-26,185.56,0,
719,2024-02-14,171.8,0,
719,2025-04-18,165.12,0,
719,2025-09-22,158.58,0,
720,2022-09-26,1686.51,0,
720,2023-04-24,1593.76,0,
720,2023-12-29,1484.98,0,
720,2024-07-20,1412.45,0,
720,2024-10-02,1386.86,0,
720,2025-03-11,1406.38,0,
721,2021-10-18,107.58,0,
721,2022-02-14,105.5,0,
721,2022-05-25,97.75,15,11
721,2023-01-02,97.75,15,19
721,2025-07-08,97.82,0,
721,2025-08-24,97.08,0,
722,2021-08-24,99.16,0,
722,2022-01-04,84.15,15,6
722,2022-02-07,86.13,13,7
722,2023-12-25,92.73,0,
722,2024-05-26,84.15,15,33
722,2025-06-09,89.25,0,
723,2022-06-05,109.93,0,
723,2022-07-08,107.84,0,
723,2024-04-03,105.28,0,
723,2024-04-22,105.97,0,
723,2024-04-23,104.72,0,
723,2025-08-29,106.33,0,
724,2022-04-12,511.81,0,
724,2024-05-29,423.3,15,33
724,2024-10-23,519.14,0,
724,2025-08-21,495.32,0,
725,2022-10-30,418.0,0,
725,2022-12-21,398.84,0,
725,2023-07-12,383.93,0,
725,2024-02-09,379.04,0,
725,2024-06-06,365.91,0,
725,2025-07-17,364.84,0,
726,2022-04-10,53.59,0,
726,2023-12-23,50.52,0,
726,2024-04-12,47.42,0,
726,2024-06-14,46.3,0,
726,2025-02-01,42.89,0,
727,2022-01-08,183.85,0,
727,2022-12-11,154.8,20,18
727,2023-09-12,175.93,0,
727,2024-03-27,170.95,0,
727,2025-03-16,174.15,10,45
727,2025-06-20,168.0,0,
728,2021-09-15,614.95,0,
728,2021-12-07,586.93,0,
728,2022-09-28,568.19,0,
728,2022-12-19,542.51,0,
728,2023-05-19,516.22,0,
728,2023-06-17,512.24,0,
728,2023-09-26,486.77,0,
729,2022-06-12,201.52,0,
729,2022-11-26,150.15,30,16
729,2023-08-05,196.53,0,
729,2024-08-01,191.1,0,
730,2023-05-12,115.59,0,
730,2024-06-27,108.74,0,
730,2024-11-13,109.75,0,
730,2025-02-04,107.76,0,
730,2025-03-20,108.0,10,45
730,2025-09-16,106.62,0,
731,2022-01-20,275.64,0,
731,2022-04-25,199.58,32,10
731,2023-11-08,259.6,0,
731,2024-02-15,259.87,0,
732,2023-08-22,1429.01,0,
732,2025-02-12,1324.48,0,
732,2025-03-10,1230.94,0,
732,2025-08-28,1199.68,0,
733,2022-10-02,558.43,0,
733,2022-10-14,573.98,0,
733,2023-12-24,576.01,0,
733,2024-01-10,503.62,15,30
733,2024-01-13,532.04,0,
733,2024-02-02,530.4,0,
733,2025-05-09,500.63,0,
733,2025-07-29,469.29,0,
734,2021-08-30,190.39,21,1
734,2021-10-02,233.93,0,
734,2021-12-07,225.8,0,
734,2022-05-27,204.85,15,11
734,2023-03-08,210.51,0,
734,2023-11-21,205.66,0,
735,2022-07-23,108.34,0,
735,2022-11-20,101.58,0,
735,2023-11-24,76.65,30,27
735,2024-01-21,104.22,0,
735,2024-12-17,104.81,0,
735,2025-04-18,96.68,0,
735,2025-08-10,96.36,12,49
736,2021-09-10,1401.98,0,
736,2022-02-19,1316.56,0,
736,2022-05-25,1275.85,15,11
736,2022-08-12,1320.88,12,13
736,2025-05-20,1352.53,0,
737,2021-11-06,516.41,0,
737,2021-11-12,525.05,0,
737,2021-11-14,540.16,0,
737,2021-12-22,525.05,0,
737,2023-10-01,504.99,0,
738,2021-12-19,580.44,0,
738,2023-01-06,494.7,15,19
738,2023-03-18,523.8,10,20
738,2023-07-22,538.96,0,
738,2023-07-28,540.58,0,
738,2024-05-19,515.14,0,
738,2025-07-10,475.28,0,
739,2021-09-13,122.14,0,
739,2021-11-12,113.9,0,
739,2021-12-31,116.96,0,
739,2023-07-15,109.43,0,
740,2022-07-21,615.5,0,
740,2024-12-16,584.33,0,
740,2025-03-15,557.1,10,45
741,2023-04-21,2661.68,0,
741,2023-05-19,2580.81,0,
741,2023-05-31,2532.21,0,
741,2023-06-10,2463.6,0,
741,2025-03-10,2439.45,0,
741,2025-07-26,2433.1,0,
742,2021-11-12,857.86,0,
742,2025-04-18,864.68,0,
742,2025-06-19,818.02,0,
743,2021-10-05,213.46,0,
743,2022-08-28,203.4,0,
743,2024-10-18,201.44,0,
744,2023-02-04,228.09,0,
744,2023-04-13,218.57,0,
744,2023-04-26,209.0,0,
744,2024-10-24,194.68,0,
744,2025-07-23,183.96,0,
744,2025-09-16,188.77,0,
745,2021-11-08,316.93,0,
745,2022-03-21,326.35,0,
745,2022-10-22,316.35,0,
745,2023-05-01,319.35,0,
745,2023-09-30,309.1,0,
745,2023-10-01,317.39,0,
745,2024-04-06,312.97,0,
745,2025-09-29,317.5,0,
746,2021-09-26,107.02,0,
746,2022-05-09,100.26,0,
746,2022-10-11,95.66,0,
746,2023-05-03,73.36,33,21
746,2024-09-15,91.06,0,
746,2024-11-27,76.65,30,39
746,2024-12-06,85.92,0,
746,2025-09-16,86.29,0,
747,2023-01-26,212.72,0,
747,2023-04-22,216.71,0,
747,2024-09-24,219.43,0,
748,2021-09-07,370.71,0,
748,2023-05-13,357.45,0,
748,2023-08-12,318.12,12,24
748,2023-12-18,361.15,0,
748,2024-07-29,353.55,0,
748,2024-10-12,348.57,0,
748,2024-11-27,253.05,30,39
748,2024-12-21,333.34,0,
749,2023-09-24,123.05,0,
749,2024-04-15,88.8,26,32
749,2025-03-23,116.81,0,
750,2021-08-22,185.15,0,
750,2022-01-20,171.5,0,
750,2022-05-08,168.2,0,
750,2022-11-26,135.45,30,16
750,2024-04-10,170.49,0,
750,2024-09-21,171.2,0,
750,2025-05-07,171.35,0,
751,2022-03-22,1133.79,0,
751,2022-06-02,1080.98,0,
751,2024-08-28,1042.08,0,
751,2025-04-06,1010.75,0,
752,2022-06-15,310.1,0,
752,2022-10-01,302.78,0,
752,2024-09-27,311.36,0,
752,2025-10-03,317.04,0,
753,2022-02-25,300.79,0,
753,2023-03-03,304.74,0,
753,2024-06-11,293.49,0,
753,2024-08-08,289.21,0,
753,2024-11-14,294.42,0,
753,2025-07-04,255.6,20,47
754,2022-06-21,1041.75,0,
754,2022-08-08,1060.34,0,
754,2024-10-30,1063.3,0,
754,2024-11-06,1033.94,0,
754,2025-01-22,990.18,0,
754,2025-03-12,948.91,0,
754,2025-08-12,983.4,12,49
755,2022-03-04,240.15,0,
755,2022-04-21,224.21,0,
755,2023-11-01,224.42,0,
755,2024-07-20,216.58,0,
755,2025-03-06,210.14,0,
755,2025-06-01,194.16,0,
756,2021-08-24,496.2,0,
756,2024-03-04,485.15,0,
756,2024-06-17,488.33,0,
756,2024-12-28,476.72,0,
757,2021-10-02,599.39,0,
757,2022-02-14,565.56,0,
757,2024-07-30,577.81,0,
757,2025-07-01,516.0,20,47
757,2025-10-09,584.79,0,
758,2022-06-26,434.12,0,
758,2023-06-17,434.63,0,
758,2023-08-12,392.04,12,24
758,2024-05-04,432.61,0,
759,2021-12-14,331.2,20,5
759,2022-06-10,387.63,0,
759,2025-07-04,331.2,20,47
759,2025-09-23,375.17,0,
760,2021-10-18,184.47,0,
760,2021-10-23,177.22,0,
760,2021-11-10,169.28,0,
760,2023-07-07,146.4,20,23
760,2025-02-28,159.08,0,
761,2022-10-29,484.16,0,
761,2022-11-06,470.57,0,
761,2023-07-04,390.0,20,23
761,2023-07-21,440.16,0,
761,2024-06-20,408.3,0,
761,2025-02-04,377.67,0,
761,2025-06-08,351.05,0,
762,2021-12-15,285.2,20,5
762,2022-01-09,352.79,0,
762,2022-08-16,313.72,12,13
763,2023-05-29,234.81,0,
763,2024-02-22,221.5,0,
763,2024-03-09,220.42,0,
764,2023-02-15,215.3,0,
764,2023-05-01,216.23,0,
764,2023-06-07,205.31,0,
764,2025-01-12,191.52,0,
765,2023-01-19,143.08,0,
765,2023-07-18,140.4,0,
765,2023-09-25,131.0,0,
765,2024-11-07,121.65,0,
765,2024-12-20,118.27,0,
765,2025-01-14,113.65,0,
766,2021-11-01,147.95,0,
766,2021-12-14,117.2,20,5
766,2022-07-22,145.79,0,
766,2023-07-15,138.16,0,
766,2024-02-02,129.0,0,
766,2024-03-14,129.55,0,
766,2024-10-01,129.0,0,
766,2025-07-26,124.65,0,
767,2022-03-14,625.91,0,
767,2022-11-05,632.13,0,
767,2024-10-25,587.71,0,
767,2025-02-19,581.32,0,
767,2025-03-26,563.71,0,
767,2025-05-31,530.86,0,
767,2025-06-26,527.77,0,
768,2024-05-16,119.31,0,
768,2025-02-24,79.2,34,44
768,2025-07-29,116.77,0,
768,2025-08-21,112.28,0,
768,2025-08-22,104.75,0,
769,2022-03-08,633.36,0,
769,2024-10-15,557.17,15,38
769,2025-04-18,624.69,0,
770,2022-02-11,156.65,0,
770,2023-05-04,108.54,33,21
770,2023-07-31,147.65,0,
770,2023-09-12,137.31,0,
770,2025-01-11,131.38,0,
770,2025-05-11,130.31,0,
771,2021-11-16,506.6,0,
771,2024-02-01,485.99,0,
771,2024-04-18,470.7,0,
771,2024-07-18,469.94,0,
771,2025-04-22,466.4,0,
772,2021-11-04,147.03,0,
772,2022-01-30,139.93,0,
772,2022-05-28,124.52,15,11
772,2022-11-15,134.86,0,
772,2024-07-25,133.52,0,
772,2024-10-19,126.0,0,
772,2025-01-31,124.95,0,
773,2022-07-31,168.01,0,
773,2023-06-12,155.0,0,
773,2025-08-24,145.45,0,
774,2021-10-31,307.66,0,
774,2022-03-12,307.62,0,
774,2022-09-18,240.5,26,15
774,2023-02-05,293.81,0,
774,2024-02-07,297.58,0,
774,2024-10-12,274.19,0,
774,2025-08-30,273.91,0,
775,2022-10-13,51.64,0,
775,2022-11-25,36.4,30,16
775,2023-04-19,52.54,0,
775,2023-05-16,51.18,0,
775,2024-02-19,49.85,0,
775,2024-05-18,46.42,0,
775,2025-06-20,43.23,0,
776,2021-09-18,236.17,0,
776,2021-10-13,224.23,0,
776,2023-02-19,225.34,0,
776,2023-04-27,210.49,0,
776,2024-06-19,198.02,0,
776,2024-07-18,185.38,0,
776,2024-08-19,181.28,0,
776,2025-07-08,170.18,0,
777,2021-11-17,970.92,0,
777,2021-12-09,999.11,0,
777,2023-06-02,977.9,0,
777,2023-08-02,955.04,0,
777,2024-03-06,915.09,0,
777,2025-08-09,857.35,0,
777,2025-09-04,824.92,15,50
778,2022-01-31,919.82,0,
778,2022-12-26,884.35,0,
778,2023-03-27,900.33,0,
778,2023-05-19,861.29,0,
778,2023-10-21,824.11,0,
778,2025-05-19,817.27,0,
778,2025-09-23,798.06,0,
779,2022-01-15,331.37,0,
779,2022-12-06,326.58,0,
779,2024-10-16,326.51,0,
780,2022-06-10,320.71,0,
780,2022-08-09,305.2,0,
780,2022-08-24,311.41,0,
780,2023-06-10,301.66,0,
781,2021-11-09,52.34,0,
781,2022-04-25,35.36,32,10
781,2022-07-08,51.24,0,
781,2023-12-29,49.28,0,
781,2024-04-05,45.82,0,
781,2025-09-16,42.49,0,
782,2022-01-25,108.04,0,
782,2023-07-03,92.0,20,23
782,2023-07-28,108.77,0,
782,2024-01-16,100.61,0,
782,2024-12-07,96.8,0,
782,2025-05-05,91.35,0,
782,2025-05-15,86.39,0,
782,2025-07-16,84.7,0,
783,2022-11-03,245.99,0,
783,2023-01-04,213.78,15,19
783,2023-04-12,243.76,0,
784,2021-08-23,117.22,0,
784,2021-09-04,97.75,15,2
784,2021-10-12,108.31,0,
784,2023-06-26,108.84,0,
784,2024-04-01,102.38,0,
784,2024-07-12,104.41,0,
784,2024-07-23,101.14,0,
784,2025-08-18,94.69,0,
785,2021-10-26,159.02,0,
785,2022-04-17,157.39,0,
785,2022-05-25,146.62,15,11
785,2023-09-10,158.52,0,
785,2023-10-07,151.46,0,
785,2025-04-06,145.39,0,
786,2022-02-01,113.32,0,
786,2022-02-19,112.83,0,
786,2023-08-17,113.75,0,
786,2024-03-24,108.0,10,31
786,2024-04-01,107.93,0,
786,2024-09-04,102.0,15,37
787,2021-09-22,957.6,0,
787,2022-07-07,793.2,20,12
787,2022-07-23,921.69,0,
787,2023-04-15,916.84,0,
787,2023-06-24,907.67,0,
787,2024-08-01,847.47,0,
788,2023-01-30,52.55,0,
788,2023-07-05,45.6,20,23
788,2023-11-25,39.9,30,27
788,2025-03-23,49.23,0,
789,2021-11-02,161.67,0,
789,2022-11-10,149.77,0,
789,2023-05-13,142.62,0,
789,2023-10-27,131.63,0,
789,2024-05-15,134.36,0,
790,2023-07-03,520.4,20,23
790,2024-04-09,638.87,0,
790,2024-09-23,624.33,0,
791,2022-04-04,1114.93,0,
791,2023-04-04,1085.8,0,
791,2023-05-01,1027.56,0,
791,2024-01-02,1021.27,15,30
791,2024-03-06,1016.44,0,
791,2024-05-29,1021.27,15,33
791,2024-08-26,960.28,0,
791,2025-01-19,977.44,0,
792,2022-06-19,267.82,0,
792,2022-11-29,200.25,25,17
792,2023-04-02,265.04,0,
792,2023-06-10,250.95,0,
792,2024-10-21,236.57,0,
792,2024-11-25,186.9,30,39
792,2025-03-09,235.35,0,
792,2025-08-16,234.96,12,49
793,2021-10-17,613.75,0,
793,2022-11-17,596.4,0,
793,2022-12-17,528.8,20,18
793,2023-06-12,559.8,0,
793,2024-01-15,550.06,0,
793,2024-09-07,539.0,0,
793,2024-10-06,524.11,0,
793,2025-05-16,510.51,0,
794,2023-04-04,122.42,0,
794,2023-05-01,114.98,0,
794,2023-05-19,113.95,0,
795,2023-07-06,432.0,20,23
795,2024-04-26,550.9,0,
795,2025-09-29,519.45,0,
796,2023-03-15,160.2,10,20
796,2024-03-02,173.35,0,
796,2025-05-03,166.94,0,
797,2021-12-08,668.31,0,
797,2022-01-28,648.35,0,
797,2022-02-22,626.23,0,
797,2023-07-13,629.34,0,
797,2024-03-15,604.35,10,31
797,2024-08-15,625.03,0,
797,2024-10-11,600.45,0,
797,2025-02-14,593.49,0,
798,2022-03-02,100.03,0,
798,2023-08-02,99.81,0,
798,2023-12-04,102.34,0,
798,2024-02-22,102.02,0,
798,2024-05-18,98.73,0,
799,2022-03-13,672.87,0,
799,2022-12-03,511.5,25,17
799,2024-08-13,600.16,12,36
799,2025-03-13,650.15,0,
799,2025-07-26,609.7,0,
800,2021-09-07,176.49,0,
800,2022-12-13,146.4,20,18
800,2022-12-23,162.5,0,
800,2023-05-13,161.36,0,
800,2023-11-09,155.13,0,
801,2021-09-19,1275.61,0,
801,2021-09-30,1223.28,0,
801,2022-04-05,1154.94,0,
801,2022-09-23,1146.9,0,
801,2023-06-09,1062.92,0,
801,2024-02-24,1082.3,0,
802,2022-11-03,101.3,0,
802,2023-10-31,93.63,0,
802,2025-10-12,88.93,0,
803,2023-11-16,543.58,0,
803,2024-01-06,485.77,15,30
803,2024-01-14,507.95,0,
803,2024-09-22,469.52,0,
803,2025-05-03,475.65,0,
804,2021-11-19,164.47,0,
804,2021-11-29,113.4,30,3
804,2022-09-07,137.7,15,14
804,2022-10-16,163.63,0,
804,2023-09-01,137.7,15,25
804,2023-11-26,113.4,30,27
804,2024-12-27,158.17,0,
804,2025-09-04,137.7,15,50
805,2022-11-01,376.33,0,
805,2023-01-29,373.42,0,
805,2023-04-13,373.7,0,
805,2023-05-09,367.78,0,
805,2024-01-03,320.88,15,30
805,2025-08-20,354.66,0,
806,2022-09-03,102.0,15,14
806,2022-09-27,112.1,0,
806,2023-05-02,110.25,0,
806,2023-08-19,105.33,0,
806,2024-08-27,106.32,0,
806,2024-10-20,107.21,0,
806,2025-01-20,99.94,0,
806,2025-06-15,96.82,0,
807,2021-10-30,58.71,0,
807,2022-02-01,55.45,0,
807,2022-07-10,55.2,0,
807,2022-09-14,56.38,0,
807,2023-01-31,55.72,0,
807,2024-06-29,53.51,0,
807,2025-05-16,50.37,0,
808,2022-06-23,5723.46,0,
808,2023-02-28,5294.18,0,
808,2023-11-25,4045.65,30,27
808,2024-01-30,5277.36,0,
808,2025-03-04,5204.64,0,
809,2021-09-30,5041.87,0,
809,2022-10-10,4985.34,0,
809,2023-09-09,4644.82,15,25
810,2021-11-11,62.07,0,
810,2023-06-20,60.55,0,
810,2023-08-05,56.76,0,
810,2024-02-29,53.33,0,
811,2021-11-02,181.57,0,
811,2022-05-28,164.47,15,11
811,2024-01-02,164.47,15,30
811,2024-08-31,181.68,0,
811,2025-05-24,164.47,15,46
811,2025-06-06,168.04,0,
812,2022-01-23,580.15,0,
812,2023-02-09,597.16,0,
812,2023-11-11,586.06,0,
813,2021-12-19,155.91,0,
813,2022-04-07,149.47,0,
813,2025-07-04,121.2,20,47
813,2025-09-13,142.94,0,
814,2022-04-05,235.0,0,
814,2023-02-04,241.04,0,
814,2023-03-29,223.74,0,
814,2024-05-20,222.22,0,
814,2024-09-16,223.83,0,
814,2025-02-11,206.68,0,
814,2025-04-11,192.32,0,
814,2025-04-24,186.56,0,
815,2022-10-02,107.3,0,
815,2024-01-10,93.08,15,30
815,2024-10-22,109.06,0,
816,2022-06-29,496.77,0,
816,2023-07-02,411.2,20,23
816,2023-07-13,493.85,0,
816,2023-12-15,411.2,20,29
816,2025-08-08,493.94,0,
817,2023-04-30,162.35,0,
817,2025-01-03,137.7,15,43
817,2025-08-07,165.12,0,
817,2025-08-31,161.38,0,
818,2021-11-05,313.34,0,
818,2022-09-23,317.86,0,
818,2023-05-23,293.44,0,
818,2023-09-21,272.58,0,
818,2024-02-17,277.57,0,
818,2024-06-04,262.76,0,
818,2024-12-18,261.4,0,
818,2025-04-07,268.25,0,
819,2022-09-23,616.2,0,
819,2023-04-29,618.12,0,
819,2024-07-10,623.4,0,
819,2025-02-16,597.13,0,
820,2022-05-18,93.7,0,
820,2022-09-02,84.15,15,14
820,2022-11-23,93.81,0,
820,2023-09-01,84.15,15,25
820,2024-01-01,88.13,0,
821,2021-09-19,110.75,0,
821,2022-03-09,105.2,0,
821,2023-01-03,97.75,15,19
821,2024-04-10,106.86,0,
821,2024-08-10,101.2,12,36
821,2025-01-27,101.27,0,
822,2022-06-25,978.95,0,
822,2022-08-16,872.52,12,13
822,2022-12-20,970.59,0,
822,2023-03-17,892.35,10,20
822,2024-06-25,984.75,0,
822,2025-02-16,912.92,0,
823,2021-12-02,74.25,25,4
823,2023-11-23,95.53,0,
823,2024-01-04,84.15,15,30
823,2025-07-04,79.2,20,47
823,2025-07-27,89.76,0,
823,2025-07-30,84.54,0,
824,2022-04-01,153.29,0,
824,2022-04-30,151.71,0,
824,2022-10-31,150.8,0,
824,2023-07-23,150.64,0,
824,2024-05-09,152.91,0,
825,2021-09-11,217.18,0,
825,2021-10-30,212.6,0,
825,2021-11-20,209.36,0,
825,2024-04-23,205.0,0,
825,2025-01-03,191.25,15,43
825,2025-01-10,191.25,15,43
825,2025-03-16,202.5,10,45
825,2025-06-10,197.99,0,
826,2022-07-30,477.91,0,
826,2023-03-06,474.01,0,
826,2025-08-10,429.0,12,49
827,2021-10-10,580.23,0,
827,2022-04-14,554.96,0,
827,2022-10-03,512.84,0,
827,2022-11-27,407.4,30,16
827,2023-05-03,389.94,33,21
827,2023-07-22,509.73,0,
827,2024-10-30,512.39,0,
828,2022-02-17,97.69,0,
828,2022-10-20,99.95,0,
828,2023-07-21,100.11,0,
828,2023-11-08,94.24,0,
828,2024-07-24,96.14,0,
828,2024-08-16,98.71,0,
828,2024-09-27,90.89,0,
828,2025-08-02,93.09,0,
829,2021-10-28,670.31,0,
829,2021-12-21,654.5,0,
829,2022-02-23,656.78,0,
829,2024-06-25,625.79,0,
830,2022-01-29,1094.52,0,
830,2023-04-10,1025.52,0,
830,2024-02-14,1011.08,0,
830,2024-02-17,995.11,0,
830,2024-08-17,921.99,0,
830,2025-02-04,890.41,0,
831,2021-09-03,195.92,15,2
831,2021-09-07,225.17,0,
831,2023-06-20,221.84,0,
831,2024-02-28,224.34,0,
831,2024-02-29,208.82,0,
831,2024-04-15,170.57,26,32
831,2024-07-16,211.87,0,
832,2022-07-23,370.23,0,
832,2022-12-24,370.95,0,
832,2023-02-23,361.37,0,
832,2023-04-30,353.85,0,
832,2023-05-02,345.42,0,
832,2024-08-21,347.75,0,
832,2025-06-08,321.65,0,
833,2021-10-22,123.3,0,
833,2022-05-28,102.0,15,11
833,2023-07-01,96.0,20,23
833,2023-11-08,122.72,0,
833,2024-06-08,119.6,0,
833,2025-01-01,121.54,0,
834,2021-09-09,157.17,0,
834,2021-11-26,117.25,30,3
834,2023-01-31,149.19,0,
834,2024-05-06,153.49,0,
834,2024-05-20,141.52,0,
835,2022-07-15,111.12,0,
835,2023-07-14,102.5,0,
835,2023-10-30,101.4,0,
836,2022-04-09,537.2,0,
836,2022-12-08,546.2,0,
836,2023-03-08,548.34,0,
836,2023-12-30,529.26,0,
836,2024-08-27,539.23,0,
836,2024-10-03,552.56,0,
836,2025-06-17,536.59,0,
837,2021-09-15,279.18,0,
837,2022-06-19,269.52,0,
837,2022-06-23,263.13,0,
837,2022-09-21,252.18,0,
837,2023-03-20,268.65,10,20
837,2023-06-06,239.68,0,
837,2023-12-24,226.6,0,
837,2025-09-03,253.72,15,50
838,2022-10-02,150.21,0,
838,2023-02-22,147.05,0,
838,2024-02-10,139.77,0,
838,2025-03-17,145.8,10,45
838,2025-10-16,123.12,24,52
839,2021-08-23,163.81,0,
839,2022-06-09,168.34,0,
839,2025-05-22,171.01,0,
840,2021-09-24,605.47,0,
840,2021-12-18,605.69,0,
840,2021-12-30,568.83,0,
840,2022-11-28,429.45,30,16
840,2024-04-30,569.45,0,
840,2024-05-31,521.48,15,33
840,2024-06-15,567.6,0,
840,2024-08-21,559.32,0,
841,2022-05-19,207.71,0,
841,2022-05-31,191.25,15,11
841,2023-07-26,206.95,0,
841,2024-04-15,166.5,26,32
841,2024-05-07,194.57,0,
841,2024-05-24,191.25,15,33
841,2025-09-07,188.4,0,
842,2021-10-25,120.51,0,
842,2021-12-26,123.22,0,
842,2022-04-20,117.96,0,
842,2023-01-03,102.0,15,19
842,2023-08-09,114.62,0,
842,2023-09-24,117.03,0,
842,2023-10-06,111.93,0,
842,2024-12-03,103.2,14,41
843,2023-02-18,110.44,0,
843,2023-09-02,102.0,15,25
843,2024-05-02,103.11,0,
843,2025-05-10,95.48,0,
843,2025-05-25,102.0,15,46
843,2025-06-12,95.98,0,
843,2025-08-18,89.62,0,
844,2022-02-15,283.27,0,
844,2022-09-18,209.42,26,15
844,2023-04-18,281.87,0,
844,2024-09-13,289.65,0,
844,2024-12-02,198.1,30,39
845,2023-04-17,120.4,0,
845,2023-05-18,114.35,0,
845,2024-04-07,106.94,0,
845,2025-02-08,106.26,0,
846,2021-10-03,441.03,0,
846,2022-01-30,419.0,0,
846,2023-02-09,424.67,0,
846,2023-04-15,428.47,0,
846,2023-06-24,418.98,0,
846,2024-10-12,391.08,0,
846,2025-01-07,387.6,15,43
846,2025-02-23,372.39,0,
847,2022-10-05,101.48,0,
847,2023-10-27,94.37,0,
847,2025-08-03,89.71,0,
848,2021-12-12,154.8,20,5
848,2022-03-07,184.15,0,
848,2022-03-11,172.52,0,
848,2023-01-25,176.87,0,
848,2023-03-26,174.16,0,
848,2024-06-10,171.03,0,
848,2024-06-27,159.6,0,
848,2025-03-14,158.9,0,
849,2022-10-29,304.67,0,
849,2022-11-26,208.95,30,16
849,2023-04-21,287.98,0,
849,2023-08-23,274.06,0,
849,2024-03-12,280.05,0,
849,2024-07-17,273.4,0,
849,2025-06-26,257.62,0,
850,2022-01-05,360.82,15,6
850,2022-02-09,392.96,0,
850,2022-12-28,400.74,0,
850,2023-09-07,360.82,15,25
850,2025-02-16,393.46,0,
850,2025-09-02,360.82,15,50
851,2023-07-25,549.53,0,
851,2023-08-21,516.26,0,
851,2023-10-06,524.64,0,
851,2024-07-18,530.06,0,
851,2025-02-24,384.12,34,44
852,2022-02-21,662.57,0,
852,2022-03-21,673.37,0,
852,2025-06-28,641.76,0,
853,2021-10-21,513.14,0,
853,2022-09-02,441.15,15,14
853,2023-01-15,500.28,0,
853,2023-01-20,485.19,0,
853,2023-01-31,474.24,0,
853,2023-05-31,447.51,0,
853,2025-01-07,441.15,15,43
853,2025-01-25,428.71,0,
854,2022-12-01,5598.75,25,17
854,2023-01-29,7361.94,0,
854,2023-07-30,7209.86,0,
854,2023-12-03,5225.5,30,27
854,2024-05-09,7087.89,0,
854,2024-12-16,6880.5,0,
854,2025-05-10,6735.52,0,
854,2025-06-17,6658.94,0,
855,2021-11-20,113.51,0,
855,2022-04-21,104.59,0,
855,2022-07-09,106.62,0,
855,2023-02-18,103.03,0,
855,2024-08-18,104.39,0,
855,2025-05-31,98.62,0,
856,2021-09-02,1967.33,15,2
856,2021-09-19,2254.8,0,
856,2024-03-14,2102.62,0,
856,2024-06-22,2044.27,0,
856,2024-10-27,2061.84,0,
856,2025-03-29,1985.15,0,
857,2021-12-20,901.89,0,
857,2023-01-30,876.5,0,
857,2023-05-24,753.52,15,22
857,2024-09-03,753.52,15,37
857,2025-03-31,847.3,0,
857,2025-09-13,800.48,0,
858,2022-10-23,331.6,0,
858,2024-03-07,326.27,0,
858,2025-05-20,328.22,0,
859,2023-12-22,1308.17,0,
859,2024-06-03,1295.24,0,
859,2024-10-18,1223.76,0,
859,2025-06-30,1193.82,0,
859,2025-07-13,980.75,27,48
859,2025-08-03,1178.69,0,
860,2023-02-03,145.33,0,
860,2023-07-18,148.44,0,
860,2024-10-27,144.73,0,
861,2023-01-10,214.03,0,
861,2023-04-28,200.28,0,
861,2023-12-31,189.39,0,
861,2024-03-24,193.05,10,31
861,2024-05-12,189.13,0,
861,2024-10-25,179.61,0,
861,2024-10-27,167.96,0,
862,2021-08-28,94.53,0,
862,2022-01-26,88.66,0,
862,2022-03-20,89.1,10,8
862,2023-01-05,84.15,15,19
862,2024-12-31,87.97,0,
862,2025-06-28,90.08,0,
863,2021-09-28,227.58,0,
863,2023-01-13,232.12,0,
863,2023-12-28,235.39,0,
863,2024-10-12,228.6,0,
863,2025-03-08,213.76,0,
863,2025-03-22,199.59,0,
863,2025-04-09,197.69,0,
864,2022-06-24,58.11,0,
864,2024-04-04,55.8,0,
864,2024-10-02,54.15,0,
864,2025-04-12,51.72,0,
864,2025-05-28,49.51,0,
865,2022-03-13,323.07,0,
865,2023-02-24,315.53,0,
865,2023-05-25,285.18,15,22
865,2023-12-03,234.85,30,27
865,2024-06-28,323.53,0,
866,2021-08-27,509.94,0,
866,2022-03-08,500.61,0,
866,2022-03-28,502.73,0,
866,2022-08-15,475.2,12,13
866,2023-02-17,472.96,0,
866,2024-03-14,439.43,0,
866,2024-06-24,429.6,0,
867,2022-01-01,295.43,0,
867,2022-04-25,206.72,32,10
867,2023-11-08,298.55,0,
867,2024-01-19,288.99,0,
867,2024-07-20,277.32,0,
867,2025-05-19,283.2,0,
868,2022-05-24,624.32,15,11
868,2023-03-11,754.32,0,
868,2023-07-31,768.19,0,
868,2024-01-14,723.79,0,
868,2024-01-14,736.32,0,
869,2022-08-08,293.97,0,
869,2023-02-28,293.64,0,
869,2024-01-30,278.91,0,
869,2025-06-01,279.97,0,
870,2021-09-19,338.81,0,
870,2022-01-16,332.42,0,
870,2023-03-22,320.27,0,
870,2023-09-21,327.53,0,
870,2025-02-09,304.09,0,
870,2025-06-17,298.49,0,
871,2021-10-15,182.32,0,
871,2022-05-27,164.47,15,11
871,2022-05-27,164.47,15,11
871,2024-05-07,185.65,0,
871,2025-06-08,183.03,0,
871,2025-08-28,178.48,0,
872,2021-11-25,39.9,30,3
872,2022-07-11,52.78,0,
872,2022-07-26,53.01,0,
872,2022-11-09,52.63,0,
872,2024-10-08,50.0,0,
872,2025-08-09,50.25,0,
873,2021-09-29,118.74,0,
873,2023-03-23,109.67,0,
873,2024-05-04,101.98,0,
873,2024-08-03,103.67,0,
873,2025-04-24,102.48,0,
874,2022-05-13,57.91,0,
874,2022-06-18,58.95,0,
874,2023-12-28,58.2,0,
875,2021-11-16,102.82,0,
875,2022-01-25,97.94,0,
875,2023-09-21,94.37,0,
875,2024-02-09,92.0,0,
875,2025-07-08,88.81,0,
876,2022-11-12,57.54,0,
876,2022-12-16,45.6,20,18
876,2023-01-05,48.45,15,19
876,2023-06-04,57.61,0,
876,2023-10-23,54.22,0,
876,2024-07-23,53.67,0,
876,2025-01-30,54.06,0,
877,2022-09-09,260.74,0,
877,2022-10-08,260.91,0,
877,2022-10-18,260.8,0,
877,2023-04-26,255.79,0,
877,2023-05-02,248.52,0,
877,2023-05-12,234.68,0,
877,2024-06-14,235.03,0,
878,2021-09-20,357.2,0,
878,2022-01-14,337.45,0,
878,2022-10-03,323.55,0,
878,2022-10-10,320.08,0,
878,2023-03-22,301.06,0,
878,2023-06-15,308.61,0,
878,2025-03-20,325.35,10,45
878,2025-07-05,289.2,20,47
879,2022-07-31,5657.16,0,
879,2022-09-27,5474.27,0,
879,2023-03-01,5207.09,0,
879,2023-10-04,4508.01,22,26
879,2024-06-13,5211.36,0,
879,2025-05-28,5011.13,0,
879,2025-08-27,4780.84,0,
880,2022-01-16,336.48,0,
880,2022-03-25,339.79,0,
880,2022-05-02,332.58,0,
880,2022-07-06,272.4,20,12
881,2022-06-20,825.71,0,
881,2022-10-07,808.08,0,
881,2022-10-10,749.65,0,
881,2022-12-11,684.0,20,18
881,2024-11-02,762.1,0,
881,2025-01-16,722.61,0,
881,2025-02-22,718.77,0,
882,2022-08-18,48.6,0,
882,2022-11-30,39.0,25,17
882,2023-03-05,49.9,0,
882,2023-06-27,49.64,0,
882,2023-10-27,51.06,0,
882,2024-08-27,47.08,0,
882,2025-04-20,46.95,0,
883,2022-07-06,96.0,20,12
883,2024-04-10,122.4,0,
883,2025-07-12,87.6,27,48
884,2022-08-18,488.7,0,
884,2022-10-14,501.38,0,
884,2022-11-13,488.4,0,
884,2024-04-11,452.85,0,
884,2024-09-30,437.22,0,
884,2025-01-27,436.73,0,
884,2025-09-07,432.27,0,
885,2022-06-12,289.62,0,
885,2023-06-11,274.1,0,
885,2023-12-18,254.04,0,
885,2024-03-05,244.88,0,
885,2024-06-10,245.29,0,
885,2024-07-17,247.83,0,
885,2024-12-30,239.08,0,
886,2022-03-08,156.01,0,
886,2023-05-24,142.38,15,22
886,2025-02-25,110.55,34,44
886,2025-03-26,151.77,0,
886,2025-09-20,139.66,0,
887,2021-10-15,400.0,0,
887,2022-02-18,386.2,0,
887,2022-09-28,356.51,0,
887,2023-07-21,357.69,0,
887,2025-02-27,354.46,0,
888,2022-12-31,443.7,0,
888,2023-07-18,427.64,0,
888,2024-09-01,396.52,15,37
889,2021-08-19,234.24,0,
889,2022-01-28,232.16,0,
889,2022-04-23,163.88,32,9
889,2022-05-05,227.97,0,
889,2024-07-28,216.76,0,
889,2024-11-14,205.31,0,
889,2025-03-13,198.75,0,
890,2021-10-02,111.18,0,
890,2022-01-28,110.16,0,
890,2022-11-04,111.19,0,
890,2024-03-15,103.5,10,31
891,2022-11-04,334.4,0,
891,2024-10-24,308.26,0,
891,2025-06-23,292.71,0,
892,2022-03-08,930.74,0,
892,2022-04-16,956.33,0,
892,2022-06-15,925.96,0,
892,2023-10-20,894.55,0,
892,2023-11-03,885.12,0,
892,2025-01-25,879.07,0,
892,2025-10-10,833.88,0,
893,2021-08-26,814.66,0,
893,2022-11-06,788.39,0,
893,2024-09-01,677.88,15,37
893,2025-04-03,805.21,0,
894,2022-12-06,186.91,0,
894,2023-02-17,175.25,0,
894,2023-06-21,174.15,0,
894,2024-05-09,169.51,0,
894,2025-05-08,161.96,0,
894,2025-06-07,156.75,0,
894,2025-07-15,141.25,27,48
895,2022-05-22,184.4,0,
895,2022-08-09,174.44,0,
895,2022-12-25,166.77,0,
895,2024-01-13,158.63,0,
895,2024-08-01,147.74,0,
896,2022-08-18,137.71,0,
896,2022-09-18,108.41,26,15
896,2023-03-18,131.85,10,20
896,2025-01-09,124.52,15,43
896,2025-02-05,132.46,0,
896,2025-05-02,131.46,0,
897,2021-10-20,228.53,0,
897,2022-02-01,221.99,0,
897,2022-03-02,207.18,0,
897,2023-02-07,207.01,0,
897,2023-10-14,200.83,0,
897,2024-02-23,201.55,0,
897,2024-03-25,186.62,0,
897,2025-05-26,200.17,15,46
898,2022-04-24,245.82,32,9
898,2022-11-02,358.52,0,
898,2022-11-14,367.36,0,
898,2024-09-23,358.65,0,
899,2021-09-01,351.94,21,1
899,2022-08-18,449.66,0,
899,2022-11-18,421.39,0,
899,2023-03-21,400.95,10,20
899,2025-03-24,427.19,0,
900,2022-08-22,187.71,0,
900,2022-09-11,174.18,0,
900,2024-06-11,163.37,0,
901,2021-09-29,239.67,0,
901,2021-11-03,246.81,0,
901,2023-06-23,231.37,0,
901,2024-03-05,214.97,0,
901,2025-09-21,209.72,0,
901,2025-10-03,194.43,0,
901,2025-10-13,189.25,0,
902,2022-01-21,527.54,0,
902,2023-05-30,542.75,0,
902,2023-09-09,450.07,15,25
902,2023-12-29,519.23,0,
903,2022-11-06,52.92,0,
903,2023-03-21,51.3,10,20
903,2025-05-12,51.82,0,
903,2025-07-14,41.61,27,48
904,2021-12-11,465.6,20,5
904,2022-02-27,598.53,0,
904,2023-10-27,614.36,0,
904,2023-11-27,407.4,30,27
904,2024-03-13,571.01,0,
904,2024-03-19,523.8,10,31
904,2024-05-27,494.7,15,33
904,2025-06-07,570.14,0,
905,2024-02-01,106.71,0,
905,2024-08-19,108.68,0,
905,2024-12-14,92.0,20,42
906,2021-09-15,311.31,0,
906,2022-07-06,268.4,20,12
906,2023-08-07,310.33,0,
906,2023-12-26,304.26,0,
906,2024-01-27,287.85,0,
906,2024-04-29,265.8,0,
906,2025-01-13,253.48,0,
906,2025-06-29,238.81,0,
907,2021-09-03,949.88,15,2
907,2021-09-13,1087.34,0,
907,2021-10-14,1012.12,0,
907,2023-03-27,991.18,0,
907,2023-09-14,914.03,0,
908,2021-10-07,1015.56,0,
908,2023-07-30,979.85,0,
908,2023-09-23,1001.18,0,
908,2024-09-21,1019.87,0,
908,2025-02-03,943.82,0,
908,2025-03-23,968.05,0,
908,2025-03-28,961.9,0,
909,2021-12-27,171.35,0,
909,2022-11-03,175.64,0,
909,2024-02-05,166.34,0,
909,2024-06-19,158.21,0,
909,2025-02-15,161.51,0,
910,2022-10-13,439.31,0,
910,2022-12-18,356.4,20,18
910,2023-11-26,311.85,30,27
910,2024-07-01,356.4,20,34
911,2023-07-05,260.0,20,23
911,2024-07-01,260.0,20,34
911,2025-09-22,300.0,0,
912,2021-08-19,1086.6,0,
912,2021-10-06,1029.49,0,
912,2022-04-03,993.79,0,
912,2022-08-02,943.99,0,
912,2023-03-13,936.38,0,
912,2024-10-09,952.99,0,
913,2022-01-03,610.73,15,6
913,2023-02-22,669.54,0,
913,2025-01-10,610.73,15,43
914,2022-10-05,111.06,0,
914,2023-05-11,103.76,0,
914,2023-06-07,104.96,0,
914,2024-05-18,98.91,0,
915,2021-08-25,653.65,0,
915,2022-05-11,662.42,0,
915,2023-04-07,658.58,0,
915,2024-07-22,658.97,0,
915,2025-05-21,653.0,0,
916,2021-08-21,166.13,0,
916,2022-10-30,157.7,0,
916,2023-04-04,155.63,0,
916,2024-01-03,151.3,15,30
916,2024-07-21,145.8,0,
916,2025-06-21,148.65,0,
916,2025-07-19,147.58,0,
917,2021-11-17,155.56,0,
917,2022-08-19,146.02,0,
917,2023-01-14,134.76,0,
917,2024-04-14,119.88,26,32
917,2025-09-04,137.7,15,50
918,2022-12-16,243.2,20,18
918,2023-08-18,280.7,0,
918,2025-07-13,221.92,27,48
919,2021-10-29,624.8,0,
919,2022-03-13,602.81,0,
919,2022-09-26,571.38,0,
919,2023-02-04,540.28,0,
919,2023-11-05,516.82,0,
919,2024-03-10,511.78,0,
920,2022-04-17,396.6,0,
920,2024-02-08,383.93,0,
920,2025-07-19,384.17,0,
920,2025-08-10,350.68,12,49
921,2021-09-23,162.53,0,
921,2021-10-03,154.82,0,
921,2022-01-05,146.62,15,6
921,2022-12-12,138.0,20,18
921,2023-06-24,145.02,0,
921,2023-12-22,133.89,0,
921,2024-03-17,155.25,10,31
921,2024-11-17,128.92,0,
922,2023-06-14,275.42,0,
922,2024-05-27,253.72,15,33
922,2025-08-05,273.9,0,
923,2022-02-21,170.57,0,
923,2022-03-09,174.53,0,
923,2023-08-24,172.15,0,
923,2025-09-06,172.8,0,
924,2022-02-25,55.3,0,
924,2023-02-08,54.21,0,
924,2025-02-02,53.5,0,
924,2025-05-02,52.21,0,
924,2025-05-05,50.67,0,
925,2022-06-21,100.82,0,
925,2022-10-17,98.89,0,
925,2022-10-19,92.39,0,
925,2023-04-16,88.98,0,
925,2025-01-12,91.17,0,
925,2025-08-26,87.01,0,
926,2021-11-13,155.62,0,
926,2022-08-29,146.61,0,
926,2022-11-25,117.25,30,16
926,2024-08-23,135.23,0,
926,2024-11-15,136.52,0,
927,2021-09-13,289.38,0,
927,2022-01-13,296.38,0,
927,2022-03-15,259.2,10,8
927,2022-04-12,277.84,0,
927,2022-08-16,253.44,12,13
927,2023-04-09,259.6,0,
927,2023-06-28,243.42,0,
927,2025-02-21,225.42,0,
928,2022-02-05,95.27,13,7
928,2022-02-10,108.66,0,
928,2023-09-29,103.95,0,
929,2022-09-26,794.48,0,
929,2022-10-22,781.1,0,
929,2024-08-04,551.74,33,35
930,2021-10-09,189.69,0,
930,2021-12-14,154.8,20,5
930,2023-07-28,194.47,0,
930,2024-01-26,197.99,0,
930,2024-12-12,154.8,20,42
931,2022-02-28,401.8,0,
931,2023-01-07,369.75,15,19
931,2024-01-12,403.82,0,
931,2024-05-28,369.75,15,33
931,2024-07-14,383.64,0,
931,2024-12-28,367.1,0,
931,2025-02-16,371.42,0,
931,2025-03-13,379.91,0,
932,2022-01-13,826.49,0,
932,2022-04-13,834.02,0,
932,2022-07-02,671.6,20,12
932,2024-02-09,773.42,0,
932,2024-09-20,741.83,0,
932,2024-11-29,587.65,30,39
933,2022-01-05,374.43,15,6
933,2022-04-02,419.23,0,
933,2023-05-02,394.09,0,
934,2022-08-04,201.71,0,
934,2022-10-08,195.81,0,
934,2025-04-22,180.89,0,
934,2025-04-26,185.43,0,
935,2021-10-02,114.99,0,
935,2021-10-26,113.8,0,
935,2022-03-24,107.41,0,
935,2023-05-10,109.6,0,
935,2023-09-09,97.75,15,25
936,2021-11-05,49.15,0,
936,2022-05-07,45.47,0,
936,2022-05-08,42.32,0,
936,2022-07-05,41.6,20,12
936,2023-06-17,39.43,0,
936,2023-09-05,44.2,15,25
936,2024-09-04,44.2,15,37
937,2022-01-17,183.23,0,
937,2022-03-25,177.74,0,
937,2022-07-02,142.4,20,12
937,2022-11-03,174.55,0,
937,2023-03-08,166.66,0,
937,2024-05-19,155.12,0,
937,2024-06-17,158.52,0,
937,2025-06-03,147.22,0,
938,2021-11-23,291.79,0,
938,2022-01-03,253.72,15,6
938,2022-06-30,276.82,0,
938,2023-07-26,283.82,0,
938,2024-05-16,280.78,0,
938,2025-01-20,271.92,0,
938,2025-08-31,252.52,0,
939,2021-09-10,479.88,0,
939,2022-05-26,414.38,15,11
939,2022-08-27,471.53,0,
939,2025-10-15,370.5,24,52
940,2021-08-29,115.73,21,1
940,2021-10-16,145.13,0,
940,2024-01-23,147.31,0,
940,2025-06-17,140.26,0,
940,2025-08-02,134.23,0,
940,2025-09-16,134.68,0,
941,2022-02-08,152.19,0,
941,2024-06-22,140.54,0,
941,2024-07-01,129.6,20,34
941,2024-07-05,129.6,20,34
941,2025-02-03,142.28,0,
941,2025-02-19,133.9,0,
941,2025-07-05,129.6,20,47
941,2025-09-20,125.72,0,
942,2022-02-01,284.63,0,
942,2022-06-18,286.72,0,
942,2024-07-09,279.23,0,
943,2022-03-19,211.95,10,8
943,2023-08-24,216.83,0,
943,2023-10-28,203.03,0,
943,2024-03-11,195.94,0,
944,2021-12-19,309.16,0,
944,2022-06-20,314.57,0,
944,2023-03-05,296.25,0,
944,2024-04-12,279.57,0,
944,2024-09-08,280.46,0,
944,2025-02-24,200.64,34,44
944,2025-04-08,269.76,0,
944,2025-08-12,267.52,12,49
945,2021-09-05,97.75,15,2
945,2023-01-04,97.75,15,19
945,2025-01-08,97.75,15,43
946,2022-07-02,87.6,20,12
946,2023-03-31,100.95,0,
946,2023-06-02,93.14,0,
946,2024-03-12,90.71,0,
946,2024-10-12,84.97,0,
946,2025-02-27,82.65,0,
946,2025-03-05,76.96,0,
947,2021-08-19,190.77,0,
947,2022-12-31,195.75,0,
947,2023-10-16,194.8,0,
948,2023-03-01,247.6,0,
948,2024-05-06,252.85,0,
948,2024-07-28,258.01,0,
948,2024-08-25,247.47,0,
948,2024-11-07,232.79,0,
949,2022-01-08,158.51,0,
949,2022-01-13,149.76,0,
949,2023-02-13,138.91,0,
949,2023-11-30,113.4,30,27
949,2024-04-10,142.06,0,
949,2025-01-04,137.7,15,43
949,2025-10-09,139.48,0,
950,2021-10-10,360.61,0,
950,2022-05-06,335.99,0,
950,2022-08-09,328.96,0,
950,2024-04-30,327.39,0,
950,2025-04-29,316.35,0,
950,2025-10-04,310.96,0,
951,2022-01-28,653.78,0,
951,2022-09-06,552.92,15,14
951,2022-09-10,606.82,0,
951,2023-02-15,624.79,0,
951,2023-03-19,585.45,10,20
951,2023-11-14,575.51,0,
951,2024-09-10,540.19,0,
951,2025-06-18,512.38,0,
952,2022-02-25,219.19,0,
952,2022-06-05,203.97,0,
952,2022-08-14,198.0,12,13
952,2023-10-30,205.22,0,
952,2024-08-09,189.8,0,
952,2024-08-14,198.0,12,36
952,2025-01-18,194.94,0,
952,2025-02-09,195.84,0,
953,2021-08-24,94.12,0,
953,2022-02-21,90.48,0,
953,2022-12-26,84.44,0,
953,2023-06-05,78.21,0,
953,2023-11-06,73.25,0,
953,2024-04-17,69.37,0,
953,2024-10-22,70.35,0,
953,2025-02-06,69.72,0,
954,2021-10-03,145.73,0,
954,2021-10-05,146.83,0,
954,2022-03-31,149.97,0,
954,2025-01-11,154.04,0,
954,2025-06-08,142.67,0,
954,2025-07-13,110.59,27,48
954,2025-09-21,133.35,0,
955,2021-09-16,144.37,0,
955,2021-11-05,145.66,0,
955,2022-01-25,139.42,0,
955,2022-09-15,140.76,0,
955,2023-07-23,144.88,0,
955,2023-11-04,145.98,0,
955,2025-05-20,144.3,0,
956,2024-02-01,108.78,0,
956,2024-12-29,109.0,0,
956,2025-08-19,102.52,0,
956,2025-10-13,96.11,0,
957,2021-11-17,161.33,0,
957,2022-12-15,129.6,20,18
957,2023-09-05,137.7,15,25
958,2022-05-28,84.15,15,11
958,2025-04-20,97.46,0,
958,2025-09-09,94.87,0,
959,2021-10-31,1394.22,0,
959,2021-11-10,1367.09,0,
959,2022-05-04,1304.89,0,
959,2025-03-21,1256.4,10,45
960,2021-09-05,128.78,15,2
960,2022-03-23,148.0,0,
960,2023-10-10,137.39,0,
960,2023-12-09,127.52,0,
960,2023-12-27,124.02,0,
961,2022-05-04,273.89,0,
961,2022-05-31,249.47,15,11
961,2023-02-18,280.48,0,
961,2023-03-06,280.28,0,
961,2024-01-11,263.88,0,
961,2025-04-12,254.49,0,
961,2025-10-10,259.41,0,
962,2023-06-04,448.78,0,
962,2023-07-24,421.85,0,
962,2023-11-29,333.9,30,27
962,2023-12-15,381.6,20,29
962,2024-05-13,433.63,0,
962,2025-03-21,429.3,10,45
962,2025-07-13,348.21,27,48
963,2021-11-12,4930.6,0,
963,2022-04-22,3530.22,32,9
963,2022-09-10,4890.06,0,
963,2023-06-12,4955.89,0,
963,2023-08-11,4568.52,12,24
963,2023-09-20,4899.23,0,
963,2025-07-02,4153.2,20,47
964,2022-02-23,113.13,0,
964,2023-02-05,115.34,0,
964,2024-01-29,108.5,0,
964,2025-05-27,97.75,15,46
965,2021-08-26,644.77,0,
965,2021-10-15,605.36,0,
965,2022-10-06,591.03,0,
965,2024-10-20,564.1,0,
965,2024-12-07,527.5,0,
965,2025-03-04,510.62,0,
965,2025-07-07,523.13,0,
965,2025-08-02,523.94,0,
966,2023-08-08,409.96,0,
966,2023-10-05,409.28,0,
966,2023-12-14,318.8,20,29
966,2024-06-29,391.62,0,
966,2025-04-22,389.5,0,
967,2021-11-05,110.7,0,
967,2022-05-09,108.36,0,
967,2022-08-02,102.21,0,
967,2024-07-23,95.92,0,
967,2024-12-21,90.51,0,
967,2025-04-27,90.5,0,
968,2022-06-21,467.97,0,
968,2023-04-07,476.16,0,
968,2023-11-28,326.55,30,27
968,2024-12-27,445.08,0,
968,2025-05-26,396.52,15,46
969,2022-05-21,278.61,0,
969,2022-08-27,261.56,0,
969,2023-01-31,248.03,0,
969,2023-08-10,253.44,12,24
970,2022-09-01,575.02,15,14
970,2023-09-03,575.02,15,25
970,2024-01-04,575.02,15,30
970,2024-03-28,690.12,0,
970,2025-02-28,688.82,0,
971,2022-02-18,453.77,0,
971,2022-11-03,447.3,0,
971,2024-03-07,428.23,0,
971,2024-10-29,440.59,0,
971,2025-05-19,436.4,0,
972,2022-12-08,155.92,0,
972,2023-01-29,159.08,0,
972,2023-03-12,149.16,0,
972,2024-03-08,144.82,0,
972,2025-03-29,145.17,0,
973,2021-11-07,142.34,0,
973,2022-05-11,143.53,0,
973,2023-09-14,146.72,0,
973,2024-01-15,149.12,0,
973,2025-05-20,140.96,0,
974,2021-10-01,216.5,0,
974,2022-09-09,209.95,0,
974,2022-12-24,215.57,0,
974,2023-07-21,202.63,0,
974,2023-09-23,192.48,0,
974,2023-11-25,150.15,30,27
974,2024-05-30,182.32,15,33
974,2025-06-25,182.54,0,
975,2021-09-22,172.56,0,
975,2024-06-30,166.44,0,
975,2025-10-05,154.66,0,
976,2021-11-06,256.62,0,
976,2022-02-19,252.5,0,
976,2022-09-11,247.28,0,
976,2022-12-05,204.38,25,17
976,2024-09-11,233.87,0,
977,2021-10-19,688.47,0,
977,2021-12-26,659.46,0,
977,2024-05-31,579.7,15,33
977,2024-06-24,665.9,0,
977,2025-04-16,659.66,0,
978,2023-01-26,290.99,0,
978,2023-08-26,294.48,0,
978,2024-02-08,300.43,0,
978,2024-12-01,198.1,30,39
978,2024-12-30,305.51,0,
978,2025-05-27,240.55,15,46
978,2025-08-10,249.04,12,49
979,2022-03-02,457.12,0,
979,2024-03-02,458.94,0,
979,2024-11-17,442.16,0,
980,2021-10-07,63.9,0,
980,2022-02-10,65.21,0,
980,2022-04-22,42.5,32,9
980,2024-11-29,43.75,30,39
980,2025-04-30,64.82,0,
980,2025-08-18,63.46,0,
981,2022-12-12,92.0,20,18
981,2023-06-19,107.77,0,
981,2023-08-01,100.31,0,
981,2023-08-16,93.92,0,
981,2024-01-07,97.75,15,30
981,2024-10-03,93.33,0,
981,2025-08-17,101.2,12,49
982,2022-12-05,546.75,25,17
982,2022-12-16,583.2,20,18
982,2024-12-30,749.31,0,
982,2025-02-08,737.94,0,
982,2025-07-24,736.62,0,
983,2022-09-08,84.15,15,14
983,2024-03-23,89.1,10,31
983,2024-04-05,95.45,0,
983,2024-04-14,73.26,26,32
983,2025-01-10,84.15,15,43
983,2025-01-10,84.15,15,43
984,2021-10-24,583.26,0,
984,2023-01-03,512.55,15,19
984,2024-05-05,538.86,0,
984,2024-05-22,500.19,0,
984,2024-06-12,483.06,0,
985,2022-01-18,273.45,0,
985,2022-07-10,274.31,0,
985,2022-12-24,258.53,0,
986,2021-09-03,901.0,15,2
986,2024-01-03,901.0,15,30
986,2024-01-08,901.0,15,30
986,2024-12-31,987.85,0,
987,2021-10-16,2045.22,0,
987,2022-02-22,1979.13,0,
987,2022-03-29,1952.9,0,
987,2023-04-11,1942.57,0,
987,2023-05-29,1787.78,0,
987,2024-08-21,1688.49,0,
987,2025-01-04,1753.12,15,43
987,2025-09-04,1753.12,15,50
988,2022-10-20,110.39,0,
988,2024-06-11,101.77,0,
988,2024-07-08,92.0,20,34
988,2024-07-23,96.46,0,
988,2024-08-10,101.2,12,36
988,2025-03-14,97.27,0,
988,2025-06-01,96.67,0,
989,2021-09-21,157.2,0,
989,2021-11-22,145.19,0,
989,2022-05-10,143.67,0,
989,2022-07-17,142.93,0,
989,2022-10-11,146.23,0,
989,2024-04-07,145.47,0,
989,2024-04-25,135.54,0,
989,2024-09-05,142.38,15,37
990,2022-01-06,84.15,15,6
990,2022-05-25,84.15,15,11
990,2022-07-07,79.2,20,12
990,2023-02-24,92.13,0,
990,2023-03-30,94.57,0,
990,2024-04-07,93.33,0,
990,2024-05-19,94.15,0,
991,2023-08-10,101.2,12,24
991,2024-02-16,110.99,0,
991,2024-05-18,109.28,0,
991,2024-09-03,97.75,15,37
991,2024-09-30,102.53,0,
991,2025-06-13,104.72,0,
991,2025-07-16,100.83,0,
992,2021-12-02,180.75,25,4
992,2023-01-02,204.85,15,19
992,2023-05-02,225.85,0,
992,2023-07-23,230.03,0,
992,2023-12-15,192.8,20,29
992,2025-07-17,229.85,0,
992,2025-10-05,215.51,0,
993,2021-10-12,364.52,0,
993,2022-09-10,372.2,0,
993,2025-08-22,369.96,0,
993,2025-09-15,362.54,0,
994,2021-08-27,173.2,0,
994,2022-02-22,175.55,0,
994,2022-09-27,171.13,0,
994,2023-08-16,171.77,0,
994,2024-05-05,169.62,0,
994,2025-03-13,162.21,0,
995,2023-07-23,478.27,0,
995,2023-07-26,474.52,0,
995,2023-10-26,467.43,0,
995,2023-12-22,478.28,0,
995,2024-07-16,449.27,0,
995,2024-09-26,450.49,0,
996,2023-02-02,92.9,0,
996,2023-04-08,89.27,0,
996,2025-09-04,84.15,15,50
997,2021-09-16,5853.98,0,
997,2022-04-12,5830.94,0,
997,2022-10-16,5847.49,0,
997,2022-12-20,5867.52,0,
997,2023-10-15,5672.62,0,
997,2023-11-29,4045.65,30,27
997,2024-07-17,5583.57,0,
998,2022-12-20,112.99,0,
998,2024-01-30,105.48,0,
998,2024-11-21,108.11,0,
998,2025-09-05,102.0,15,50
999,2021-12-29,826.5,0,
999,2022-07-11,837.36,0,
999,2022-09-14,837.45,0,
999,2023-09-01,740.35,15,25
999,2024-04-20,843.49,0,
999,2025-03-27,864.99,0,
999,2025-09-21,853.43,0,
1000,2021-10-09,229.64,0,
1000,2021-10-12,236.45,0,
1000,2022-03-14,221.18,0,
1000,2022-04-02,206.59,0,
1000,2024-03-03,198.86,0,
1000,2025-05-06,183.06,0,
1001,2024-05-09,266.98,0,
1001,2024-09-15,255.6,0,
1001,2025-04-19,246.81,0,
1001,2025-09-24,235.47,0,
1002,2021-10-04,846.82,0,
1002,2022-07-27,801.31,0,
1002,2022-09-03,726.75,15,14
1002,2022-12-25,775.12,0,
1002,2023-08-04,742.89,0,
1002,2024-05-07,756.68,0,
1002,2025-03-19,769.5,10,45
1002,2025-05-28,768.86,0,
1003,2022-01-31,285.55,0,
1003,2022-07-05,243.2,20,12
1003,2023-08-29,281.86,0,
1003,2024-04-19,269.75,0,
1003,2024-08-17,276.9,0,
1003,2024-08-28,275.78,0,
1003,2024-12-24,259.37,0,
1004,2023-06-23,475.95,0,
1004,2023-10-10,459.58,0,
1004,2024-04-17,472.42,0,
1004,2025-06-22,464.05,0,
1004,2025-08-15,429.0,12,49
1005,2022-08-17,387.64,12,13
1005,2023-11-11,422.17,0,
1005,2024-03-31,407.73,0,
1005,2024-12-11,352.4,20,42
1006,2022-04-17,136.23,0,
1006,2022-11-12,131.32,0,
1006,2022-11-28,102.55,30,16
1006,2023-03-18,131.85,10,20
1006,2023-09-01,124.52,15,25
1006,2024-06-21,130.58,0,
1006,2025-01-14,126.64,0,
1007,2021-08-27,256.1,0,
1007,2021-09-23,243.3,0,
1007,2023-06-05,239.83,0,
1007,2023-12-31,223.9,0,
1007,2024-08-13,234.96,12,36
1007,2024-10-29,209.54,0,
1007,2024-12-21,197.83,0,
1007,2025-03-12,185.42,0,
1008,2022-12-16,96.0,20,18
1008,2023-09-18,112.09,0,
1008,2024-12-09,111.56,0,
1008,2025-04-26,104.68,0,
1008,2025-08-28,96.43,0,
1009,2022-09-29,49.06,0,
1009,2024-05-13,45.25,0,
1009,2024-07-09,44.27,0,
1009,2024-11-24,36.4,30,39
1010,2022-03-18,193.05,10,8
1010,2022-06-16,212.6,0,
1010,2022-08-04,213.79,0,
1010,2023-03-23,197.09,0,
1010,2023-06-04,192.73,0,
1010,2025-02-24,141.57,34,44
1010,2025-05-08,188.54,0,
1011,2022-05-16,527.71,0,
1011,2022-11-21,495.32,0,
1011,2022-12-20,488.18,0,
1011,2023-04-17,474.05,0,
1011,2024-08-05,361.8,33,35
1011,2024-09-27,455.38,0,
1011,2025-03-06,429.78,0,
1011,2025-08-27,439.84,0,
1012,2021-11-07,266.91,0,
1012,2023-02-02,258.74,0,
1012,2023-05-02,254.45,0,
1012,2024-08-11,249.04,12,36
1012,2025-01-12,247.41,0,
1012,2025-05-07,236.45,0,
1013,2022-03-07,107.98,0,
1013,2022-07-30,103.67,0,
1013,2023-12-02,76.65,30,27
1013,2024-09-09,105.56,0,
1013,2025-10-11,99.68,0,
1014,2022-02-26,114.54,0,
1014,2023-07-13,115.04,0,
1014,2024-06-30,115.74,0,
1015,2023-03-17,306.45,10,20
1015,2023-05-01,316.83,0,
1015,2024-07-13,326.32,0,
1015,2024-07-21,309.46,0,
1016,2021-11-16,410.55,0,
1016,2022-06-25,416.67,0,
1016,2022-07-11,396.28,0,
1016,2024-04-01,384.02,0,
1016,2024-10-01,366.6,0,
1016,2024-11-24,289.8,30,39
1016,2025-07-29,361.37,0,
1016,2025-08-22,342.97,0,
1017,2023-11-24,172.2,30,27
1017,2024-07-19,247.26,0,
1017,2024-08-01,248.27,0,
1018,2022-02-20,100.85,0,
1018,2022-06-24,103.3,0,
1018,2022-07-17,104.27,0,
1018,2022-09-15,99.17,0,
1018,2023-04-04,100.46,0,
1018,2024-07-01,79.2,20,34
1018,2024-11-12,93.37,0,
1019,2021-09-23,204.28,0,
1019,2021-12-07,192.39,0,
1019,2023-01-25,181.4,0,
1019,2023-03-03,171.0,0,
1019,2023-11-22,158.03,0,
1019,2024-06-06,153.94,0,
1019,2024-06-17,157.3,0,
1020,2022-06-10,258.96,0,
1020,2022-07-23,257.53,0,
1020,2022-10-22,258.25,0,
1020,2023-11-01,259.62,0,
1020,2024-01-28,262.29,0,
1020,2024-06-22,266.65,0,
1020,2024-08-19,265.91,0,
1020,2024-10-25,255.76,0,
1021,2022-01-19,255.73,0,
1021,2022-02-04,261.66,0,
1021,2022-04-24,181.56,32,9
1021,2022-05-22,267.47,0,
1021,2023-02-01,265.11,0,
1022,2021-11-06,174.18,0,
1022,2022-01-12,178.72,0,
1022,2023-06-11,170.19,0,
1023,2022-01-08,113.1,0,
1023,2022-03-09,113.57,0,
1023,2022-10-01,116.36,0,
1023,2023-08-19,118.99,0,
1023,2023-12-13,92.0,20,29
1023,2024-06-18,112.14,0,
1023,2024-09-25,103.96,0,
1023,2025-04-19,98.61,0,
1024,2021-10-20,329.19,0,
1024,2023-01-07,289.43,15,19
1024,2023-11-14,333.95,0,
1024,2024-01-26,310.27,0,
1024,2024-08-14,299.64,12,36
1024,2024-11-06,314.88,0,
1024,2025-03-28,315.84,0,
1025,2023-04-14,311.05,0,
1025,2024-08-31,307.83,0,
1025,2024-11-05,292.68,0,
1025,2025-05-31,283.78,0,
1026,2022-11-07,118.2,0,
1026,2022-11-22,112.63,0,
1026,2023-03-12,107.73,0,
1026,2023-06-20,99.42,0,
1026,2023-07-30,97.55,0,
1026,2024-02-12,93.87,0,
1026,2024-11-10,96.4,0,
1026,2025-07-05,92.0,20,47
1027,2021-11-23,174.2,0,
1027,2022-06-24,173.17,0,
1027,2023-11-18,167.92,0,
1027,2025-02-20,157.31,0,
1027,2025-10-08,152.09,0,
1028,2022-04-26,195.84,32,10
1028,2023-11-29,201.6,30,27
1028,2024-06-17,292.54,0,
1028,2024-08-10,253.44,12,36
1028,2024-09-07,279.82,0,
1028,2024-11-14,266.89,0,
1028,2025-04-09,263.64,0,
1029,2022-08-22,54.42,0,
1029,2022-08-26,50.79,0,
1029,2023-09-11,48.62,0,
1029,2023-10-05,49.48,0,
1029,2024-11-09,47.54,0,
1030,2022-03-10,191.35,0,
1030,2022-05-12,176.18,0,
1030,2024-01-27,177.47,0,
1030,2025-03-23,168.77,0,
1030,2025-07-07,160.83,0,
1031,2022-12-19,54.68,0,
1031,2023-11-05,52.86,0,
1031,2023-11-29,39.9,30,27
1031,2024-05-01,54.24,0,
1031,2025-01-03,48.45,15,43
1031,2025-01-10,48.45,15,43
1032,2021-09-04,869.55,15,2
1032,2022-11-23,1034.15,0,
1032,2023-09-01,869.55,15,25
1032,2023-09-03,869.55,15,25
1032,2024-01-07,869.55,15,30
1032,2024-06-20,1037.61,0,
1032,2024-09-01,869.55,15,37
1033,2022-06-12,2738.57,0,
1033,2022-09-05,2324.32,15,14
1033,2023-10-28,2715.84,0,
1033,2023-11-10,2532.52,0,
1033,2023-11-20,2397.11,0,
1033,2025-01-24,2451.98,0,
1033,2025-06-21,2382.66,0,
1034,2022-07-03,87.6,20,12
1034,2022-08-11,96.36,12,13
1034,2023-04-09,108.26,0,
1034,2024-02-18,99.74,0,
1034,2024-05-04,102.59,0,
1034,2025-07-12,79.94,27,48
1035,2022-09-27,589.26,0,
1035,2024-06-30,586.78,0,
1035,2025-01-14,571.0,0,
1035,2025-04-22,536.39,0,
1035,2025-06-20,529.79,0,
1035,2025-10-03,527.05,0,
1036,2021-12-24,465.87,0,
1036,2022-03-20,453.15,10,8
1036,2022-04-04,468.73,0,
1036,2023-06-27,448.13,0,
1036,2023-08-13,443.08,12,24
1036,2024-02-22,459.58,0,
1036,2024-05-26,427.97,15,33
1036,2025-05-13,444.27,0,
1037,2022-04-26,659.94,32,10
1037,2023-09-03,824.92,15,25
1037,2023-12-23,956.07,0,
1037,2024-12-27,912.2,0,
1037,2025-10-04,863.12,0,
1038,2022-11-09,235.04,0,
1038,2023-02-13,240.0,0,
1038,2023-03-16,221.4,10,20
1038,2023-07-04,196.8,20,23
1038,2024-09-26,241.86,0,
1039,2022-01-27,112.64,0,
1039,2022-05-08,111.86,0,
1039,2022-05-18,104.76,0,
1039,2022-07-30,102.67,0,
1039,2023-05-25,93.08,15,22
1039,2025-07-10,103.08,0,
1040,2023-04-18,487.72,0,
1040,2023-08-19,479.08,0,
1040,2024-05-17,480.63,0,
1040,2025-02-18,490.45,0,
1040,2025-08-03,486.13,0,
1041,2021-09-14,221.44,0,
1041,2021-12-19,224.62,0,
1041,2022-11-26,157.5,30,16
1041,2025-06-26,210.9,0,
1042,2022-04-14,245.22,0,
1042,2022-06-16,248.43,0,
1042,2022-08-30,241.12,0,
1042,2022-11-13,233.3,0,
1042,2023-03-28,231.21,0,
1042,2023-07-15,218.58,0,
1042,2024-09-07,208.66,0,
1042,2024-11-26,168.7,30,39
1043,2024-01-11,584.43,0,
1043,2024-10-02,567.88,0,
1043,2025-06-12,572.86,0,
1044,2022-02-01,559.23,0,
1044,2022-03-04,547.57,0,
1044,2022-04-19,521.27,0,
1044,2022-05-31,503.62,15,11
1044,2022-09-28,499.27,0,
1044,2024-01-19,471.42,0,
1044,2025-05-05,451.65,0,
1045,2022-11-15,2423.75,0,
1045,2022-12-22,2426.32,0,
1045,2023-07-02,2082.8,20,23
1045,2024-07-16,2409.17,0,
1045,2024-10-21,2320.67,0,
1045,2025-04-09,2255.84,0,
1045,2025-07-26,2246.27,0,
1045,2025-08-30,2068.73,0,
1046,2022-05-17,144.38,0,
1046,2022-10-03,136.24,0,
1046,2023-10-13,135.93,0,
1046,2024-01-20,136.82,0,
1046,2024-05-06,140.57,0,
1046,2024-05-28,124.52,15,33
1046,2025-04-20,134.02,0,
1047,2021-10-11,245.36,0,
1047,2021-11-30,180.75,25,4
1047,2023-03-08,229.02,0,
1047,2023-05-08,230.71,0,
1047,2024-10-25,230.28,0,
1047,2025-02-01,219.73,0,
1047,2025-05-04,214.64,0,
1047,2025-10-09,203.03,0,
1048,2021-12-27,166.82,0,
1048,2024-02-15,156.58,0,
1048,2025-05-20,148.22,0,
1048,2025-06-14,136.81,0,
1049,2022-12-25,107.01,0,
1049,2023-04-26,107.87,0,
1049,2023-06-16,100.62,0,
1049,2023-12-16,96.27,0,
1049,2024-05-28,93.08,15,33
1049,2025-09-19,89.22,0,
1050,2021-10-27,747.8,0,
1050,2023-10-18,688.26,0,
1050,2025-01-24,702.82,0,
1051,2021-10-05,163.67,0,
1051,2023-03-04,154.05,0,
1051,2023-09-26,158.11,0,
1052,2022-05-05,165.51,0,
1052,2022-06-13,168.56,0,
1052,2022-08-02,173.32,0,
1052,2022-09-22,160.87,0,
1052,2023-02-24,150.91,0,
1052,2024-06-01,143.45,0,
1052,2024-06-05,132.41,0,
1052,2025-04-09,122.73,0,
1053,2024-01-08,48.45,15,30
1053,2024-05-26,48.45,15,33
1053,2025-09-05,48.45,15,50
1054,2022-03-19,949.05,10,8
1054,2022-07-03,843.6,20,12
1054,2022-11-13,1035.08,0,
1054,2022-11-16,1030.69,0,
1054,2024-10-14,896.32,15,38
1054,2024-12-21,1028.77,0,
1054,2025-01-13,1008.41,0,
1054,2025-01-26,981.45,0,
1055,2021-09-21,516.87,0,
1055,2022-04-14,491.49,0,
1055,2022-09-23,497.28,0,
1055,2023-04-30,475.18,0,
1055,2024-07-11,445.57,0,
1055,2025-01-25,417.95,0,
1055,2025-05-03,400.71,0,
1056,2022-10-23,1004.79,0,
1056,2023-12-13,843.6,20,29
1056,2024-05-20,1018.64,0,
1057,2021-12-10,213.6,20,5
1057,2022-03-29,260.04,0,
1057,2024-05-16,247.16,0,
1057,2024-10-04,229.21,0,
1057,2025-06-26,224.8,0,
1057,2025-08-10,234.96,12,49
1057,2025-08-17,234.96,12,49
1057,2025-10-07,216.46,0,
1058,2023-01-29,597.61,0,
1058,2023-04-04,596.6,0,
1058,2025-07-28,566.71,0,
1058,2025-08-07,574.76,0,
1059,2021-09-05,1476.45,15,2
1059,2021-10-17,1784.53,0,
1059,2023-03-24,1725.78,0,
1059,2023-04-02,1712.96,0,
1059,2023-06-16,1691.07,0,
1059,2025-05-07,1583.34,0,
1060,2021-09-01,78.21,21,1
1060,2022-09-25,93.86,0,
1060,2023-05-04,66.33,33,21
1060,2024-03-07,88.96,0,
1060,2024-10-19,84.92,0,
1060,2024-12-21,83.83,0,
1061,2021-08-30,90.85,21,1
1061,2021-12-12,92.0,20,5
1061,2022-11-27,80.5,30,16
1061,2023-01-15,112.08,0,
1061,2024-10-28,106.88,0,
1062,2021-11-10,58.48,0,
1062,2021-11-15,57.21,0,
1062,2021-11-20,53.84,0,
1062,2022-05-26,48.45,15,11
1063,2021-10-19,142.44,0,
1063,2023-03-05,132.16,0,
1063,2024-06-07,134.77,0,
1063,2025-02-25,99.99,34,44
1063,2025-03-11,126.8,0,
1064,2021-10-12,115.77,0,
1064,2022-01-19,106.9,0,
1064,2022-02-22,109.65,0,
1064,2023-09-28,109.22,0,
1064,2024-06-04,100.75,0,
1064,2024-06-14,93.9,0,
1064,2024-07-26,94.63,0,
1065,2021-09-16,526.81,0,
1065,2022-06-20,490.17,0,
1065,2023-07-26,455.47,0,
1065,2023-09-25,448.63,0,
1065,2024-12-11,457.2,20,42
1065,2025-01-17,449.24,0,
1065,2025-04-06,451.77,0,
1065,2025-04-19,433.48,0,
1066,2021-11-11,101.09,0,
1066,2022-06-29,95.26,0,
1066,2022-07-15,91.02,0,
1066,2023-07-13,86.87,0,
1066,2024-03-16,98.55,10,31
1066,2024-04-10,85.11,0,
1066,2024-07-17,84.31,0,
1067,2021-09-04,303.02,15,2
1067,2021-11-10,364.49,0,
1067,2023-02-03,339.85,0,
1067,2023-08-22,346.28,0,
1067,2024-06-18,321.23,0,
1067,2024-06-30,330.08,0,
1067,2024-11-10,305.98,0,
1068,2021-09-01,899.42,21,1
1068,2021-09-27,1098.01,0,
1068,2022-07-03,910.8,20,12
1068,2023-10-02,888.03,22,26
1068,2024-02-02,1041.92,0,
1068,2024-02-21,982.06,0,
1068,2024-09-10,911.58,0,
1069,2023-04-05,277.32,0,
1069,2023-06-18,265.54,0,
1069,2025-01-30,246.57,0,
1069,2025-10-10,240.81,0,
1070,2021-11-10,231.39,0,
1070,2021-12-29,220.92,0,
1070,2022-02-01,218.68,0,
1070,2022-07-06,196.8,20,12
1070,2024-06-16,220.91,0,
1070,2024-10-08,220.81,0,
1070,2024-12-09,207.12,0,
1071,2022-02-19,52.24,0,
1071,2023-05-29,50.85,0,
1071,2024-02-24,50.57,0,
1071,2024-04-08,46.98,0,
1071,2024-06-21,44.91,0,
1071,2024-07-15,45.1,0,
1071,2024-10-26,41.9,0,
1072,2021-11-25,106.05,30,3
1072,2022-08-26,149.85,0,
1072,2023-04-29,142.25,0,
1072,2024-08-17,135.34,0,
1072,2025-05-11,128.21,0,
1072,2025-05-31,129.3,0,
1073,2022-02-03,289.9,0,
1073,2023-09-22,275.55,0,
1073,2025-01-08,240.55,15,43
1073,2025-02-04,273.41,0,
1073,2025-07-13,206.59,27,48
1073,2025-08-23,258.67,0,
1073,2025-08-30,255.54,0,
1074,2021-08-29,127.98,21,1
1074,2024-02-10,165.62,0,
1074,2024-04-17,161.89,0,
1074,2024-05-06,164.08,0,
1074,2024-10-17,157.75,0,
1075,2022-02-04,57.5,0,
1075,2022-11-19,56.24,0,
1075,2023-01-08,48.45,15,19
1075,2024-02-09,56.22,0,
1075,2024-09-06,56.89,0,
1076,2021-09-07,543.49,0,
1076,2022-07-05,457.2,20,12
1076,2022-07-17,550.32,0,
1076,2023-09-18,526.0,0,
1076,2024-01-20,505.5,0,
1076,2024-07-01,457.2,20,34
1076,2025-05-07,496.57,0,
1077,2022-05-22,180.28,0,
1077,2022-11-22,180.47,0,
1077,2023-02-16,181.43,0,
1077,2024-05-18,180.11,0,
1077,2025-06-16,173.01,0,
1078,2022-06-16,109.14,0,
1078,2023-02-11,109.98,0,
1078,2024-07-01,87.6,20,34
1078,2024-08-19,108.36,0,
1079,2022-02-16,122.46,0,
1079,2022-06-12,114.04,0,
1079,2022-10-24,111.18,0,
1079,2023-01-10,112.08,0,
1079,2023-08-03,109.06,0,
1079,2023-12-23,108.07,0,
1079,2024-03-19,108.0,10,31
1079,2024-10-06,103.47,0,
1080,2021-09-22,304.66,0,
1080,2023-07-17,311.22,0,
1080,2025-08-06,317.82,0,
1081,2021-10-01,282.62,0,
1081,2022-04-24,192.44,32,9
1081,2022-05-10,261.9,0,
1081,2023-05-21,254.02,0,
1081,2024-03-11,241.71,0,
1082,2021-11-13,1159.71,0,
1082,2021-12-27,1159.9,0,
1082,2022-05-09,1178.17,0,
1082,2023-02-21,1194.33,0,
1082,2024-06-04,1173.54,0,
1082,2024-08-17,1193.41,0,
1082,2024-12-03,1033.29,14,41
1082,2025-02-03,1190.69,0,
1083,2023-03-31,792.85,0,
1083,2025-06-19,736.99,0,
1083,2025-08-25,708.35,0,
1084,2021-10-03,573.67,0,
1084,2023-03-22,544.52,0,
1084,2023-04-12,538.8,0,
1084,2024-03-13,549.85,0,
1084,2025-03-17,504.9,10,45
1085,2022-11-22,403.62,0,
1085,2023-10-21,407.73,0,
1085,2024-07-01,348.0,20,34
1085,2025-09-13,387.29,0,
1086,2021-11-19,637.66,0,
1086,2022-01-03,530.4,15,6
1086,2025-09-26,646.64,0,
1087,2021-09-20,1053.23,0,
1087,2023-07-22,1038.83,0,
1087,2023-08-15,960.33,0,
1088,2023-11-15,478.94,0,
1088,2024-02-14,459.76,0,
1088,2024-04-18,457.41,0,
1088,2024-04-22,430.75,0,
1089,2021-10-24,245.08,0,
1089,2023-05-28,243.84,0,
1089,2023-07-07,201.2,20,23
1089,2023-08-09,248.5,0,
1089,2024-09-02,213.78,15,37
1089,2024-11-06,238.71,0,
1089,2024-12-26,234.06,0,
1089,2025-08-23,239.0,0,
1090,2021-12-11,2439.6,20,5
1090,2022-07-14,2973.59,0,
1090,2024-06-07,2762.56,0,
1090,2024-08-28,2620.1,0,
1090,2024-11-01,2477.33,0,
1090,2025-01-22,2435.01,0,
1090,2025-06-23,2244.73,0,
1091,2022-09-29,207.82,0,
1091,2023-01-09,203.93,0,
1091,2024-07-18,200.16,0,
1092,2022-09-09,50.15,0,
1092,2023-04-17,47.68,0,
1092,2023-07-16,47.1,0,
1092,2024-06-22,46.5,0,
1092,2024-12-18,45.18,0,
1092,2025-07-23,44.1,0,
1093,2024-10-09,162.28,0,
1093,2024-11-16,151.27,0,
1093,2024-12-30,152.24,0,
1093,2025-10-06,152.12,0,
1094,2022-09-19,135.42,26,15
1094,2023-12-27,180.05,0,
1094,2024-04-02,174.82,0,
1095,2022-03-20,51.3,10,8
1095,2022-07-14,56.93,0,
1095,2023-05-21,53.71,0,
1095,2024-12-07,49.98,0,
1095,2025-02-04,50.98,0,
1095,2025-04-06,49.66,0,
1096,2022-06-14,391.08,0,
1096,2023-05-03,266.99,33,21
1096,2024-04-25,368.41,0,
1096,2024-11-18,369.11,0,
1096,2024-12-25,370.25,0,
1096,2025-02-10,352.35,0,
1096,2025-05-23,334.33,0,
