Date Key,Traffic Source,Web Visits
2021-08-19,Direct,93
2021-08-19,Email,123
2021-08-19,Organic Search,458
2021-08-19,Paid Search,307
2021-08-19,Referral,123
2021-08-19,Social,162
2021-08-20,Direct,201
2021-08-20,Email,39
2021-08-20,Organic Search,619
2021-08-20,Paid Search,233
2021-08-20,Referral,29
2021-08-20,Social,382
2021-08-21,Direct,368
2021-08-21,Email,39
2021-08-21,Organic Search,508
2021-08-21,Paid Search,241
2021-08-21,Referral,194
2021-08-21,Social,688
2021-08-22,Direct,227
2021-08-22,Email,63
2021-08-22,Organic Search,354
2021-08-22,Paid Search,360
2021-08-22,Referral,104
2021-08-22,Social,606
2021-08-23,Direct,259
2021-08-23,Email,58
2021-08-23,Organic Search,980
2021-08-23,Paid Search,461
2021-08-23,Referral,72
2021-08-23,Social,603
2021-08-24,Direct,125
2021-08-24,Email,177
2021-08-24,Organic Search,489
2021-08-24,Paid Search,485
2021-08-24,Referral,94
2021-08-24,Social,345
2021-08-25,Direct,300
2021-08-25,Email,60
2021-08-25,Organic Search,445
2021-08-25,Paid Search,335
2021-08-25,Referral,45
2021-08-25,Social,318
2021-08-26,Direct,252
2021-08-26,Email,86
2021-08-26,Organic Search,421
2021-08-26,Paid Search,314
2021-08-26,Referral,30
2021-08-26,Social,256
2021-08-27,Direct,331
2021-08-27,Email,79
2021-08-27,Organic Search,612
2021-08-27,Paid Search,380
2021-08-27,Referral,92
2021-08-27,Social,497
2021-08-28,Direct,372
2021-08-28,Email,58
2021-08-28,Organic Search,357
2021-08-28,Paid Search,277
2021-08-28,Referral,66
2021-08-28,Social,374
2021-08-29,Direct,119
2021-08-29,Email,234
2021-08-29,Organic Search,434
2021-08-29,Paid Search,427
2021-08-29,Referral,222
2021-08-29,Social,221
2021-08-30,Direct,225
2021-08-30,Email,89
2021-08-30,Organic Search,325
2021-08-30,Paid Search,607
2021-08-30,Referral,161
2021-08-30,Social,532
2021-08-31,Direct,155
2021-08-31,Email,40
2021-08-31,Organic Search,580
2021-08-31,Paid Search,225
2021-08-31,Referral,116
2021-08-31,Social,501
2021-09-01,Direct,139
2021-09-01,Email,46
2021-09-01,Organic Search,548
2021-09-01,Paid Search,325
2021-09-01,Referral,15
2021-09-01,Social,367
2021-09-02,Direct,460
2021-09-02,Email,58
2021-09-02,Organic Search,375
2021-09-02,Paid Search,310
2021-09-02,Referral,38
2021-09-02,Social,283
2021-09-03,Direct,135
2021-09-03,Email,94
2021-09-03,Organic Search,671
2021-09-03,Paid Search,403
2021-09-03,Referral,82
2021-09-03,Social,725
2021-09-04,Direct,214
2021-09-04,Email,104
2021-09-04,Organic Search,311
2021-09-04,Paid Search,300
2021-09-04,Referral,57
2021-09-04,Social,50
2021-09-05,Direct,221
2021-09-05,Email,65
2021-09-05,Organic Search,510
2021-09-05,Paid Search,239
2021-09-05,Referral,85
2021-09-05,Social,540
2021-09-06,Direct,343
2021-09-06,Email,48
2021-09-06,Organic Search,566
2021-09-06,Paid Search,280
2021-09-06,Referral,18
2021-09-06,Social,287
2021-09-07,Direct,256
2021-09-07,Email,37
2021-09-07,Organic Search,786
2021-09-07,Paid Search,246
2021-09-07,Referral,109
2021-09-07,Social,488
2021-09-08,Direct,285
2021-09-08,Email,80
2021-09-08,Organic Search,528
2021-09-08,Paid Search,291
2021-09-08,Referral,87
2021-09-08,Social,291
2021-09-09,Direct,269
2021-09-09,Email,122
2021-09-09,Organic Search,486
2021-09-09,Paid Search,321
2021-09-09,Referral,140
2021-09-09,Social,180
2021-09-10,Direct,250
2021-09-10,Email,129
2021-09-10,Organic Search,576
2021-09-10,Paid Search,446
2021-09-10,Referral,154
2021-09-10,Social,356
2021-09-11,Direct,260
2021-09-11,Email,59
2021-09-11,Organic Search,346
2021-09-11,Paid Search,384
2021-09-11,Referral,136
2021-09-11,Social,260
2021-09-12,Direct,222
2021-09-12,Email,72
2021-09-12,Organic Search,231
2021-09-12,Paid Search,389
2021-09-12,Referral,200
2021-09-12,Social,319
2021-09-13,Direct,328
2021-09-13,Email,124
2021-09-13,Organic Search,757
2021-09-13,Paid Search,319
2021-09-13,Referral,125
2021-09-13,Social,476
2021-09-14,Direct,265
2021-09-14,Email,73
2021-09-14,Organic Search,628
2021-09-14,Paid Search,297
2021-09-14,Referral,88
2021-09-14,Social,493
2021-09-15,Direct,150
2021-09-15,Email,20
2021-09-15,Organic Search,795
2021-09-15,Paid Search,325
2021-09-15,Referral,80
2021-09-15,Social,708
2021-09-16,Direct,200
2021-09-16,Email,114
2021-09-16,Organic Search,686
2021-09-16,Paid Search,542
2021-09-16,Referral,15
2021-09-16,Social,352
2021-09-17,Direct,147
2021-09-17,Email,154
2021-09-17,Organic Search,873
2021-09-17,Paid Search,482
2021-09-17,Referral,100
2021-09-17,Social,210
2021-09-18,Direct,126
2021-09-18,Email,56
2021-09-18,Organic Search,277
2021-09-18,Paid Search,412
2021-09-18,Referral,182
2021-09-18,Social,480
2021-09-19,Direct,80
2021-09-19,Email,56
2021-09-19,Organic Search,474
2021-09-19,Paid Search,411
2021-09-19,Referral,176
2021-09-19,Social,353
2021-09-20,Direct,266
2021-09-20,Email,41
2021-09-20,Organic Search,858
2021-09-20,Paid Search,526
2021-09-20,Referral,69
2021-09-20,Social,159
2021-09-21,Direct,286
2021-09-21,Email,101
2021-09-21,Organic Search,267
2021-09-21,Paid Search,252
2021-09-21,Referral,53
2021-09-21,Social,228
2021-09-22,Direct,113
2021-09-22,Email,122
2021-09-22,Organic Search,510
2021-09-22,Paid Search,419
2021-09-22,Referral,114
2021-09-22,Social,282
2021-09-23,Direct,109
2021-09-23,Email,99
2021-09-23,Organic Search,676
2021-09-23,Paid Search,516
2021-09-23,Referral,55
2021-09-23,Social,418
2021-09-24,Direct,130
2021-09-24,Email,82
2021-09-24,Organic Search,647
2021-09-24,Paid Search,241
2021-09-24,Referral,45
2021-09-24,Social,187
2021-09-25,Direct,210
2021-09-25,Email,54
2021-09-25,Organic Search,252
2021-09-25,Paid Search,676
2021-09-25,Referral,92
2021-09-25,Social,837
2021-09-26,Direct,258
2021-09-26,Email,176
2021-09-26,Organic Search,661
2021-09-26,Paid Search,279
2021-09-26,Referral,48
2021-09-26,Social,177
2021-09-27,Direct,141
2021-09-27,Email,89
2021-09-27,Organic Search,410
2021-09-27,Paid Search,240
2021-09-27,Referral,81
2021-09-27,Social,426
2021-09-28,Direct,187
2021-09-28,Email,84
2021-09-28,Organic Search,675
2021-09-28,Paid Search,368
2021-09-28,Referral,103
2021-09-28,Social,290
2021-09-29,Direct,214
2021-09-29,Email,66
2021-09-29,Organic Search,307
2021-09-29,Paid Search,221
2021-09-29,Referral,30
2021-09-29,Social,313
2021-09-30,Direct,349
2021-09-30,Email,81
2021-09-30,Organic Search,429
2021-09-30,Paid Search,357
2021-09-30,Referral,123
2021-09-30,Social,416
2021-10-01,Direct,109
2021-10-01,Email,96
2021-10-01,Organic Search,654
2021-10-01,Paid Search,466
2021-10-01,Referral,43
2021-10-01,Social,712
2021-10-02,Direct,149
2021-10-02,Email,62
2021-10-02,Organic Search,295
2021-10-02,Paid Search,395
2021-10-02,Referral,52
2021-10-02,Social,391
2021-10-03,Direct,188
2021-10-03,Email,112
2021-10-03,Organic Search,610
2021-10-03,Paid Search,224
2021-10-03,Referral,147
2021-10-03,Social,304
2021-10-04,Direct,133
2021-10-04,Email,134
2021-10-04,Organic Search,740
2021-10-04,Paid Search,445
2021-10-04,Referral,77
2021-10-04,Social,321
2021-10-05,Direct,185
2021-10-05,Email,278
2021-10-05,Organic Search,547
2021-10-05,Paid Search,182
2021-10-05,Referral,56
2021-10-05,Social,203
2021-10-06,Direct,173
2021-10-06,Email,82
2021-10-06,Organic Search,601
2021-10-06,Paid Search,396
2021-10-06,Referral,71
2021-10-06,Social,216
2021-10-07,Direct,129
2021-10-07,Email,101
2021-10-07,Organic Search,676
2021-10-07,Paid Search,473
2021-10-07,Referral,125
2021-10-07,Social,286
2021-10-08,Direct,255
2021-10-08,Email,97
2021-10-08,Organic Search,316
2021-10-08,Paid Search,316
2021-10-08,Referral,237
2021-10-08,Social,296
2021-10-09,Direct,126
2021-10-09,Email,97
2021-10-09,Organic Search,514
2021-10-09,Paid Search,274
2021-10-09,Referral,216
2021-10-09,Social,244
2021-10-10,Direct,434
2021-10-10,Email,34
2021-10-10,Organic Search,374
2021-10-10,Paid Search,285
2021-10-10,Referral,189
2021-10-10,Social,456
2021-10-11,Direct,206
2021-10-11,Email,20
2021-10-11,Organic Search,449
2021-10-11,Paid Search,748
2021-10-11,Referral,104
2021-10-11,Social,610
2021-10-12,Direct,271
2021-10-12,Email,118
2021-10-12,Organic Search,587
2021-10-12,Paid Search,299
2021-10-12,Referral,56
2021-10-12,Social,466
2021-10-13,Direct,181
2021-10-13,Email,100
2021-10-13,Organic Search,411
2021-10-13,Paid Search,536
2021-10-13,Referral,67
2021-10-13,Social,718
2021-10-14,Direct,153
2021-10-14,Email,58
2021-10-14,Organic Search,557
2021-10-14,Paid Search,626
2021-10-14,Referral,121
2021-10-14,Social,1293
2021-10-15,Direct,129
2021-10-15,Email,28
2021-10-15,Organic Search,538
2021-10-15,Paid Search,300
2021-10-15,Referral,15
2021-10-15,Social,698
2021-10-16,Direct,151
2021-10-16,Email,22
2021-10-16,Organic Search,571
2021-10-16,Paid Search,172
2021-10-16,Referral,33
2021-10-16,Social,257
2021-10-17,Direct,272
2021-10-17,Email,95
2021-10-17,Organic Search,463
2021-10-17,Paid Search,174
2021-10-17,Referral,207
2021-10-17,Social,832
2021-10-18,Direct,358
2021-10-18,Email,62
2021-10-18,Organic Search,530
2021-10-18,Paid Search,219
2021-10-18,Referral,35
2021-10-18,Social,283
2021-10-19,Direct,166
2021-10-19,Email,56
2021-10-19,Organic Search,731
2021-10-19,Paid Search,377
2021-10-19,Referral,88
2021-10-19,Social,841
2021-10-20,Direct,234
2021-10-20,Email,139
2021-10-20,Organic Search,626
2021-10-20,Paid Search,370
2021-10-20,Referral,150
2021-10-20,Social,403
2021-10-21,Direct,236
2021-10-21,Email,66
2021-10-21,Organic Search,315
2021-10-21,Paid Search,469
2021-10-21,Referral,111
2021-10-21,Social,350
2021-10-22,Direct,401
2021-10-22,Email,55
2021-10-22,Organic Search,660
2021-10-22,Paid Search,383
2021-10-22,Referral,37
2021-10-22,Social,277
2021-10-23,Direct,202
2021-10-23,Email,20
2021-10-23,Organic Search,297
2021-10-23,Paid Search,487
2021-10-23,Referral,113
2021-10-23,Social,161
2021-10-24,Direct,207
2021-10-24,Email,54
2021-10-24,Organic Search,312
2021-10-24,Paid Search,362
2021-10-24,Referral,78
2021-10-24,Social,334
2021-10-25,Direct,241
2021-10-25,Email,172
2021-10-25,Organic Search,526
2021-10-25,Paid Search,538
2021-10-25,Referral,15
2021-10-25,Social,269
2021-10-26,Direct,118
2021-10-26,Email,156
2021-10-26,Organic Search,271
2021-10-26,Paid Search,394
2021-10-26,Referral,318
2021-10-26,Social,448
2021-10-27,Direct,274
2021-10-27,Email,92
2021-10-27,Organic Search,712
2021-10-27,Paid Search,608
2021-10-27,Referral,99
2021-10-27,Social,59
2021-10-28,Direct,288
2021-10-28,Email,28
2021-10-28,Organic Search,266
2021-10-28,Paid Search,353
2021-10-28,Referral,70
2021-10-28,Social,187
2021-10-29,Direct,305
2021-10-29,Email,177
2021-10-29,Organic Search,385
2021-10-29,Paid Search,563
2021-10-29,Referral,31
2021-10-29,Social,329
2021-10-30,Direct,272
2021-10-30,Email,187
2021-10-30,Organic Search,564
2021-10-30,Paid Search,268
2021-10-30,Referral,29
2021-10-30,Social,380
2021-10-31,Direct,163
2021-10-31,Email,71
2021-10-31,Organic Search,407
2021-10-31,Paid Search,674
2021-10-31,Referral,63
2021-10-31,Social,148
2021-11-01,Direct,189
2021-11-01,Email,136
2021-11-01,Organic Search,393
2021-11-01,Paid Search,623
2021-11-01,Referral,97
2021-11-01,Social,224
2021-11-02,Direct,345
2021-11-02,Email,128
2021-11-02,Organic Search,395
2021-11-02,Paid Search,370
2021-11-02,Referral,95
2021-11-02,Social,438
2021-11-03,Direct,107
2021-11-03,Email,60
2021-11-03,Organic Search,686
2021-11-03,Paid Search,474
2021-11-03,Referral,111
2021-11-03,Social,483
2021-11-04,Direct,209
2021-11-04,Email,147
2021-11-04,Organic Search,566
2021-11-04,Paid Search,354
2021-11-04,Referral,132
2021-11-04,Social,402
2021-11-05,Direct,258
2021-11-05,Email,242
2021-11-05,Organic Search,473
2021-11-05,Paid Search,214
2021-11-05,Referral,87
2021-11-05,Social,314
2021-11-06,Direct,249
2021-11-06,Email,109
2021-11-06,Organic Search,717
2021-11-06,Paid Search,360
2021-11-06,Referral,30
2021-11-06,Social,108
2021-11-07,Direct,247
2021-11-07,Email,53
2021-11-07,Organic Search,779
2021-11-07,Paid Search,672
2021-11-07,Referral,237
2021-11-07,Social,611
2021-11-08,Direct,299
2021-11-08,Email,37
2021-11-08,Organic Search,730
2021-11-08,Paid Search,588
2021-11-08,Referral,138
2021-11-08,Social,388
2021-11-09,Direct,266
2021-11-09,Email,147
2021-11-09,Organic Search,332
2021-11-09,Paid Search,316
2021-11-09,Referral,133
2021-11-09,Social,457
2021-11-10,Direct,165
2021-11-10,Email,129
2021-11-10,Organic Search,426
2021-11-10,Paid Search,376
2021-11-10,Referral,38
2021-11-10,Social,320
2021-11-11,Direct,161
2021-11-11,Email,162
2021-11-11,Organic Search,460
2021-11-11,Paid Search,191
2021-11-11,Referral,93
2021-11-11,Social,291
2021-11-12,Direct,255
2021-11-12,Email,79
2021-11-12,Organic Search,604
2021-11-12,Paid Search,485
2021-11-12,Referral,112
2021-11-12,Social,626
2021-11-13,Direct,109
2021-11-13,Email,67
2021-11-13,Organic Search,359
2021-11-13,Paid Search,645
2021-11-13,Referral,110
2021-11-13,Social,234
2021-11-14,Direct,198
2021-11-14,Email,255
2021-11-14,Organic Search,396
2021-11-14,Paid Search,321
2021-11-14,Referral,69
2021-11-14,Social,125
2021-11-15,Direct,252
2021-11-15,Email,133
2021-11-15,Organic Search,822
2021-11-15,Paid Search,190
2021-11-15,Referral,152
2021-11-15,Social,471
2021-11-16,Direct,224
2021-11-16,Email,50
2021-11-16,Organic Search,640
2021-11-16,Paid Search,402
2021-11-16,Referral,210
2021-11-16,Social,218
2021-11-17,Direct,251
2021-11-17,Email,51
2021-11-17,Organic Search,279
2021-11-17,Paid Search,284
2021-11-17,Referral,86
2021-11-17,Social,83
2021-11-18,Direct,257
2021-11-18,Email,73
2021-11-18,Organic Search,725
2021-11-18,Paid Search,544
2021-11-18,Referral,74
2021-11-18,Social,365
2021-11-19,Direct,214
2021-11-19,Email,114
2021-11-19,Organic Search,438
2021-11-19,Paid Search,199
2021-11-19,Referral,55
2021-11-19,Social,388
2021-11-20,Direct,141
2021-11-20,Email,51
2021-11-20,Organic Search,474
2021-11-20,Paid Search,277
2021-11-20,Referral,99
2021-11-20,Social,101
2021-11-21,Direct,314
2021-11-21,Email,47
2021-11-21,Organic Search,928
2021-11-21,Paid Search,267
2021-11-21,Referral,112
2021-11-21,Social,821
2021-11-22,Direct,253
2021-11-22,Email,173
2021-11-22,Organic Search,810
2021-11-22,Paid Search,763
2021-11-22,Referral,164
2021-11-22,Social,467
2021-11-23,Direct,260
2021-11-23,Email,38
2021-11-23,Organic Search,630
2021-11-23,Paid Search,465
2021-11-23,Referral,227
2021-11-23,Social,163
2021-11-24,Direct,278
2021-11-24,Email,98
2021-11-24,Organic Search,764
2021-11-24,Paid Search,195
2021-11-24,Referral,42
2021-11-24,Social,209
2021-11-25,Direct,236
2021-11-25,Email,75
2021-11-25,Organic Search,700
2021-11-25,Paid Search,215
2021-11-25,Referral,82
2021-11-25,Social,754
2021-11-26,Direct,242
2021-11-26,Email,83
2021-11-26,Organic Search,1029
2021-11-26,Paid Search,389
2021-11-26,Referral,47
2021-11-26,Social,97
2021-11-27,Direct,164
2021-11-27,Email,57
2021-11-27,Organic Search,429
2021-11-27,Paid Search,710
2021-11-27,Referral,85
2021-11-27,Social,501
2021-11-28,Direct,755
2021-11-28,Email,45
2021-11-28,Organic Search,517
2021-11-28,Paid Search,370
2021-11-28,Referral,92
2021-11-28,Social,822
2021-11-29,Direct,96
2021-11-29,Email,143
2021-11-29,Organic Search,327
2021-11-29,Paid Search,312
2021-11-29,Referral,88
2021-11-29,Social,503
2021-11-30,Direct,140
2021-11-30,Email,50
2021-11-30,Organic Search,431
2021-11-30,Paid Search,176
2021-11-30,Referral,34
2021-11-30,Social,183
2021-12-01,Direct,204
2021-12-01,Email,96
2021-12-01,Organic Search,431
2021-12-01,Paid Search,486
2021-12-01,Referral,96
2021-12-01,Social,742
2021-12-02,Direct,301
2021-12-02,Email,85
2021-12-02,Organic Search,703
2021-12-02,Paid Search,378
2021-12-02,Referral,15
2021-12-02,Social,648
2021-12-03,Direct,330
2021-12-03,Email,41
2021-12-03,Organic Search,349
2021-12-03,Paid Search,150
2021-12-03,Referral,128
2021-12-03,Social,268
2021-12-04,Direct,108
2021-12-04,Email,128
2021-12-04,Organic Search,426
2021-12-04,Paid Search,600
2021-12-04,Referral,41
2021-12-04,Social,401
2021-12-05,Direct,206
2021-12-05,Email,178
2021-12-05,Organic Search,761
2021-12-05,Paid Search,344
2021-12-05,Referral,33
2021-12-05,Social,237
2021-12-06,Direct,362
2021-12-06,Email,57
2021-12-06,Organic Search,294
2021-12-06,Paid Search,271
2021-12-06,Referral,72
2021-12-06,Social,89
2021-12-07,Direct,179
2021-12-07,Email,123
2021-12-07,Organic Search,400
2021-12-07,Paid Search,311
2021-12-07,Referral,122
2021-12-07,Social,428
2021-12-08,Direct,334
2021-12-08,Email,164
2021-12-08,Organic Search,423
2021-12-08,Paid Search,333
2021-12-08,Referral,88
2021-12-08,Social,384
2021-12-09,Direct,180
2021-12-09,Email,114
2021-12-09,Organic Search,379
2021-12-09,Paid Search,305
2021-12-09,Referral,17
2021-12-09,Social,238
2021-12-10,Direct,257
2021-12-10,Email,242
2021-12-10,Organic Search,305
2021-12-10,Paid Search,318
2021-12-10,Referral,121
2021-12-10,Social,307
2021-12-11,Direct,278
2021-12-11,Email,90
2021-12-11,Organic Search,483
2021-12-11,Paid Search,264
2021-12-11,Referral,29
2021-12-11,Social,332
2021-12-12,Direct,271
2021-12-12,Email,81
2021-12-12,Organic Search,224
2021-12-12,Paid Search,460
2021-12-12,Referral,111
2021-12-12,Social,590
2021-12-13,Direct,289
2021-12-13,Email,87
2021-12-13,Organic Search,460
2021-12-13,Paid Search,694
2021-12-13,Referral,113
2021-12-13,Social,359
2021-12-14,Direct,253
2021-12-14,Email,26
2021-12-14,Organic Search,568
2021-12-14,Paid Search,344
2021-12-14,Referral,95
2021-12-14,Social,312
2021-12-15,Direct,361
2021-12-15,Email,127
2021-12-15,Organic Search,581
2021-12-15,Paid Search,210
2021-12-15,Referral,74
2021-12-15,Social,206
2021-12-16,Direct,121
2021-12-16,Email,153
2021-12-16,Organic Search,565
2021-12-16,Paid Search,320
2021-12-16,Referral,96
2021-12-16,Social,449
2021-12-17,Direct,50
2021-12-17,Email,20
2021-12-17,Organic Search,80
2021-12-17,Paid Search,60
2021-12-17,Referral,15
2021-12-17,Social,40
2021-12-18,Direct,282
2021-12-18,Email,73
2021-12-18,Organic Search,553
2021-12-18,Paid Search,329
2021-12-18,Referral,54
2021-12-18,Social,549
2021-12-19,Direct,126
2021-12-19,Email,52
2021-12-19,Organic Search,360
2021-12-19,Paid Search,319
2021-12-19,Referral,65
2021-12-19,Social,230
2021-12-20,Direct,185
2021-12-20,Email,114
2021-12-20,Organic Search,332
2021-12-20,Paid Search,692
2021-12-20,Referral,67
2021-12-20,Social,209
2021-12-21,Direct,161
2021-12-21,Email,103
2021-12-21,Organic Search,565
2021-12-21,Paid Search,347
2021-12-21,Referral,23
2021-12-21,Social,453
2021-12-22,Direct,198
2021-12-22,Email,76
2021-12-22,Organic Search,553
2021-12-22,Paid Search,358
2021-12-22,Referral,68
2021-12-22,Social,832
2021-12-23,Direct,212
2021-12-23,Email,68
2021-12-23,Organic Search,596
2021-12-23,Paid Search,432
2021-12-23,Referral,126
2021-12-23,Social,40
2021-12-24,Direct,247
2021-12-24,Email,52
2021-12-24,Organic Search,424
2021-12-24,Paid Search,633
2021-12-24,Referral,15
2021-12-24,Social,318
2021-12-25,Direct,186
2021-12-25,Email,143
2021-12-25,Organic Search,351
2021-12-25,Paid Search,325
2021-12-25,Referral,504
2021-12-25,Social,233
2021-12-26,Direct,147
2021-12-26,Email,108
2021-12-26,Organic Search,564
2021-12-26,Paid Search,245
2021-12-26,Referral,290
2021-12-26,Social,233
2021-12-27,Direct,185
2021-12-27,Email,119
2021-12-27,Organic Search,554
2021-12-27,Paid Search,470
2021-12-27,Referral,57
2021-12-27,Social,330
2021-12-28,Direct,79
2021-12-28,Email,227
2021-12-28,Organic Search,814
2021-12-28,Paid Search,430
2021-12-28,Referral,42
2021-12-28,Social,322
2021-12-29,Direct,163
2021-12-29,Email,64
2021-12-29,Organic Search,930
2021-12-29,Paid Search,318
2021-12-29,Referral,115
2021-12-29,Social,344
2021-12-30,Direct,178
2021-12-30,Email,70
2021-12-30,Organic Search,421
2021-12-30,Paid Search,344
2021-12-30,Referral,28
2021-12-30,Social,331
2021-12-31,Direct,213
2021-12-31,Email,67
2021-12-31,Organic Search,383
2021-12-31,Paid Search,334
2021-12-31,Referral,193
2021-12-31,Social,332
2022-01-01,Direct,412
2022-01-01,Email,189
2022-01-01,Organic Search,596
2022-01-01,Paid Search,739
2022-01-01,Referral,235
2022-01-01,Social,803
2022-01-02,Direct,68
2022-01-02,Email,129
2022-01-02,Organic Search,553
2022-01-02,Paid Search,331
2022-01-02,Referral,75
2022-01-02,Social,487
2022-01-03,Direct,364
2022-01-03,Email,190
2022-01-03,Organic Search,858
2022-01-03,Paid Search,664
2022-01-03,Referral,176
2022-01-03,Social,282
2022-01-04,Direct,484
2022-01-04,Email,42
2022-01-04,Organic Search,981
2022-01-04,Paid Search,566
2022-01-04,Referral,175
2022-01-04,Social,703
2022-01-05,Direct,316
2022-01-05,Email,76
2022-01-05,Organic Search,1106
2022-01-05,Paid Search,359
2022-01-05,Referral,120
2022-01-05,Social,565
2022-01-06,Direct,329
2022-01-06,Email,263
2022-01-06,Organic Search,689
2022-01-06,Paid Search,403
2022-01-06,Referral,66
2022-01-06,Social,851
2022-01-07,Direct,258
2022-01-07,Email,72
2022-01-07,Organic Search,582
2022-01-07,Paid Search,470
2022-01-07,Referral,154
2022-01-07,Social,630
2022-01-08,Direct,228
2022-01-08,Email,123
2022-01-08,Organic Search,799
2022-01-08,Paid Search,496
2022-01-08,Referral,178
2022-01-08,Social,228
2022-01-09,Direct,203
2022-01-09,Email,42
2022-01-09,Organic Search,1002
2022-01-09,Paid Search,642
2022-01-09,Referral,270
2022-01-09,Social,509
2022-01-10,Direct,359
2022-01-10,Email,133
2022-01-10,Organic Search,526
2022-01-10,Paid Search,339
2022-01-10,Referral,121
2022-01-10,Social,709
2022-01-11,Direct,215
2022-01-11,Email,62
2022-01-11,Organic Search,878
2022-01-11,Paid Search,192
2022-01-11,Referral,213
2022-01-11,Social,903
2022-01-12,Direct,368
2022-01-12,Email,113
2022-01-12,Organic Search,1197
2022-01-12,Paid Search,299
2022-01-12,Referral,131
2022-01-12,Social,1361
2022-01-13,Direct,411
2022-01-13,Email,43
2022-01-13,Organic Search,1115
2022-01-13,Paid Search,526
2022-01-13,Referral,82
2022-01-13,Social,415
2022-01-14,Direct,220
2022-01-14,Email,88
2022-01-14,Organic Search,546
2022-01-14,Paid Search,1125
2022-01-14,Referral,42
2022-01-14,Social,507
2022-01-15,Direct,146
2022-01-15,Email,57
2022-01-15,Organic Search,580
2022-01-15,Paid Search,668
2022-01-15,Referral,42
2022-01-15,Social,722
2022-01-16,Direct,216
2022-01-16,Email,107
2022-01-16,Organic Search,354
2022-01-16,Paid Search,510
2022-01-16,Referral,83
2022-01-16,Social,601
2022-01-17,Direct,412
2022-01-17,Email,126
2022-01-17,Organic Search,844
2022-01-17,Paid Search,335
2022-01-17,Referral,58
2022-01-17,Social,575
2022-01-18,Direct,397
2022-01-18,Email,64
2022-01-18,Organic Search,915
2022-01-18,Paid Search,437
2022-01-18,Referral,43
2022-01-18,Social,329
2022-01-19,Direct,252
2022-01-19,Email,163
2022-01-19,Organic Search,719
2022-01-19,Paid Search,421
2022-01-19,Referral,264
2022-01-19,Social,301
2022-01-20,Direct,264
2022-01-20,Email,105
2022-01-20,Organic Search,616
2022-01-20,Paid Search,515
2022-01-20,Referral,227
2022-01-20,Social,656
2022-01-21,Direct,361
2022-01-21,Email,190
2022-01-21,Organic Search,478
2022-01-21,Paid Search,320
2022-01-21,Referral,84
2022-01-21,Social,263
2022-01-22,Direct,344
2022-01-22,Email,107
2022-01-22,Organic Search,558
2022-01-22,Paid Search,287
2022-01-22,Referral,283
2022-01-22,Social,464
2022-01-23,Direct,219
2022-01-23,Email,25
2022-01-23,Organic Search,737
2022-01-23,Paid Search,623
2022-01-23,Referral,79
2022-01-23,Social,611
2022-01-24,Direct,564
2022-01-24,Email,59
2022-01-24,Organic Search,774
2022-01-24,Paid Search,234
2022-01-24,Referral,216
2022-01-24,Social,445
2022-01-25,Direct,372
2022-01-25,Email,80
2022-01-25,Organic Search,559
2022-01-25,Paid Search,619
2022-01-25,Referral,128
2022-01-25,Social,779
2022-01-26,Direct,314
2022-01-26,Email,159
2022-01-26,Organic Search,1052
2022-01-26,Paid Search,193
2022-01-26,Referral,43
2022-01-26,Social,807
2022-01-27,Direct,212
2022-01-27,Email,253
2022-01-27,Organic Search,894
2022-01-27,Paid Search,503
2022-01-27,Referral,60
2022-01-27,Social,709
2022-01-28,Direct,182
2022-01-28,Email,31
2022-01-28,Organic Search,708
2022-01-28,Paid Search,568
2022-01-28,Referral,156
2022-01-28,Social,384
2022-01-29,Direct,370
2022-01-29,Email,166
2022-01-29,Organic Search,501
2022-01-29,Paid Search,605
2022-01-29,Referral,195
2022-01-29,Social,396
2022-01-30,Direct,385
2022-01-30,Email,135
2022-01-30,Organic Search,799
2022-01-30,Paid Search,542
2022-01-30,Referral,103
2022-01-30,Social,657
2022-01-31,Direct,181
2022-01-31,Email,140
2022-01-31,Organic Search,632
2022-01-31,Paid Search,446
2022-01-31,Referral,93
2022-01-31,Social,642
2022-02-01,Direct,312
2022-02-01,Email,123
2022-02-01,Organic Search,1250
2022-02-01,Paid Search,411
2022-02-01,Referral,35
2022-02-01,Social,222
2022-02-02,Direct,349
2022-02-02,Email,154
2022-02-02,Organic Search,516
2022-02-02,Paid Search,336
2022-02-02,Referral,184
2022-02-02,Social,1046
2022-02-03,Direct,247
2022-02-03,Email,129
2022-02-03,Organic Search,704
2022-02-03,Paid Search,364
2022-02-03,Referral,350
2022-02-03,Social,497
2022-02-04,Direct,192
2022-02-04,Email,156
2022-02-04,Organic Search,684
2022-02-04,Paid Search,588
2022-02-04,Referral,318
2022-02-04,Social,246
2022-02-05,Direct,246
2022-02-05,Email,119
2022-02-05,Organic Search,491
2022-02-05,Paid Search,566
2022-02-05,Referral,19
2022-02-05,Social,267
2022-02-06,Direct,236
2022-02-06,Email,42
2022-02-06,Organic Search,629
2022-02-06,Paid Search,366
2022-02-06,Referral,180
2022-02-06,Social,883
2022-02-07,Direct,438
2022-02-07,Email,93
2022-02-07,Organic Search,673
2022-02-07,Paid Search,615
2022-02-07,Referral,26
2022-02-07,Social,1046
2022-02-08,Direct,427
2022-02-08,Email,115
2022-02-08,Organic Search,1074
2022-02-08,Paid Search,493
2022-02-08,Referral,84
2022-02-08,Social,196
2022-02-09,Direct,350
2022-02-09,Email,107
2022-02-09,Organic Search,1039
2022-02-09,Paid Search,408
2022-02-09,Referral,329
2022-02-09,Social,114
2022-02-10,Direct,506
2022-02-10,Email,166
2022-02-10,Organic Search,409
2022-02-10,Paid Search,803
2022-02-10,Referral,65
2022-02-10,Social,355
2022-02-11,Direct,261
2022-02-11,Email,122
2022-02-11,Organic Search,511
2022-02-11,Paid Search,729
2022-02-11,Referral,29
2022-02-11,Social,696
2022-02-12,Direct,495
2022-02-12,Email,202
2022-02-12,Organic Search,421
2022-02-12,Paid Search,477
2022-02-12,Referral,20
2022-02-12,Social,362
2022-02-13,Direct,204
2022-02-13,Email,86
2022-02-13,Organic Search,780
2022-02-13,Paid Search,753
2022-02-13,Referral,98
2022-02-13,Social,377
2022-02-14,Direct,324
2022-02-14,Email,112
2022-02-14,Organic Search,694
2022-02-14,Paid Search,835
2022-02-14,Referral,145
2022-02-14,Social,482
2022-02-15,Direct,350
2022-02-15,Email,248
2022-02-15,Organic Search,899
2022-02-15,Paid Search,594
2022-02-15,Referral,187
2022-02-15,Social,584
2022-02-16,Direct,441
2022-02-16,Email,105
2022-02-16,Organic Search,836
2022-02-16,Paid Search,675
2022-02-16,Referral,339
2022-02-16,Social,727
2022-02-17,Direct,345
2022-02-17,Email,57
2022-02-17,Organic Search,911
2022-02-17,Paid Search,578
2022-02-17,Referral,16
2022-02-17,Social,1002
2022-02-18,Direct,664
2022-02-18,Email,105
2022-02-18,Organic Search,543
2022-02-18,Paid Search,597
2022-02-18,Referral,15
2022-02-18,Social,974
2022-02-19,Direct,337
2022-02-19,Email,65
2022-02-19,Organic Search,716
2022-02-19,Paid Search,860
2022-02-19,Referral,148
2022-02-19,Social,676
2022-02-20,Direct,215
2022-02-20,Email,100
2022-02-20,Organic Search,1105
2022-02-20,Paid Search,968
2022-02-20,Referral,109
2022-02-20,Social,470
2022-02-21,Direct,446
2022-02-21,Email,209
2022-02-21,Organic Search,790
2022-02-21,Paid Search,274
2022-02-21,Referral,175
2022-02-21,Social,806
2022-02-22,Direct,116
2022-02-22,Email,148
2022-02-22,Organic Search,1082
2022-02-22,Paid Search,727
2022-02-22,Referral,187
2022-02-22,Social,809
2022-02-23,Direct,480
2022-02-23,Email,202
2022-02-23,Organic Search,934
2022-02-23,Paid Search,222
2022-02-23,Referral,272
2022-02-23,Social,352
2022-02-24,Direct,350
2022-02-24,Email,98
2022-02-24,Organic Search,615
2022-02-24,Paid Search,1275
2022-02-24,Referral,37
2022-02-24,Social,1052
2022-02-25,Direct,366
2022-02-25,Email,70
2022-02-25,Organic Search,371
2022-02-25,Paid Search,481
2022-02-25,Referral,287
2022-02-25,Social,383
2022-02-26,Direct,256
2022-02-26,Email,79
2022-02-26,Organic Search,845
2022-02-26,Paid Search,794
2022-02-26,Referral,148
2022-02-26,Social,657
2022-02-27,Direct,299
2022-02-27,Email,72
2022-02-27,Organic Search,634
2022-02-27,Paid Search,672
2022-02-27,Referral,199
2022-02-27,Social,272
2022-02-28,Direct,186
2022-02-28,Email,110
2022-02-28,Organic Search,462
2022-02-28,Paid Search,739
2022-02-28,Referral,178
2022-02-28,Social,283
2022-03-01,Direct,201
2022-03-01,Email,248
2022-03-01,Organic Search,794
2022-03-01,Paid Search,629
2022-03-01,Referral,202
2022-03-01,Social,403
2022-03-02,Direct,263
2022-03-02,Email,90
2022-03-02,Organic Search,609
2022-03-02,Paid Search,804
2022-03-02,Referral,231
2022-03-02,Social,331
2022-03-03,Direct,378
2022-03-03,Email,247
2022-03-03,Organic Search,1174
2022-03-03,Paid Search,733
2022-03-03,Referral,51
2022-03-03,Social,659
2022-03-04,Direct,307
2022-03-04,Email,74
2022-03-04,Organic Search,686
2022-03-04,Paid Search,807
2022-03-04,Referral,97
2022-03-04,Social,310
2022-03-05,Direct,317
2022-03-05,Email,179
2022-03-05,Organic Search,711
2022-03-05,Paid Search,477
2022-03-05,Referral,141
2022-03-05,Social,1230
2022-03-06,Direct,618
2022-03-06,Email,76
2022-03-06,Organic Search,778
2022-03-06,Paid Search,374
2022-03-06,Referral,109
2022-03-06,Social,947
2022-03-07,Direct,384
2022-03-07,Email,149
2022-03-07,Organic Search,874
2022-03-07,Paid Search,573
2022-03-07,Referral,299
2022-03-07,Social,421
2022-03-08,Direct,410
2022-03-08,Email,180
2022-03-08,Organic Search,700
2022-03-08,Paid Search,474
2022-03-08,Referral,170
2022-03-08,Social,594
2022-03-09,Direct,235
2022-03-09,Email,157
2022-03-09,Organic Search,439
2022-03-09,Paid Search,301
2022-03-09,Referral,153
2022-03-09,Social,331
2022-03-10,Direct,270
2022-03-10,Email,84
2022-03-10,Organic Search,659
2022-03-10,Paid Search,343
2022-03-10,Referral,78
2022-03-10,Social,511
2022-03-11,Direct,372
2022-03-11,Email,92
2022-03-11,Organic Search,972
2022-03-11,Paid Search,648
2022-03-11,Referral,184
2022-03-11,Social,496
2022-03-12,Direct,220
2022-03-12,Email,222
2022-03-12,Organic Search,526
2022-03-12,Paid Search,800
2022-03-12,Referral,97
2022-03-12,Social,1156
2022-03-13,Direct,370
2022-03-13,Email,94
2022-03-13,Organic Search,1098
2022-03-13,Paid Search,563
2022-03-13,Referral,366
2022-03-13,Social,143
2022-03-14,Direct,231
2022-03-14,Email,80
2022-03-14,Organic Search,760
2022-03-14,Paid Search,999
2022-03-14,Referral,192
2022-03-14,Social,361
2022-03-15,Direct,251
2022-03-15,Email,111
2022-03-15,Organic Search,1686
2022-03-15,Paid Search,649
2022-03-15,Referral,97
2022-03-15,Social,503
2022-03-16,Direct,136
2022-03-16,Email,115
2022-03-16,Organic Search,743
2022-03-16,Paid Search,402
2022-03-16,Referral,160
2022-03-16,Social,715
2022-03-17,Direct,145
2022-03-17,Email,137
2022-03-17,Organic Search,883
2022-03-17,Paid Search,642
2022-03-17,Referral,37
2022-03-17,Social,206
2022-03-18,Direct,357
2022-03-18,Email,66
2022-03-18,Organic Search,1111
2022-03-18,Paid Search,378
2022-03-18,Referral,54
2022-03-18,Social,315
2022-03-19,Direct,238
2022-03-19,Email,32
2022-03-19,Organic Search,754
2022-03-19,Paid Search,477
2022-03-19,Referral,37
2022-03-19,Social,278
2022-03-20,Direct,137
2022-03-20,Email,195
2022-03-20,Organic Search,1166
2022-03-20,Paid Search,413
2022-03-20,Referral,52
2022-03-20,Social,787
2022-03-21,Direct,452
2022-03-21,Email,104
2022-03-21,Organic Search,597
2022-03-21,Paid Search,541
2022-03-21,Referral,71
2022-03-21,Social,329
2022-03-22,Direct,235
2022-03-22,Email,185
2022-03-22,Organic Search,663
2022-03-22,Paid Search,199
2022-03-22,Referral,51
2022-03-22,Social,739
2022-03-23,Direct,306
2022-03-23,Email,83
2022-03-23,Organic Search,526
2022-03-23,Paid Search,718
2022-03-23,Referral,20
2022-03-23,Social,539
2022-03-24,Direct,266
2022-03-24,Email,184
2022-03-24,Organic Search,1195
2022-03-24,Paid Search,273
2022-03-24,Referral,348
2022-03-24,Social,639
2022-03-25,Direct,198
2022-03-25,Email,132
2022-03-25,Organic Search,601
2022-03-25,Paid Search,779
2022-03-25,Referral,84
2022-03-25,Social,465
2022-03-26,Direct,178
2022-03-26,Email,234
2022-03-26,Organic Search,728
2022-03-26,Paid Search,212
2022-03-26,Referral,76
2022-03-26,Social,415
2022-03-27,Direct,445
2022-03-27,Email,138
2022-03-27,Organic Search,524
2022-03-27,Paid Search,795
2022-03-27,Referral,145
2022-03-27,Social,351
2022-03-28,Direct,627
2022-03-28,Email,82
2022-03-28,Organic Search,598
2022-03-28,Paid Search,560
2022-03-28,Referral,159
2022-03-28,Social,388
2022-03-29,Direct,362
2022-03-29,Email,76
2022-03-29,Organic Search,580
2022-03-29,Paid Search,380
2022-03-29,Referral,121
2022-03-29,Social,762
2022-03-30,Direct,374
2022-03-30,Email,111
2022-03-30,Organic Search,780
2022-03-30,Paid Search,256
2022-03-30,Referral,40
2022-03-30,Social,394
2022-03-31,Direct,355
2022-03-31,Email,61
2022-03-31,Organic Search,1006
2022-03-31,Paid Search,449
2022-03-31,Referral,62
2022-03-31,Social,334
2022-04-01,Direct,299
2022-04-01,Email,148
2022-04-01,Organic Search,764
2022-04-01,Paid Search,546
2022-04-01,Referral,100
2022-04-01,Social,450
2022-04-02,Direct,353
2022-04-02,Email,65
2022-04-02,Organic Search,448
2022-04-02,Paid Search,700
2022-04-02,Referral,148
2022-04-02,Social,972
2022-04-03,Direct,416
2022-04-03,Email,90
2022-04-03,Organic Search,816
2022-04-03,Paid Search,607
2022-04-03,Referral,211
2022-04-03,Social,306
2022-04-04,Direct,318
2022-04-04,Email,157
2022-04-04,Organic Search,461
2022-04-04,Paid Search,538
2022-04-04,Referral,91
2022-04-04,Social,347
2022-04-05,Direct,185
2022-04-05,Email,192
2022-04-05,Organic Search,763
2022-04-05,Paid Search,290
2022-04-05,Referral,95
2022-04-05,Social,134
2022-04-06,Direct,144
2022-04-06,Email,190
2022-04-06,Organic Search,641
2022-04-06,Paid Search,660
2022-04-06,Referral,27
2022-04-06,Social,798
2022-04-07,Direct,531
2022-04-07,Email,142
2022-04-07,Organic Search,598
2022-04-07,Paid Search,286
2022-04-07,Referral,44
2022-04-07,Social,1089
2022-04-08,Direct,297
2022-04-08,Email,51
2022-04-08,Organic Search,493
2022-04-08,Paid Search,738
2022-04-08,Referral,45
2022-04-08,Social,340
2022-04-09,Direct,382
2022-04-09,Email,130
2022-04-09,Organic Search,668
2022-04-09,Paid Search,477
2022-04-09,Referral,157
2022-04-09,Social,214
2022-04-10,Direct,319
2022-04-10,Email,154
2022-04-10,Organic Search,685
2022-04-10,Paid Search,178
2022-04-10,Referral,262
2022-04-10,Social,1273
2022-04-11,Direct,186
2022-04-11,Email,97
2022-04-11,Organic Search,674
2022-04-11,Paid Search,611
2022-04-11,Referral,140
2022-04-11,Social,435
2022-04-12,Direct,470
2022-04-12,Email,30
2022-04-12,Organic Search,780
2022-04-12,Paid Search,546
2022-04-12,Referral,53
2022-04-12,Social,594
2022-04-13,Direct,188
2022-04-13,Email,111
2022-04-13,Organic Search,808
2022-04-13,Paid Search,583
2022-04-13,Referral,87
2022-04-13,Social,422
2022-04-14,Direct,480
2022-04-14,Email,109
2022-04-14,Organic Search,533
2022-04-14,Paid Search,609
2022-04-14,Referral,80
2022-04-14,Social,271
2022-04-15,Direct,300
2022-04-15,Email,95
2022-04-15,Organic Search,936
2022-04-15,Paid Search,702
2022-04-15,Referral,52
2022-04-15,Social,380
2022-04-16,Direct,245
2022-04-16,Email,159
2022-04-16,Organic Search,1111
2022-04-16,Paid Search,526
2022-04-16,Referral,119
2022-04-16,Social,547
2022-04-17,Direct,199
2022-04-17,Email,31
2022-04-17,Organic Search,1013
2022-04-17,Paid Search,357
2022-04-17,Referral,133
2022-04-17,Social,1002
2022-04-18,Direct,307
2022-04-18,Email,99
2022-04-18,Organic Search,813
2022-04-18,Paid Search,555
2022-04-18,Referral,226
2022-04-18,Social,725
2022-04-19,Direct,393
2022-04-19,Email,55
2022-04-19,Organic Search,1053
2022-04-19,Paid Search,893
2022-04-19,Referral,80
2022-04-19,Social,876
2022-04-20,Direct,172
2022-04-20,Email,227
2022-04-20,Organic Search,766
2022-04-20,Paid Search,246
2022-04-20,Referral,261
2022-04-20,Social,562
2022-04-21,Direct,374
2022-04-21,Email,62
2022-04-21,Organic Search,706
2022-04-21,Paid Search,306
2022-04-21,Referral,174
2022-04-21,Social,305
2022-04-22,Direct,238
2022-04-22,Email,150
2022-04-22,Organic Search,1094
2022-04-22,Paid Search,285
2022-04-22,Referral,47
2022-04-22,Social,397
2022-04-23,Direct,267
2022-04-23,Email,93
2022-04-23,Organic Search,751
2022-04-23,Paid Search,658
2022-04-23,Referral,112
2022-04-23,Social,573
2022-04-24,Direct,249
2022-04-24,Email,122
2022-04-24,Organic Search,623
2022-04-24,Paid Search,787
2022-04-24,Referral,102
2022-04-24,Social,274
2022-04-25,Direct,273
2022-04-25,Email,90
2022-04-25,Organic Search,850
2022-04-25,Paid Search,780
2022-04-25,Referral,37
2022-04-25,Social,1027
2022-04-26,Direct,693
2022-04-26,Email,149
2022-04-26,Organic Search,651
2022-04-26,Paid Search,322
2022-04-26,Referral,217
2022-04-26,Social,916
2022-04-27,Direct,191
2022-04-27,Email,260
2022-04-27,Organic Search,950
2022-04-27,Paid Search,621
2022-04-27,Referral,54
2022-04-27,Social,244
2022-04-28,Direct,590
2022-04-28,Email,115
2022-04-28,Organic Search,690
2022-04-28,Paid Search,480
2022-04-28,Referral,236
2022-04-28,Social,145
2022-04-29,Direct,256
2022-04-29,Email,48
2022-04-29,Organic Search,528
2022-04-29,Paid Search,400
2022-04-29,Referral,394
2022-04-29,Social,283
2022-04-30,Direct,362
2022-04-30,Email,89
2022-04-30,Organic Search,680
2022-04-30,Paid Search,486
2022-04-30,Referral,70
2022-04-30,Social,509
2022-05-01,Direct,453
2022-05-01,Email,55
2022-05-01,Organic Search,793
2022-05-01,Paid Search,604
2022-05-01,Referral,30
2022-05-01,Social,1153
2022-05-02,Direct,241
2022-05-02,Email,210
2022-05-02,Organic Search,639
2022-05-02,Paid Search,873
2022-05-02,Referral,80
2022-05-02,Social,568
2022-05-03,Direct,257
2022-05-03,Email,187
2022-05-03,Organic Search,735
2022-05-03,Paid Search,665
2022-05-03,Referral,141
2022-05-03,Social,466
2022-05-04,Direct,265
2022-05-04,Email,130
2022-05-04,Organic Search,411
2022-05-04,Paid Search,534
2022-05-04,Referral,15
2022-05-04,Social,604
2022-05-05,Direct,296
2022-05-05,Email,128
2022-05-05,Organic Search,491
2022-05-05,Paid Search,698
2022-05-05,Referral,89
2022-05-05,Social,374
2022-05-06,Direct,146
2022-05-06,Email,91
2022-05-06,Organic Search,848
2022-05-06,Paid Search,1037
2022-05-06,Referral,226
2022-05-06,Social,961
2022-05-07,Direct,569
2022-05-07,Email,246
2022-05-07,Organic Search,1134
2022-05-07,Paid Search,282
2022-05-07,Referral,75
2022-05-07,Social,508
2022-05-08,Direct,197
2022-05-08,Email,265
2022-05-08,Organic Search,867
2022-05-08,Paid Search,605
2022-05-08,Referral,363
2022-05-08,Social,288
2022-05-09,Direct,235
2022-05-09,Email,107
2022-05-09,Organic Search,940
2022-05-09,Paid Search,483
2022-05-09,Referral,191
2022-05-09,Social,251
2022-05-10,Direct,424
2022-05-10,Email,79
2022-05-10,Organic Search,426
2022-05-10,Paid Search,584
2022-05-10,Referral,209
2022-05-10,Social,410
2022-05-11,Direct,341
2022-05-11,Email,114
2022-05-11,Organic Search,848
2022-05-11,Paid Search,500
2022-05-11,Referral,217
2022-05-11,Social,275
2022-05-12,Direct,152
2022-05-12,Email,319
2022-05-12,Organic Search,569
2022-05-12,Paid Search,469
2022-05-12,Referral,68
2022-05-12,Social,266
2022-05-13,Direct,376
2022-05-13,Email,105
2022-05-13,Organic Search,473
2022-05-13,Paid Search,475
2022-05-13,Referral,119
2022-05-13,Social,1052
2022-05-14,Direct,211
2022-05-14,Email,224
2022-05-14,Organic Search,615
2022-05-14,Paid Search,462
2022-05-14,Referral,104
2022-05-14,Social,675
2022-05-15,Direct,281
2022-05-15,Email,148
2022-05-15,Organic Search,832
2022-05-15,Paid Search,452
2022-05-15,Referral,66
2022-05-15,Social,107
2022-05-16,Direct,256
2022-05-16,Email,135
2022-05-16,Organic Search,427
2022-05-16,Paid Search,770
2022-05-16,Referral,78
2022-05-16,Social,529
2022-05-17,Direct,599
2022-05-17,Email,176
2022-05-17,Organic Search,1163
2022-05-17,Paid Search,493
2022-05-17,Referral,209
2022-05-17,Social,563
2022-05-18,Direct,396
2022-05-18,Email,91
2022-05-18,Organic Search,443
2022-05-18,Paid Search,494
2022-05-18,Referral,150
2022-05-18,Social,1328
2022-05-19,Direct,345
2022-05-19,Email,271
2022-05-19,Organic Search,561
2022-05-19,Paid Search,518
2022-05-19,Referral,298
2022-05-19,Social,337
2022-05-20,Direct,246
2022-05-20,Email,52
2022-05-20,Organic Search,651
2022-05-20,Paid Search,730
2022-05-20,Referral,387
2022-05-20,Social,238
2022-05-21,Direct,300
2022-05-21,Email,156
2022-05-21,Organic Search,1036
2022-05-21,Paid Search,513
2022-05-21,Referral,103
2022-05-21,Social,375
2022-05-22,Direct,214
2022-05-22,Email,127
2022-05-22,Organic Search,604
2022-05-22,Paid Search,647
2022-05-22,Referral,156
2022-05-22,Social,372
2022-05-23,Direct,287
2022-05-23,Email,68
2022-05-23,Organic Search,538
2022-05-23,Paid Search,548
2022-05-23,Referral,131
2022-05-23,Social,362
2022-05-24,Direct,353
2022-05-24,Email,27
2022-05-24,Organic Search,827
2022-05-24,Paid Search,419
2022-05-24,Referral,267
2022-05-24,Social,201
2022-05-25,Direct,225
2022-05-25,Email,85
2022-05-25,Organic Search,454
2022-05-25,Paid Search,371
2022-05-25,Referral,127
2022-05-25,Social,747
2022-05-26,Direct,263
2022-05-26,Email,100
2022-05-26,Organic Search,609
2022-05-26,Paid Search,502
2022-05-26,Referral,270
2022-05-26,Social,451
2022-05-27,Direct,307
2022-05-27,Email,85
2022-05-27,Organic Search,990
2022-05-27,Paid Search,603
2022-05-27,Referral,25
2022-05-27,Social,302
2022-05-28,Direct,461
2022-05-28,Email,191
2022-05-28,Organic Search,397
2022-05-28,Paid Search,397
2022-05-28,Referral,469
2022-05-28,Social,1098
2022-05-29,Direct,347
2022-05-29,Email,63
2022-05-29,Organic Search,778
2022-05-29,Paid Search,532
2022-05-29,Referral,155
2022-05-29,Social,343
2022-05-30,Direct,388
2022-05-30,Email,172
2022-05-30,Organic Search,637
2022-05-30,Paid Search,552
2022-05-30,Referral,122
2022-05-30,Social,500
2022-05-31,Direct,206
2022-05-31,Email,61
2022-05-31,Organic Search,1094
2022-05-31,Paid Search,407
2022-05-31,Referral,34
2022-05-31,Social,547
2022-06-01,Direct,495
2022-06-01,Email,72
2022-06-01,Organic Search,1405
2022-06-01,Paid Search,418
2022-06-01,Referral,161
2022-06-01,Social,795
2022-06-02,Direct,173
2022-06-02,Email,113
2022-06-02,Organic Search,618
2022-06-02,Paid Search,505
2022-06-02,Referral,366
2022-06-02,Social,364
2022-06-03,Direct,308
2022-06-03,Email,73
2022-06-03,Organic Search,940
2022-06-03,Paid Search,523
2022-06-03,Referral,158
2022-06-03,Social,172
2022-06-04,Direct,389
2022-06-04,Email,80
2022-06-04,Organic Search,638
2022-06-04,Paid Search,589
2022-06-04,Referral,44
2022-06-04,Social,336
2022-06-05,Direct,412
2022-06-05,Email,128
2022-06-05,Organic Search,545
2022-06-05,Paid Search,255
2022-06-05,Referral,15
2022-06-05,Social,615
2022-06-06,Direct,288
2022-06-06,Email,77
2022-06-06,Organic Search,544
2022-06-06,Paid Search,261
2022-06-06,Referral,141
2022-06-06,Social,526
2022-06-07,Direct,265
2022-06-07,Email,188
2022-06-07,Organic Search,1011
2022-06-07,Paid Search,545
2022-06-07,Referral,568
2022-06-07,Social,474
2022-06-08,Direct,189
2022-06-08,Email,128
2022-06-08,Organic Search,729
2022-06-08,Paid Search,682
2022-06-08,Referral,129
2022-06-08,Social,182
2022-06-09,Direct,465
2022-06-09,Email,137
2022-06-09,Organic Search,711
2022-06-09,Paid Search,474
2022-06-09,Referral,352
2022-06-09,Social,110
2022-06-10,Direct,497
2022-06-10,Email,91
2022-06-10,Organic Search,1318
2022-06-10,Paid Search,778
2022-06-10,Referral,37
2022-06-10,Social,382
2022-06-11,Direct,245
2022-06-11,Email,32
2022-06-11,Organic Search,278
2022-06-11,Paid Search,486
2022-06-11,Referral,71
2022-06-11,Social,305
2022-06-12,Direct,144
2022-06-12,Email,59
2022-06-12,Organic Search,854
2022-06-12,Paid Search,994
2022-06-12,Referral,30
2022-06-12,Social,379
2022-06-13,Direct,536
2022-06-13,Email,136
2022-06-13,Organic Search,760
2022-06-13,Paid Search,481
2022-06-13,Referral,25
2022-06-13,Social,675
2022-06-14,Direct,322
2022-06-14,Email,280
2022-06-14,Organic Search,787
2022-06-14,Paid Search,348
2022-06-14,Referral,27
2022-06-14,Social,774
2022-06-15,Direct,605
2022-06-15,Email,58
2022-06-15,Organic Search,1202
2022-06-15,Paid Search,458
2022-06-15,Referral,357
2022-06-15,Social,348
2022-06-16,Direct,303
2022-06-16,Email,225
2022-06-16,Organic Search,738
2022-06-16,Paid Search,524
2022-06-16,Referral,26
2022-06-16,Social,186
2022-06-17,Direct,315
2022-06-17,Email,75
2022-06-17,Organic Search,731
2022-06-17,Paid Search,452
2022-06-17,Referral,163
2022-06-17,Social,385
2022-06-18,Direct,221
2022-06-18,Email,36
2022-06-18,Organic Search,442
2022-06-18,Paid Search,273
2022-06-18,Referral,200
2022-06-18,Social,1049
2022-06-19,Direct,199
2022-06-19,Email,118
2022-06-19,Organic Search,773
2022-06-19,Paid Search,682
2022-06-19,Referral,218
2022-06-19,Social,726
2022-06-20,Direct,409
2022-06-20,Email,153
2022-06-20,Organic Search,542
2022-06-20,Paid Search,497
2022-06-20,Referral,611
2022-06-20,Social,150
2022-06-21,Direct,186
2022-06-21,Email,54
2022-06-21,Organic Search,558
2022-06-21,Paid Search,1038
2022-06-21,Referral,253
2022-06-21,Social,481
2022-06-22,Direct,376
2022-06-22,Email,122
2022-06-22,Organic Search,840
2022-06-22,Paid Search,573
2022-06-22,Referral,74
2022-06-22,Social,271
2022-06-23,Direct,247
2022-06-23,Email,131
2022-06-23,Organic Search,624
2022-06-23,Paid Search,614
2022-06-23,Referral,153
2022-06-23,Social,495
2022-06-24,Direct,339
2022-06-24,Email,124
2022-06-24,Organic Search,904
2022-06-24,Paid Search,414
2022-06-24,Referral,19
2022-06-24,Social,827
2022-06-25,Direct,374
2022-06-25,Email,80
2022-06-25,Organic Search,529
2022-06-25,Paid Search,478
2022-06-25,Referral,266
2022-06-25,Social,712
2022-06-26,Direct,375
2022-06-26,Email,271
2022-06-26,Organic Search,765
2022-06-26,Paid Search,582
2022-06-26,Referral,18
2022-06-26,Social,531
2022-06-27,Direct,171
2022-06-27,Email,67
2022-06-27,Organic Search,896
2022-06-27,Paid Search,548
2022-06-27,Referral,90
2022-06-27,Social,703
2022-06-28,Direct,188
2022-06-28,Email,67
2022-06-28,Organic Search,730
2022-06-28,Paid Search,1229
2022-06-28,Referral,51
2022-06-28,Social,964
2022-06-29,Direct,260
2022-06-29,Email,122
2022-06-29,Organic Search,929
2022-06-29,Paid Search,582
2022-06-29,Referral,323
2022-06-29,Social,284
2022-06-30,Direct,264
2022-06-30,Email,137
2022-06-30,Organic Search,786
2022-06-30,Paid Search,462
2022-06-30,Referral,112
2022-06-30,Social,333
2022-07-01,Direct,236
2022-07-01,Email,216
2022-07-01,Organic Search,701
2022-07-01,Paid Search,465
2022-07-01,Referral,290
2022-07-01,Social,368
2022-07-02,Direct,186
2022-07-02,Email,94
2022-07-02,Organic Search,765
2022-07-02,Paid Search,523
2022-07-02,Referral,236
2022-07-02,Social,557
2022-07-03,Direct,254
2022-07-03,Email,96
2022-07-03,Organic Search,585
2022-07-03,Paid Search,578
2022-07-03,Referral,221
2022-07-03,Social,910
2022-07-04,Direct,161
2022-07-04,Email,62
2022-07-04,Organic Search,500
2022-07-04,Paid Search,828
2022-07-04,Referral,120
2022-07-04,Social,61
2022-07-05,Direct,276
2022-07-05,Email,55
2022-07-05,Organic Search,734
2022-07-05,Paid Search,377
2022-07-05,Referral,340
2022-07-05,Social,350
2022-07-06,Direct,184
2022-07-06,Email,132
2022-07-06,Organic Search,475
2022-07-06,Paid Search,657
2022-07-06,Referral,238
2022-07-06,Social,892
2022-07-07,Direct,268
2022-07-07,Email,66
2022-07-07,Organic Search,914
2022-07-07,Paid Search,718
2022-07-07,Referral,68
2022-07-07,Social,609
2022-07-08,Direct,353
2022-07-08,Email,188
2022-07-08,Organic Search,1206
2022-07-08,Paid Search,354
2022-07-08,Referral,123
2022-07-08,Social,788
2022-07-09,Direct,339
2022-07-09,Email,200
2022-07-09,Organic Search,851
2022-07-09,Paid Search,382
2022-07-09,Referral,250
2022-07-09,Social,868
2022-07-10,Direct,373
2022-07-10,Email,77
2022-07-10,Organic Search,879
2022-07-10,Paid Search,339
2022-07-10,Referral,25
2022-07-10,Social,583
2022-07-11,Direct,490
2022-07-11,Email,106
2022-07-11,Organic Search,945
2022-07-11,Paid Search,815
2022-07-11,Referral,21
2022-07-11,Social,835
2022-07-12,Direct,190
2022-07-12,Email,159
2022-07-12,Organic Search,717
2022-07-12,Paid Search,699
2022-07-12,Referral,107
2022-07-12,Social,407
2022-07-13,Direct,198
2022-07-13,Email,90
2022-07-13,Organic Search,785
2022-07-13,Paid Search,417
2022-07-13,Referral,272
2022-07-13,Social,764
2022-07-14,Direct,494
2022-07-14,Email,88
2022-07-14,Organic Search,842
2022-07-14,Paid Search,423
2022-07-14,Referral,111
2022-07-14,Social,1376
2022-07-15,Direct,225
2022-07-15,Email,75
2022-07-15,Organic Search,972
2022-07-15,Paid Search,365
2022-07-15,Referral,480
2022-07-15,Social,576
2022-07-16,Direct,158
2022-07-16,Email,121
2022-07-16,Organic Search,844
2022-07-16,Paid Search,414
2022-07-16,Referral,59
2022-07-16,Social,158
2022-07-17,Direct,347
2022-07-17,Email,78
2022-07-17,Organic Search,367
2022-07-17,Paid Search,639
2022-07-17,Referral,71
2022-07-17,Social,746
2022-07-18,Direct,302
2022-07-18,Email,163
2022-07-18,Organic Search,684
2022-07-18,Paid Search,205
2022-07-18,Referral,41
2022-07-18,Social,416
2022-07-19,Direct,227
2022-07-19,Email,69
2022-07-19,Organic Search,862
2022-07-19,Paid Search,841
2022-07-19,Referral,135
2022-07-19,Social,856
2022-07-20,Direct,403
2022-07-20,Email,87
2022-07-20,Organic Search,792
2022-07-20,Paid Search,404
2022-07-20,Referral,184
2022-07-20,Social,304
2022-07-21,Direct,260
2022-07-21,Email,64
2022-07-21,Organic Search,696
2022-07-21,Paid Search,477
2022-07-21,Referral,139
2022-07-21,Social,243
2022-07-22,Direct,348
2022-07-22,Email,105
2022-07-22,Organic Search,806
2022-07-22,Paid Search,615
2022-07-22,Referral,233
2022-07-22,Social,1063
2022-07-23,Direct,369
2022-07-23,Email,70
2022-07-23,Organic Search,1123
2022-07-23,Paid Search,1242
2022-07-23,Referral,77
2022-07-23,Social,192
2022-07-24,Direct,216
2022-07-24,Email,159
2022-07-24,Organic Search,710
2022-07-24,Paid Search,450
2022-07-24,Referral,104
2022-07-24,Social,526
2022-07-25,Direct,310
2022-07-25,Email,163
2022-07-25,Organic Search,940
2022-07-25,Paid Search,1121
2022-07-25,Referral,254
2022-07-25,Social,454
2022-07-26,Direct,189
2022-07-26,Email,269
2022-07-26,Organic Search,593
2022-07-26,Paid Search,345
2022-07-26,Referral,64
2022-07-26,Social,653
2022-07-27,Direct,254
2022-07-27,Email,194
2022-07-27,Organic Search,571
2022-07-27,Paid Search,437
2022-07-27,Referral,141
2022-07-27,Social,922
2022-07-28,Direct,330
2022-07-28,Email,265
2022-07-28,Organic Search,727
2022-07-28,Paid Search,660
2022-07-28,Referral,54
2022-07-28,Social,711
2022-07-29,Direct,352
2022-07-29,Email,33
2022-07-29,Organic Search,878
2022-07-29,Paid Search,689
2022-07-29,Referral,116
2022-07-29,Social,491
2022-07-30,Direct,165
2022-07-30,Email,61
2022-07-30,Organic Search,405
2022-07-30,Paid Search,453
2022-07-30,Referral,45
2022-07-30,Social,886
2022-07-31,Direct,358
2022-07-31,Email,118
2022-07-31,Organic Search,991
2022-07-31,Paid Search,1213
2022-07-31,Referral,27
2022-07-31,Social,647
2022-08-01,Direct,336
2022-08-01,Email,42
2022-08-01,Organic Search,756
2022-08-01,Paid Search,615
2022-08-01,Referral,222
2022-08-01,Social,188
2022-08-02,Direct,349
2022-08-02,Email,134
2022-08-02,Organic Search,741
2022-08-02,Paid Search,613
2022-08-02,Referral,156
2022-08-02,Social,501
2022-08-03,Direct,275
2022-08-03,Email,122
2022-08-03,Organic Search,652
2022-08-03,Paid Search,984
2022-08-03,Referral,29
2022-08-03,Social,278
2022-08-04,Direct,351
2022-08-04,Email,58
2022-08-04,Organic Search,574
2022-08-04,Paid Search,733
2022-08-04,Referral,104
2022-08-04,Social,1164
2022-08-05,Direct,408
2022-08-05,Email,95
2022-08-05,Organic Search,644
2022-08-05,Paid Search,476
2022-08-05,Referral,93
2022-08-05,Social,653
2022-08-06,Direct,176
2022-08-06,Email,105
2022-08-06,Organic Search,768
2022-08-06,Paid Search,509
2022-08-06,Referral,415
2022-08-06,Social,1202
2022-08-07,Direct,281
2022-08-07,Email,199
2022-08-07,Organic Search,941
2022-08-07,Paid Search,501
2022-08-07,Referral,52
2022-08-07,Social,476
2022-08-08,Direct,268
2022-08-08,Email,155
2022-08-08,Organic Search,1196
2022-08-08,Paid Search,395
2022-08-08,Referral,31
2022-08-08,Social,529
2022-08-09,Direct,352
2022-08-09,Email,82
2022-08-09,Organic Search,441
2022-08-09,Paid Search,251
2022-08-09,Referral,245
2022-08-09,Social,767
2022-08-10,Direct,399
2022-08-10,Email,61
2022-08-10,Organic Search,661
2022-08-10,Paid Search,621
2022-08-10,Referral,155
2022-08-10,Social,301
2022-08-11,Direct,217
2022-08-11,Email,62
2022-08-11,Organic Search,1079
2022-08-11,Paid Search,558
2022-08-11,Referral,226
2022-08-11,Social,496
2022-08-12,Direct,197
2022-08-12,Email,120
2022-08-12,Organic Search,684
2022-08-12,Paid Search,602
2022-08-12,Referral,64
2022-08-12,Social,762
2022-08-13,Direct,321
2022-08-13,Email,364
2022-08-13,Organic Search,532
2022-08-13,Paid Search,423
2022-08-13,Referral,68
2022-08-13,Social,492
2022-08-14,Direct,346
2022-08-14,Email,82
2022-08-14,Organic Search,521
2022-08-14,Paid Search,567
2022-08-14,Referral,102
2022-08-14,Social,284
2022-08-15,Direct,322
2022-08-15,Email,68
2022-08-15,Organic Search,617
2022-08-15,Paid Search,380
2022-08-15,Referral,209
2022-08-15,Social,627
2022-08-16,Direct,418
2022-08-16,Email,98
2022-08-16,Organic Search,846
2022-08-16,Paid Search,351
2022-08-16,Referral,305
2022-08-16,Social,527
2022-08-17,Direct,282
2022-08-17,Email,89
2022-08-17,Organic Search,679
2022-08-17,Paid Search,677
2022-08-17,Referral,122
2022-08-17,Social,242
2022-08-18,Direct,164
2022-08-18,Email,154
2022-08-18,Organic Search,1051
2022-08-18,Paid Search,961
2022-08-18,Referral,396
2022-08-18,Social,402
2022-08-19,Direct,334
2022-08-19,Email,33
2022-08-19,Organic Search,504
2022-08-19,Paid Search,430
2022-08-19,Referral,91
2022-08-19,Social,396
2022-08-20,Direct,204
2022-08-20,Email,183
2022-08-20,Organic Search,904
2022-08-20,Paid Search,445
2022-08-20,Referral,47
2022-08-20,Social,477
2022-08-21,Direct,408
2022-08-21,Email,165
2022-08-21,Organic Search,1120
2022-08-21,Paid Search,796
2022-08-21,Referral,79
2022-08-21,Social,216
2022-08-22,Direct,333
2022-08-22,Email,59
2022-08-22,Organic Search,1153
2022-08-22,Paid Search,698
2022-08-22,Referral,161
2022-08-22,Social,700
2022-08-23,Direct,363
2022-08-23,Email,56
2022-08-23,Organic Search,940
2022-08-23,Paid Search,679
2022-08-23,Referral,137
2022-08-23,Social,585
2022-08-24,Direct,616
2022-08-24,Email,131
2022-08-24,Organic Search,965
2022-08-24,Paid Search,884
2022-08-24,Referral,290
2022-08-24,Social,333
2022-08-25,Direct,235
2022-08-25,Email,185
2022-08-25,Organic Search,714
2022-08-25,Paid Search,585
2022-08-25,Referral,115
2022-08-25,Social,551
2022-08-26,Direct,182
2022-08-26,Email,185
2022-08-26,Organic Search,701
2022-08-26,Paid Search,358
2022-08-26,Referral,68
2022-08-26,Social,748
2022-08-27,Direct,368
2022-08-27,Email,112
2022-08-27,Organic Search,1123
2022-08-27,Paid Search,544
2022-08-27,Referral,95
2022-08-27,Social,696
2022-08-28,Direct,413
2022-08-28,Email,46
2022-08-28,Organic Search,801
2022-08-28,Paid Search,436
2022-08-28,Referral,69
2022-08-28,Social,604
2022-08-29,Direct,255
2022-08-29,Email,184
2022-08-29,Organic Search,817
2022-08-29,Paid Search,355
2022-08-29,Referral,197
2022-08-29,Social,266
2022-08-30,Direct,166
2022-08-30,Email,83
2022-08-30,Organic Search,1336
2022-08-30,Paid Search,406
2022-08-30,Referral,264
2022-08-30,Social,393
2022-08-31,Direct,385
2022-08-31,Email,169
2022-08-31,Organic Search,1273
2022-08-31,Paid Search,707
2022-08-31,Referral,93
2022-08-31,Social,621
2022-09-01,Direct,238
2022-09-01,Email,42
2022-09-01,Organic Search,956
2022-09-01,Paid Search,494
2022-09-01,Referral,433
2022-09-01,Social,1110
2022-09-02,Direct,363
2022-09-02,Email,126
2022-09-02,Organic Search,607
2022-09-02,Paid Search,659
2022-09-02,Referral,468
2022-09-02,Social,635
2022-09-03,Direct,161
2022-09-03,Email,224
2022-09-03,Organic Search,585
2022-09-03,Paid Search,961
2022-09-03,Referral,102
2022-09-03,Social,566
2022-09-04,Direct,240
2022-09-04,Email,57
2022-09-04,Organic Search,486
2022-09-04,Paid Search,490
2022-09-04,Referral,145
2022-09-04,Social,624
2022-09-05,Direct,300
2022-09-05,Email,64
2022-09-05,Organic Search,697
2022-09-05,Paid Search,326
2022-09-05,Referral,78
2022-09-05,Social,1279
2022-09-06,Direct,504
2022-09-06,Email,66
2022-09-06,Organic Search,483
2022-09-06,Paid Search,252
2022-09-06,Referral,209
2022-09-06,Social,503
2022-09-07,Direct,115
2022-09-07,Email,62
2022-09-07,Organic Search,632
2022-09-07,Paid Search,1049
2022-09-07,Referral,15
2022-09-07,Social,700
2022-09-08,Direct,314
2022-09-08,Email,141
2022-09-08,Organic Search,963
2022-09-08,Paid Search,630
2022-09-08,Referral,93
2022-09-08,Social,383
2022-09-09,Direct,333
2022-09-09,Email,88
2022-09-09,Organic Search,664
2022-09-09,Paid Search,652
2022-09-09,Referral,165
2022-09-09,Social,623
2022-09-10,Direct,404
2022-09-10,Email,158
2022-09-10,Organic Search,731
2022-09-10,Paid Search,821
2022-09-10,Referral,15
2022-09-10,Social,189
2022-09-11,Direct,412
2022-09-11,Email,134
2022-09-11,Organic Search,872
2022-09-11,Paid Search,809
2022-09-11,Referral,73
2022-09-11,Social,474
2022-09-12,Direct,244
2022-09-12,Email,164
2022-09-12,Organic Search,947
2022-09-12,Paid Search,649
2022-09-12,Referral,91
2022-09-12,Social,1049
2022-09-13,Direct,480
2022-09-13,Email,175
2022-09-13,Organic Search,1095
2022-09-13,Paid Search,666
2022-09-13,Referral,53
2022-09-13,Social,550
2022-09-14,Direct,382
2022-09-14,Email,129
2022-09-14,Organic Search,680
2022-09-14,Paid Search,417
2022-09-14,Referral,72
2022-09-14,Social,195
2022-09-15,Direct,326
2022-09-15,Email,74
2022-09-15,Organic Search,1165
2022-09-15,Paid Search,538
2022-09-15,Referral,392
2022-09-15,Social,888
2022-09-16,Direct,433
2022-09-16,Email,109
2022-09-16,Organic Search,879
2022-09-16,Paid Search,893
2022-09-16,Referral,58
2022-09-16,Social,803
2022-09-17,Direct,177
2022-09-17,Email,119
2022-09-17,Organic Search,530
2022-09-17,Paid Search,381
2022-09-17,Referral,81
2022-09-17,Social,452
2022-09-18,Direct,176
2022-09-18,Email,97
2022-09-18,Organic Search,872
2022-09-18,Paid Search,390
2022-09-18,Referral,52
2022-09-18,Social,878
2022-09-19,Direct,378
2022-09-19,Email,42
2022-09-19,Organic Search,793
2022-09-19,Paid Search,696
2022-09-19,Referral,274
2022-09-19,Social,1015
2022-09-20,Direct,453
2022-09-20,Email,114
2022-09-20,Organic Search,720
2022-09-20,Paid Search,354
2022-09-20,Referral,409
2022-09-20,Social,428
2022-09-21,Direct,216
2022-09-21,Email,101
2022-09-21,Organic Search,641
2022-09-21,Paid Search,490
2022-09-21,Referral,104
2022-09-21,Social,928
2022-09-22,Direct,242
2022-09-22,Email,23
2022-09-22,Organic Search,967
2022-09-22,Paid Search,341
2022-09-22,Referral,210
2022-09-22,Social,820
2022-09-23,Direct,159
2022-09-23,Email,86
2022-09-23,Organic Search,818
2022-09-23,Paid Search,1187
2022-09-23,Referral,100
2022-09-23,Social,302
2022-09-24,Direct,350
2022-09-24,Email,95
2022-09-24,Organic Search,979
2022-09-24,Paid Search,887
2022-09-24,Referral,112
2022-09-24,Social,166
2022-09-25,Direct,447
2022-09-25,Email,98
2022-09-25,Organic Search,693
2022-09-25,Paid Search,590
2022-09-25,Referral,15
2022-09-25,Social,554
2022-09-26,Direct,144
2022-09-26,Email,220
2022-09-26,Organic Search,654
2022-09-26,Paid Search,588
2022-09-26,Referral,47
2022-09-26,Social,327
2022-09-27,Direct,263
2022-09-27,Email,74
2022-09-27,Organic Search,857
2022-09-27,Paid Search,476
2022-09-27,Referral,15
2022-09-27,Social,936
2022-09-28,Direct,375
2022-09-28,Email,42
2022-09-28,Organic Search,977
2022-09-28,Paid Search,511
2022-09-28,Referral,386
2022-09-28,Social,452
2022-09-29,Direct,647
2022-09-29,Email,158
2022-09-29,Organic Search,854
2022-09-29,Paid Search,652
2022-09-29,Referral,182
2022-09-29,Social,287
2022-09-30,Direct,269
2022-09-30,Email,97
2022-09-30,Organic Search,1123
2022-09-30,Paid Search,247
2022-09-30,Referral,250
2022-09-30,Social,484
2022-10-01,Direct,373
2022-10-01,Email,20
2022-10-01,Organic Search,804
2022-10-01,Paid Search,376
2022-10-01,Referral,406
2022-10-01,Social,336
2022-10-02,Direct,261
2022-10-02,Email,120
2022-10-02,Organic Search,779
2022-10-02,Paid Search,644
2022-10-02,Referral,98
2022-10-02,Social,646
2022-10-03,Direct,101
2022-10-03,Email,241
2022-10-03,Organic Search,564
2022-10-03,Paid Search,319
2022-10-03,Referral,186
2022-10-03,Social,556
2022-10-04,Direct,334
2022-10-04,Email,331
2022-10-04,Organic Search,787
2022-10-04,Paid Search,500
2022-10-04,Referral,20
2022-10-04,Social,580
2022-10-05,Direct,604
2022-10-05,Email,198
2022-10-05,Organic Search,534
2022-10-05,Paid Search,1050
2022-10-05,Referral,76
2022-10-05,Social,391
2022-10-06,Direct,705
2022-10-06,Email,124
2022-10-06,Organic Search,345
2022-10-06,Paid Search,857
2022-10-06,Referral,77
2022-10-06,Social,433
2022-10-07,Direct,243
2022-10-07,Email,194
2022-10-07,Organic Search,1071
2022-10-07,Paid Search,898
2022-10-07,Referral,67
2022-10-07,Social,227
2022-10-08,Direct,383
2022-10-08,Email,63
2022-10-08,Organic Search,704
2022-10-08,Paid Search,571
2022-10-08,Referral,30
2022-10-08,Social,389
2022-10-09,Direct,419
2022-10-09,Email,94
2022-10-09,Organic Search,1114
2022-10-09,Paid Search,496
2022-10-09,Referral,86
2022-10-09,Social,446
2022-10-10,Direct,382
2022-10-10,Email,178
2022-10-10,Organic Search,895
2022-10-10,Paid Search,481
2022-10-10,Referral,174
2022-10-10,Social,1033
2022-10-11,Direct,322
2022-10-11,Email,179
2022-10-11,Organic Search,647
2022-10-11,Paid Search,664
2022-10-11,Referral,251
2022-10-11,Social,899
2022-10-12,Direct,366
2022-10-12,Email,251
2022-10-12,Organic Search,898
2022-10-12,Paid Search,331
2022-10-12,Referral,145
2022-10-12,Social,634
2022-10-13,Direct,239
2022-10-13,Email,43
2022-10-13,Organic Search,612
2022-10-13,Paid Search,1130
2022-10-13,Referral,181
2022-10-13,Social,386
2022-10-14,Direct,334
2022-10-14,Email,256
2022-10-14,Organic Search,519
2022-10-14,Paid Search,445
2022-10-14,Referral,221
2022-10-14,Social,980
2022-10-15,Direct,350
2022-10-15,Email,61
2022-10-15,Organic Search,958
2022-10-15,Paid Search,536
2022-10-15,Referral,49
2022-10-15,Social,733
2022-10-16,Direct,434
2022-10-16,Email,31
2022-10-16,Organic Search,436
2022-10-16,Paid Search,371
2022-10-16,Referral,67
2022-10-16,Social,510
2022-10-17,Direct,223
2022-10-17,Email,66
2022-10-17,Organic Search,492
2022-10-17,Paid Search,418
2022-10-17,Referral,97
2022-10-17,Social,484
2022-10-18,Direct,429
2022-10-18,Email,141
2022-10-18,Organic Search,1157
2022-10-18,Paid Search,784
2022-10-18,Referral,102
2022-10-18,Social,443
2022-10-19,Direct,460
2022-10-19,Email,86
2022-10-19,Organic Search,520
2022-10-19,Paid Search,516
2022-10-19,Referral,99
2022-10-19,Social,510
2022-10-20,Direct,313
2022-10-20,Email,92
2022-10-20,Organic Search,759
2022-10-20,Paid Search,562
2022-10-20,Referral,343
2022-10-20,Social,630
2022-10-21,Direct,398
2022-10-21,Email,240
2022-10-21,Organic Search,767
2022-10-21,Paid Search,393
2022-10-21,Referral,497
2022-10-21,Social,601
2022-10-22,Direct,295
2022-10-22,Email,150
2022-10-22,Organic Search,767
2022-10-22,Paid Search,887
2022-10-22,Referral,101
2022-10-22,Social,714
2022-10-23,Direct,332
2022-10-23,Email,168
2022-10-23,Organic Search,327
2022-10-23,Paid Search,492
2022-10-23,Referral,272
2022-10-23,Social,1187
2022-10-24,Direct,269
2022-10-24,Email,90
2022-10-24,Organic Search,665
2022-10-24,Paid Search,517
2022-10-24,Referral,31
2022-10-24,Social,764
2022-10-25,Direct,232
2022-10-25,Email,61
2022-10-25,Organic Search,636
2022-10-25,Paid Search,821
2022-10-25,Referral,141
2022-10-25,Social,984
2022-10-26,Direct,328
2022-10-26,Email,191
2022-10-26,Organic Search,614
2022-10-26,Paid Search,790
2022-10-26,Referral,106
2022-10-26,Social,555
2022-10-27,Direct,266
2022-10-27,Email,212
2022-10-27,Organic Search,542
2022-10-27,Paid Search,681
2022-10-27,Referral,128
2022-10-27,Social,387
2022-10-28,Direct,491
2022-10-28,Email,36
2022-10-28,Organic Search,757
2022-10-28,Paid Search,480
2022-10-28,Referral,256
2022-10-28,Social,339
2022-10-29,Direct,396
2022-10-29,Email,66
2022-10-29,Organic Search,618
2022-10-29,Paid Search,570
2022-10-29,Referral,75
2022-10-29,Social,516
2022-10-30,Direct,286
2022-10-30,Email,146
2022-10-30,Organic Search,601
2022-10-30,Paid Search,643
2022-10-30,Referral,172
2022-10-30,Social,519
2022-10-31,Direct,297
2022-10-31,Email,75
2022-10-31,Organic Search,1055
2022-10-31,Paid Search,894
2022-10-31,Referral,40
2022-10-31,Social,939
2022-11-01,Direct,312
2022-11-01,Email,153
2022-11-01,Organic Search,1205
2022-11-01,Paid Search,687
2022-11-01,Referral,192
2022-11-01,Social,268
2022-11-02,Direct,349
2022-11-02,Email,81
2022-11-02,Organic Search,596
2022-11-02,Paid Search,1075
2022-11-02,Referral,106
2022-11-02,Social,551
2022-11-03,Direct,401
2022-11-03,Email,171
2022-11-03,Organic Search,500
2022-11-03,Paid Search,364
2022-11-03,Referral,217
2022-11-03,Social,859
2022-11-04,Direct,283
2022-11-04,Email,212
2022-11-04,Organic Search,430
2022-11-04,Paid Search,808
2022-11-04,Referral,102
2022-11-04,Social,935
2022-11-05,Direct,371
2022-11-05,Email,101
2022-11-05,Organic Search,803
2022-11-05,Paid Search,565
2022-11-05,Referral,208
2022-11-05,Social,518
2022-11-06,Direct,302
2022-11-06,Email,116
2022-11-06,Organic Search,725
2022-11-06,Paid Search,465
2022-11-06,Referral,86
2022-11-06,Social,1106
2022-11-07,Direct,187
2022-11-07,Email,43
2022-11-07,Organic Search,720
2022-11-07,Paid Search,595
2022-11-07,Referral,214
2022-11-07,Social,575
2022-11-08,Direct,475
2022-11-08,Email,153
2022-11-08,Organic Search,525
2022-11-08,Paid Search,210
2022-11-08,Referral,39
2022-11-08,Social,1057
2022-11-09,Direct,376
2022-11-09,Email,166
2022-11-09,Organic Search,700
2022-11-09,Paid Search,674
2022-11-09,Referral,298
2022-11-09,Social,440
2022-11-10,Direct,382
2022-11-10,Email,187
2022-11-10,Organic Search,491
2022-11-10,Paid Search,288
2022-11-10,Referral,279
2022-11-10,Social,169
2022-11-11,Direct,279
2022-11-11,Email,34
2022-11-11,Organic Search,554
2022-11-11,Paid Search,400
2022-11-11,Referral,399
2022-11-11,Social,440
2022-11-12,Direct,320
2022-11-12,Email,90
2022-11-12,Organic Search,524
2022-11-12,Paid Search,638
2022-11-12,Referral,74
2022-11-12,Social,359
2022-11-13,Direct,288
2022-11-13,Email,118
2022-11-13,Organic Search,957
2022-11-13,Paid Search,685
2022-11-13,Referral,90
2022-11-13,Social,427
2022-11-14,Direct,206
2022-11-14,Email,45
2022-11-14,Organic Search,763
2022-11-14,Paid Search,346
2022-11-14,Referral,83
2022-11-14,Social,763
2022-11-15,Direct,331
2022-11-15,Email,64
2022-11-15,Organic Search,962
2022-11-15,Paid Search,324
2022-11-15,Referral,80
2022-11-15,Social,288
2022-11-16,Direct,645
2022-11-16,Email,78
2022-11-16,Organic Search,1121
2022-11-16,Paid Search,442
2022-11-16,Referral,83
2022-11-16,Social,258
2022-11-17,Direct,524
2022-11-17,Email,115
2022-11-17,Organic Search,732
2022-11-17,Paid Search,279
2022-11-17,Referral,182
2022-11-17,Social,511
2022-11-18,Direct,484
2022-11-18,Email,223
2022-11-18,Organic Search,787
2022-11-18,Paid Search,118
2022-11-18,Referral,158
2022-11-18,Social,273
2022-11-19,Direct,347
2022-11-19,Email,49
2022-11-19,Organic Search,624
2022-11-19,Paid Search,395
2022-11-19,Referral,121
2022-11-19,Social,648
2022-11-20,Direct,182
2022-11-20,Email,205
2022-11-20,Organic Search,412
2022-11-20,Paid Search,308
2022-11-20,Referral,280
2022-11-20,Social,250
2022-11-21,Direct,256
2022-11-21,Email,115
2022-11-21,Organic Search,676
2022-11-21,Paid Search,537
2022-11-21,Referral,473
2022-11-21,Social,155
2022-11-22,Direct,280
2022-11-22,Email,68
2022-11-22,Organic Search,623
2022-11-22,Paid Search,411
2022-11-22,Referral,51
2022-11-22,Social,508
2022-11-23,Direct,417
2022-11-23,Email,138
2022-11-23,Organic Search,907
2022-11-23,Paid Search,876
2022-11-23,Referral,168
2022-11-23,Social,330
2022-11-24,Direct,307
2022-11-24,Email,106
2022-11-24,Organic Search,884
2022-11-24,Paid Search,481
2022-11-24,Referral,91
2022-11-24,Social,797
2022-11-25,Direct,558
2022-11-25,Email,76
2022-11-25,Organic Search,744
2022-11-25,Paid Search,522
2022-11-25,Referral,305
2022-11-25,Social,349
2022-11-26,Direct,298
2022-11-26,Email,252
2022-11-26,Organic Search,224
2022-11-26,Paid Search,824
2022-11-26,Referral,115
2022-11-26,Social,834
2022-11-27,Direct,262
2022-11-27,Email,84
2022-11-27,Organic Search,617
2022-11-27,Paid Search,573
2022-11-27,Referral,27
2022-11-27,Social,422
2022-11-28,Direct,428
2022-11-28,Email,72
2022-11-28,Organic Search,998
2022-11-28,Paid Search,944
2022-11-28,Referral,165
2022-11-28,Social,804
2022-11-29,Direct,223
2022-11-29,Email,90
2022-11-29,Organic Search,895
2022-11-29,Paid Search,489
2022-11-29,Referral,93
2022-11-29,Social,264
2022-11-30,Direct,485
2022-11-30,Email,142
2022-11-30,Organic Search,523
2022-11-30,Paid Search,497
2022-11-30,Referral,102
2022-11-30,Social,663
2022-12-01,Direct,216
2022-12-01,Email,68
2022-12-01,Organic Search,752
2022-12-01,Paid Search,815
2022-12-01,Referral,45
2022-12-01,Social,617
2022-12-02,Direct,384
2022-12-02,Email,243
2022-12-02,Organic Search,702
2022-12-02,Paid Search,497
2022-12-02,Referral,108
2022-12-02,Social,671
2022-12-03,Direct,295
2022-12-03,Email,174
2022-12-03,Organic Search,1164
2022-12-03,Paid Search,717
2022-12-03,Referral,84
2022-12-03,Social,490
2022-12-04,Direct,238
2022-12-04,Email,127
2022-12-04,Organic Search,643
2022-12-04,Paid Search,531
2022-12-04,Referral,132
2022-12-04,Social,256
2022-12-05,Direct,505
2022-12-05,Email,197
2022-12-05,Organic Search,500
2022-12-05,Paid Search,958
2022-12-05,Referral,127
2022-12-05,Social,333
2022-12-06,Direct,251
2022-12-06,Email,48
2022-12-06,Organic Search,886
2022-12-06,Paid Search,670
2022-12-06,Referral,182
2022-12-06,Social,900
2022-12-07,Direct,434
2022-12-07,Email,194
2022-12-07,Organic Search,873
2022-12-07,Paid Search,702
2022-12-07,Referral,326
2022-12-07,Social,123
2022-12-08,Direct,248
2022-12-08,Email,50
2022-12-08,Organic Search,1134
2022-12-08,Paid Search,715
2022-12-08,Referral,114
2022-12-08,Social,499
2022-12-09,Direct,301
2022-12-09,Email,147
2022-12-09,Organic Search,486
2022-12-09,Paid Search,929
2022-12-09,Referral,35
2022-12-09,Social,189
2022-12-10,Direct,279
2022-12-10,Email,72
2022-12-10,Organic Search,650
2022-12-10,Paid Search,314
2022-12-10,Referral,155
2022-12-10,Social,296
2022-12-11,Direct,368
2022-12-11,Email,47
2022-12-11,Organic Search,1018
2022-12-11,Paid Search,386
2022-12-11,Referral,75
2022-12-11,Social,356
2022-12-12,Direct,362
2022-12-12,Email,84
2022-12-12,Organic Search,806
2022-12-12,Paid Search,524
2022-12-12,Referral,25
2022-12-12,Social,312
2022-12-13,Direct,465
2022-12-13,Email,20
2022-12-13,Organic Search,1329
2022-12-13,Paid Search,472
2022-12-13,Referral,44
2022-12-13,Social,788
2022-12-14,Direct,280
2022-12-14,Email,39
2022-12-14,Organic Search,449
2022-12-14,Paid Search,842
2022-12-14,Referral,107
2022-12-14,Social,217
2022-12-15,Direct,438
2022-12-15,Email,153
2022-12-15,Organic Search,465
2022-12-15,Paid Search,323
2022-12-15,Referral,158
2022-12-15,Social,314
2022-12-16,Direct,258
2022-12-16,Email,77
2022-12-16,Organic Search,534
2022-12-16,Paid Search,438
2022-12-16,Referral,21
2022-12-16,Social,684
2022-12-17,Direct,309
2022-12-17,Email,159
2022-12-17,Organic Search,683
2022-12-17,Paid Search,518
2022-12-17,Referral,139
2022-12-17,Social,723
2022-12-18,Direct,363
2022-12-18,Email,86
2022-12-18,Organic Search,688
2022-12-18,Paid Search,485
2022-12-18,Referral,146
2022-12-18,Social,568
2022-12-19,Direct,283
2022-12-19,Email,126
2022-12-19,Organic Search,741
2022-12-19,Paid Search,443
2022-12-19,Referral,82
2022-12-19,Social,378
2022-12-20,Direct,295
2022-12-20,Email,272
2022-12-20,Organic Search,734
2022-12-20,Paid Search,558
2022-12-20,Referral,57
2022-12-20,Social,684
2022-12-21,Direct,445
2022-12-21,Email,194
2022-12-21,Organic Search,809
2022-12-21,Paid Search,366
2022-12-21,Referral,272
2022-12-21,Social,329
2022-12-22,Direct,232
2022-12-22,Email,145
2022-12-22,Organic Search,733
2022-12-22,Paid Search,456
2022-12-22,Referral,377
2022-12-22,Social,714
2022-12-23,Direct,372
2022-12-23,Email,92
2022-12-23,Organic Search,891
2022-12-23,Paid Search,395
2022-12-23,Referral,227
2022-12-23,Social,581
2022-12-24,Direct,275
2022-12-24,Email,269
2022-12-24,Organic Search,595
2022-12-24,Paid Search,237
2022-12-24,Referral,112
2022-12-24,Social,1328
2022-12-25,Direct,227
2022-12-25,Email,168
2022-12-25,Organic Search,865
2022-12-25,Paid Search,438
2022-12-25,Referral,92
2022-12-25,Social,248
2022-12-26,Direct,163
2022-12-26,Email,64
2022-12-26,Organic Search,565
2022-12-26,Paid Search,1194
2022-12-26,Referral,193
2022-12-26,Social,591
2022-12-27,Direct,175
2022-12-27,Email,226
2022-12-27,Organic Search,908
2022-12-27,Paid Search,1469
2022-12-27,Referral,24
2022-12-27,Social,630
2022-12-28,Direct,386
2022-12-28,Email,135
2022-12-28,Organic Search,974
2022-12-28,Paid Search,652
2022-12-28,Referral,212
2022-12-28,Social,936
2022-12-29,Direct,166
2022-12-29,Email,237
2022-12-29,Organic Search,964
2022-12-29,Paid Search,768
2022-12-29,Referral,122
2022-12-29,Social,747
2022-12-30,Direct,295
2022-12-30,Email,96
2022-12-30,Organic Search,598
2022-12-30,Paid Search,193
2022-12-30,Referral,229
2022-12-30,Social,959
2022-12-31,Direct,303
2022-12-31,Email,82
2022-12-31,Organic Search,933
2022-12-31,Paid Search,570
2022-12-31,Referral,140
2022-12-31,Social,383
2023-01-01,Direct,530
2023-01-01,Email,178
2023-01-01,Organic Search,540
2023-01-01,Paid Search,640
2023-01-01,Referral,33
2023-01-01,Social,454
2023-01-02,Direct,286
2023-01-02,Email,77
2023-01-02,Organic Search,1053
2023-01-02,Paid Search,609
2023-01-02,Referral,208
2023-01-02,Social,858
2023-01-03,Direct,392
2023-01-03,Email,169
2023-01-03,Organic Search,1333
2023-01-03,Paid Search,840
2023-01-03,Referral,152
2023-01-03,Social,572
2023-01-04,Direct,676
2023-01-04,Email,74
2023-01-04,Organic Search,893
2023-01-04,Paid Search,997
2023-01-04,Referral,35
2023-01-04,Social,694
2023-01-05,Direct,304
2023-01-05,Email,300
2023-01-05,Organic Search,603
2023-01-05,Paid Search,339
2023-01-05,Referral,84
2023-01-05,Social,1691
2023-01-06,Direct,370
2023-01-06,Email,82
2023-01-06,Organic Search,1163
2023-01-06,Paid Search,698
2023-01-06,Referral,284
2023-01-06,Social,816
2023-01-07,Direct,327
2023-01-07,Email,188
2023-01-07,Organic Search,944
2023-01-07,Paid Search,877
2023-01-07,Referral,275
2023-01-07,Social,152
2023-01-08,Direct,296
2023-01-08,Email,177
2023-01-08,Organic Search,1314
2023-01-08,Paid Search,411
2023-01-08,Referral,62
2023-01-08,Social,524
2023-01-09,Direct,299
2023-01-09,Email,60
2023-01-09,Organic Search,1169
2023-01-09,Paid Search,616
2023-01-09,Referral,65
2023-01-09,Social,461
2023-01-10,Direct,454
2023-01-10,Email,149
2023-01-10,Organic Search,784
2023-01-10,Paid Search,659
2023-01-10,Referral,315
2023-01-10,Social,1290
2023-01-11,Direct,327
2023-01-11,Email,188
2023-01-11,Organic Search,1716
2023-01-11,Paid Search,497
2023-01-11,Referral,93
2023-01-11,Social,530
2023-01-12,Direct,223
2023-01-12,Email,204
2023-01-12,Organic Search,986
2023-01-12,Paid Search,387
2023-01-12,Referral,367
2023-01-12,Social,244
2023-01-13,Direct,251
2023-01-13,Email,178
2023-01-13,Organic Search,1103
2023-01-13,Paid Search,474
2023-01-13,Referral,185
2023-01-13,Social,287
2023-01-14,Direct,351
2023-01-14,Email,49
2023-01-14,Organic Search,721
2023-01-14,Paid Search,560
2023-01-14,Referral,498
2023-01-14,Social,650
2023-01-15,Direct,252
2023-01-15,Email,105
2023-01-15,Organic Search,1009
2023-01-15,Paid Search,883
2023-01-15,Referral,314
2023-01-15,Social,412
2023-01-16,Direct,492
2023-01-16,Email,199
2023-01-16,Organic Search,1198
2023-01-16,Paid Search,261
2023-01-16,Referral,55
2023-01-16,Social,334
2023-01-17,Direct,603
2023-01-17,Email,81
2023-01-17,Organic Search,1099
2023-01-17,Paid Search,397
2023-01-17,Referral,166
2023-01-17,Social,757
2023-01-18,Direct,406
2023-01-18,Email,226
2023-01-18,Organic Search,1454
2023-01-18,Paid Search,654
2023-01-18,Referral,56
2023-01-18,Social,748
2023-01-19,Direct,601
2023-01-19,Email,291
2023-01-19,Organic Search,1123
2023-01-19,Paid Search,499
2023-01-19,Referral,119
2023-01-19,Social,715
2023-01-20,Direct,527
2023-01-20,Email,111
2023-01-20,Organic Search,993
2023-01-20,Paid Search,430
2023-01-20,Referral,283
2023-01-20,Social,865
2023-01-21,Direct,306
2023-01-21,Email,158
2023-01-21,Organic Search,841
2023-01-21,Paid Search,594
2023-01-21,Referral,283
2023-01-21,Social,855
2023-01-22,Direct,635
2023-01-22,Email,167
2023-01-22,Organic Search,770
2023-01-22,Paid Search,575
2023-01-22,Referral,140
2023-01-22,Social,633
2023-01-23,Direct,544
2023-01-23,Email,203
2023-01-23,Organic Search,491
2023-01-23,Paid Search,416
2023-01-23,Referral,187
2023-01-23,Social,546
2023-01-24,Direct,494
2023-01-24,Email,181
2023-01-24,Organic Search,1058
2023-01-24,Paid Search,409
2023-01-24,Referral,282
2023-01-24,Social,665
2023-01-25,Direct,259
2023-01-25,Email,163
2023-01-25,Organic Search,968
2023-01-25,Paid Search,507
2023-01-25,Referral,300
2023-01-25,Social,854
2023-01-26,Direct,475
2023-01-26,Email,58
2023-01-26,Organic Search,772
2023-01-26,Paid Search,591
2023-01-26,Referral,365
2023-01-26,Social,334
2023-01-27,Direct,344
2023-01-27,Email,76
2023-01-27,Organic Search,1620
2023-01-27,Paid Search,491
2023-01-27,Referral,86
2023-01-27,Social,883
2023-01-28,Direct,243
2023-01-28,Email,219
2023-01-28,Organic Search,765
2023-01-28,Paid Search,437
2023-01-28,Referral,97
2023-01-28,Social,203
2023-01-29,Direct,267
2023-01-29,Email,114
2023-01-29,Organic Search,1199
2023-01-29,Paid Search,877
2023-01-29,Referral,72
2023-01-29,Social,494
2023-01-30,Direct,247
2023-01-30,Email,184
2023-01-30,Organic Search,1400
2023-01-30,Paid Search,849
2023-01-30,Referral,181
2023-01-30,Social,762
2023-01-31,Direct,186
2023-01-31,Email,263
2023-01-31,Organic Search,1036
2023-01-31,Paid Search,935
2023-01-31,Referral,266
2023-01-31,Social,640
2023-02-01,Direct,321
2023-02-01,Email,212
2023-02-01,Organic Search,1006
2023-02-01,Paid Search,462
2023-02-01,Referral,482
2023-02-01,Social,1233
2023-02-02,Direct,302
2023-02-02,Email,85
2023-02-02,Organic Search,1603
2023-02-02,Paid Search,617
2023-02-02,Referral,38
2023-02-02,Social,1068
2023-02-03,Direct,320
2023-02-03,Email,84
2023-02-03,Organic Search,1169
2023-02-03,Paid Search,507
2023-02-03,Referral,176
2023-02-03,Social,359
2023-02-04,Direct,334
2023-02-04,Email,95
2023-02-04,Organic Search,1358
2023-02-04,Paid Search,423
2023-02-04,Referral,191
2023-02-04,Social,501
2023-02-05,Direct,365
2023-02-05,Email,225
2023-02-05,Organic Search,1176
2023-02-05,Paid Search,550
2023-02-05,Referral,43
2023-02-05,Social,886
2023-02-06,Direct,428
2023-02-06,Email,212
2023-02-06,Organic Search,960
2023-02-06,Paid Search,483
2023-02-06,Referral,196
2023-02-06,Social,378
2023-02-07,Direct,1108
2023-02-07,Email,78
2023-02-07,Organic Search,578
2023-02-07,Paid Search,410
2023-02-07,Referral,134
2023-02-07,Social,315
2023-02-08,Direct,374
2023-02-08,Email,101
2023-02-08,Organic Search,390
2023-02-08,Paid Search,659
2023-02-08,Referral,160
2023-02-08,Social,290
2023-02-09,Direct,609
2023-02-09,Email,109
2023-02-09,Organic Search,471
2023-02-09,Paid Search,506
2023-02-09,Referral,131
2023-02-09,Social,1000
2023-02-10,Direct,589
2023-02-10,Email,126
2023-02-10,Organic Search,1201
2023-02-10,Paid Search,620
2023-02-10,Referral,187
2023-02-10,Social,857
2023-02-11,Direct,330
2023-02-11,Email,152
2023-02-11,Organic Search,533
2023-02-11,Paid Search,727
2023-02-11,Referral,268
2023-02-11,Social,239
2023-02-12,Direct,310
2023-02-12,Email,110
2023-02-12,Organic Search,1169
2023-02-12,Paid Search,1075
2023-02-12,Referral,15
2023-02-12,Social,613
2023-02-13,Direct,759
2023-02-13,Email,76
2023-02-13,Organic Search,1328
2023-02-13,Paid Search,346
2023-02-13,Referral,271
2023-02-13,Social,372
2023-02-14,Direct,433
2023-02-14,Email,219
2023-02-14,Organic Search,896
2023-02-14,Paid Search,1111
2023-02-14,Referral,189
2023-02-14,Social,1071
2023-02-15,Direct,427
2023-02-15,Email,74
2023-02-15,Organic Search,940
2023-02-15,Paid Search,979
2023-02-15,Referral,285
2023-02-15,Social,415
2023-02-16,Direct,289
2023-02-16,Email,65
2023-02-16,Organic Search,1351
2023-02-16,Paid Search,801
2023-02-16,Referral,139
2023-02-16,Social,1088
2023-02-17,Direct,597
2023-02-17,Email,142
2023-02-17,Organic Search,837
2023-02-17,Paid Search,1078
2023-02-17,Referral,207
2023-02-17,Social,572
2023-02-18,Direct,348
2023-02-18,Email,97
2023-02-18,Organic Search,1225
2023-02-18,Paid Search,910
2023-02-18,Referral,114
2023-02-18,Social,862
2023-02-19,Direct,232
2023-02-19,Email,136
2023-02-19,Organic Search,1246
2023-02-19,Paid Search,452
2023-02-19,Referral,54
2023-02-19,Social,368
2023-02-20,Direct,326
2023-02-20,Email,140
2023-02-20,Organic Search,1206
2023-02-20,Paid Search,588
2023-02-20,Referral,426
2023-02-20,Social,1101
2023-02-21,Direct,131
2023-02-21,Email,167
2023-02-21,Organic Search,870
2023-02-21,Paid Search,796
2023-02-21,Referral,188
2023-02-21,Social,879
2023-02-22,Direct,361
2023-02-22,Email,240
2023-02-22,Organic Search,1181
2023-02-22,Paid Search,655
2023-02-22,Referral,24
2023-02-22,Social,422
2023-02-23,Direct,685
2023-02-23,Email,123
2023-02-23,Organic Search,1350
2023-02-23,Paid Search,441
2023-02-23,Referral,138
2023-02-23,Social,846
2023-02-24,Direct,252
2023-02-24,Email,120
2023-02-24,Organic Search,1478
2023-02-24,Paid Search,564
2023-02-24,Referral,140
2023-02-24,Social,231
2023-02-25,Direct,361
2023-02-25,Email,91
2023-02-25,Organic Search,1123
2023-02-25,Paid Search,926
2023-02-25,Referral,98
2023-02-25,Social,304
2023-02-26,Direct,264
2023-02-26,Email,168
2023-02-26,Organic Search,690
2023-02-26,Paid Search,696
2023-02-26,Referral,180
2023-02-26,Social,431
2023-02-27,Direct,528
2023-02-27,Email,185
2023-02-27,Organic Search,1058
2023-02-27,Paid Search,431
2023-02-27,Referral,342
2023-02-27,Social,265
2023-02-28,Direct,285
2023-02-28,Email,169
2023-02-28,Organic Search,909
2023-02-28,Paid Search,1056
2023-02-28,Referral,25
2023-02-28,Social,696
2023-03-01,Direct,314
2023-03-01,Email,66
2023-03-01,Organic Search,633
2023-03-01,Paid Search,871
2023-03-01,Referral,81
2023-03-01,Social,847
2023-03-02,Direct,452
2023-03-02,Email,435
2023-03-02,Organic Search,1074
2023-03-02,Paid Search,755
2023-03-02,Referral,371
2023-03-02,Social,327
2023-03-03,Direct,299
2023-03-03,Email,128
2023-03-03,Organic Search,1116
2023-03-03,Paid Search,405
2023-03-03,Referral,96
2023-03-03,Social,1825
2023-03-04,Direct,307
2023-03-04,Email,148
2023-03-04,Organic Search,484
2023-03-04,Paid Search,432
2023-03-04,Referral,159
2023-03-04,Social,1199
2023-03-05,Direct,284
2023-03-05,Email,248
2023-03-05,Organic Search,745
2023-03-05,Paid Search,627
2023-03-05,Referral,228
2023-03-05,Social,451
2023-03-06,Direct,768
2023-03-06,Email,123
2023-03-06,Organic Search,594
2023-03-06,Paid Search,861
2023-03-06,Referral,353
2023-03-06,Social,271
2023-03-07,Direct,432
2023-03-07,Email,248
2023-03-07,Organic Search,418
2023-03-07,Paid Search,677
2023-03-07,Referral,66
2023-03-07,Social,1173
2023-03-08,Direct,329
2023-03-08,Email,275
2023-03-08,Organic Search,1134
2023-03-08,Paid Search,453
2023-03-08,Referral,231
2023-03-08,Social,498
2023-03-09,Direct,155
2023-03-09,Email,212
2023-03-09,Organic Search,1059
2023-03-09,Paid Search,1422
2023-03-09,Referral,80
2023-03-09,Social,309
2023-03-10,Direct,711
2023-03-10,Email,168
2023-03-10,Organic Search,531
2023-03-10,Paid Search,650
2023-03-10,Referral,506
2023-03-10,Social,983
2023-03-11,Direct,605
2023-03-11,Email,92
2023-03-11,Organic Search,935
2023-03-11,Paid Search,657
2023-03-11,Referral,15
2023-03-11,Social,1249
2023-03-12,Direct,217
2023-03-12,Email,56
2023-03-12,Organic Search,1115
2023-03-12,Paid Search,742
2023-03-12,Referral,69
2023-03-12,Social,1295
2023-03-13,Direct,168
2023-03-13,Email,143
2023-03-13,Organic Search,1399
2023-03-13,Paid Search,328
2023-03-13,Referral,346
2023-03-13,Social,196
2023-03-14,Direct,474
2023-03-14,Email,53
2023-03-14,Organic Search,865
2023-03-14,Paid Search,916
2023-03-14,Referral,253
2023-03-14,Social,270
2023-03-15,Direct,440
2023-03-15,Email,228
2023-03-15,Organic Search,1625
2023-03-15,Paid Search,680
2023-03-15,Referral,136
2023-03-15,Social,441
2023-03-16,Direct,658
2023-03-16,Email,108
2023-03-16,Organic Search,1153
2023-03-16,Paid Search,657
2023-03-16,Referral,169
2023-03-16,Social,458
2023-03-17,Direct,571
2023-03-17,Email,172
2023-03-17,Organic Search,720
2023-03-17,Paid Search,392
2023-03-17,Referral,222
2023-03-17,Social,465
2023-03-18,Direct,399
2023-03-18,Email,64
2023-03-18,Organic Search,1025
2023-03-18,Paid Search,523
2023-03-18,Referral,140
2023-03-18,Social,434
2023-03-19,Direct,420
2023-03-19,Email,66
2023-03-19,Organic Search,1100
2023-03-19,Paid Search,709
2023-03-19,Referral,608
2023-03-19,Social,510
2023-03-20,Direct,673
2023-03-20,Email,324
2023-03-20,Organic Search,828
2023-03-20,Paid Search,747
2023-03-20,Referral,255
2023-03-20,Social,378
2023-03-21,Direct,381
2023-03-21,Email,63
2023-03-21,Organic Search,1052
2023-03-21,Paid Search,376
2023-03-21,Referral,62
2023-03-21,Social,350
2023-03-22,Direct,476
2023-03-22,Email,123
2023-03-22,Organic Search,937
2023-03-22,Paid Search,328
2023-03-22,Referral,27
2023-03-22,Social,424
2023-03-23,Direct,359
2023-03-23,Email,300
2023-03-23,Organic Search,400
2023-03-23,Paid Search,615
2023-03-23,Referral,104
2023-03-23,Social,839
2023-03-24,Direct,331
2023-03-24,Email,191
2023-03-24,Organic Search,830
2023-03-24,Paid Search,470
2023-03-24,Referral,157
2023-03-24,Social,1838
2023-03-25,Direct,323
2023-03-25,Email,261
2023-03-25,Organic Search,563
2023-03-25,Paid Search,1183
2023-03-25,Referral,312
2023-03-25,Social,700
2023-03-26,Direct,1052
2023-03-26,Email,29
2023-03-26,Organic Search,521
2023-03-26,Paid Search,850
2023-03-26,Referral,58
2023-03-26,Social,380
2023-03-27,Direct,432
2023-03-27,Email,55
2023-03-27,Organic Search,778
2023-03-27,Paid Search,909
2023-03-27,Referral,561
2023-03-27,Social,256
2023-03-28,Direct,505
2023-03-28,Email,24
2023-03-28,Organic Search,1075
2023-03-28,Paid Search,1073
2023-03-28,Referral,79
2023-03-28,Social,279
2023-03-29,Direct,200
2023-03-29,Email,120
2023-03-29,Organic Search,1300
2023-03-29,Paid Search,554
2023-03-29,Referral,283
2023-03-29,Social,695
2023-03-30,Direct,373
2023-03-30,Email,28
2023-03-30,Organic Search,556
2023-03-30,Paid Search,248
2023-03-30,Referral,330
2023-03-30,Social,304
2023-03-31,Direct,363
2023-03-31,Email,70
2023-03-31,Organic Search,630
2023-03-31,Paid Search,506
2023-03-31,Referral,196
2023-03-31,Social,213
2023-04-01,Direct,552
2023-04-01,Email,73
2023-04-01,Organic Search,1588
2023-04-01,Paid Search,520
2023-04-01,Referral,156
2023-04-01,Social,466
2023-04-02,Direct,408
2023-04-02,Email,313
2023-04-02,Organic Search,965
2023-04-02,Paid Search,571
2023-04-02,Referral,74
2023-04-02,Social,723
2023-04-03,Direct,683
2023-04-03,Email,133
2023-04-03,Organic Search,1058
2023-04-03,Paid Search,338
2023-04-03,Referral,30
2023-04-03,Social,1290
2023-04-04,Direct,294
2023-04-04,Email,96
2023-04-04,Organic Search,922
2023-04-04,Paid Search,748
2023-04-04,Referral,157
2023-04-04,Social,1122
2023-04-05,Direct,324
2023-04-05,Email,215
2023-04-05,Organic Search,548
2023-04-05,Paid Search,426
2023-04-05,Referral,34
2023-04-05,Social,378
2023-04-06,Direct,287
2023-04-06,Email,62
2023-04-06,Organic Search,708
2023-04-06,Paid Search,845
2023-04-06,Referral,94
2023-04-06,Social,575
2023-04-07,Direct,331
2023-04-07,Email,111
2023-04-07,Organic Search,782
2023-04-07,Paid Search,725
2023-04-07,Referral,192
2023-04-07,Social,789
2023-04-08,Direct,728
2023-04-08,Email,69
2023-04-08,Organic Search,1042
2023-04-08,Paid Search,589
2023-04-08,Referral,24
2023-04-08,Social,487
2023-04-09,Direct,353
2023-04-09,Email,201
2023-04-09,Organic Search,1638
2023-04-09,Paid Search,512
2023-04-09,Referral,44
2023-04-09,Social,414
2023-04-10,Direct,430
2023-04-10,Email,205
2023-04-10,Organic Search,940
2023-04-10,Paid Search,606
2023-04-10,Referral,202
2023-04-10,Social,1188
2023-04-11,Direct,548
2023-04-11,Email,122
2023-04-11,Organic Search,599
2023-04-11,Paid Search,510
2023-04-11,Referral,264
2023-04-11,Social,1121
2023-04-12,Direct,188
2023-04-12,Email,306
2023-04-12,Organic Search,1100
2023-04-12,Paid Search,754
2023-04-12,Referral,172
2023-04-12,Social,676
2023-04-13,Direct,344
2023-04-13,Email,70
2023-04-13,Organic Search,636
2023-04-13,Paid Search,737
2023-04-13,Referral,137
2023-04-13,Social,530
2023-04-14,Direct,710
2023-04-14,Email,207
2023-04-14,Organic Search,1071
2023-04-14,Paid Search,357
2023-04-14,Referral,37
2023-04-14,Social,746
2023-04-15,Direct,269
2023-04-15,Email,162
2023-04-15,Organic Search,1093
2023-04-15,Paid Search,456
2023-04-15,Referral,260
2023-04-15,Social,451
2023-04-16,Direct,308
2023-04-16,Email,188
2023-04-16,Organic Search,1640
2023-04-16,Paid Search,526
2023-04-16,Referral,80
2023-04-16,Social,864
2023-04-17,Direct,384
2023-04-17,Email,87
2023-04-17,Organic Search,959
2023-04-17,Paid Search,853
2023-04-17,Referral,480
2023-04-17,Social,1444
2023-04-18,Direct,614
2023-04-18,Email,146
2023-04-18,Organic Search,769
2023-04-18,Paid Search,563
2023-04-18,Referral,137
2023-04-18,Social,558
2023-04-19,Direct,471
2023-04-19,Email,206
2023-04-19,Organic Search,944
2023-04-19,Paid Search,572
2023-04-19,Referral,107
2023-04-19,Social,798
2023-04-20,Direct,212
2023-04-20,Email,352
2023-04-20,Organic Search,923
2023-04-20,Paid Search,487
2023-04-20,Referral,111
2023-04-20,Social,706
2023-04-21,Direct,379
2023-04-21,Email,111
2023-04-21,Organic Search,885
2023-04-21,Paid Search,832
2023-04-21,Referral,414
2023-04-21,Social,662
2023-04-22,Direct,463
2023-04-22,Email,231
2023-04-22,Organic Search,987
2023-04-22,Paid Search,620
2023-04-22,Referral,50
2023-04-22,Social,1205
2023-04-23,Direct,576
2023-04-23,Email,142
2023-04-23,Organic Search,1253
2023-04-23,Paid Search,384
2023-04-23,Referral,75
2023-04-23,Social,428
2023-04-24,Direct,610
2023-04-24,Email,195
2023-04-24,Organic Search,1119
2023-04-24,Paid Search,701
2023-04-24,Referral,504
2023-04-24,Social,501
2023-04-25,Direct,384
2023-04-25,Email,121
2023-04-25,Organic Search,762
2023-04-25,Paid Search,913
2023-04-25,Referral,258
2023-04-25,Social,590
2023-04-26,Direct,324
2023-04-26,Email,407
2023-04-26,Organic Search,667
2023-04-26,Paid Search,606
2023-04-26,Referral,151
2023-04-26,Social,581
2023-04-27,Direct,468
2023-04-27,Email,185
2023-04-27,Organic Search,966
2023-04-27,Paid Search,600
2023-04-27,Referral,171
2023-04-27,Social,1183
2023-04-28,Direct,228
2023-04-28,Email,96
2023-04-28,Organic Search,1395
2023-04-28,Paid Search,864
2023-04-28,Referral,181
2023-04-28,Social,602
2023-04-29,Direct,367
2023-04-29,Email,128
2023-04-29,Organic Search,863
2023-04-29,Paid Search,453
2023-04-29,Referral,117
2023-04-29,Social,648
2023-04-30,Direct,253
2023-04-30,Email,124
2023-04-30,Organic Search,1141
2023-04-30,Paid Search,482
2023-04-30,Referral,166
2023-04-30,Social,1633
2023-05-01,Direct,365
2023-05-01,Email,102
2023-05-01,Organic Search,600
2023-05-01,Paid Search,684
2023-05-01,Referral,165
2023-05-01,Social,738
2023-05-02,Direct,203
2023-05-02,Email,123
2023-05-02,Organic Search,615
2023-05-02,Paid Search,660
2023-05-02,Referral,75
2023-05-02,Social,700
2023-05-03,Direct,339
2023-05-03,Email,144
2023-05-03,Organic Search,781
2023-05-03,Paid Search,494
2023-05-03,Referral,34
2023-05-03,Social,1573
2023-05-04,Direct,584
2023-05-04,Email,265
2023-05-04,Organic Search,789
2023-05-04,Paid Search,789
2023-05-04,Referral,140
2023-05-04,Social,783
2023-05-05,Direct,326
2023-05-05,Email,112
2023-05-05,Organic Search,879
2023-05-05,Paid Search,698
2023-05-05,Referral,40
2023-05-05,Social,197
2023-05-06,Direct,190
2023-05-06,Email,220
2023-05-06,Organic Search,653
2023-05-06,Paid Search,867
2023-05-06,Referral,114
2023-05-06,Social,590
2023-05-07,Direct,449
2023-05-07,Email,250
2023-05-07,Organic Search,549
2023-05-07,Paid Search,1206
2023-05-07,Referral,183
2023-05-07,Social,391
2023-05-08,Direct,364
2023-05-08,Email,219
2023-05-08,Organic Search,924
2023-05-08,Paid Search,804
2023-05-08,Referral,49
2023-05-08,Social,189
2023-05-09,Direct,616
2023-05-09,Email,198
2023-05-09,Organic Search,1008
2023-05-09,Paid Search,395
2023-05-09,Referral,187
2023-05-09,Social,499
2023-05-10,Direct,197
2023-05-10,Email,309
2023-05-10,Organic Search,1035
2023-05-10,Paid Search,497
2023-05-10,Referral,174
2023-05-10,Social,1824
2023-05-11,Direct,463
2023-05-11,Email,302
2023-05-11,Organic Search,751
2023-05-11,Paid Search,935
2023-05-11,Referral,99
2023-05-11,Social,428
2023-05-12,Direct,178
2023-05-12,Email,250
2023-05-12,Organic Search,373
2023-05-12,Paid Search,618
2023-05-12,Referral,43
2023-05-12,Social,452
2023-05-13,Direct,458
2023-05-13,Email,36
2023-05-13,Organic Search,820
2023-05-13,Paid Search,772
2023-05-13,Referral,70
2023-05-13,Social,404
2023-05-14,Direct,377
2023-05-14,Email,138
2023-05-14,Organic Search,1045
2023-05-14,Paid Search,322
2023-05-14,Referral,254
2023-05-14,Social,687
2023-05-15,Direct,682
2023-05-15,Email,36
2023-05-15,Organic Search,613
2023-05-15,Paid Search,518
2023-05-15,Referral,465
2023-05-15,Social,790
2023-05-16,Direct,361
2023-05-16,Email,58
2023-05-16,Organic Search,993
2023-05-16,Paid Search,635
2023-05-16,Referral,314
2023-05-16,Social,702
2023-05-17,Direct,535
2023-05-17,Email,40
2023-05-17,Organic Search,1627
2023-05-17,Paid Search,657
2023-05-17,Referral,36
2023-05-17,Social,512
2023-05-18,Direct,516
2023-05-18,Email,215
2023-05-18,Organic Search,812
2023-05-18,Paid Search,618
2023-05-18,Referral,209
2023-05-18,Social,652
2023-05-19,Direct,303
2023-05-19,Email,67
2023-05-19,Organic Search,811
2023-05-19,Paid Search,624
2023-05-19,Referral,89
2023-05-19,Social,743
2023-05-20,Direct,422
2023-05-20,Email,133
2023-05-20,Organic Search,1077
2023-05-20,Paid Search,474
2023-05-20,Referral,49
2023-05-20,Social,189
2023-05-21,Direct,702
2023-05-21,Email,42
2023-05-21,Organic Search,898
2023-05-21,Paid Search,543
2023-05-21,Referral,114
2023-05-21,Social,458
2023-05-22,Direct,594
2023-05-22,Email,341
2023-05-22,Organic Search,939
2023-05-22,Paid Search,655
2023-05-22,Referral,103
2023-05-22,Social,712
2023-05-23,Direct,304
2023-05-23,Email,165
2023-05-23,Organic Search,861
2023-05-23,Paid Search,477
2023-05-23,Referral,214
2023-05-23,Social,1348
2023-05-24,Direct,480
2023-05-24,Email,125
2023-05-24,Organic Search,1226
2023-05-24,Paid Search,905
2023-05-24,Referral,23
2023-05-24,Social,271
2023-05-25,Direct,453
2023-05-25,Email,22
2023-05-25,Organic Search,1225
2023-05-25,Paid Search,761
2023-05-25,Referral,272
2023-05-25,Social,738
2023-05-26,Direct,364
2023-05-26,Email,287
2023-05-26,Organic Search,1499
2023-05-26,Paid Search,741
2023-05-26,Referral,124
2023-05-26,Social,274
2023-05-27,Direct,251
2023-05-27,Email,193
2023-05-27,Organic Search,1157
2023-05-27,Paid Search,809
2023-05-27,Referral,160
2023-05-27,Social,572
2023-05-28,Direct,537
2023-05-28,Email,197
2023-05-28,Organic Search,756
2023-05-28,Paid Search,639
2023-05-28,Referral,157
2023-05-28,Social,198
2023-05-29,Direct,325
2023-05-29,Email,118
2023-05-29,Organic Search,1010
2023-05-29,Paid Search,456
2023-05-29,Referral,175
2023-05-29,Social,1158
2023-05-30,Direct,355
2023-05-30,Email,137
2023-05-30,Organic Search,659
2023-05-30,Paid Search,590
2023-05-30,Referral,215
2023-05-30,Social,566
2023-05-31,Direct,419
2023-05-31,Email,112
2023-05-31,Organic Search,548
2023-05-31,Paid Search,689
2023-05-31,Referral,234
2023-05-31,Social,1212
2023-06-01,Direct,693
2023-06-01,Email,201
2023-06-01,Organic Search,517
2023-06-01,Paid Search,954
2023-06-01,Referral,411
2023-06-01,Social,414
2023-06-02,Direct,431
2023-06-02,Email,386
2023-06-02,Organic Search,966
2023-06-02,Paid Search,429
2023-06-02,Referral,38
2023-06-02,Social,561
2023-06-03,Direct,676
2023-06-03,Email,212
2023-06-03,Organic Search,1156
2023-06-03,Paid Search,507
2023-06-03,Referral,297
2023-06-03,Social,478
2023-06-04,Direct,218
2023-06-04,Email,147
2023-06-04,Organic Search,729
2023-06-04,Paid Search,456
2023-06-04,Referral,138
2023-06-04,Social,913
2023-06-05,Direct,491
2023-06-05,Email,312
2023-06-05,Organic Search,837
2023-06-05,Paid Search,676
2023-06-05,Referral,199
2023-06-05,Social,370
2023-06-06,Direct,323
2023-06-06,Email,112
2023-06-06,Organic Search,969
2023-06-06,Paid Search,842
2023-06-06,Referral,110
2023-06-06,Social,330
2023-06-07,Direct,548
2023-06-07,Email,34
2023-06-07,Organic Search,1257
2023-06-07,Paid Search,830
2023-06-07,Referral,637
2023-06-07,Social,652
2023-06-08,Direct,374
2023-06-08,Email,174
2023-06-08,Organic Search,1291
2023-06-08,Paid Search,384
2023-06-08,Referral,81
2023-06-08,Social,649
2023-06-09,Direct,322
2023-06-09,Email,111
2023-06-09,Organic Search,943
2023-06-09,Paid Search,477
2023-06-09,Referral,210
2023-06-09,Social,861
2023-06-10,Direct,430
2023-06-10,Email,240
2023-06-10,Organic Search,325
2023-06-10,Paid Search,626
2023-06-10,Referral,299
2023-06-10,Social,780
2023-06-11,Direct,282
2023-06-11,Email,172
2023-06-11,Organic Search,757
2023-06-11,Paid Search,331
2023-06-11,Referral,366
2023-06-11,Social,334
2023-06-12,Direct,479
2023-06-12,Email,287
2023-06-12,Organic Search,684
2023-06-12,Paid Search,504
2023-06-12,Referral,87
2023-06-12,Social,1048
2023-06-13,Direct,299
2023-06-13,Email,156
2023-06-13,Organic Search,1421
2023-06-13,Paid Search,508
2023-06-13,Referral,71
2023-06-13,Social,469
2023-06-14,Direct,428
2023-06-14,Email,163
2023-06-14,Organic Search,743
2023-06-14,Paid Search,482
2023-06-14,Referral,91
2023-06-14,Social,748
2023-06-15,Direct,808
2023-06-15,Email,108
2023-06-15,Organic Search,547
2023-06-15,Paid Search,520
2023-06-15,Referral,116
2023-06-15,Social,925
2023-06-16,Direct,706
2023-06-16,Email,211
2023-06-16,Organic Search,887
2023-06-16,Paid Search,850
2023-06-16,Referral,104
2023-06-16,Social,1344
2023-06-17,Direct,402
2023-06-17,Email,91
2023-06-17,Organic Search,1088
2023-06-17,Paid Search,764
2023-06-17,Referral,27
2023-06-17,Social,865
2023-06-18,Direct,255
2023-06-18,Email,280
2023-06-18,Organic Search,1102
2023-06-18,Paid Search,1153
2023-06-18,Referral,96
2023-06-18,Social,798
2023-06-19,Direct,486
2023-06-19,Email,115
2023-06-19,Organic Search,888
2023-06-19,Paid Search,431
2023-06-19,Referral,121
2023-06-19,Social,125
2023-06-20,Direct,719
2023-06-20,Email,91
2023-06-20,Organic Search,948
2023-06-20,Paid Search,551
2023-06-20,Referral,61
2023-06-20,Social,2215
2023-06-21,Direct,278
2023-06-21,Email,192
2023-06-21,Organic Search,713
2023-06-21,Paid Search,627
2023-06-21,Referral,327
2023-06-21,Social,338
2023-06-22,Direct,270
2023-06-22,Email,56
2023-06-22,Organic Search,802
2023-06-22,Paid Search,423
2023-06-22,Referral,190
2023-06-22,Social,294
2023-06-23,Direct,172
2023-06-23,Email,240
2023-06-23,Organic Search,677
2023-06-23,Paid Search,334
2023-06-23,Referral,130
2023-06-23,Social,641
2023-06-24,Direct,330
2023-06-24,Email,179
2023-06-24,Organic Search,887
2023-06-24,Paid Search,371
2023-06-24,Referral,33
2023-06-24,Social,453
2023-06-25,Direct,315
2023-06-25,Email,111
2023-06-25,Organic Search,524
2023-06-25,Paid Search,279
2023-06-25,Referral,154
2023-06-25,Social,232
2023-06-26,Direct,106
2023-06-26,Email,154
2023-06-26,Organic Search,826
2023-06-26,Paid Search,303
2023-06-26,Referral,46
2023-06-26,Social,499
2023-06-27,Direct,439
2023-06-27,Email,115
2023-06-27,Organic Search,594
2023-06-27,Paid Search,356
2023-06-27,Referral,168
2023-06-27,Social,618
2023-06-28,Direct,185
2023-06-28,Email,223
2023-06-28,Organic Search,1060
2023-06-28,Paid Search,445
2023-06-28,Referral,132
2023-06-28,Social,323
2023-06-29,Direct,287
2023-06-29,Email,133
2023-06-29,Organic Search,644
2023-06-29,Paid Search,556
2023-06-29,Referral,228
2023-06-29,Social,330
2023-06-30,Direct,431
2023-06-30,Email,191
2023-06-30,Organic Search,857
2023-06-30,Paid Search,684
2023-06-30,Referral,36
2023-06-30,Social,538
2023-07-01,Direct,433
2023-07-01,Email,148
2023-07-01,Organic Search,642
2023-07-01,Paid Search,750
2023-07-01,Referral,21
2023-07-01,Social,190
2023-07-02,Direct,354
2023-07-02,Email,125
2023-07-02,Organic Search,757
2023-07-02,Paid Search,231
2023-07-02,Referral,248
2023-07-02,Social,607
2023-07-03,Direct,284
2023-07-03,Email,95
2023-07-03,Organic Search,566
2023-07-03,Paid Search,422
2023-07-03,Referral,103
2023-07-03,Social,335
2023-07-04,Direct,288
2023-07-04,Email,83
2023-07-04,Organic Search,720
2023-07-04,Paid Search,629
2023-07-04,Referral,278
2023-07-04,Social,349
2023-07-05,Direct,360
2023-07-05,Email,54
2023-07-05,Organic Search,691
2023-07-05,Paid Search,410
2023-07-05,Referral,120
2023-07-05,Social,767
2023-07-06,Direct,196
2023-07-06,Email,146
2023-07-06,Organic Search,431
2023-07-06,Paid Search,705
2023-07-06,Referral,142
2023-07-06,Social,734
2023-07-07,Direct,579
2023-07-07,Email,113
2023-07-07,Organic Search,735
2023-07-07,Paid Search,300
2023-07-07,Referral,164
2023-07-07,Social,253
2023-07-08,Direct,327
2023-07-08,Email,132
2023-07-08,Organic Search,762
2023-07-08,Paid Search,445
2023-07-08,Referral,131
2023-07-08,Social,745
2023-07-09,Direct,379
2023-07-09,Email,141
2023-07-09,Organic Search,692
2023-07-09,Paid Search,462
2023-07-09,Referral,47
2023-07-09,Social,431
2023-07-10,Direct,140
2023-07-10,Email,73
2023-07-10,Organic Search,742
2023-07-10,Paid Search,414
2023-07-10,Referral,74
2023-07-10,Social,126
2023-07-11,Direct,409
2023-07-11,Email,125
2023-07-11,Organic Search,552
2023-07-11,Paid Search,619
2023-07-11,Referral,63
2023-07-11,Social,587
2023-07-12,Direct,334
2023-07-12,Email,132
2023-07-12,Organic Search,1145
2023-07-12,Paid Search,211
2023-07-12,Referral,112
2023-07-12,Social,591
2023-07-13,Direct,348
2023-07-13,Email,87
2023-07-13,Organic Search,939
2023-07-13,Paid Search,382
2023-07-13,Referral,118
2023-07-13,Social,430
2023-07-14,Direct,265
2023-07-14,Email,89
2023-07-14,Organic Search,450
2023-07-14,Paid Search,434
2023-07-14,Referral,65
2023-07-14,Social,619
2023-07-15,Direct,406
2023-07-15,Email,163
2023-07-15,Organic Search,604
2023-07-15,Paid Search,265
2023-07-15,Referral,79
2023-07-15,Social,450
2023-07-16,Direct,460
2023-07-16,Email,164
2023-07-16,Organic Search,505
2023-07-16,Paid Search,483
2023-07-16,Referral,236
2023-07-16,Social,463
2023-07-17,Direct,401
2023-07-17,Email,87
2023-07-17,Organic Search,690
2023-07-17,Paid Search,389
2023-07-17,Referral,28
2023-07-17,Social,139
2023-07-18,Direct,276
2023-07-18,Email,65
2023-07-18,Organic Search,764
2023-07-18,Paid Search,394
2023-07-18,Referral,35
2023-07-18,Social,554
2023-07-19,Direct,373
2023-07-19,Email,108
2023-07-19,Organic Search,405
2023-07-19,Paid Search,793
2023-07-19,Referral,504
2023-07-19,Social,145
2023-07-20,Direct,222
2023-07-20,Email,209
2023-07-20,Organic Search,636
2023-07-20,Paid Search,412
2023-07-20,Referral,56
2023-07-20,Social,852
2023-07-21,Direct,274
2023-07-21,Email,54
2023-07-21,Organic Search,924
2023-07-21,Paid Search,392
2023-07-21,Referral,102
2023-07-21,Social,291
2023-07-22,Direct,400
2023-07-22,Email,133
2023-07-22,Organic Search,557
2023-07-22,Paid Search,364
2023-07-22,Referral,150
2023-07-22,Social,619
2023-07-23,Direct,271
2023-07-23,Email,137
2023-07-23,Organic Search,518
2023-07-23,Paid Search,461
2023-07-23,Referral,60
2023-07-23,Social,225
2023-07-24,Direct,177
2023-07-24,Email,80
2023-07-24,Organic Search,720
2023-07-24,Paid Search,880
2023-07-24,Referral,92
2023-07-24,Social,551
2023-07-25,Direct,432
2023-07-25,Email,130
2023-07-25,Organic Search,472
2023-07-25,Paid Search,331
2023-07-25,Referral,273
2023-07-25,Social,910
2023-07-26,Direct,315
2023-07-26,Email,26
2023-07-26,Organic Search,908
2023-07-26,Paid Search,359
2023-07-26,Referral,53
2023-07-26,Social,571
2023-07-27,Direct,222
2023-07-27,Email,249
2023-07-27,Organic Search,430
2023-07-27,Paid Search,526
2023-07-27,Referral,127
2023-07-27,Social,143
2023-07-28,Direct,341
2023-07-28,Email,29
2023-07-28,Organic Search,1007
2023-07-28,Paid Search,496
2023-07-28,Referral,47
2023-07-28,Social,267
2023-07-29,Direct,315
2023-07-29,Email,100
2023-07-29,Organic Search,552
2023-07-29,Paid Search,690
2023-07-29,Referral,64
2023-07-29,Social,502
2023-07-30,Direct,179
2023-07-30,Email,104
2023-07-30,Organic Search,619
2023-07-30,Paid Search,630
2023-07-30,Referral,36
2023-07-30,Social,1372
2023-07-31,Direct,261
2023-07-31,Email,209
2023-07-31,Organic Search,653
2023-07-31,Paid Search,334
2023-07-31,Referral,85
2023-07-31,Social,473
2023-08-01,Direct,466
2023-08-01,Email,149
2023-08-01,Organic Search,452
2023-08-01,Paid Search,538
2023-08-01,Referral,92
2023-08-01,Social,575
2023-08-02,Direct,536
2023-08-02,Email,46
2023-08-02,Organic Search,572
2023-08-02,Paid Search,400
2023-08-02,Referral,64
2023-08-02,Social,582
2023-08-03,Direct,153
2023-08-03,Email,153
2023-08-03,Organic Search,505
2023-08-03,Paid Search,568
2023-08-03,Referral,197
2023-08-03,Social,497
2023-08-04,Direct,336
2023-08-04,Email,220
2023-08-04,Organic Search,707
2023-08-04,Paid Search,370
2023-08-04,Referral,347
2023-08-04,Social,941
2023-08-05,Direct,203
2023-08-05,Email,71
2023-08-05,Organic Search,652
2023-08-05,Paid Search,738
2023-08-05,Referral,46
2023-08-05,Social,572
2023-08-06,Direct,630
2023-08-06,Email,74
2023-08-06,Organic Search,798
2023-08-06,Paid Search,523
2023-08-06,Referral,88
2023-08-06,Social,298
2023-08-07,Direct,530
2023-08-07,Email,95
2023-08-07,Organic Search,548
2023-08-07,Paid Search,420
2023-08-07,Referral,108
2023-08-07,Social,259
2023-08-08,Direct,172
2023-08-08,Email,91
2023-08-08,Organic Search,472
2023-08-08,Paid Search,692
2023-08-08,Referral,67
2023-08-08,Social,793
2023-08-09,Direct,210
2023-08-09,Email,53
2023-08-09,Organic Search,730
2023-08-09,Paid Search,1024
2023-08-09,Referral,234
2023-08-09,Social,262
2023-08-10,Direct,222
2023-08-10,Email,167
2023-08-10,Organic Search,402
2023-08-10,Paid Search,498
2023-08-10,Referral,234
2023-08-10,Social,346
2023-08-11,Direct,374
2023-08-11,Email,101
2023-08-11,Organic Search,756
2023-08-11,Paid Search,290
2023-08-11,Referral,37
2023-08-11,Social,813
2023-08-12,Direct,330
2023-08-12,Email,191
2023-08-12,Organic Search,575
2023-08-12,Paid Search,432
2023-08-12,Referral,26
2023-08-12,Social,101
2023-08-13,Direct,142
2023-08-13,Email,152
2023-08-13,Organic Search,679
2023-08-13,Paid Search,408
2023-08-13,Referral,58
2023-08-13,Social,251
2023-08-14,Direct,347
2023-08-14,Email,135
2023-08-14,Organic Search,758
2023-08-14,Paid Search,268
2023-08-14,Referral,113
2023-08-14,Social,721
2023-08-15,Direct,328
2023-08-15,Email,215
2023-08-15,Organic Search,841
2023-08-15,Paid Search,573
2023-08-15,Referral,140
2023-08-15,Social,648
2023-08-16,Direct,372
2023-08-16,Email,82
2023-08-16,Organic Search,982
2023-08-16,Paid Search,334
2023-08-16,Referral,200
2023-08-16,Social,322
2023-08-17,Direct,269
2023-08-17,Email,137
2023-08-17,Organic Search,536
2023-08-17,Paid Search,576
2023-08-17,Referral,96
2023-08-17,Social,833
2023-08-18,Direct,277
2023-08-18,Email,92
2023-08-18,Organic Search,722
2023-08-18,Paid Search,537
2023-08-18,Referral,233
2023-08-18,Social,709
2023-08-19,Direct,256
2023-08-19,Email,122
2023-08-19,Organic Search,625
2023-08-19,Paid Search,632
2023-08-19,Referral,47
2023-08-19,Social,477
2023-08-20,Direct,294
2023-08-20,Email,94
2023-08-20,Organic Search,888
2023-08-20,Paid Search,606
2023-08-20,Referral,276
2023-08-20,Social,767
2023-08-21,Direct,275
2023-08-21,Email,183
2023-08-21,Organic Search,627
2023-08-21,Paid Search,347
2023-08-21,Referral,26
2023-08-21,Social,699
2023-08-22,Direct,277
2023-08-22,Email,67
2023-08-22,Organic Search,444
2023-08-22,Paid Search,391
2023-08-22,Referral,64
2023-08-22,Social,483
2023-08-23,Direct,325
2023-08-23,Email,135
2023-08-23,Organic Search,662
2023-08-23,Paid Search,577
2023-08-23,Referral,149
2023-08-23,Social,251
2023-08-24,Direct,276
2023-08-24,Email,74
2023-08-24,Organic Search,421
2023-08-24,Paid Search,930
2023-08-24,Referral,208
2023-08-24,Social,433
2023-08-25,Direct,421
2023-08-25,Email,130
2023-08-25,Organic Search,689
2023-08-25,Paid Search,315
2023-08-25,Referral,63
2023-08-25,Social,313
2023-08-26,Direct,338
2023-08-26,Email,62
2023-08-26,Organic Search,755
2023-08-26,Paid Search,215
2023-08-26,Referral,250
2023-08-26,Social,488
2023-08-27,Direct,270
2023-08-27,Email,162
2023-08-27,Organic Search,997
2023-08-27,Paid Search,1263
2023-08-27,Referral,212
2023-08-27,Social,338
2023-08-28,Direct,227
2023-08-28,Email,119
2023-08-28,Organic Search,858
2023-08-28,Paid Search,458
2023-08-28,Referral,100
2023-08-28,Social,584
2023-08-29,Direct,353
2023-08-29,Email,122
2023-08-29,Organic Search,769
2023-08-29,Paid Search,680
2023-08-29,Referral,109
2023-08-29,Social,1400
2023-08-30,Direct,239
2023-08-30,Email,87
2023-08-30,Organic Search,437
2023-08-30,Paid Search,396
2023-08-30,Referral,110
2023-08-30,Social,550
2023-08-31,Direct,347
2023-08-31,Email,259
2023-08-31,Organic Search,443
2023-08-31,Paid Search,355
2023-08-31,Referral,49
2023-08-31,Social,342
2023-09-01,Direct,194
2023-09-01,Email,129
2023-09-01,Organic Search,714
2023-09-01,Paid Search,510
2023-09-01,Referral,282
2023-09-01,Social,304
2023-09-02,Direct,274
2023-09-02,Email,142
2023-09-02,Organic Search,383
2023-09-02,Paid Search,274
2023-09-02,Referral,81
2023-09-02,Social,305
2023-09-03,Direct,281
2023-09-03,Email,195
2023-09-03,Organic Search,589
2023-09-03,Paid Search,545
2023-09-03,Referral,36
2023-09-03,Social,624
2023-09-04,Direct,458
2023-09-04,Email,62
2023-09-04,Organic Search,842
2023-09-04,Paid Search,600
2023-09-04,Referral,100
2023-09-04,Social,1105
2023-09-05,Direct,222
2023-09-05,Email,95
2023-09-05,Organic Search,632
2023-09-05,Paid Search,542
2023-09-05,Referral,315
2023-09-05,Social,549
2023-09-06,Direct,236
2023-09-06,Email,77
2023-09-06,Organic Search,1102
2023-09-06,Paid Search,385
2023-09-06,Referral,119
2023-09-06,Social,581
2023-09-07,Direct,273
2023-09-07,Email,65
2023-09-07,Organic Search,586
2023-09-07,Paid Search,256
2023-09-07,Referral,141
2023-09-07,Social,590
2023-09-08,Direct,377
2023-09-08,Email,120
2023-09-08,Organic Search,483
2023-09-08,Paid Search,720
2023-09-08,Referral,39
2023-09-08,Social,427
2023-09-09,Direct,197
2023-09-09,Email,160
2023-09-09,Organic Search,397
2023-09-09,Paid Search,289
2023-09-09,Referral,71
2023-09-09,Social,746
2023-09-10,Direct,221
2023-09-10,Email,274
2023-09-10,Organic Search,616
2023-09-10,Paid Search,646
2023-09-10,Referral,263
2023-09-10,Social,522
2023-09-11,Direct,320
2023-09-11,Email,162
2023-09-11,Organic Search,933
2023-09-11,Paid Search,522
2023-09-11,Referral,287
2023-09-11,Social,437
2023-09-12,Direct,445
2023-09-12,Email,20
2023-09-12,Organic Search,719
2023-09-12,Paid Search,269
2023-09-12,Referral,160
2023-09-12,Social,632
2023-09-13,Direct,426
2023-09-13,Email,106
2023-09-13,Organic Search,849
2023-09-13,Paid Search,419
2023-09-13,Referral,54
2023-09-13,Social,386
2023-09-14,Direct,215
2023-09-14,Email,122
2023-09-14,Organic Search,667
2023-09-14,Paid Search,436
2023-09-14,Referral,188
2023-09-14,Social,807
2023-09-15,Direct,206
2023-09-15,Email,69
2023-09-15,Organic Search,547
2023-09-15,Paid Search,471
2023-09-15,Referral,64
2023-09-15,Social,384
2023-09-16,Direct,338
2023-09-16,Email,90
2023-09-16,Organic Search,809
2023-09-16,Paid Search,348
2023-09-16,Referral,122
2023-09-16,Social,632
2023-09-17,Direct,198
2023-09-17,Email,169
2023-09-17,Organic Search,673
2023-09-17,Paid Search,761
2023-09-17,Referral,216
2023-09-17,Social,108
2023-09-18,Direct,233
2023-09-18,Email,240
2023-09-18,Organic Search,794
2023-09-18,Paid Search,483
2023-09-18,Referral,106
2023-09-18,Social,471
2023-09-19,Direct,435
2023-09-19,Email,114
2023-09-19,Organic Search,1384
2023-09-19,Paid Search,471
2023-09-19,Referral,93
2023-09-19,Social,673
2023-09-20,Direct,444
2023-09-20,Email,184
2023-09-20,Organic Search,885
2023-09-20,Paid Search,578
2023-09-20,Referral,26
2023-09-20,Social,1048
2023-09-21,Direct,592
2023-09-21,Email,74
2023-09-21,Organic Search,1072
2023-09-21,Paid Search,505
2023-09-21,Referral,234
2023-09-21,Social,1089
2023-09-22,Direct,716
2023-09-22,Email,67
2023-09-22,Organic Search,592
2023-09-22,Paid Search,1557
2023-09-22,Referral,71
2023-09-22,Social,214
2023-09-23,Direct,331
2023-09-23,Email,286
2023-09-23,Organic Search,1088
2023-09-23,Paid Search,657
2023-09-23,Referral,128
2023-09-23,Social,1315
2023-09-24,Direct,399
2023-09-24,Email,53
2023-09-24,Organic Search,991
2023-09-24,Paid Search,1031
2023-09-24,Referral,148
2023-09-24,Social,581
2023-09-25,Direct,210
2023-09-25,Email,69
2023-09-25,Organic Search,1339
2023-09-25,Paid Search,1257
2023-09-25,Referral,120
2023-09-25,Social,465
2023-09-26,Direct,430
2023-09-26,Email,160
2023-09-26,Organic Search,1058
2023-09-26,Paid Search,628
2023-09-26,Referral,34
2023-09-26,Social,809
2023-09-27,Direct,472
2023-09-27,Email,81
2023-09-27,Organic Search,846
2023-09-27,Paid Search,350
2023-09-27,Referral,168
2023-09-27,Social,427
2023-09-28,Direct,204
2023-09-28,Email,77
2023-09-28,Organic Search,1129
2023-09-28,Paid Search,585
2023-09-28,Referral,252
2023-09-28,Social,770
2023-09-29,Direct,300
2023-09-29,Email,199
2023-09-29,Organic Search,608
2023-09-29,Paid Search,709
2023-09-29,Referral,373
2023-09-29,Social,1232
2023-09-30,Direct,209
2023-09-30,Email,136
2023-09-30,Organic Search,669
2023-09-30,Paid Search,910
2023-09-30,Referral,380
2023-09-30,Social,1865
2023-10-01,Direct,620
2023-10-01,Email,230
2023-10-01,Organic Search,736
2023-10-01,Paid Search,785
2023-10-01,Referral,114
2023-10-01,Social,354
2023-10-02,Direct,514
2023-10-02,Email,108
2023-10-02,Organic Search,1003
2023-10-02,Paid Search,886
2023-10-02,Referral,170
2023-10-02,Social,1000
2023-10-03,Direct,609
2023-10-03,Email,146
2023-10-03,Organic Search,1248
2023-10-03,Paid Search,824
2023-10-03,Referral,341
2023-10-03,Social,715
2023-10-04,Direct,495
2023-10-04,Email,181
2023-10-04,Organic Search,670
2023-10-04,Paid Search,633
2023-10-04,Referral,23
2023-10-04,Social,429
2023-10-05,Direct,297
2023-10-05,Email,215
2023-10-05,Organic Search,1182
2023-10-05,Paid Search,690
2023-10-05,Referral,61
2023-10-05,Social,685
2023-10-06,Direct,387
2023-10-06,Email,254
2023-10-06,Organic Search,1448
2023-10-06,Paid Search,465
2023-10-06,Referral,230
2023-10-06,Social,359
2023-10-07,Direct,598
2023-10-07,Email,104
2023-10-07,Organic Search,877
2023-10-07,Paid Search,425
2023-10-07,Referral,114
2023-10-07,Social,644
2023-10-08,Direct,433
2023-10-08,Email,69
2023-10-08,Organic Search,1222
2023-10-08,Paid Search,418
2023-10-08,Referral,416
2023-10-08,Social,563
2023-10-09,Direct,444
2023-10-09,Email,155
2023-10-09,Organic Search,1117
2023-10-09,Paid Search,839
2023-10-09,Referral,188
2023-10-09,Social,369
2023-10-10,Direct,505
2023-10-10,Email,281
2023-10-10,Organic Search,1165
2023-10-10,Paid Search,749
2023-10-10,Referral,151
2023-10-10,Social,1090
2023-10-11,Direct,405
2023-10-11,Email,73
2023-10-11,Organic Search,869
2023-10-11,Paid Search,850
2023-10-11,Referral,205
2023-10-11,Social,1029
2023-10-12,Direct,698
2023-10-12,Email,69
2023-10-12,Organic Search,1819
2023-10-12,Paid Search,322
2023-10-12,Referral,73
2023-10-12,Social,570
2023-10-13,Direct,277
2023-10-13,Email,522
2023-10-13,Organic Search,850
2023-10-13,Paid Search,415
2023-10-13,Referral,216
2023-10-13,Social,728
2023-10-14,Direct,324
2023-10-14,Email,81
2023-10-14,Organic Search,609
2023-10-14,Paid Search,902
2023-10-14,Referral,35
2023-10-14,Social,548
2023-10-15,Direct,309
2023-10-15,Email,274
2023-10-15,Organic Search,764
2023-10-15,Paid Search,499
2023-10-15,Referral,307
2023-10-15,Social,241
2023-10-16,Direct,394
2023-10-16,Email,127
2023-10-16,Organic Search,781
2023-10-16,Paid Search,1161
2023-10-16,Referral,243
2023-10-16,Social,590
2023-10-17,Direct,306
2023-10-17,Email,113
2023-10-17,Organic Search,1075
2023-10-17,Paid Search,636
2023-10-17,Referral,87
2023-10-17,Social,423
2023-10-18,Direct,686
2023-10-18,Email,69
2023-10-18,Organic Search,1086
2023-10-18,Paid Search,568
2023-10-18,Referral,242
2023-10-18,Social,605
2023-10-19,Direct,343
2023-10-19,Email,42
2023-10-19,Organic Search,1007
2023-10-19,Paid Search,567
2023-10-19,Referral,917
2023-10-19,Social,557
2023-10-20,Direct,619
2023-10-20,Email,106
2023-10-20,Organic Search,547
2023-10-20,Paid Search,367
2023-10-20,Referral,189
2023-10-20,Social,389
2023-10-21,Direct,512
2023-10-21,Email,435
2023-10-21,Organic Search,875
2023-10-21,Paid Search,705
2023-10-21,Referral,79
2023-10-21,Social,405
2023-10-22,Direct,335
2023-10-22,Email,116
2023-10-22,Organic Search,826
2023-10-22,Paid Search,767
2023-10-22,Referral,450
2023-10-22,Social,732
2023-10-23,Direct,380
2023-10-23,Email,199
2023-10-23,Organic Search,873
2023-10-23,Paid Search,412
2023-10-23,Referral,190
2023-10-23,Social,899
2023-10-24,Direct,505
2023-10-24,Email,155
2023-10-24,Organic Search,936
2023-10-24,Paid Search,580
2023-10-24,Referral,159
2023-10-24,Social,785
2023-10-25,Direct,588
2023-10-25,Email,217
2023-10-25,Organic Search,1487
2023-10-25,Paid Search,1445
2023-10-25,Referral,252
2023-10-25,Social,726
2023-10-26,Direct,601
2023-10-26,Email,114
2023-10-26,Organic Search,1345
2023-10-26,Paid Search,731
2023-10-26,Referral,23
2023-10-26,Social,887
2023-10-27,Direct,287
2023-10-27,Email,71
2023-10-27,Organic Search,1142
2023-10-27,Paid Search,1013
2023-10-27,Referral,33
2023-10-27,Social,982
2023-10-28,Direct,533
2023-10-28,Email,132
2023-10-28,Organic Search,1310
2023-10-28,Paid Search,487
2023-10-28,Referral,131
2023-10-28,Social,507
2023-10-29,Direct,261
2023-10-29,Email,263
2023-10-29,Organic Search,1297
2023-10-29,Paid Search,280
2023-10-29,Referral,206
2023-10-29,Social,638
2023-10-30,Direct,452
2023-10-30,Email,377
2023-10-30,Organic Search,499
2023-10-30,Paid Search,685
2023-10-30,Referral,145
2023-10-30,Social,428
2023-10-31,Direct,446
2023-10-31,Email,166
2023-10-31,Organic Search,1207
2023-10-31,Paid Search,573
2023-10-31,Referral,334
2023-10-31,Social,246
2023-11-01,Direct,367
2023-11-01,Email,153
2023-11-01,Organic Search,924
2023-11-01,Paid Search,703
2023-11-01,Referral,169
2023-11-01,Social,1077
2023-11-02,Direct,271
2023-11-02,Email,228
2023-11-02,Organic Search,1063
2023-11-02,Paid Search,624
2023-11-02,Referral,272
2023-11-02,Social,517
2023-11-03,Direct,315
2023-11-03,Email,133
2023-11-03,Organic Search,893
2023-11-03,Paid Search,833
2023-11-03,Referral,350
2023-11-03,Social,667
2023-11-04,Direct,320
2023-11-04,Email,48
2023-11-04,Organic Search,1768
2023-11-04,Paid Search,565
2023-11-04,Referral,107
2023-11-04,Social,1532
2023-11-05,Direct,640
2023-11-05,Email,186
2023-11-05,Organic Search,989
2023-11-05,Paid Search,568
2023-11-05,Referral,227
2023-11-05,Social,853
2023-11-06,Direct,875
2023-11-06,Email,139
2023-11-06,Organic Search,1193
2023-11-06,Paid Search,421
2023-11-06,Referral,90
2023-11-06,Social,445
2023-11-07,Direct,635
2023-11-07,Email,272
2023-11-07,Organic Search,1235
2023-11-07,Paid Search,452
2023-11-07,Referral,55
2023-11-07,Social,961
2023-11-08,Direct,554
2023-11-08,Email,115
2023-11-08,Organic Search,730
2023-11-08,Paid Search,697
2023-11-08,Referral,113
2023-11-08,Social,359
2023-11-09,Direct,175
2023-11-09,Email,246
2023-11-09,Organic Search,897
2023-11-09,Paid Search,1075
2023-11-09,Referral,15
2023-11-09,Social,1156
2023-11-10,Direct,479
2023-11-10,Email,114
2023-11-10,Organic Search,504
2023-11-10,Paid Search,1278
2023-11-10,Referral,579
2023-11-10,Social,509
2023-11-11,Direct,406
2023-11-11,Email,194
2023-11-11,Organic Search,1012
2023-11-11,Paid Search,742
2023-11-11,Referral,517
2023-11-11,Social,673
2023-11-12,Direct,453
2023-11-12,Email,170
2023-11-12,Organic Search,929
2023-11-12,Paid Search,604
2023-11-12,Referral,109
2023-11-12,Social,274
2023-11-13,Direct,399
2023-11-13,Email,268
2023-11-13,Organic Search,859
2023-11-13,Paid Search,597
2023-11-13,Referral,133
2023-11-13,Social,322
2023-11-14,Direct,390
2023-11-14,Email,58
2023-11-14,Organic Search,1013
2023-11-14,Paid Search,1026
2023-11-14,Referral,292
2023-11-14,Social,1183
2023-11-15,Direct,435
2023-11-15,Email,122
2023-11-15,Organic Search,1294
2023-11-15,Paid Search,580
2023-11-15,Referral,113
2023-11-15,Social,908
2023-11-16,Direct,444
2023-11-16,Email,301
2023-11-16,Organic Search,697
2023-11-16,Paid Search,715
2023-11-16,Referral,143
2023-11-16,Social,658
2023-11-17,Direct,721
2023-11-17,Email,210
2023-11-17,Organic Search,944
2023-11-17,Paid Search,345
2023-11-17,Referral,230
2023-11-17,Social,583
2023-11-18,Direct,269
2023-11-18,Email,148
2023-11-18,Organic Search,1210
2023-11-18,Paid Search,422
2023-11-18,Referral,356
2023-11-18,Social,600
2023-11-19,Direct,234
2023-11-19,Email,194
2023-11-19,Organic Search,974
2023-11-19,Paid Search,633
2023-11-19,Referral,284
2023-11-19,Social,235
2023-11-20,Direct,474
2023-11-20,Email,149
2023-11-20,Organic Search,1351
2023-11-20,Paid Search,506
2023-11-20,Referral,60
2023-11-20,Social,794
2023-11-21,Direct,310
2023-11-21,Email,149
2023-11-21,Organic Search,1482
2023-11-21,Paid Search,1479
2023-11-21,Referral,15
2023-11-21,Social,395
2023-11-22,Direct,446
2023-11-22,Email,252
2023-11-22,Organic Search,1393
2023-11-22,Paid Search,568
2023-11-22,Referral,235
2023-11-22,Social,513
2023-11-23,Direct,620
2023-11-23,Email,81
2023-11-23,Organic Search,1100
2023-11-23,Paid Search,560
2023-11-23,Referral,61
2023-11-23,Social,839
2023-11-24,Direct,621
2023-11-24,Email,287
2023-11-24,Organic Search,1265
2023-11-24,Paid Search,455
2023-11-24,Referral,55
2023-11-24,Social,235
2023-11-25,Direct,342
2023-11-25,Email,91
2023-11-25,Organic Search,690
2023-11-25,Paid Search,806
2023-11-25,Referral,287
2023-11-25,Social,333
2023-11-26,Direct,316
2023-11-26,Email,65
2023-11-26,Organic Search,837
2023-11-26,Paid Search,748
2023-11-26,Referral,225
2023-11-26,Social,915
2023-11-27,Direct,500
2023-11-27,Email,93
2023-11-27,Organic Search,744
2023-11-27,Paid Search,1456
2023-11-27,Referral,401
2023-11-27,Social,432
2023-11-28,Direct,448
2023-11-28,Email,251
2023-11-28,Organic Search,937
2023-11-28,Paid Search,303
2023-11-28,Referral,239
2023-11-28,Social,349
2023-11-29,Direct,344
2023-11-29,Email,224
2023-11-29,Organic Search,1055
2023-11-29,Paid Search,916
2023-11-29,Referral,270
2023-11-29,Social,450
2023-11-30,Direct,307
2023-11-30,Email,380
2023-11-30,Organic Search,869
2023-11-30,Paid Search,909
2023-11-30,Referral,350
2023-11-30,Social,774
2023-12-01,Direct,291
2023-12-01,Email,414
2023-12-01,Organic Search,1577
2023-12-01,Paid Search,1076
2023-12-01,Referral,212
2023-12-01,Social,434
2023-12-02,Direct,459
2023-12-02,Email,122
2023-12-02,Organic Search,1260
2023-12-02,Paid Search,516
2023-12-02,Referral,61
2023-12-02,Social,1891
2023-12-03,Direct,381
2023-12-03,Email,219
2023-12-03,Organic Search,661
2023-12-03,Paid Search,626
2023-12-03,Referral,169
2023-12-03,Social,1012
2023-12-04,Direct,862
2023-12-04,Email,140
2023-12-04,Organic Search,1230
2023-12-04,Paid Search,274
2023-12-04,Referral,417
2023-12-04,Social,815
2023-12-05,Direct,278
2023-12-05,Email,172
2023-12-05,Organic Search,827
2023-12-05,Paid Search,944
2023-12-05,Referral,324
2023-12-05,Social,827
2023-12-06,Direct,483
2023-12-06,Email,100
2023-12-06,Organic Search,789
2023-12-06,Paid Search,839
2023-12-06,Referral,81
2023-12-06,Social,403
2023-12-07,Direct,412
2023-12-07,Email,244
2023-12-07,Organic Search,590
2023-12-07,Paid Search,879
2023-12-07,Referral,152
2023-12-07,Social,475
2023-12-08,Direct,467
2023-12-08,Email,161
2023-12-08,Organic Search,1216
2023-12-08,Paid Search,617
2023-12-08,Referral,183
2023-12-08,Social,466
2023-12-09,Direct,442
2023-12-09,Email,177
2023-12-09,Organic Search,757
2023-12-09,Paid Search,666
2023-12-09,Referral,1168
2023-12-09,Social,525
2023-12-10,Direct,462
2023-12-10,Email,151
2023-12-10,Organic Search,1427
2023-12-10,Paid Search,837
2023-12-10,Referral,74
2023-12-10,Social,711
2023-12-11,Direct,572
2023-12-11,Email,114
2023-12-11,Organic Search,674
2023-12-11,Paid Search,512
2023-12-11,Referral,381
2023-12-11,Social,777
2023-12-12,Direct,325
2023-12-12,Email,267
2023-12-12,Organic Search,1044
2023-12-12,Paid Search,518
2023-12-12,Referral,59
2023-12-12,Social,734
2023-12-13,Direct,89
2023-12-13,Email,135
2023-12-13,Organic Search,858
2023-12-13,Paid Search,908
2023-12-13,Referral,600
2023-12-13,Social,330
2023-12-14,Direct,216
2023-12-14,Email,66
2023-12-14,Organic Search,925
2023-12-14,Paid Search,563
2023-12-14,Referral,129
2023-12-14,Social,2946
2023-12-15,Direct,625
2023-12-15,Email,159
2023-12-15,Organic Search,797
2023-12-15,Paid Search,627
2023-12-15,Referral,305
2023-12-15,Social,770
2023-12-16,Direct,632
2023-12-16,Email,110
2023-12-16,Organic Search,1060
2023-12-16,Paid Search,607
2023-12-16,Referral,992
2023-12-16,Social,337
2023-12-17,Direct,831
2023-12-17,Email,578
2023-12-17,Organic Search,1023
2023-12-17,Paid Search,1563
2023-12-17,Referral,371
2023-12-17,Social,3208
2023-12-18,Direct,495
2023-12-18,Email,295
2023-12-18,Organic Search,917
2023-12-18,Paid Search,921
2023-12-18,Referral,187
2023-12-18,Social,421
2023-12-19,Direct,477
2023-12-19,Email,234
2023-12-19,Organic Search,999
2023-12-19,Paid Search,782
2023-12-19,Referral,37
2023-12-19,Social,687
2023-12-20,Direct,238
2023-12-20,Email,110
2023-12-20,Organic Search,592
2023-12-20,Paid Search,628
2023-12-20,Referral,300
2023-12-20,Social,61
2023-12-21,Direct,461
2023-12-21,Email,185
2023-12-21,Organic Search,701
2023-12-21,Paid Search,1047
2023-12-21,Referral,250
2023-12-21,Social,1103
2023-12-22,Direct,209
2023-12-22,Email,212
2023-12-22,Organic Search,982
2023-12-22,Paid Search,775
2023-12-22,Referral,61
2023-12-22,Social,778
2023-12-23,Direct,503
2023-12-23,Email,109
2023-12-23,Organic Search,1105
2023-12-23,Paid Search,1394
2023-12-23,Referral,24
2023-12-23,Social,440
2023-12-24,Direct,401
2023-12-24,Email,107
2023-12-24,Organic Search,1303
2023-12-24,Paid Search,971
2023-12-24,Referral,190
2023-12-24,Social,609
2023-12-25,Direct,453
2023-12-25,Email,191
2023-12-25,Organic Search,836
2023-12-25,Paid Search,642
2023-12-25,Referral,120
2023-12-25,Social,844
2023-12-26,Direct,264
2023-12-26,Email,165
2023-12-26,Organic Search,671
2023-12-26,Paid Search,322
2023-12-26,Referral,340
2023-12-26,Social,333
2023-12-27,Direct,271
2023-12-27,Email,24
2023-12-27,Organic Search,1421
2023-12-27,Paid Search,533
2023-12-27,Referral,188
2023-12-27,Social,760
2023-12-28,Direct,949
2023-12-28,Email,26
2023-12-28,Organic Search,1138
2023-12-28,Paid Search,506
2023-12-28,Referral,76
2023-12-28,Social,1284
2023-12-29,Direct,464
2023-12-29,Email,156
2023-12-29,Organic Search,1046
2023-12-29,Paid Search,1076
2023-12-29,Referral,184
2023-12-29,Social,1484
2023-12-30,Direct,341
2023-12-30,Email,30
2023-12-30,Organic Search,1231
2023-12-30,Paid Search,593
2023-12-30,Referral,148
2023-12-30,Social,155
2023-12-31,Direct,810
2023-12-31,Email,154
2023-12-31,Organic Search,861
2023-12-31,Paid Search,418
2023-12-31,Referral,265
2023-12-31,Social,530
2024-01-01,Direct,428
2024-01-01,Email,41
2024-01-01,Organic Search,951
2024-01-01,Paid Search,841
2024-01-01,Referral,44
2024-01-01,Social,1002
2024-01-02,Direct,606
2024-01-02,Email,78
2024-01-02,Organic Search,1007
2024-01-02,Paid Search,908
2024-01-02,Referral,267
2024-01-02,Social,460
2024-01-03,Direct,635
2024-01-03,Email,283
2024-01-03,Organic Search,962
2024-01-03,Paid Search,1204
2024-01-03,Referral,206
2024-01-03,Social,282
2024-01-04,Direct,631
2024-01-04,Email,449
2024-01-04,Organic Search,1751
2024-01-04,Paid Search,611
2024-01-04,Referral,97
2024-01-04,Social,661
2024-01-05,Direct,656
2024-01-05,Email,104
2024-01-05,Organic Search,1183
2024-01-05,Paid Search,1244
2024-01-05,Referral,43
2024-01-05,Social,742
2024-01-06,Direct,917
2024-01-06,Email,56
2024-01-06,Organic Search,850
2024-01-06,Paid Search,529
2024-01-06,Referral,65
2024-01-06,Social,426
2024-01-07,Direct,369
2024-01-07,Email,223
2024-01-07,Organic Search,1077
2024-01-07,Paid Search,872
2024-01-07,Referral,72
2024-01-07,Social,545
2024-01-08,Direct,607
2024-01-08,Email,176
2024-01-08,Organic Search,689
2024-01-08,Paid Search,1017
2024-01-08,Referral,54
2024-01-08,Social,372
2024-01-09,Direct,305
2024-01-09,Email,324
2024-01-09,Organic Search,901
2024-01-09,Paid Search,500
2024-01-09,Referral,34
2024-01-09,Social,855
2024-01-10,Direct,512
2024-01-10,Email,106
2024-01-10,Organic Search,815
2024-01-10,Paid Search,785
2024-01-10,Referral,541
2024-01-10,Social,365
2024-01-11,Direct,542
2024-01-11,Email,146
2024-01-11,Organic Search,2532
2024-01-11,Paid Search,458
2024-01-11,Referral,60
2024-01-11,Social,833
2024-01-12,Direct,766
2024-01-12,Email,282
2024-01-12,Organic Search,1432
2024-01-12,Paid Search,779
2024-01-12,Referral,250
2024-01-12,Social,739
2024-01-13,Direct,513
2024-01-13,Email,175
2024-01-13,Organic Search,1365
2024-01-13,Paid Search,688
2024-01-13,Referral,69
2024-01-13,Social,425
2024-01-14,Direct,826
2024-01-14,Email,117
2024-01-14,Organic Search,708
2024-01-14,Paid Search,1569
2024-01-14,Referral,136
2024-01-14,Social,599
2024-01-15,Direct,518
2024-01-15,Email,216
2024-01-15,Organic Search,692
2024-01-15,Paid Search,694
2024-01-15,Referral,58
2024-01-15,Social,1754
2024-01-16,Direct,652
2024-01-16,Email,115
2024-01-16,Organic Search,1655
2024-01-16,Paid Search,667
2024-01-16,Referral,15
2024-01-16,Social,1362
2024-01-17,Direct,506
2024-01-17,Email,251
2024-01-17,Organic Search,1176
2024-01-17,Paid Search,718
2024-01-17,Referral,152
2024-01-17,Social,1033
2024-01-18,Direct,495
2024-01-18,Email,274
2024-01-18,Organic Search,1593
2024-01-18,Paid Search,836
2024-01-18,Referral,295
2024-01-18,Social,1185
2024-01-19,Direct,130
2024-01-19,Email,253
2024-01-19,Organic Search,1339
2024-01-19,Paid Search,677
2024-01-19,Referral,82
2024-01-19,Social,464
2024-01-20,Direct,719
2024-01-20,Email,432
2024-01-20,Organic Search,1081
2024-01-20,Paid Search,495
2024-01-20,Referral,238
2024-01-20,Social,534
2024-01-21,Direct,325
2024-01-21,Email,136
2024-01-21,Organic Search,1429
2024-01-21,Paid Search,1019
2024-01-21,Referral,146
2024-01-21,Social,445
2024-01-22,Direct,575
2024-01-22,Email,55
2024-01-22,Organic Search,825
2024-01-22,Paid Search,843
2024-01-22,Referral,271
2024-01-22,Social,278
2024-01-23,Direct,441
2024-01-23,Email,159
2024-01-23,Organic Search,979
2024-01-23,Paid Search,506
2024-01-23,Referral,74
2024-01-23,Social,1886
2024-01-24,Direct,802
2024-01-24,Email,132
2024-01-24,Organic Search,1696
2024-01-24,Paid Search,759
2024-01-24,Referral,196
2024-01-24,Social,468
2024-01-25,Direct,331
2024-01-25,Email,229
2024-01-25,Organic Search,1431
2024-01-25,Paid Search,711
2024-01-25,Referral,96
2024-01-25,Social,670
2024-01-26,Direct,656
2024-01-26,Email,326
2024-01-26,Organic Search,655
2024-01-26,Paid Search,427
2024-01-26,Referral,445
2024-01-26,Social,674
2024-01-27,Direct,431
2024-01-27,Email,205
2024-01-27,Organic Search,1195
2024-01-27,Paid Search,1653
2024-01-27,Referral,95
2024-01-27,Social,841
2024-01-28,Direct,453
2024-01-28,Email,120
2024-01-28,Organic Search,1197
2024-01-28,Paid Search,592
2024-01-28,Referral,52
2024-01-28,Social,1492
2024-01-29,Direct,653
2024-01-29,Email,66
2024-01-29,Organic Search,1756
2024-01-29,Paid Search,326
2024-01-29,Referral,562
2024-01-29,Social,1162
2024-01-30,Direct,514
2024-01-30,Email,219
2024-01-30,Organic Search,941
2024-01-30,Paid Search,650
2024-01-30,Referral,24
2024-01-30,Social,848
2024-01-31,Direct,585
2024-01-31,Email,131
2024-01-31,Organic Search,736
2024-01-31,Paid Search,967
2024-01-31,Referral,260
2024-01-31,Social,1236
2024-02-01,Direct,526
2024-02-01,Email,140
2024-02-01,Organic Search,1036
2024-02-01,Paid Search,841
2024-02-01,Referral,237
2024-02-01,Social,271
2024-02-02,Direct,632
2024-02-02,Email,270
2024-02-02,Organic Search,1465
2024-02-02,Paid Search,518
2024-02-02,Referral,191
2024-02-02,Social,436
2024-02-03,Direct,810
2024-02-03,Email,147
2024-02-03,Organic Search,812
2024-02-03,Paid Search,1147
2024-02-03,Referral,314
2024-02-03,Social,522
2024-02-04,Direct,704
2024-02-04,Email,169
2024-02-04,Organic Search,1061
2024-02-04,Paid Search,425
2024-02-04,Referral,21
2024-02-04,Social,871
2024-02-05,Direct,434
2024-02-05,Email,49
2024-02-05,Organic Search,1408
2024-02-05,Paid Search,555
2024-02-05,Referral,18
2024-02-05,Social,995
2024-02-06,Direct,388
2024-02-06,Email,150
2024-02-06,Organic Search,551
2024-02-06,Paid Search,660
2024-02-06,Referral,290
2024-02-06,Social,963
2024-02-07,Direct,352
2024-02-07,Email,178
2024-02-07,Organic Search,1060
2024-02-07,Paid Search,762
2024-02-07,Referral,300
2024-02-07,Social,2258
2024-02-08,Direct,433
2024-02-08,Email,222
2024-02-08,Organic Search,766
2024-02-08,Paid Search,520
2024-02-08,Referral,331
2024-02-08,Social,719
2024-02-09,Direct,165
2024-02-09,Email,60
2024-02-09,Organic Search,1267
2024-02-09,Paid Search,1189
2024-02-09,Referral,122
2024-02-09,Social,1406
2024-02-10,Direct,552
2024-02-10,Email,141
2024-02-10,Organic Search,951
2024-02-10,Paid Search,951
2024-02-10,Referral,43
2024-02-10,Social,268
2024-02-11,Direct,475
2024-02-11,Email,167
2024-02-11,Organic Search,1109
2024-02-11,Paid Search,668
2024-02-11,Referral,117
2024-02-11,Social,527
2024-02-12,Direct,554
2024-02-12,Email,254
2024-02-12,Organic Search,1241
2024-02-12,Paid Search,353
2024-02-12,Referral,63
2024-02-12,Social,719
2024-02-13,Direct,355
2024-02-13,Email,155
2024-02-13,Organic Search,1122
2024-02-13,Paid Search,890
2024-02-13,Referral,212
2024-02-13,Social,1030
2024-02-14,Direct,479
2024-02-14,Email,176
2024-02-14,Organic Search,1288
2024-02-14,Paid Search,970
2024-02-14,Referral,59
2024-02-14,Social,1492
2024-02-15,Direct,378
2024-02-15,Email,109
2024-02-15,Organic Search,1184
2024-02-15,Paid Search,440
2024-02-15,Referral,91
2024-02-15,Social,876
2024-02-16,Direct,592
2024-02-16,Email,200
2024-02-16,Organic Search,778
2024-02-16,Paid Search,981
2024-02-16,Referral,166
2024-02-16,Social,316
2024-02-17,Direct,184
2024-02-17,Email,228
2024-02-17,Organic Search,935
2024-02-17,Paid Search,649
2024-02-17,Referral,360
2024-02-17,Social,512
2024-02-18,Direct,387
2024-02-18,Email,140
2024-02-18,Organic Search,531
2024-02-18,Paid Search,529
2024-02-18,Referral,44
2024-02-18,Social,636
2024-02-19,Direct,327
2024-02-19,Email,166
2024-02-19,Organic Search,664
2024-02-19,Paid Search,348
2024-02-19,Referral,337
2024-02-19,Social,1228
2024-02-20,Direct,308
2024-02-20,Email,236
2024-02-20,Organic Search,1001
2024-02-20,Paid Search,746
2024-02-20,Referral,544
2024-02-20,Social,450
2024-02-21,Direct,580
2024-02-21,Email,99
2024-02-21,Organic Search,1193
2024-02-21,Paid Search,976
2024-02-21,Referral,629
2024-02-21,Social,422
2024-02-22,Direct,358
2024-02-22,Email,84
2024-02-22,Organic Search,2398
2024-02-22,Paid Search,760
2024-02-22,Referral,124
2024-02-22,Social,1531
2024-02-23,Direct,493
2024-02-23,Email,144
2024-02-23,Organic Search,1399
2024-02-23,Paid Search,1125
2024-02-23,Referral,774
2024-02-23,Social,1347
2024-02-24,Direct,470
2024-02-24,Email,226
2024-02-24,Organic Search,790
2024-02-24,Paid Search,1195
2024-02-24,Referral,98
2024-02-24,Social,1691
2024-02-25,Direct,372
2024-02-25,Email,137
2024-02-25,Organic Search,793
2024-02-25,Paid Search,655
2024-02-25,Referral,216
2024-02-25,Social,531
2024-02-26,Direct,150
2024-02-26,Email,122
2024-02-26,Organic Search,925
2024-02-26,Paid Search,937
2024-02-26,Referral,268
2024-02-26,Social,614
2024-02-27,Direct,296
2024-02-27,Email,205
2024-02-27,Organic Search,743
2024-02-27,Paid Search,871
2024-02-27,Referral,143
2024-02-27,Social,473
2024-02-28,Direct,352
2024-02-28,Email,290
2024-02-28,Organic Search,870
2024-02-28,Paid Search,937
2024-02-28,Referral,274
2024-02-28,Social,663
2024-02-29,Direct,384
2024-02-29,Email,205
2024-02-29,Organic Search,1008
2024-02-29,Paid Search,975
2024-02-29,Referral,128
2024-02-29,Social,1234
2024-03-01,Direct,423
2024-03-01,Email,90
2024-03-01,Organic Search,1729
2024-03-01,Paid Search,739
2024-03-01,Referral,455
2024-03-01,Social,1330
2024-03-02,Direct,425
2024-03-02,Email,289
2024-03-02,Organic Search,1129
2024-03-02,Paid Search,960
2024-03-02,Referral,61
2024-03-02,Social,916
2024-03-03,Direct,427
2024-03-03,Email,175
2024-03-03,Organic Search,1017
2024-03-03,Paid Search,975
2024-03-03,Referral,399
2024-03-03,Social,1684
2024-03-04,Direct,330
2024-03-04,Email,107
2024-03-04,Organic Search,1645
2024-03-04,Paid Search,631
2024-03-04,Referral,254
2024-03-04,Social,287
2024-03-05,Direct,425
2024-03-05,Email,108
2024-03-05,Organic Search,1447
2024-03-05,Paid Search,553
2024-03-05,Referral,244
2024-03-05,Social,894
2024-03-06,Direct,370
2024-03-06,Email,86
2024-03-06,Organic Search,1041
2024-03-06,Paid Search,358
2024-03-06,Referral,362
2024-03-06,Social,493
2024-03-07,Direct,973
2024-03-07,Email,188
2024-03-07,Organic Search,1186
2024-03-07,Paid Search,495
2024-03-07,Referral,71
2024-03-07,Social,511
2024-03-08,Direct,256
2024-03-08,Email,227
2024-03-08,Organic Search,1066
2024-03-08,Paid Search,875
2024-03-08,Referral,47
2024-03-08,Social,501
2024-03-09,Direct,590
2024-03-09,Email,299
2024-03-09,Organic Search,735
2024-03-09,Paid Search,1182
2024-03-09,Referral,98
2024-03-09,Social,544
2024-03-10,Direct,263
2024-03-10,Email,124
2024-03-10,Organic Search,879
2024-03-10,Paid Search,1050
2024-03-10,Referral,118
2024-03-10,Social,253
2024-03-11,Direct,561
2024-03-11,Email,139
2024-03-11,Organic Search,1090
2024-03-11,Paid Search,694
2024-03-11,Referral,39
2024-03-11,Social,566
2024-03-12,Direct,471
2024-03-12,Email,227
2024-03-12,Organic Search,896
2024-03-12,Paid Search,518
2024-03-12,Referral,212
2024-03-12,Social,371
2024-03-13,Direct,519
2024-03-13,Email,149
2024-03-13,Organic Search,863
2024-03-13,Paid Search,814
2024-03-13,Referral,526
2024-03-13,Social,1011
2024-03-14,Direct,486
2024-03-14,Email,236
2024-03-14,Organic Search,1073
2024-03-14,Paid Search,625
2024-03-14,Referral,140
2024-03-14,Social,1831
2024-03-15,Direct,247
2024-03-15,Email,400
2024-03-15,Organic Search,1365
2024-03-15,Paid Search,1858
2024-03-15,Referral,290
2024-03-15,Social,396
2024-03-16,Direct,484
2024-03-16,Email,156
2024-03-16,Organic Search,873
2024-03-16,Paid Search,410
2024-03-16,Referral,80
2024-03-16,Social,854
2024-03-17,Direct,407
2024-03-17,Email,152
2024-03-17,Organic Search,1881
2024-03-17,Paid Search,1222
2024-03-17,Referral,75
2024-03-17,Social,585
2024-03-18,Direct,420
2024-03-18,Email,123
2024-03-18,Organic Search,891
2024-03-18,Paid Search,699
2024-03-18,Referral,325
2024-03-18,Social,755
2024-03-19,Direct,694
2024-03-19,Email,96
2024-03-19,Organic Search,1050
2024-03-19,Paid Search,825
2024-03-19,Referral,116
2024-03-19,Social,911
2024-03-20,Direct,539
2024-03-20,Email,268
2024-03-20,Organic Search,1562
2024-03-20,Paid Search,473
2024-03-20,Referral,116
2024-03-20,Social,1407
2024-03-21,Direct,614
2024-03-21,Email,300
2024-03-21,Organic Search,1329
2024-03-21,Paid Search,588
2024-03-21,Referral,52
2024-03-21,Social,1274
2024-03-22,Direct,524
2024-03-22,Email,193
2024-03-22,Organic Search,1271
2024-03-22,Paid Search,1100
2024-03-22,Referral,318
2024-03-22,Social,640
2024-03-23,Direct,493
2024-03-23,Email,109
2024-03-23,Organic Search,1344
2024-03-23,Paid Search,533
2024-03-23,Referral,128
2024-03-23,Social,1213
2024-03-24,Direct,725
2024-03-24,Email,58
2024-03-24,Organic Search,866
2024-03-24,Paid Search,664
2024-03-24,Referral,51
2024-03-24,Social,399
2024-03-25,Direct,215
2024-03-25,Email,186
2024-03-25,Organic Search,832
2024-03-25,Paid Search,679
2024-03-25,Referral,200
2024-03-25,Social,2912
2024-03-26,Direct,287
2024-03-26,Email,153
2024-03-26,Organic Search,1681
2024-03-26,Paid Search,1229
2024-03-26,Referral,168
2024-03-26,Social,544
2024-03-27,Direct,701
2024-03-27,Email,125
2024-03-27,Organic Search,838
2024-03-27,Paid Search,614
2024-03-27,Referral,93
2024-03-27,Social,505
2024-03-28,Direct,318
2024-03-28,Email,221
2024-03-28,Organic Search,762
2024-03-28,Paid Search,1058
2024-03-28,Referral,90
2024-03-28,Social,986
2024-03-29,Direct,675
2024-03-29,Email,92
2024-03-29,Organic Search,1359
2024-03-29,Paid Search,666
2024-03-29,Referral,241
2024-03-29,Social,1232
2024-03-30,Direct,667
2024-03-30,Email,102
2024-03-30,Organic Search,743
2024-03-30,Paid Search,1297
2024-03-30,Referral,89
2024-03-30,Social,772
2024-03-31,Direct,427
2024-03-31,Email,174
2024-03-31,Organic Search,998
2024-03-31,Paid Search,610
2024-03-31,Referral,62
2024-03-31,Social,828
2024-04-01,Direct,493
2024-04-01,Email,177
2024-04-01,Organic Search,1184
2024-04-01,Paid Search,404
2024-04-01,Referral,52
2024-04-01,Social,865
2024-04-02,Direct,526
2024-04-02,Email,221
2024-04-02,Organic Search,859
2024-04-02,Paid Search,924
2024-04-02,Referral,41
2024-04-02,Social,958
2024-04-03,Direct,615
2024-04-03,Email,194
2024-04-03,Organic Search,1017
2024-04-03,Paid Search,695
2024-04-03,Referral,91
2024-04-03,Social,576
2024-04-04,Direct,368
2024-04-04,Email,191
2024-04-04,Organic Search,1078
2024-04-04,Paid Search,1058
2024-04-04,Referral,320
2024-04-04,Social,1309
2024-04-05,Direct,554
2024-04-05,Email,78
2024-04-05,Organic Search,1356
2024-04-05,Paid Search,674
2024-04-05,Referral,249
2024-04-05,Social,1020
2024-04-06,Direct,381
2024-04-06,Email,146
2024-04-06,Organic Search,969
2024-04-06,Paid Search,740
2024-04-06,Referral,74
2024-04-06,Social,489
2024-04-07,Direct,325
2024-04-07,Email,198
2024-04-07,Organic Search,1009
2024-04-07,Paid Search,721
2024-04-07,Referral,16
2024-04-07,Social,983
2024-04-08,Direct,795
2024-04-08,Email,98
2024-04-08,Organic Search,1552
2024-04-08,Paid Search,510
2024-04-08,Referral,112
2024-04-08,Social,569
2024-04-09,Direct,395
2024-04-09,Email,156
2024-04-09,Organic Search,927
2024-04-09,Paid Search,1139
2024-04-09,Referral,187
2024-04-09,Social,1019
2024-04-10,Direct,451
2024-04-10,Email,161
2024-04-10,Organic Search,468
2024-04-10,Paid Search,470
2024-04-10,Referral,162
2024-04-10,Social,1240
2024-04-11,Direct,283
2024-04-11,Email,398
2024-04-11,Organic Search,1333
2024-04-11,Paid Search,375
2024-04-11,Referral,120
2024-04-11,Social,1349
2024-04-12,Direct,449
2024-04-12,Email,212
2024-04-12,Organic Search,1067
2024-04-12,Paid Search,544
2024-04-12,Referral,870
2024-04-12,Social,1063
2024-04-13,Direct,291
2024-04-13,Email,205
2024-04-13,Organic Search,1516
2024-04-13,Paid Search,599
2024-04-13,Referral,83
2024-04-13,Social,776
2024-04-14,Direct,745
2024-04-14,Email,186
2024-04-14,Organic Search,923
2024-04-14,Paid Search,503
2024-04-14,Referral,438
2024-04-14,Social,109
2024-04-15,Direct,455
2024-04-15,Email,183
2024-04-15,Organic Search,390
2024-04-15,Paid Search,1100
2024-04-15,Referral,21
2024-04-15,Social,845
2024-04-16,Direct,397
2024-04-16,Email,82
2024-04-16,Organic Search,1951
2024-04-16,Paid Search,584
2024-04-16,Referral,200
2024-04-16,Social,734
2024-04-17,Direct,481
2024-04-17,Email,162
2024-04-17,Organic Search,897
2024-04-17,Paid Search,703
2024-04-17,Referral,164
2024-04-17,Social,841
2024-04-18,Direct,563
2024-04-18,Email,93
2024-04-18,Organic Search,972
2024-04-18,Paid Search,733
2024-04-18,Referral,212
2024-04-18,Social,329
2024-04-19,Direct,440
2024-04-19,Email,242
2024-04-19,Organic Search,1365
2024-04-19,Paid Search,644
2024-04-19,Referral,63
2024-04-19,Social,219
2024-04-20,Direct,744
2024-04-20,Email,152
2024-04-20,Organic Search,1119
2024-04-20,Paid Search,451
2024-04-20,Referral,375
2024-04-20,Social,1169
2024-04-21,Direct,268
2024-04-21,Email,225
2024-04-21,Organic Search,999
2024-04-21,Paid Search,1117
2024-04-21,Referral,50
2024-04-21,Social,1274
2024-04-22,Direct,358
2024-04-22,Email,441
2024-04-22,Organic Search,735
2024-04-22,Paid Search,1370
2024-04-22,Referral,174
2024-04-22,Social,798
2024-04-23,Direct,568
2024-04-23,Email,72
2024-04-23,Organic Search,376
2024-04-23,Paid Search,1361
2024-04-23,Referral,83
2024-04-23,Social,845
2024-04-24,Direct,824
2024-04-24,Email,145
2024-04-24,Organic Search,978
2024-04-24,Paid Search,740
2024-04-24,Referral,201
2024-04-24,Social,453
2024-04-25,Direct,763
2024-04-25,Email,244
2024-04-25,Organic Search,833
2024-04-25,Paid Search,1556
2024-04-25,Referral,44
2024-04-25,Social,444
2024-04-26,Direct,710
2024-04-26,Email,166
2024-04-26,Organic Search,1299
2024-04-26,Paid Search,869
2024-04-26,Referral,136
2024-04-26,Social,667
2024-04-27,Direct,418
2024-04-27,Email,322
2024-04-27,Organic Search,1232
2024-04-27,Paid Search,663
2024-04-27,Referral,495
2024-04-27,Social,240
2024-04-28,Direct,290
2024-04-28,Email,208
2024-04-28,Organic Search,1469
2024-04-28,Paid Search,1177
2024-04-28,Referral,66
2024-04-28,Social,598
2024-04-29,Direct,352
2024-04-29,Email,204
2024-04-29,Organic Search,1352
2024-04-29,Paid Search,1035
2024-04-29,Referral,241
2024-04-29,Social,628
2024-04-30,Direct,268
2024-04-30,Email,135
2024-04-30,Organic Search,1342
2024-04-30,Paid Search,1263
2024-04-30,Referral,85
2024-04-30,Social,386
2024-05-01,Direct,348
2024-05-01,Email,408
2024-05-01,Organic Search,1141
2024-05-01,Paid Search,453
2024-05-01,Referral,114
2024-05-01,Social,1020
2024-05-02,Direct,476
2024-05-02,Email,295
2024-05-02,Organic Search,1009
2024-05-02,Paid Search,573
2024-05-02,Referral,42
2024-05-02,Social,270
2024-05-03,Direct,320
2024-05-03,Email,149
2024-05-03,Organic Search,1410
2024-05-03,Paid Search,952
2024-05-03,Referral,96
2024-05-03,Social,593
2024-05-04,Direct,337
2024-05-04,Email,101
2024-05-04,Organic Search,1347
2024-05-04,Paid Search,1188
2024-05-04,Referral,194
2024-05-04,Social,617
2024-05-05,Direct,309
2024-05-05,Email,139
2024-05-05,Organic Search,1648
2024-05-05,Paid Search,611
2024-05-05,Referral,104
2024-05-05,Social,1084
2024-05-06,Direct,388
2024-05-06,Email,221
2024-05-06,Organic Search,1176
2024-05-06,Paid Search,1670
2024-05-06,Referral,208
2024-05-06,Social,498
2024-05-07,Direct,769
2024-05-07,Email,175
2024-05-07,Organic Search,1215
2024-05-07,Paid Search,1355
2024-05-07,Referral,508
2024-05-07,Social,383
2024-05-08,Direct,863
2024-05-08,Email,125
2024-05-08,Organic Search,1105
2024-05-08,Paid Search,520
2024-05-08,Referral,73
2024-05-08,Social,912
2024-05-09,Direct,315
2024-05-09,Email,267
2024-05-09,Organic Search,977
2024-05-09,Paid Search,1209
2024-05-09,Referral,105
2024-05-09,Social,1055
2024-05-10,Direct,877
2024-05-10,Email,282
2024-05-10,Organic Search,1003
2024-05-10,Paid Search,619
2024-05-10,Referral,138
2024-05-10,Social,492
2024-05-11,Direct,426
2024-05-11,Email,153
2024-05-11,Organic Search,1669
2024-05-11,Paid Search,777
2024-05-11,Referral,153
2024-05-11,Social,497
2024-05-12,Direct,549
2024-05-12,Email,120
2024-05-12,Organic Search,1357
2024-05-12,Paid Search,665
2024-05-12,Referral,451
2024-05-12,Social,950
2024-05-13,Direct,556
2024-05-13,Email,261
2024-05-13,Organic Search,1239
2024-05-13,Paid Search,720
2024-05-13,Referral,372
2024-05-13,Social,192
2024-05-14,Direct,538
2024-05-14,Email,135
2024-05-14,Organic Search,1204
2024-05-14,Paid Search,567
2024-05-14,Referral,141
2024-05-14,Social,719
2024-05-15,Direct,436
2024-05-15,Email,149
2024-05-15,Organic Search,1254
2024-05-15,Paid Search,1119
2024-05-15,Referral,81
2024-05-15,Social,367
2024-05-16,Direct,301
2024-05-16,Email,124
2024-05-16,Organic Search,1213
2024-05-16,Paid Search,832
2024-05-16,Referral,160
2024-05-16,Social,438
2024-05-17,Direct,566
2024-05-17,Email,300
2024-05-17,Organic Search,1171
2024-05-17,Paid Search,883
2024-05-17,Referral,169
2024-05-17,Social,1105
2024-05-18,Direct,343
2024-05-18,Email,136
2024-05-18,Organic Search,1358
2024-05-18,Paid Search,944
2024-05-18,Referral,181
2024-05-18,Social,804
2024-05-19,Direct,239
2024-05-19,Email,97
2024-05-19,Organic Search,1632
2024-05-19,Paid Search,689
2024-05-19,Referral,109
2024-05-19,Social,849
2024-05-20,Direct,392
2024-05-20,Email,114
2024-05-20,Organic Search,1519
2024-05-20,Paid Search,674
2024-05-20,Referral,157
2024-05-20,Social,639
2024-05-21,Direct,546
2024-05-21,Email,81
2024-05-21,Organic Search,1198
2024-05-21,Paid Search,1249
2024-05-21,Referral,158
2024-05-21,Social,610
2024-05-22,Direct,299
2024-05-22,Email,188
2024-05-22,Organic Search,1199
2024-05-22,Paid Search,1259
2024-05-22,Referral,587
2024-05-22,Social,357
2024-05-23,Direct,462
2024-05-23,Email,72
2024-05-23,Organic Search,1287
2024-05-23,Paid Search,1113
2024-05-23,Referral,185
2024-05-23,Social,865
2024-05-24,Direct,926
2024-05-24,Email,146
2024-05-24,Organic Search,968
2024-05-24,Paid Search,714
2024-05-24,Referral,187
2024-05-24,Social,666
2024-05-25,Direct,335
2024-05-25,Email,200
2024-05-25,Organic Search,1441
2024-05-25,Paid Search,552
2024-05-25,Referral,130
2024-05-25,Social,115
2024-05-26,Direct,491
2024-05-26,Email,206
2024-05-26,Organic Search,1013
2024-05-26,Paid Search,980
2024-05-26,Referral,74
2024-05-26,Social,500
2024-05-27,Direct,444
2024-05-27,Email,94
2024-05-27,Organic Search,891
2024-05-27,Paid Search,1036
2024-05-27,Referral,21
2024-05-27,Social,1600
2024-05-28,Direct,553
2024-05-28,Email,134
2024-05-28,Organic Search,1344
2024-05-28,Paid Search,605
2024-05-28,Referral,140
2024-05-28,Social,1001
2024-05-29,Direct,478
2024-05-29,Email,100
2024-05-29,Organic Search,1176
2024-05-29,Paid Search,670
2024-05-29,Referral,320
2024-05-29,Social,1015
2024-05-30,Direct,489
2024-05-30,Email,167
2024-05-30,Organic Search,1253
2024-05-30,Paid Search,468
2024-05-30,Referral,352
2024-05-30,Social,683
2024-05-31,Direct,639
2024-05-31,Email,38
2024-05-31,Organic Search,741
2024-05-31,Paid Search,1217
2024-05-31,Referral,290
2024-05-31,Social,526
2024-06-01,Direct,226
2024-06-01,Email,42
2024-06-01,Organic Search,908
2024-06-01,Paid Search,1291
2024-06-01,Referral,79
2024-06-01,Social,1269
2024-06-02,Direct,319
2024-06-02,Email,231
2024-06-02,Organic Search,752
2024-06-02,Paid Search,518
2024-06-02,Referral,160
2024-06-02,Social,1457
2024-06-03,Direct,840
2024-06-03,Email,300
2024-06-03,Organic Search,1012
2024-06-03,Paid Search,445
2024-06-03,Referral,177
2024-06-03,Social,948
2024-06-04,Direct,366
2024-06-04,Email,244
2024-06-04,Organic Search,522
2024-06-04,Paid Search,463
2024-06-04,Referral,435
2024-06-04,Social,1602
2024-06-05,Direct,271
2024-06-05,Email,177
2024-06-05,Organic Search,802
2024-06-05,Paid Search,799
2024-06-05,Referral,253
2024-06-05,Social,1816
2024-06-06,Direct,858
2024-06-06,Email,158
2024-06-06,Organic Search,1292
2024-06-06,Paid Search,550
2024-06-06,Referral,46
2024-06-06,Social,213
2024-06-07,Direct,398
2024-06-07,Email,191
2024-06-07,Organic Search,1339
2024-06-07,Paid Search,667
2024-06-07,Referral,198
2024-06-07,Social,835
2024-06-08,Direct,488
2024-06-08,Email,71
2024-06-08,Organic Search,997
2024-06-08,Paid Search,654
2024-06-08,Referral,362
2024-06-08,Social,871
2024-06-09,Direct,414
2024-06-09,Email,396
2024-06-09,Organic Search,1018
2024-06-09,Paid Search,472
2024-06-09,Referral,467
2024-06-09,Social,1020
2024-06-10,Direct,338
2024-06-10,Email,326
2024-06-10,Organic Search,1056
2024-06-10,Paid Search,551
2024-06-10,Referral,153
2024-06-10,Social,932
2024-06-11,Direct,511
2024-06-11,Email,68
2024-06-11,Organic Search,1067
2024-06-11,Paid Search,780
2024-06-11,Referral,20
2024-06-11,Social,779
2024-06-12,Direct,509
2024-06-12,Email,112
2024-06-12,Organic Search,1305
2024-06-12,Paid Search,1111
2024-06-12,Referral,17
2024-06-12,Social,1448
2024-06-13,Direct,577
2024-06-13,Email,195
2024-06-13,Organic Search,685
2024-06-13,Paid Search,812
2024-06-13,Referral,213
2024-06-13,Social,575
2024-06-14,Direct,687
2024-06-14,Email,291
2024-06-14,Organic Search,967
2024-06-14,Paid Search,924
2024-06-14,Referral,16
2024-06-14,Social,767
2024-06-15,Direct,828
2024-06-15,Email,69
2024-06-15,Organic Search,984
2024-06-15,Paid Search,644
2024-06-15,Referral,71
2024-06-15,Social,1144
2024-06-16,Direct,854
2024-06-16,Email,211
2024-06-16,Organic Search,863
2024-06-16,Paid Search,502
2024-06-16,Referral,100
2024-06-16,Social,1105
2024-06-17,Direct,269
2024-06-17,Email,313
2024-06-17,Organic Search,1554
2024-06-17,Paid Search,803
2024-06-17,Referral,224
2024-06-17,Social,547
2024-06-18,Direct,372
2024-06-18,Email,256
2024-06-18,Organic Search,938
2024-06-18,Paid Search,582
2024-06-18,Referral,183
2024-06-18,Social,912
2024-06-19,Direct,444
2024-06-19,Email,95
2024-06-19,Organic Search,1595
2024-06-19,Paid Search,524
2024-06-19,Referral,683
2024-06-19,Social,1249
2024-06-20,Direct,299
2024-06-20,Email,215
2024-06-20,Organic Search,2066
2024-06-20,Paid Search,769
2024-06-20,Referral,101
2024-06-20,Social,391
2024-06-21,Direct,436
2024-06-21,Email,209
2024-06-21,Organic Search,1090
2024-06-21,Paid Search,780
2024-06-21,Referral,321
2024-06-21,Social,822
2024-06-22,Direct,488
2024-06-22,Email,130
2024-06-22,Organic Search,1125
2024-06-22,Paid Search,673
2024-06-22,Referral,80
2024-06-22,Social,1031
2024-06-23,Direct,424
2024-06-23,Email,274
2024-06-23,Organic Search,1042
2024-06-23,Paid Search,474
2024-06-23,Referral,161
2024-06-23,Social,1096
2024-06-24,Direct,653
2024-06-24,Email,192
2024-06-24,Organic Search,841
2024-06-24,Paid Search,813
2024-06-24,Referral,271
2024-06-24,Social,375
2024-06-25,Direct,620
2024-06-25,Email,131
2024-06-25,Organic Search,1091
2024-06-25,Paid Search,877
2024-06-25,Referral,234
2024-06-25,Social,1054
2024-06-26,Direct,507
2024-06-26,Email,272
2024-06-26,Organic Search,1026
2024-06-26,Paid Search,533
2024-06-26,Referral,253
2024-06-26,Social,812
2024-06-27,Direct,482
2024-06-27,Email,266
2024-06-27,Organic Search,976
2024-06-27,Paid Search,1103
2024-06-27,Referral,140
2024-06-27,Social,912
2024-06-28,Direct,572
2024-06-28,Email,166
2024-06-28,Organic Search,1616
2024-06-28,Paid Search,843
2024-06-28,Referral,205
2024-06-28,Social,1340
2024-06-29,Direct,467
2024-06-29,Email,208
2024-06-29,Organic Search,1499
2024-06-29,Paid Search,804
2024-06-29,Referral,188
2024-06-29,Social,1472
2024-06-30,Direct,552
2024-06-30,Email,249
2024-06-30,Organic Search,936
2024-06-30,Paid Search,751
2024-06-30,Referral,54
2024-06-30,Social,947
2024-07-01,Direct,888
2024-07-01,Email,209
2024-07-01,Organic Search,908
2024-07-01,Paid Search,766
2024-07-01,Referral,140
2024-07-01,Social,585
2024-07-02,Direct,445
2024-07-02,Email,153
2024-07-02,Organic Search,937
2024-07-02,Paid Search,948
2024-07-02,Referral,189
2024-07-02,Social,451
2024-07-03,Direct,213
2024-07-03,Email,144
2024-07-03,Organic Search,2371
2024-07-03,Paid Search,662
2024-07-03,Referral,112
2024-07-03,Social,326
2024-07-04,Direct,374
2024-07-04,Email,118
2024-07-04,Organic Search,1450
2024-07-04,Paid Search,951
2024-07-04,Referral,89
2024-07-04,Social,1882
2024-07-05,Direct,533
2024-07-05,Email,93
2024-07-05,Organic Search,1057
2024-07-05,Paid Search,951
2024-07-05,Referral,164
2024-07-05,Social,415
2024-07-06,Direct,385
2024-07-06,Email,72
2024-07-06,Organic Search,1083
2024-07-06,Paid Search,525
2024-07-06,Referral,379
2024-07-06,Social,421
2024-07-07,Direct,477
2024-07-07,Email,231
2024-07-07,Organic Search,1211
2024-07-07,Paid Search,472
2024-07-07,Referral,36
2024-07-07,Social,772
2024-07-08,Direct,397
2024-07-08,Email,265
2024-07-08,Organic Search,984
2024-07-08,Paid Search,395
2024-07-08,Referral,18
2024-07-08,Social,847
2024-07-09,Direct,535
2024-07-09,Email,218
2024-07-09,Organic Search,1144
2024-07-09,Paid Search,449
2024-07-09,Referral,350
2024-07-09,Social,1125
2024-07-10,Direct,617
2024-07-10,Email,207
2024-07-10,Organic Search,1409
2024-07-10,Paid Search,690
2024-07-10,Referral,49
2024-07-10,Social,1077
2024-07-11,Direct,801
2024-07-11,Email,83
2024-07-11,Organic Search,937
2024-07-11,Paid Search,504
2024-07-11,Referral,90
2024-07-11,Social,2456
2024-07-12,Direct,817
2024-07-12,Email,373
2024-07-12,Organic Search,934
2024-07-12,Paid Search,626
2024-07-12,Referral,17
2024-07-12,Social,739
2024-07-13,Direct,353
2024-07-13,Email,230
2024-07-13,Organic Search,444
2024-07-13,Paid Search,876
2024-07-13,Referral,237
2024-07-13,Social,1014
2024-07-14,Direct,348
2024-07-14,Email,261
2024-07-14,Organic Search,1032
2024-07-14,Paid Search,478
2024-07-14,Referral,441
2024-07-14,Social,965
2024-07-15,Direct,708
2024-07-15,Email,115
2024-07-15,Organic Search,1119
2024-07-15,Paid Search,493
2024-07-15,Referral,237
2024-07-15,Social,386
2024-07-16,Direct,1125
2024-07-16,Email,175
2024-07-16,Organic Search,523
2024-07-16,Paid Search,987
2024-07-16,Referral,89
2024-07-16,Social,724
2024-07-17,Direct,365
2024-07-17,Email,132
2024-07-17,Organic Search,1368
2024-07-17,Paid Search,598
2024-07-17,Referral,99
2024-07-17,Social,1101
2024-07-18,Direct,581
2024-07-18,Email,218
2024-07-18,Organic Search,809
2024-07-18,Paid Search,608
2024-07-18,Referral,658
2024-07-18,Social,1088
2024-07-19,Direct,572
2024-07-19,Email,66
2024-07-19,Organic Search,995
2024-07-19,Paid Search,1146
2024-07-19,Referral,323
2024-07-19,Social,1900
2024-07-20,Direct,222
2024-07-20,Email,380
2024-07-20,Organic Search,1191
2024-07-20,Paid Search,576
2024-07-20,Referral,130
2024-07-20,Social,509
2024-07-21,Direct,523
2024-07-21,Email,184
2024-07-21,Organic Search,1226
2024-07-21,Paid Search,760
2024-07-21,Referral,90
2024-07-21,Social,251
2024-07-22,Direct,248
2024-07-22,Email,234
2024-07-22,Organic Search,982
2024-07-22,Paid Search,844
2024-07-22,Referral,168
2024-07-22,Social,560
2024-07-23,Direct,362
2024-07-23,Email,286
2024-07-23,Organic Search,798
2024-07-23,Paid Search,623
2024-07-23,Referral,153
2024-07-23,Social,1204
2024-07-24,Direct,397
2024-07-24,Email,80
2024-07-24,Organic Search,1553
2024-07-24,Paid Search,918
2024-07-24,Referral,92
2024-07-24,Social,527
2024-07-25,Direct,428
2024-07-25,Email,126
2024-07-25,Organic Search,616
2024-07-25,Paid Search,1158
2024-07-25,Referral,183
2024-07-25,Social,207
2024-07-26,Direct,254
2024-07-26,Email,273
2024-07-26,Organic Search,1350
2024-07-26,Paid Search,945
2024-07-26,Referral,178
2024-07-26,Social,704
2024-07-27,Direct,749
2024-07-27,Email,85
2024-07-27,Organic Search,1211
2024-07-27,Paid Search,627
2024-07-27,Referral,310
2024-07-27,Social,807
2024-07-28,Direct,643
2024-07-28,Email,36
2024-07-28,Organic Search,853
2024-07-28,Paid Search,1603
2024-07-28,Referral,67
2024-07-28,Social,899
2024-07-29,Direct,623
2024-07-29,Email,282
2024-07-29,Organic Search,968
2024-07-29,Paid Search,332
2024-07-29,Referral,314
2024-07-29,Social,664
2024-07-30,Direct,571
2024-07-30,Email,220
2024-07-30,Organic Search,1302
2024-07-30,Paid Search,1124
2024-07-30,Referral,80
2024-07-30,Social,289
2024-07-31,Direct,938
2024-07-31,Email,145
2024-07-31,Organic Search,1615
2024-07-31,Paid Search,677
2024-07-31,Referral,50
2024-07-31,Social,634
2024-08-01,Direct,573
2024-08-01,Email,109
2024-08-01,Organic Search,1236
2024-08-01,Paid Search,851
2024-08-01,Referral,162
2024-08-01,Social,559
2024-08-02,Direct,464
2024-08-02,Email,227
2024-08-02,Organic Search,1230
2024-08-02,Paid Search,798
2024-08-02,Referral,201
2024-08-02,Social,758
2024-08-03,Direct,380
2024-08-03,Email,109
2024-08-03,Organic Search,1305
2024-08-03,Paid Search,600
2024-08-03,Referral,87
2024-08-03,Social,621
2024-08-04,Direct,394
2024-08-04,Email,167
2024-08-04,Organic Search,2009
2024-08-04,Paid Search,528
2024-08-04,Referral,218
2024-08-04,Social,745
2024-08-05,Direct,349
2024-08-05,Email,35
2024-08-05,Organic Search,626
2024-08-05,Paid Search,727
2024-08-05,Referral,583
2024-08-05,Social,598
2024-08-06,Direct,426
2024-08-06,Email,244
2024-08-06,Organic Search,880
2024-08-06,Paid Search,1366
2024-08-06,Referral,321
2024-08-06,Social,915
2024-08-07,Direct,455
2024-08-07,Email,262
2024-08-07,Organic Search,1104
2024-08-07,Paid Search,711
2024-08-07,Referral,162
2024-08-07,Social,645
2024-08-08,Direct,927
2024-08-08,Email,297
2024-08-08,Organic Search,1132
2024-08-08,Paid Search,376
2024-08-08,Referral,160
2024-08-08,Social,694
2024-08-09,Direct,413
2024-08-09,Email,72
2024-08-09,Organic Search,1141
2024-08-09,Paid Search,621
2024-08-09,Referral,154
2024-08-09,Social,1952
2024-08-10,Direct,486
2024-08-10,Email,255
2024-08-10,Organic Search,575
2024-08-10,Paid Search,1056
2024-08-10,Referral,102
2024-08-10,Social,717
2024-08-11,Direct,586
2024-08-11,Email,413
2024-08-11,Organic Search,1415
2024-08-11,Paid Search,559
2024-08-11,Referral,549
2024-08-11,Social,984
2024-08-12,Direct,499
2024-08-12,Email,75
2024-08-12,Organic Search,1107
2024-08-12,Paid Search,632
2024-08-12,Referral,180
2024-08-12,Social,1316
2024-08-13,Direct,818
2024-08-13,Email,110
2024-08-13,Organic Search,996
2024-08-13,Paid Search,917
2024-08-13,Referral,373
2024-08-13,Social,573
2024-08-14,Direct,701
2024-08-14,Email,60
2024-08-14,Organic Search,1345
2024-08-14,Paid Search,622
2024-08-14,Referral,260
2024-08-14,Social,827
2024-08-15,Direct,586
2024-08-15,Email,157
2024-08-15,Organic Search,793
2024-08-15,Paid Search,543
2024-08-15,Referral,267
2024-08-15,Social,853
2024-08-16,Direct,341
2024-08-16,Email,179
2024-08-16,Organic Search,1333
2024-08-16,Paid Search,342
2024-08-16,Referral,97
2024-08-16,Social,601
2024-08-17,Direct,421
2024-08-17,Email,279
2024-08-17,Organic Search,1646
2024-08-17,Paid Search,423
2024-08-17,Referral,281
2024-08-17,Social,2537
2024-08-18,Direct,455
2024-08-18,Email,126
2024-08-18,Organic Search,1174
2024-08-18,Paid Search,741
2024-08-18,Referral,505
2024-08-18,Social,784
2024-08-19,Direct,502
2024-08-19,Email,151
2024-08-19,Organic Search,1319
2024-08-19,Paid Search,1030
2024-08-19,Referral,94
2024-08-19,Social,337
2024-08-20,Direct,514
2024-08-20,Email,162
2024-08-20,Organic Search,1329
2024-08-20,Paid Search,764
2024-08-20,Referral,438
2024-08-20,Social,1435
2024-08-21,Direct,405
2024-08-21,Email,307
2024-08-21,Organic Search,801
2024-08-21,Paid Search,1259
2024-08-21,Referral,253
2024-08-21,Social,906
2024-08-22,Direct,738
2024-08-22,Email,20
2024-08-22,Organic Search,621
2024-08-22,Paid Search,518
2024-08-22,Referral,105
2024-08-22,Social,1296
2024-08-23,Direct,789
2024-08-23,Email,136
2024-08-23,Organic Search,1491
2024-08-23,Paid Search,1160
2024-08-23,Referral,201
2024-08-23,Social,1131
2024-08-24,Direct,251
2024-08-24,Email,284
2024-08-24,Organic Search,831
2024-08-24,Paid Search,1349
2024-08-24,Referral,307
2024-08-24,Social,462
2024-08-25,Direct,721
2024-08-25,Email,625
2024-08-25,Organic Search,867
2024-08-25,Paid Search,479
2024-08-25,Referral,394
2024-08-25,Social,905
2024-08-26,Direct,464
2024-08-26,Email,246
2024-08-26,Organic Search,1008
2024-08-26,Paid Search,587
2024-08-26,Referral,236
2024-08-26,Social,945
2024-08-27,Direct,217
2024-08-27,Email,124
2024-08-27,Organic Search,1375
2024-08-27,Paid Search,818
2024-08-27,Referral,503
2024-08-27,Social,1312
2024-08-28,Direct,294
2024-08-28,Email,226
2024-08-28,Organic Search,1135
2024-08-28,Paid Search,920
2024-08-28,Referral,54
2024-08-28,Social,802
2024-08-29,Direct,526
2024-08-29,Email,269
2024-08-29,Organic Search,798
2024-08-29,Paid Search,804
2024-08-29,Referral,154
2024-08-29,Social,944
2024-08-30,Direct,528
2024-08-30,Email,54
2024-08-30,Organic Search,1148
2024-08-30,Paid Search,609
2024-08-30,Referral,373
2024-08-30,Social,819
2024-08-31,Direct,505
2024-08-31,Email,195
2024-08-31,Organic Search,1582
2024-08-31,Paid Search,620
2024-08-31,Referral,226
2024-08-31,Social,1249
2024-09-01,Direct,497
2024-09-01,Email,134
2024-09-01,Organic Search,912
2024-09-01,Paid Search,767
2024-09-01,Referral,49
2024-09-01,Social,929
2024-09-02,Direct,549
2024-09-02,Email,441
2024-09-02,Organic Search,1019
2024-09-02,Paid Search,562
2024-09-02,Referral,303
2024-09-02,Social,690
2024-09-03,Direct,462
2024-09-03,Email,204
2024-09-03,Organic Search,1579
2024-09-03,Paid Search,351
2024-09-03,Referral,24
2024-09-03,Social,975
2024-09-04,Direct,378
2024-09-04,Email,95
2024-09-04,Organic Search,1351
2024-09-04,Paid Search,1302
2024-09-04,Referral,74
2024-09-04,Social,1190
2024-09-05,Direct,459
2024-09-05,Email,97
2024-09-05,Organic Search,999
2024-09-05,Paid Search,1161
2024-09-05,Referral,255
2024-09-05,Social,1103
2024-09-06,Direct,466
2024-09-06,Email,137
2024-09-06,Organic Search,1144
2024-09-06,Paid Search,592
2024-09-06,Referral,206
2024-09-06,Social,1457
2024-09-07,Direct,496
2024-09-07,Email,103
2024-09-07,Organic Search,910
2024-09-07,Paid Search,708
2024-09-07,Referral,57
2024-09-07,Social,613
2024-09-08,Direct,612
2024-09-08,Email,220
2024-09-08,Organic Search,904
2024-09-08,Paid Search,885
2024-09-08,Referral,168
2024-09-08,Social,277
2024-09-09,Direct,378
2024-09-09,Email,158
2024-09-09,Organic Search,1392
2024-09-09,Paid Search,631
2024-09-09,Referral,126
2024-09-09,Social,1861
2024-09-10,Direct,310
2024-09-10,Email,163
2024-09-10,Organic Search,839
2024-09-10,Paid Search,1098
2024-09-10,Referral,81
2024-09-10,Social,2197
2024-09-11,Direct,297
2024-09-11,Email,188
2024-09-11,Organic Search,1246
2024-09-11,Paid Search,763
2024-09-11,Referral,139
2024-09-11,Social,386
2024-09-12,Direct,397
2024-09-12,Email,207
2024-09-12,Organic Search,880
2024-09-12,Paid Search,1870
2024-09-12,Referral,260
2024-09-12,Social,819
2024-09-13,Direct,767
2024-09-13,Email,163
2024-09-13,Organic Search,923
2024-09-13,Paid Search,810
2024-09-13,Referral,148
2024-09-13,Social,1348
2024-09-14,Direct,642
2024-09-14,Email,271
2024-09-14,Organic Search,1315
2024-09-14,Paid Search,750
2024-09-14,Referral,29
2024-09-14,Social,859
2024-09-15,Direct,446
2024-09-15,Email,217
2024-09-15,Organic Search,710
2024-09-15,Paid Search,619
2024-09-15,Referral,317
2024-09-15,Social,1140
2024-09-16,Direct,327
2024-09-16,Email,258
2024-09-16,Organic Search,1900
2024-09-16,Paid Search,939
2024-09-16,Referral,168
2024-09-16,Social,492
2024-09-17,Direct,481
2024-09-17,Email,101
2024-09-17,Organic Search,1075
2024-09-17,Paid Search,560
2024-09-17,Referral,216
2024-09-17,Social,610
2024-09-18,Direct,566
2024-09-18,Email,131
2024-09-18,Organic Search,1519
2024-09-18,Paid Search,708
2024-09-18,Referral,103
2024-09-18,Social,244
2024-09-19,Direct,575
2024-09-19,Email,181
2024-09-19,Organic Search,1336
2024-09-19,Paid Search,833
2024-09-19,Referral,77
2024-09-19,Social,510
2024-09-20,Direct,265
2024-09-20,Email,118
2024-09-20,Organic Search,1042
2024-09-20,Paid Search,1421
2024-09-20,Referral,67
2024-09-20,Social,388
2024-09-21,Direct,590
2024-09-21,Email,179
2024-09-21,Organic Search,1939
2024-09-21,Paid Search,532
2024-09-21,Referral,59
2024-09-21,Social,882
2024-09-22,Direct,683
2024-09-22,Email,203
2024-09-22,Organic Search,2003
2024-09-22,Paid Search,795
2024-09-22,Referral,392
2024-09-22,Social,599
2024-09-23,Direct,498
2024-09-23,Email,45
2024-09-23,Organic Search,1083
2024-09-23,Paid Search,738
2024-09-23,Referral,48
2024-09-23,Social,1025
2024-09-24,Direct,397
2024-09-24,Email,245
2024-09-24,Organic Search,793
2024-09-24,Paid Search,804
2024-09-24,Referral,141
2024-09-24,Social,1389
2024-09-25,Direct,335
2024-09-25,Email,255
2024-09-25,Organic Search,2132
2024-09-25,Paid Search,583
2024-09-25,Referral,44
2024-09-25,Social,191
2024-09-26,Direct,416
2024-09-26,Email,187
2024-09-26,Organic Search,1098
2024-09-26,Paid Search,727
2024-09-26,Referral,124
2024-09-26,Social,1452
2024-09-27,Direct,876
2024-09-27,Email,246
2024-09-27,Organic Search,552
2024-09-27,Paid Search,647
2024-09-27,Referral,42
2024-09-27,Social,1632
2024-09-28,Direct,348
2024-09-28,Email,668
2024-09-28,Organic Search,788
2024-09-28,Paid Search,578
2024-09-28,Referral,15
2024-09-28,Social,738
2024-09-29,Direct,507
2024-09-29,Email,156
2024-09-29,Organic Search,1103
2024-09-29,Paid Search,1495
2024-09-29,Referral,39
2024-09-29,Social,1876
2024-09-30,Direct,586
2024-09-30,Email,127
2024-09-30,Organic Search,577
2024-09-30,Paid Search,637
2024-09-30,Referral,452
2024-09-30,Social,1438
2024-10-01,Direct,455
2024-10-01,Email,85
2024-10-01,Organic Search,1471
2024-10-01,Paid Search,647
2024-10-01,Referral,61
2024-10-01,Social,930
2024-10-02,Direct,655
2024-10-02,Email,139
2024-10-02,Organic Search,1047
2024-10-02,Paid Search,879
2024-10-02,Referral,149
2024-10-02,Social,1045
2024-10-03,Direct,346
2024-10-03,Email,107
2024-10-03,Organic Search,1273
2024-10-03,Paid Search,1179
2024-10-03,Referral,172
2024-10-03,Social,1134
2024-10-04,Direct,189
2024-10-04,Email,154
2024-10-04,Organic Search,1091
2024-10-04,Paid Search,961
2024-10-04,Referral,261
2024-10-04,Social,450
2024-10-05,Direct,492
2024-10-05,Email,196
2024-10-05,Organic Search,1681
2024-10-05,Paid Search,841
2024-10-05,Referral,313
2024-10-05,Social,532
2024-10-06,Direct,432
2024-10-06,Email,153
2024-10-06,Organic Search,758
2024-10-06,Paid Search,1138
2024-10-06,Referral,254
2024-10-06,Social,304
2024-10-07,Direct,435
2024-10-07,Email,178
2024-10-07,Organic Search,1287
2024-10-07,Paid Search,582
2024-10-07,Referral,58
2024-10-07,Social,407
2024-10-08,Direct,855
2024-10-08,Email,121
2024-10-08,Organic Search,971
2024-10-08,Paid Search,542
2024-10-08,Referral,280
2024-10-08,Social,450
2024-10-09,Direct,590
2024-10-09,Email,434
2024-10-09,Organic Search,964
2024-10-09,Paid Search,870
2024-10-09,Referral,265
2024-10-09,Social,555
2024-10-10,Direct,738
2024-10-10,Email,161
2024-10-10,Organic Search,1141
2024-10-10,Paid Search,387
2024-10-10,Referral,222
2024-10-10,Social,1076
2024-10-11,Direct,310
2024-10-11,Email,69
2024-10-11,Organic Search,1500
2024-10-11,Paid Search,372
2024-10-11,Referral,219
2024-10-11,Social,930
2024-10-12,Direct,674
2024-10-12,Email,303
2024-10-12,Organic Search,1059
2024-10-12,Paid Search,957
2024-10-12,Referral,232
2024-10-12,Social,511
2024-10-13,Direct,518
2024-10-13,Email,218
2024-10-13,Organic Search,1200
2024-10-13,Paid Search,438
2024-10-13,Referral,88
2024-10-13,Social,735
2024-10-14,Direct,484
2024-10-14,Email,161
2024-10-14,Organic Search,1353
2024-10-14,Paid Search,637
2024-10-14,Referral,195
2024-10-14,Social,1038
2024-10-15,Direct,365
2024-10-15,Email,169
2024-10-15,Organic Search,1234
2024-10-15,Paid Search,1098
2024-10-15,Referral,99
2024-10-15,Social,630
2024-10-16,Direct,661
2024-10-16,Email,97
2024-10-16,Organic Search,709
2024-10-16,Paid Search,1418
2024-10-16,Referral,246
2024-10-16,Social,479
2024-10-17,Direct,322
2024-10-17,Email,154
2024-10-17,Organic Search,1199
2024-10-17,Paid Search,650
2024-10-17,Referral,293
2024-10-17,Social,1571
2024-10-18,Direct,533
2024-10-18,Email,181
2024-10-18,Organic Search,857
2024-10-18,Paid Search,1062
2024-10-18,Referral,430
2024-10-18,Social,667
2024-10-19,Direct,555
2024-10-19,Email,208
2024-10-19,Organic Search,1093
2024-10-19,Paid Search,831
2024-10-19,Referral,331
2024-10-19,Social,1518
2024-10-20,Direct,718
2024-10-20,Email,141
2024-10-20,Organic Search,770
2024-10-20,Paid Search,824
2024-10-20,Referral,154
2024-10-20,Social,343
2024-10-21,Direct,705
2024-10-21,Email,199
2024-10-21,Organic Search,941
2024-10-21,Paid Search,827
2024-10-21,Referral,186
2024-10-21,Social,709
2024-10-22,Direct,417
2024-10-22,Email,169
2024-10-22,Organic Search,1471
2024-10-22,Paid Search,777
2024-10-22,Referral,44
2024-10-22,Social,583
2024-10-23,Direct,512
2024-10-23,Email,56
2024-10-23,Organic Search,1395
2024-10-23,Paid Search,589
2024-10-23,Referral,232
2024-10-23,Social,954
2024-10-24,Direct,1020
2024-10-24,Email,128
2024-10-24,Organic Search,935
2024-10-24,Paid Search,739
2024-10-24,Referral,97
2024-10-24,Social,482
2024-10-25,Direct,449
2024-10-25,Email,106
2024-10-25,Organic Search,1217
2024-10-25,Paid Search,1351
2024-10-25,Referral,165
2024-10-25,Social,856
2024-10-26,Direct,335
2024-10-26,Email,324
2024-10-26,Organic Search,1179
2024-10-26,Paid Search,1019
2024-10-26,Referral,64
2024-10-26,Social,774
2024-10-27,Direct,447
2024-10-27,Email,368
2024-10-27,Organic Search,1075
2024-10-27,Paid Search,577
2024-10-27,Referral,223
2024-10-27,Social,936
2024-10-28,Direct,279
2024-10-28,Email,137
2024-10-28,Organic Search,919
2024-10-28,Paid Search,615
2024-10-28,Referral,179
2024-10-28,Social,828
2024-10-29,Direct,269
2024-10-29,Email,38
2024-10-29,Organic Search,1677
2024-10-29,Paid Search,1012
2024-10-29,Referral,241
2024-10-29,Social,765
2024-10-30,Direct,311
2024-10-30,Email,370
2024-10-30,Organic Search,908
2024-10-30,Paid Search,633
2024-10-30,Referral,330
2024-10-30,Social,1146
2024-10-31,Direct,481
2024-10-31,Email,80
2024-10-31,Organic Search,1160
2024-10-31,Paid Search,864
2024-10-31,Referral,48
2024-10-31,Social,546
2024-11-01,Direct,707
2024-11-01,Email,239
2024-11-01,Organic Search,768
2024-11-01,Paid Search,604
2024-11-01,Referral,600
2024-11-01,Social,1004
2024-11-02,Direct,476
2024-11-02,Email,262
2024-11-02,Organic Search,1156
2024-11-02,Paid Search,1018
2024-11-02,Referral,393
2024-11-02,Social,656
2024-11-03,Direct,414
2024-11-03,Email,113
2024-11-03,Organic Search,1651
2024-11-03,Paid Search,636
2024-11-03,Referral,120
2024-11-03,Social,2166
2024-11-04,Direct,788
2024-11-04,Email,133
2024-11-04,Organic Search,909
2024-11-04,Paid Search,956
2024-11-04,Referral,382
2024-11-04,Social,343
2024-11-05,Direct,353
2024-11-05,Email,236
2024-11-05,Organic Search,926
2024-11-05,Paid Search,625
2024-11-05,Referral,100
2024-11-05,Social,645
2024-11-06,Direct,744
2024-11-06,Email,202
2024-11-06,Organic Search,1302
2024-11-06,Paid Search,655
2024-11-06,Referral,31
2024-11-06,Social,1009
2024-11-07,Direct,570
2024-11-07,Email,212
2024-11-07,Organic Search,855
2024-11-07,Paid Search,695
2024-11-07,Referral,128
2024-11-07,Social,1797
2024-11-08,Direct,181
2024-11-08,Email,207
2024-11-08,Organic Search,711
2024-11-08,Paid Search,1023
2024-11-08,Referral,864
2024-11-08,Social,494
2024-11-09,Direct,895
2024-11-09,Email,160
2024-11-09,Organic Search,877
2024-11-09,Paid Search,724
2024-11-09,Referral,655
2024-11-09,Social,266
2024-11-10,Direct,402
2024-11-10,Email,114
2024-11-10,Organic Search,1101
2024-11-10,Paid Search,1030
2024-11-10,Referral,106
2024-11-10,Social,704
2024-11-11,Direct,719
2024-11-11,Email,261
2024-11-11,Organic Search,1311
2024-11-11,Paid Search,402
2024-11-11,Referral,286
2024-11-11,Social,526
2024-11-12,Direct,333
2024-11-12,Email,138
2024-11-12,Organic Search,957
2024-11-12,Paid Search,762
2024-11-12,Referral,253
2024-11-12,Social,1035
2024-11-13,Direct,377
2024-11-13,Email,85
2024-11-13,Organic Search,1878
2024-11-13,Paid Search,756
2024-11-13,Referral,369
2024-11-13,Social,879
2024-11-14,Direct,258
2024-11-14,Email,76
2024-11-14,Organic Search,1172
2024-11-14,Paid Search,1140
2024-11-14,Referral,49
2024-11-14,Social,449
2024-11-15,Direct,528
2024-11-15,Email,98
2024-11-15,Organic Search,1289
2024-11-15,Paid Search,789
2024-11-15,Referral,94
2024-11-15,Social,387
2024-11-16,Direct,510
2024-11-16,Email,139
2024-11-16,Organic Search,1670
2024-11-16,Paid Search,575
2024-11-16,Referral,107
2024-11-16,Social,670
2024-11-17,Direct,590
2024-11-17,Email,188
2024-11-17,Organic Search,1140
2024-11-17,Paid Search,1180
2024-11-17,Referral,295
2024-11-17,Social,672
2024-11-18,Direct,607
2024-11-18,Email,265
2024-11-18,Organic Search,1349
2024-11-18,Paid Search,881
2024-11-18,Referral,148
2024-11-18,Social,590
2024-11-19,Direct,752
2024-11-19,Email,186
2024-11-19,Organic Search,1318
2024-11-19,Paid Search,590
2024-11-19,Referral,233
2024-11-19,Social,374
2024-11-20,Direct,494
2024-11-20,Email,151
2024-11-20,Organic Search,1775
2024-11-20,Paid Search,857
2024-11-20,Referral,31
2024-11-20,Social,578
2024-11-21,Direct,358
2024-11-21,Email,195
2024-11-21,Organic Search,1252
2024-11-21,Paid Search,965
2024-11-21,Referral,93
2024-11-21,Social,1424
2024-11-22,Direct,519
2024-11-22,Email,159
2024-11-22,Organic Search,1736
2024-11-22,Paid Search,1174
2024-11-22,Referral,96
2024-11-22,Social,1576
2024-11-23,Direct,866
2024-11-23,Email,96
2024-11-23,Organic Search,804
2024-11-23,Paid Search,529
2024-11-23,Referral,230
2024-11-23,Social,1174
2024-11-24,Direct,522
2024-11-24,Email,129
2024-11-24,Organic Search,1420
2024-11-24,Paid Search,1349
2024-11-24,Referral,85
2024-11-24,Social,835
2024-11-25,Direct,264
2024-11-25,Email,167
2024-11-25,Organic Search,1966
2024-11-25,Paid Search,641
2024-11-25,Referral,102
2024-11-25,Social,753
2024-11-26,Direct,567
2024-11-26,Email,175
2024-11-26,Organic Search,1311
2024-11-26,Paid Search,858
2024-11-26,Referral,154
2024-11-26,Social,1958
2024-11-27,Direct,547
2024-11-27,Email,93
2024-11-27,Organic Search,1289
2024-11-27,Paid Search,1467
2024-11-27,Referral,181
2024-11-27,Social,706
2024-11-28,Direct,309
2024-11-28,Email,126
2024-11-28,Organic Search,1085
2024-11-28,Paid Search,367
2024-11-28,Referral,327
2024-11-28,Social,1268
2024-11-29,Direct,672
2024-11-29,Email,69
2024-11-29,Organic Search,987
2024-11-29,Paid Search,571
2024-11-29,Referral,309
2024-11-29,Social,1519
2024-11-30,Direct,353
2024-11-30,Email,195
2024-11-30,Organic Search,1545
2024-11-30,Paid Search,799
2024-11-30,Referral,77
2024-11-30,Social,895
2024-12-01,Direct,545
2024-12-01,Email,140
2024-12-01,Organic Search,797
2024-12-01,Paid Search,986
2024-12-01,Referral,428
2024-12-01,Social,508
2024-12-02,Direct,400
2024-12-02,Email,146
2024-12-02,Organic Search,1293
2024-12-02,Paid Search,783
2024-12-02,Referral,59
2024-12-02,Social,877
2024-12-03,Direct,423
2024-12-03,Email,229
2024-12-03,Organic Search,1105
2024-12-03,Paid Search,948
2024-12-03,Referral,412
2024-12-03,Social,911
2024-12-04,Direct,304
2024-12-04,Email,293
2024-12-04,Organic Search,1311
2024-12-04,Paid Search,822
2024-12-04,Referral,255
2024-12-04,Social,732
2024-12-05,Direct,722
2024-12-05,Email,172
2024-12-05,Organic Search,1042
2024-12-05,Paid Search,752
2024-12-05,Referral,58
2024-12-05,Social,1553
2024-12-06,Direct,1238
2024-12-06,Email,225
2024-12-06,Organic Search,1014
2024-12-06,Paid Search,672
2024-12-06,Referral,285
2024-12-06,Social,514
2024-12-07,Direct,578
2024-12-07,Email,129
2024-12-07,Organic Search,762
2024-12-07,Paid Search,569
2024-12-07,Referral,235
2024-12-07,Social,276
2024-12-08,Direct,433
2024-12-08,Email,97
2024-12-08,Organic Search,1505
2024-12-08,Paid Search,449
2024-12-08,Referral,51
2024-12-08,Social,302
2024-12-09,Direct,447
2024-12-09,Email,299
2024-12-09,Organic Search,1253
2024-12-09,Paid Search,572
2024-12-09,Referral,143
2024-12-09,Social,1275
2024-12-10,Direct,632
2024-12-10,Email,239
2024-12-10,Organic Search,603
2024-12-10,Paid Search,772
2024-12-10,Referral,373
2024-12-10,Social,1080
2024-12-11,Direct,538
2024-12-11,Email,93
2024-12-11,Organic Search,1030
2024-12-11,Paid Search,1082
2024-12-11,Referral,88
2024-12-11,Social,489
2024-12-12,Direct,496
2024-12-12,Email,134
2024-12-12,Organic Search,996
2024-12-12,Paid Search,740
2024-12-12,Referral,229
2024-12-12,Social,1577
2024-12-13,Direct,440
2024-12-13,Email,265
2024-12-13,Organic Search,1390
2024-12-13,Paid Search,838
2024-12-13,Referral,198
2024-12-13,Social,260
2024-12-14,Direct,657
2024-12-14,Email,207
2024-12-14,Organic Search,769
2024-12-14,Paid Search,887
2024-12-14,Referral,94
2024-12-14,Social,158
2024-12-15,Direct,545
2024-12-15,Email,72
2024-12-15,Organic Search,1386
2024-12-15,Paid Search,633
2024-12-15,Referral,276
2024-12-15,Social,316
2024-12-16,Direct,313
2024-12-16,Email,311
2024-12-16,Organic Search,965
2024-12-16,Paid Search,1006
2024-12-16,Referral,355
2024-12-16,Social,606
2024-12-17,Direct,737
2024-12-17,Email,262
2024-12-17,Organic Search,546
2024-12-17,Paid Search,1036
2024-12-17,Referral,24
2024-12-17,Social,1061
2024-12-18,Direct,482
2024-12-18,Email,98
2024-12-18,Organic Search,1132
2024-12-18,Paid Search,1111
2024-12-18,Referral,24
2024-12-18,Social,273
2024-12-19,Direct,350
2024-12-19,Email,318
2024-12-19,Organic Search,994
2024-12-19,Paid Search,1385
2024-12-19,Referral,149
2024-12-19,Social,908
2024-12-20,Direct,431
2024-12-20,Email,102
2024-12-20,Organic Search,1015
2024-12-20,Paid Search,859
2024-12-20,Referral,133
2024-12-20,Social,1448
2024-12-21,Direct,677
2024-12-21,Email,112
2024-12-21,Organic Search,1373
2024-12-21,Paid Search,697
2024-12-21,Referral,152
2024-12-21,Social,336
2024-12-22,Direct,481
2024-12-22,Email,110
2024-12-22,Organic Search,1090
2024-12-22,Paid Search,742
2024-12-22,Referral,898
2024-12-22,Social,323
2024-12-23,Direct,396
2024-12-23,Email,79
2024-12-23,Organic Search,1257
2024-12-23,Paid Search,864
2024-12-23,Referral,119
2024-12-23,Social,2300
2024-12-24,Direct,433
2024-12-24,Email,70
2024-12-24,Organic Search,1015
2024-12-24,Paid Search,599
2024-12-24,Referral,549
2024-12-24,Social,284
2024-12-25,Direct,285
2024-12-25,Email,301
2024-12-25,Organic Search,1357
2024-12-25,Paid Search,1004
2024-12-25,Referral,385
2024-12-25,Social,1400
2024-12-26,Direct,499
2024-12-26,Email,191
2024-12-26,Organic Search,1233
2024-12-26,Paid Search,966
2024-12-26,Referral,290
2024-12-26,Social,771
2024-12-27,Direct,540
2024-12-27,Email,122
2024-12-27,Organic Search,1189
2024-12-27,Paid Search,737
2024-12-27,Referral,129
2024-12-27,Social,1876
2024-12-28,Direct,1046
2024-12-28,Email,175
2024-12-28,Organic Search,563
2024-12-28,Paid Search,379
2024-12-28,Referral,572
2024-12-28,Social,272
2024-12-29,Direct,329
2024-12-29,Email,240
2024-12-29,Organic Search,821
2024-12-29,Paid Search,365
2024-12-29,Referral,306
2024-12-29,Social,2704
2024-12-30,Direct,415
2024-12-30,Email,151
2024-12-30,Organic Search,939
2024-12-30,Paid Search,695
2024-12-30,Referral,206
2024-12-30,Social,1299
2024-12-31,Direct,500
2024-12-31,Email,123
2024-12-31,Organic Search,881
2024-12-31,Paid Search,538
2024-12-31,Referral,20
2024-12-31,Social,402
2025-01-01,Direct,160
2025-01-01,Email,260
2025-01-01,Organic Search,1177
2025-01-01,Paid Search,1016
2025-01-01,Referral,204
2025-01-01,Social,1214
2025-01-02,Direct,542
2025-01-02,Email,172
2025-01-02,Organic Search,1259
2025-01-02,Paid Search,642
2025-01-02,Referral,77
2025-01-02,Social,766
2025-01-03,Direct,636
2025-01-03,Email,166
2025-01-03,Organic Search,1015
2025-01-03,Paid Search,948
2025-01-03,Referral,202
2025-01-03,Social,1277
2025-01-04,Direct,540
2025-01-04,Email,358
2025-01-04,Organic Search,1999
2025-01-04,Paid Search,1249
2025-01-04,Referral,159
2025-01-04,Social,619
2025-01-05,Direct,366
2025-01-05,Email,250
2025-01-05,Organic Search,946
2025-01-05,Paid Search,965
2025-01-05,Referral,445
2025-01-05,Social,1097
2025-01-06,Direct,647
2025-01-06,Email,143
2025-01-06,Organic Search,901
2025-01-06,Paid Search,830
2025-01-06,Referral,204
2025-01-06,Social,673
2025-01-07,Direct,506
2025-01-07,Email,359
2025-01-07,Organic Search,997
2025-01-07,Paid Search,928
2025-01-07,Referral,66
2025-01-07,Social,756
2025-01-08,Direct,201
2025-01-08,Email,396
2025-01-08,Organic Search,1426
2025-01-08,Paid Search,1326
2025-01-08,Referral,140
2025-01-08,Social,813
2025-01-09,Direct,458
2025-01-09,Email,190
2025-01-09,Organic Search,1623
2025-01-09,Paid Search,652
2025-01-09,Referral,321
2025-01-09,Social,330
2025-01-10,Direct,275
2025-01-10,Email,262
2025-01-10,Organic Search,1178
2025-01-10,Paid Search,1311
2025-01-10,Referral,228
2025-01-10,Social,764
2025-01-11,Direct,288
2025-01-11,Email,175
2025-01-11,Organic Search,1539
2025-01-11,Paid Search,652
2025-01-11,Referral,163
2025-01-11,Social,2413
2025-01-12,Direct,539
2025-01-12,Email,94
2025-01-12,Organic Search,1513
2025-01-12,Paid Search,710
2025-01-12,Referral,279
2025-01-12,Social,881
2025-01-13,Direct,513
2025-01-13,Email,448
2025-01-13,Organic Search,968
2025-01-13,Paid Search,550
2025-01-13,Referral,160
2025-01-13,Social,1684
2025-01-14,Direct,977
2025-01-14,Email,119
2025-01-14,Organic Search,1633
2025-01-14,Paid Search,813
2025-01-14,Referral,72
2025-01-14,Social,356
2025-01-15,Direct,612
2025-01-15,Email,63
2025-01-15,Organic Search,1188
2025-01-15,Paid Search,557
2025-01-15,Referral,258
2025-01-15,Social,600
2025-01-16,Direct,400
2025-01-16,Email,191
2025-01-16,Organic Search,1100
2025-01-16,Paid Search,619
2025-01-16,Referral,499
2025-01-16,Social,679
2025-01-17,Direct,436
2025-01-17,Email,342
2025-01-17,Organic Search,1351
2025-01-17,Paid Search,843
2025-01-17,Referral,171
2025-01-17,Social,1476
2025-01-18,Direct,554
2025-01-18,Email,161
2025-01-18,Organic Search,1417
2025-01-18,Paid Search,821
2025-01-18,Referral,49
2025-01-18,Social,827
2025-01-19,Direct,375
2025-01-19,Email,209
2025-01-19,Organic Search,1394
2025-01-19,Paid Search,1533
2025-01-19,Referral,285
2025-01-19,Social,888
2025-01-20,Direct,455
2025-01-20,Email,47
2025-01-20,Organic Search,1291
2025-01-20,Paid Search,1507
2025-01-20,Referral,121
2025-01-20,Social,533
2025-01-21,Direct,337
2025-01-21,Email,158
2025-01-21,Organic Search,1358
2025-01-21,Paid Search,512
2025-01-21,Referral,168
2025-01-21,Social,884
2025-01-22,Direct,626
2025-01-22,Email,212
2025-01-22,Organic Search,1467
2025-01-22,Paid Search,807
2025-01-22,Referral,106
2025-01-22,Social,663
2025-01-23,Direct,363
2025-01-23,Email,312
2025-01-23,Organic Search,1226
2025-01-23,Paid Search,980
2025-01-23,Referral,428
2025-01-23,Social,739
2025-01-24,Direct,451
2025-01-24,Email,42
2025-01-24,Organic Search,1656
2025-01-24,Paid Search,788
2025-01-24,Referral,297
2025-01-24,Social,749
2025-01-25,Direct,350
2025-01-25,Email,52
2025-01-25,Organic Search,766
2025-01-25,Paid Search,984
2025-01-25,Referral,153
2025-01-25,Social,1376
2025-01-26,Direct,755
2025-01-26,Email,283
2025-01-26,Organic Search,1401
2025-01-26,Paid Search,658
2025-01-26,Referral,66
2025-01-26,Social,232
2025-01-27,Direct,584
2025-01-27,Email,125
2025-01-27,Organic Search,1123
2025-01-27,Paid Search,823
2025-01-27,Referral,434
2025-01-27,Social,670
2025-01-28,Direct,375
2025-01-28,Email,290
2025-01-28,Organic Search,1324
2025-01-28,Paid Search,446
2025-01-28,Referral,193
2025-01-28,Social,471
2025-01-29,Direct,279
2025-01-29,Email,528
2025-01-29,Organic Search,957
2025-01-29,Paid Search,547
2025-01-29,Referral,73
2025-01-29,Social,1559
2025-01-30,Direct,959
2025-01-30,Email,86
2025-01-30,Organic Search,659
2025-01-30,Paid Search,946
2025-01-30,Referral,73
2025-01-30,Social,785
2025-01-31,Direct,722
2025-01-31,Email,155
2025-01-31,Organic Search,1038
2025-01-31,Paid Search,500
2025-01-31,Referral,84
2025-01-31,Social,2035
2025-02-01,Direct,468
2025-02-01,Email,194
2025-02-01,Organic Search,887
2025-02-01,Paid Search,1030
2025-02-01,Referral,174
2025-02-01,Social,1012
2025-02-02,Direct,307
2025-02-02,Email,178
2025-02-02,Organic Search,1378
2025-02-02,Paid Search,1011
2025-02-02,Referral,91
2025-02-02,Social,1198
2025-02-03,Direct,294
2025-02-03,Email,233
2025-02-03,Organic Search,1532
2025-02-03,Paid Search,539
2025-02-03,Referral,252
2025-02-03,Social,788
2025-02-04,Direct,451
2025-02-04,Email,355
2025-02-04,Organic Search,1038
2025-02-04,Paid Search,666
2025-02-04,Referral,135
2025-02-04,Social,654
2025-02-05,Direct,792
2025-02-05,Email,160
2025-02-05,Organic Search,961
2025-02-05,Paid Search,1365
2025-02-05,Referral,287
2025-02-05,Social,569
2025-02-06,Direct,474
2025-02-06,Email,231
2025-02-06,Organic Search,1961
2025-02-06,Paid Search,946
2025-02-06,Referral,268
2025-02-06,Social,616
2025-02-07,Direct,785
2025-02-07,Email,254
2025-02-07,Organic Search,725
2025-02-07,Paid Search,613
2025-02-07,Referral,416
2025-02-07,Social,2638
2025-02-08,Direct,576
2025-02-08,Email,144
2025-02-08,Organic Search,1802
2025-02-08,Paid Search,958
2025-02-08,Referral,123
2025-02-08,Social,2028
2025-02-09,Direct,323
2025-02-09,Email,324
2025-02-09,Organic Search,1074
2025-02-09,Paid Search,930
2025-02-09,Referral,69
2025-02-09,Social,986
2025-02-10,Direct,788
2025-02-10,Email,65
2025-02-10,Organic Search,742
2025-02-10,Paid Search,812
2025-02-10,Referral,227
2025-02-10,Social,1306
2025-02-11,Direct,649
2025-02-11,Email,124
2025-02-11,Organic Search,1103
2025-02-11,Paid Search,542
2025-02-11,Referral,269
2025-02-11,Social,719
2025-02-12,Direct,362
2025-02-12,Email,186
2025-02-12,Organic Search,1189
2025-02-12,Paid Search,673
2025-02-12,Referral,218
2025-02-12,Social,1039
2025-02-13,Direct,464
2025-02-13,Email,220
2025-02-13,Organic Search,1222
2025-02-13,Paid Search,741
2025-02-13,Referral,190
2025-02-13,Social,766
2025-02-14,Direct,526
2025-02-14,Email,245
2025-02-14,Organic Search,1097
2025-02-14,Paid Search,1291
2025-02-14,Referral,227
2025-02-14,Social,359
2025-02-15,Direct,584
2025-02-15,Email,277
2025-02-15,Organic Search,1738
2025-02-15,Paid Search,759
2025-02-15,Referral,196
2025-02-15,Social,998
2025-02-16,Direct,459
2025-02-16,Email,130
2025-02-16,Organic Search,1222
2025-02-16,Paid Search,463
2025-02-16,Referral,78
2025-02-16,Social,321
2025-02-17,Direct,629
2025-02-17,Email,195
2025-02-17,Organic Search,1454
2025-02-17,Paid Search,831
2025-02-17,Referral,389
2025-02-17,Social,1272
2025-02-18,Direct,202
2025-02-18,Email,164
2025-02-18,Organic Search,1137
2025-02-18,Paid Search,1344
2025-02-18,Referral,474
2025-02-18,Social,977
2025-02-19,Direct,281
2025-02-19,Email,86
2025-02-19,Organic Search,1069
2025-02-19,Paid Search,1237
2025-02-19,Referral,94
2025-02-19,Social,1430
2025-02-20,Direct,400
2025-02-20,Email,307
2025-02-20,Organic Search,1404
2025-02-20,Paid Search,486
2025-02-20,Referral,243
2025-02-20,Social,749
2025-02-21,Direct,546
2025-02-21,Email,249
2025-02-21,Organic Search,1404
2025-02-21,Paid Search,840
2025-02-21,Referral,206
2025-02-21,Social,495
2025-02-22,Direct,728
2025-02-22,Email,264
2025-02-22,Organic Search,1149
2025-02-22,Paid Search,485
2025-02-22,Referral,111
2025-02-22,Social,687
2025-02-23,Direct,469
2025-02-23,Email,73
2025-02-23,Organic Search,1214
2025-02-23,Paid Search,1442
2025-02-23,Referral,465
2025-02-23,Social,1768
2025-02-24,Direct,1010
2025-02-24,Email,328
2025-02-24,Organic Search,625
2025-02-24,Paid Search,751
2025-02-24,Referral,181
2025-02-24,Social,1264
2025-02-25,Direct,250
2025-02-25,Email,208
2025-02-25,Organic Search,1645
2025-02-25,Paid Search,550
2025-02-25,Referral,135
2025-02-25,Social,531
2025-02-26,Direct,561
2025-02-26,Email,261
2025-02-26,Organic Search,1128
2025-02-26,Paid Search,617
2025-02-26,Referral,205
2025-02-26,Social,1030
2025-02-27,Direct,481
2025-02-27,Email,228
2025-02-27,Organic Search,1565
2025-02-27,Paid Search,887
2025-02-27,Referral,201
2025-02-27,Social,232
2025-02-28,Direct,353
2025-02-28,Email,644
2025-02-28,Organic Search,1301
2025-02-28,Paid Search,1028
2025-02-28,Referral,145
2025-02-28,Social,1135
2025-03-01,Direct,424
2025-03-01,Email,243
2025-03-01,Organic Search,863
2025-03-01,Paid Search,1028
2025-03-01,Referral,266
2025-03-01,Social,467
2025-03-02,Direct,329
2025-03-02,Email,180
2025-03-02,Organic Search,1399
2025-03-02,Paid Search,1162
2025-03-02,Referral,253
2025-03-02,Social,1224
2025-03-03,Direct,608
2025-03-03,Email,369
2025-03-03,Organic Search,1048
2025-03-03,Paid Search,956
2025-03-03,Referral,128
2025-03-03,Social,432
2025-03-04,Direct,552
2025-03-04,Email,258
2025-03-04,Organic Search,988
2025-03-04,Paid Search,759
2025-03-04,Referral,237
2025-03-04,Social,701
2025-03-05,Direct,624
2025-03-05,Email,221
2025-03-05,Organic Search,737
2025-03-05,Paid Search,916
2025-03-05,Referral,97
2025-03-05,Social,684
2025-03-06,Direct,621
2025-03-06,Email,434
2025-03-06,Organic Search,1110
2025-03-06,Paid Search,739
2025-03-06,Referral,102
2025-03-06,Social,889
2025-03-07,Direct,578
2025-03-07,Email,203
2025-03-07,Organic Search,1071
2025-03-07,Paid Search,1682
2025-03-07,Referral,59
2025-03-07,Social,647
2025-03-08,Direct,416
2025-03-08,Email,171
2025-03-08,Organic Search,644
2025-03-08,Paid Search,906
2025-03-08,Referral,747
2025-03-08,Social,970
2025-03-09,Direct,716
2025-03-09,Email,64
2025-03-09,Organic Search,1717
2025-03-09,Paid Search,845
2025-03-09,Referral,15
2025-03-09,Social,776
2025-03-10,Direct,836
2025-03-10,Email,315
2025-03-10,Organic Search,1139
2025-03-10,Paid Search,496
2025-03-10,Referral,248
2025-03-10,Social,597
2025-03-11,Direct,590
2025-03-11,Email,214
2025-03-11,Organic Search,1096
2025-03-11,Paid Search,826
2025-03-11,Referral,205
2025-03-11,Social,685
2025-03-12,Direct,718
2025-03-12,Email,305
2025-03-12,Organic Search,1254
2025-03-12,Paid Search,575
2025-03-12,Referral,246
2025-03-12,Social,445
2025-03-13,Direct,1053
2025-03-13,Email,225
2025-03-13,Organic Search,1095
2025-03-13,Paid Search,882
2025-03-13,Referral,139
2025-03-13,Social,467
2025-03-14,Direct,388
2025-03-14,Email,46
2025-03-14,Organic Search,1089
2025-03-14,Paid Search,1214
2025-03-14,Referral,23
2025-03-14,Social,971
2025-03-15,Direct,672
2025-03-15,Email,58
2025-03-15,Organic Search,1124
2025-03-15,Paid Search,1036
2025-03-15,Referral,99
2025-03-15,Social,785
2025-03-16,Direct,553
2025-03-16,Email,198
2025-03-16,Organic Search,1951
2025-03-16,Paid Search,934
2025-03-16,Referral,393
2025-03-16,Social,753
2025-03-17,Direct,814
2025-03-17,Email,289
2025-03-17,Organic Search,867
2025-03-17,Paid Search,656
2025-03-17,Referral,182
2025-03-17,Social,1437
2025-03-18,Direct,539
2025-03-18,Email,262
2025-03-18,Organic Search,913
2025-03-18,Paid Search,574
2025-03-18,Referral,372
2025-03-18,Social,1755
2025-03-19,Direct,416
2025-03-19,Email,317
2025-03-19,Organic Search,1274
2025-03-19,Paid Search,1101
2025-03-19,Referral,78
2025-03-19,Social,919
2025-03-20,Direct,468
2025-03-20,Email,123
2025-03-20,Organic Search,1654
2025-03-20,Paid Search,1009
2025-03-20,Referral,178
2025-03-20,Social,830
2025-03-21,Direct,305
2025-03-21,Email,225
2025-03-21,Organic Search,705
2025-03-21,Paid Search,696
2025-03-21,Referral,221
2025-03-21,Social,1220
2025-03-22,Direct,177
2025-03-22,Email,221
2025-03-22,Organic Search,1306
2025-03-22,Paid Search,775
2025-03-22,Referral,483
2025-03-22,Social,674
2025-03-23,Direct,568
2025-03-23,Email,102
2025-03-23,Organic Search,973
2025-03-23,Paid Search,907
2025-03-23,Referral,71
2025-03-23,Social,1498
2025-03-24,Direct,544
2025-03-24,Email,232
2025-03-24,Organic Search,1458
2025-03-24,Paid Search,1144
2025-03-24,Referral,446
2025-03-24,Social,375
2025-03-25,Direct,403
2025-03-25,Email,288
2025-03-25,Organic Search,1334
2025-03-25,Paid Search,542
2025-03-25,Referral,81
2025-03-25,Social,569
2025-03-26,Direct,492
2025-03-26,Email,221
2025-03-26,Organic Search,812
2025-03-26,Paid Search,627
2025-03-26,Referral,729
2025-03-26,Social,1789
2025-03-27,Direct,773
2025-03-27,Email,210
2025-03-27,Organic Search,1682
2025-03-27,Paid Search,1168
2025-03-27,Referral,195
2025-03-27,Social,430
2025-03-28,Direct,534
2025-03-28,Email,217
2025-03-28,Organic Search,986
2025-03-28,Paid Search,709
2025-03-28,Referral,207
2025-03-28,Social,866
2025-03-29,Direct,329
2025-03-29,Email,73
2025-03-29,Organic Search,962
2025-03-29,Paid Search,1001
2025-03-29,Referral,137
2025-03-29,Social,844
2025-03-30,Direct,979
2025-03-30,Email,123
2025-03-30,Organic Search,995
2025-03-30,Paid Search,1060
2025-03-30,Referral,54
2025-03-30,Social,2533
2025-03-31,Direct,548
2025-03-31,Email,236
2025-03-31,Organic Search,1434
2025-03-31,Paid Search,732
2025-03-31,Referral,185
2025-03-31,Social,1214
2025-04-01,Direct,384
2025-04-01,Email,238
2025-04-01,Organic Search,1381
2025-04-01,Paid Search,1576
2025-04-01,Referral,76
2025-04-01,Social,336
2025-04-02,Direct,614
2025-04-02,Email,132
2025-04-02,Organic Search,1010
2025-04-02,Paid Search,574
2025-04-02,Referral,173
2025-04-02,Social,1473
2025-04-03,Direct,1003
2025-04-03,Email,195
2025-04-03,Organic Search,1028
2025-04-03,Paid Search,591
2025-04-03,Referral,278
2025-04-03,Social,723
2025-04-04,Direct,712
2025-04-04,Email,149
2025-04-04,Organic Search,1572
2025-04-04,Paid Search,905
2025-04-04,Referral,82
2025-04-04,Social,869
2025-04-05,Direct,228
2025-04-05,Email,174
2025-04-05,Organic Search,1319
2025-04-05,Paid Search,1421
2025-04-05,Referral,352
2025-04-05,Social,882
2025-04-06,Direct,277
2025-04-06,Email,209
2025-04-06,Organic Search,1853
2025-04-06,Paid Search,497
2025-04-06,Referral,45
2025-04-06,Social,982
2025-04-07,Direct,574
2025-04-07,Email,504
2025-04-07,Organic Search,950
2025-04-07,Paid Search,1199
2025-04-07,Referral,180
2025-04-07,Social,949
2025-04-08,Direct,686
2025-04-08,Email,107
2025-04-08,Organic Search,1335
2025-04-08,Paid Search,440
2025-04-08,Referral,238
2025-04-08,Social,653
2025-04-09,Direct,408
2025-04-09,Email,305
2025-04-09,Organic Search,1874
2025-04-09,Paid Search,613
2025-04-09,Referral,149
2025-04-09,Social,897
2025-04-10,Direct,419
2025-04-10,Email,304
2025-04-10,Organic Search,1689
2025-04-10,Paid Search,967
2025-04-10,Referral,269
2025-04-10,Social,1611
2025-04-11,Direct,423
2025-04-11,Email,320
2025-04-11,Organic Search,782
2025-04-11,Paid Search,1220
2025-04-11,Referral,211
2025-04-11,Social,1418
2025-04-12,Direct,662
2025-04-12,Email,93
2025-04-12,Organic Search,971
2025-04-12,Paid Search,1004
2025-04-12,Referral,105
2025-04-12,Social,1072
2025-04-13,Direct,583
2025-04-13,Email,278
2025-04-13,Organic Search,1854
2025-04-13,Paid Search,633
2025-04-13,Referral,48
2025-04-13,Social,536
2025-04-14,Direct,400
2025-04-14,Email,235
2025-04-14,Organic Search,1297
2025-04-14,Paid Search,895
2025-04-14,Referral,129
2025-04-14,Social,241
2025-04-15,Direct,461
2025-04-15,Email,107
2025-04-15,Organic Search,1379
2025-04-15,Paid Search,826
2025-04-15,Referral,224
2025-04-15,Social,1443
2025-04-16,Direct,733
2025-04-16,Email,196
2025-04-16,Organic Search,1529
2025-04-16,Paid Search,741
2025-04-16,Referral,211
2025-04-16,Social,1500
2025-04-17,Direct,348
2025-04-17,Email,176
2025-04-17,Organic Search,1131
2025-04-17,Paid Search,1013
2025-04-17,Referral,255
2025-04-17,Social,985
2025-04-18,Direct,525
2025-04-18,Email,282
2025-04-18,Organic Search,786
2025-04-18,Paid Search,1508
2025-04-18,Referral,446
2025-04-18,Social,821
2025-04-19,Direct,535
2025-04-19,Email,232
2025-04-19,Organic Search,1415
2025-04-19,Paid Search,621
2025-04-19,Referral,300
2025-04-19,Social,1080
2025-04-20,Direct,320
2025-04-20,Email,366
2025-04-20,Organic Search,1364
2025-04-20,Paid Search,618
2025-04-20,Referral,398
2025-04-20,Social,473
2025-04-21,Direct,717
2025-04-21,Email,272
2025-04-21,Organic Search,532
2025-04-21,Paid Search,1167
2025-04-21,Referral,112
2025-04-21,Social,1281
2025-04-22,Direct,865
2025-04-22,Email,197
2025-04-22,Organic Search,1033
2025-04-22,Paid Search,523
2025-04-22,Referral,500
2025-04-22,Social,871
2025-04-23,Direct,419
2025-04-23,Email,134
2025-04-23,Organic Search,1167
2025-04-23,Paid Search,913
2025-04-23,Referral,129
2025-04-23,Social,1384
2025-04-24,Direct,259
2025-04-24,Email,71
2025-04-24,Organic Search,1058
2025-04-24,Paid Search,879
2025-04-24,Referral,226
2025-04-24,Social,1147
2025-04-25,Direct,601
2025-04-25,Email,115
2025-04-25,Organic Search,1073
2025-04-25,Paid Search,1251
2025-04-25,Referral,280
2025-04-25,Social,1760
2025-04-26,Direct,391
2025-04-26,Email,84
2025-04-26,Organic Search,1511
2025-04-26,Paid Search,1098
2025-04-26,Referral,211
2025-04-26,Social,824
2025-04-27,Direct,912
2025-04-27,Email,153
2025-04-27,Organic Search,1646
2025-04-27,Paid Search,897
2025-04-27,Referral,163
2025-04-27,Social,1282
2025-04-28,Direct,625
2025-04-28,Email,112
2025-04-28,Organic Search,2128
2025-04-28,Paid Search,530
2025-04-28,Referral,224
2025-04-28,Social,757
2025-04-29,Direct,706
2025-04-29,Email,365
2025-04-29,Organic Search,1249
2025-04-29,Paid Search,1048
2025-04-29,Referral,212
2025-04-29,Social,760
2025-04-30,Direct,689
2025-04-30,Email,192
2025-04-30,Organic Search,1066
2025-04-30,Paid Search,1257
2025-04-30,Referral,39
2025-04-30,Social,945
2025-05-01,Direct,406
2025-05-01,Email,97
2025-05-01,Organic Search,1324
2025-05-01,Paid Search,761
2025-05-01,Referral,550
2025-05-01,Social,740
2025-05-02,Direct,412
2025-05-02,Email,324
2025-05-02,Organic Search,1219
2025-05-02,Paid Search,916
2025-05-02,Referral,96
2025-05-02,Social,1228
2025-05-03,Direct,571
2025-05-03,Email,161
2025-05-03,Organic Search,1196
2025-05-03,Paid Search,1256
2025-05-03,Referral,160
2025-05-03,Social,867
2025-05-04,Direct,244
2025-05-04,Email,161
2025-05-04,Organic Search,1625
2025-05-04,Paid Search,1132
2025-05-04,Referral,154
2025-05-04,Social,333
2025-05-05,Direct,560
2025-05-05,Email,227
2025-05-05,Organic Search,929
2025-05-05,Paid Search,1063
2025-05-05,Referral,122
2025-05-05,Social,794
2025-05-06,Direct,496
2025-05-06,Email,140
2025-05-06,Organic Search,856
2025-05-06,Paid Search,1111
2025-05-06,Referral,295
2025-05-06,Social,825
2025-05-07,Direct,189
2025-05-07,Email,154
2025-05-07,Organic Search,928
2025-05-07,Paid Search,1325
2025-05-07,Referral,194
2025-05-07,Social,1640
2025-05-08,Direct,646
2025-05-08,Email,217
2025-05-08,Organic Search,1308
2025-05-08,Paid Search,1024
2025-05-08,Referral,61
2025-05-08,Social,1255
2025-05-09,Direct,302
2025-05-09,Email,129
2025-05-09,Organic Search,1081
2025-05-09,Paid Search,1014
2025-05-09,Referral,140
2025-05-09,Social,2044
2025-05-10,Direct,525
2025-05-10,Email,84
2025-05-10,Organic Search,1373
2025-05-10,Paid Search,698
2025-05-10,Referral,349
2025-05-10,Social,1133
2025-05-11,Direct,423
2025-05-11,Email,188
2025-05-11,Organic Search,1899
2025-05-11,Paid Search,385
2025-05-11,Referral,59
2025-05-11,Social,1400
2025-05-12,Direct,649
2025-05-12,Email,97
2025-05-12,Organic Search,1745
2025-05-12,Paid Search,620
2025-05-12,Referral,132
2025-05-12,Social,1364
2025-05-13,Direct,516
2025-05-13,Email,213
2025-05-13,Organic Search,877
2025-05-13,Paid Search,1143
2025-05-13,Referral,35
2025-05-13,Social,1012
2025-05-14,Direct,618
2025-05-14,Email,319
2025-05-14,Organic Search,1014
2025-05-14,Paid Search,756
2025-05-14,Referral,631
2025-05-14,Social,398
2025-05-15,Direct,602
2025-05-15,Email,130
2025-05-15,Organic Search,925
2025-05-15,Paid Search,674
2025-05-15,Referral,145
2025-05-15,Social,1525
2025-05-16,Direct,576
2025-05-16,Email,253
2025-05-16,Organic Search,1258
2025-05-16,Paid Search,1159
2025-05-16,Referral,67
2025-05-16,Social,1556
2025-05-17,Direct,763
2025-05-17,Email,103
2025-05-17,Organic Search,1007
2025-05-17,Paid Search,689
2025-05-17,Referral,96
2025-05-17,Social,1322
2025-05-18,Direct,800
2025-05-18,Email,324
2025-05-18,Organic Search,1486
2025-05-18,Paid Search,435
2025-05-18,Referral,350
2025-05-18,Social,605
2025-05-19,Direct,909
2025-05-19,Email,179
2025-05-19,Organic Search,1470
2025-05-19,Paid Search,628
2025-05-19,Referral,228
2025-05-19,Social,519
2025-05-20,Direct,268
2025-05-20,Email,95
2025-05-20,Organic Search,1719
2025-05-20,Paid Search,796
2025-05-20,Referral,521
2025-05-20,Social,760
2025-05-21,Direct,603
2025-05-21,Email,212
2025-05-21,Organic Search,409
2025-05-21,Paid Search,683
2025-05-21,Referral,339
2025-05-21,Social,2438
2025-05-22,Direct,430
2025-05-22,Email,486
2025-05-22,Organic Search,1344
2025-05-22,Paid Search,556
2025-05-22,Referral,741
2025-05-22,Social,1084
2025-05-23,Direct,489
2025-05-23,Email,155
2025-05-23,Organic Search,1829
2025-05-23,Paid Search,1175
2025-05-23,Referral,191
2025-05-23,Social,572
2025-05-24,Direct,809
2025-05-24,Email,194
2025-05-24,Organic Search,718
2025-05-24,Paid Search,708
2025-05-24,Referral,101
2025-05-24,Social,499
2025-05-25,Direct,475
2025-05-25,Email,253
2025-05-25,Organic Search,947
2025-05-25,Paid Search,1480
2025-05-25,Referral,209
2025-05-25,Social,1226
2025-05-26,Direct,503
2025-05-26,Email,274
2025-05-26,Organic Search,1453
2025-05-26,Paid Search,1105
2025-05-26,Referral,135
2025-05-26,Social,1277
2025-05-27,Direct,232
2025-05-27,Email,95
2025-05-27,Organic Search,855
2025-05-27,Paid Search,1318
2025-05-27,Referral,187
2025-05-27,Social,535
2025-05-28,Direct,351
2025-05-28,Email,246
2025-05-28,Organic Search,959
2025-05-28,Paid Search,644
2025-05-28,Referral,109
2025-05-28,Social,798
2025-05-29,Direct,1022
2025-05-29,Email,165
2025-05-29,Organic Search,982
2025-05-29,Paid Search,558
2025-05-29,Referral,53
2025-05-29,Social,1175
2025-05-30,Direct,585
2025-05-30,Email,370
2025-05-30,Organic Search,973
2025-05-30,Paid Search,1544
2025-05-30,Referral,104
2025-05-30,Social,448
2025-05-31,Direct,957
2025-05-31,Email,320
2025-05-31,Organic Search,1057
2025-05-31,Paid Search,1076
2025-05-31,Referral,101
2025-05-31,Social,1101
2025-06-01,Direct,760
2025-06-01,Email,192
2025-06-01,Organic Search,1526
2025-06-01,Paid Search,1058
2025-06-01,Referral,193
2025-06-01,Social,423
2025-06-02,Direct,335
2025-06-02,Email,166
2025-06-02,Organic Search,1318
2025-06-02,Paid Search,1368
2025-06-02,Referral,46
2025-06-02,Social,1874
2025-06-03,Direct,202
2025-06-03,Email,354
2025-06-03,Organic Search,844
2025-06-03,Paid Search,1683
2025-06-03,Referral,93
2025-06-03,Social,928
2025-06-04,Direct,293
2025-06-04,Email,195
2025-06-04,Organic Search,1093
2025-06-04,Paid Search,784
2025-06-04,Referral,139
2025-06-04,Social,2378
2025-06-05,Direct,668
2025-06-05,Email,172
2025-06-05,Organic Search,722
2025-06-05,Paid Search,972
2025-06-05,Referral,327
2025-06-05,Social,1747
2025-06-06,Direct,463
2025-06-06,Email,245
2025-06-06,Organic Search,1642
2025-06-06,Paid Search,679
2025-06-06,Referral,330
2025-06-06,Social,1173
2025-06-07,Direct,482
2025-06-07,Email,394
2025-06-07,Organic Search,1073
2025-06-07,Paid Search,1058
2025-06-07,Referral,15
2025-06-07,Social,1106
2025-06-08,Direct,939
2025-06-08,Email,87
2025-06-08,Organic Search,1633
2025-06-08,Paid Search,1659
2025-06-08,Referral,221
2025-06-08,Social,1652
2025-06-09,Direct,553
2025-06-09,Email,165
2025-06-09,Organic Search,1325
2025-06-09,Paid Search,671
2025-06-09,Referral,533
2025-06-09,Social,113
2025-06-10,Direct,383
2025-06-10,Email,259
2025-06-10,Organic Search,1050
2025-06-10,Paid Search,1070
2025-06-10,Referral,243
2025-06-10,Social,651
2025-06-11,Direct,781
2025-06-11,Email,224
2025-06-11,Organic Search,961
2025-06-11,Paid Search,722
2025-06-11,Referral,240
2025-06-11,Social,1230
2025-06-12,Direct,414
2025-06-12,Email,202
2025-06-12,Organic Search,1685
2025-06-12,Paid Search,1051
2025-06-12,Referral,180
2025-06-12,Social,1236
2025-06-13,Direct,333
2025-06-13,Email,90
2025-06-13,Organic Search,1176
2025-06-13,Paid Search,673
2025-06-13,Referral,116
2025-06-13,Social,471
2025-06-14,Direct,617
2025-06-14,Email,134
2025-06-14,Organic Search,1690
2025-06-14,Paid Search,915
2025-06-14,Referral,103
2025-06-14,Social,814
2025-06-15,Direct,307
2025-06-15,Email,63
2025-06-15,Organic Search,1829
2025-06-15,Paid Search,867
2025-06-15,Referral,82
2025-06-15,Social,1700
2025-06-16,Direct,470
2025-06-16,Email,239
2025-06-16,Organic Search,1664
2025-06-16,Paid Search,850
2025-06-16,Referral,118
2025-06-16,Social,881
2025-06-17,Direct,672
2025-06-17,Email,81
2025-06-17,Organic Search,1226
2025-06-17,Paid Search,478
2025-06-17,Referral,52
2025-06-17,Social,2846
2025-06-18,Direct,509
2025-06-18,Email,197
2025-06-18,Organic Search,1018
2025-06-18,Paid Search,865
2025-06-18,Referral,216
2025-06-18,Social,995
2025-06-19,Direct,574
2025-06-19,Email,489
2025-06-19,Organic Search,1394
2025-06-19,Paid Search,1330
2025-06-19,Referral,87
2025-06-19,Social,947
2025-06-20,Direct,1282
2025-06-20,Email,127
2025-06-20,Organic Search,2221
2025-06-20,Paid Search,843
2025-06-20,Referral,368
2025-06-20,Social,888
2025-06-21,Direct,1115
2025-06-21,Email,316
2025-06-21,Organic Search,1365
2025-06-21,Paid Search,880
2025-06-21,Referral,1010
2025-06-21,Social,918
2025-06-22,Direct,880
2025-06-22,Email,301
2025-06-22,Organic Search,1475
2025-06-22,Paid Search,609
2025-06-22,Referral,118
2025-06-22,Social,1375
2025-06-23,Direct,743
2025-06-23,Email,557
2025-06-23,Organic Search,1491
2025-06-23,Paid Search,754
2025-06-23,Referral,82
2025-06-23,Social,1219
2025-06-24,Direct,1090
2025-06-24,Email,282
2025-06-24,Organic Search,1901
2025-06-24,Paid Search,942
2025-06-24,Referral,57
2025-06-24,Social,559
2025-06-25,Direct,790
2025-06-25,Email,303
2025-06-25,Organic Search,1442
2025-06-25,Paid Search,772
2025-06-25,Referral,155
2025-06-25,Social,886
2025-06-26,Direct,769
2025-06-26,Email,378
2025-06-26,Organic Search,2189
2025-06-26,Paid Search,1751
2025-06-26,Referral,411
2025-06-26,Social,1137
2025-06-27,Direct,1010
2025-06-27,Email,161
2025-06-27,Organic Search,2845
2025-06-27,Paid Search,1145
2025-06-27,Referral,179
2025-06-27,Social,1405
2025-06-28,Direct,1097
2025-06-28,Email,249
2025-06-28,Organic Search,2207
2025-06-28,Paid Search,855
2025-06-28,Referral,170
2025-06-28,Social,1832
2025-06-29,Direct,725
2025-06-29,Email,271
2025-06-29,Organic Search,1771
2025-06-29,Paid Search,837
2025-06-29,Referral,435
2025-06-29,Social,1327
2025-06-30,Direct,367
2025-06-30,Email,438
2025-06-30,Organic Search,1356
2025-06-30,Paid Search,763
2025-06-30,Referral,704
2025-06-30,Social,748
2025-07-01,Direct,677
2025-07-01,Email,176
2025-07-01,Organic Search,1548
2025-07-01,Paid Search,1432
2025-07-01,Referral,492
2025-07-01,Social,908
2025-07-02,Direct,475
2025-07-02,Email,505
2025-07-02,Organic Search,919
2025-07-02,Paid Search,1457
2025-07-02,Referral,175
2025-07-02,Social,2634
2025-07-03,Direct,961
2025-07-03,Email,567
2025-07-03,Organic Search,1217
2025-07-03,Paid Search,530
2025-07-03,Referral,417
2025-07-03,Social,1211
2025-07-04,Direct,786
2025-07-04,Email,503
2025-07-04,Organic Search,1226
2025-07-04,Paid Search,441
2025-07-04,Referral,186
2025-07-04,Social,931
2025-07-05,Direct,221
2025-07-05,Email,556
2025-07-05,Organic Search,1230
2025-07-05,Paid Search,1640
2025-07-05,Referral,539
2025-07-05,Social,781
2025-07-06,Direct,1125
2025-07-06,Email,267
2025-07-06,Organic Search,1787
2025-07-06,Paid Search,1257
2025-07-06,Referral,126
2025-07-06,Social,559
2025-07-07,Direct,397
2025-07-07,Email,103
2025-07-07,Organic Search,2428
2025-07-07,Paid Search,832
2025-07-07,Referral,133
2025-07-07,Social,2187
2025-07-08,Direct,404
2025-07-08,Email,158
2025-07-08,Organic Search,1794
2025-07-08,Paid Search,1401
2025-07-08,Referral,333
2025-07-08,Social,1097
2025-07-09,Direct,537
2025-07-09,Email,535
2025-07-09,Organic Search,1284
2025-07-09,Paid Search,1622
2025-07-09,Referral,105
2025-07-09,Social,211
2025-07-10,Direct,722
2025-07-10,Email,187
2025-07-10,Organic Search,1171
2025-07-10,Paid Search,872
2025-07-10,Referral,369
2025-07-10,Social,1286
2025-07-11,Direct,846
2025-07-11,Email,312
2025-07-11,Organic Search,2564
2025-07-11,Paid Search,1248
2025-07-11,Referral,176
2025-07-11,Social,600
2025-07-12,Direct,561
2025-07-12,Email,209
2025-07-12,Organic Search,2080
2025-07-12,Paid Search,1069
2025-07-12,Referral,827
2025-07-12,Social,1011
2025-07-13,Direct,485
2025-07-13,Email,153
2025-07-13,Organic Search,961
2025-07-13,Paid Search,1070
2025-07-13,Referral,98
2025-07-13,Social,1452
2025-07-14,Direct,452
2025-07-14,Email,224
2025-07-14,Organic Search,1732
2025-07-14,Paid Search,665
2025-07-14,Referral,1049
2025-07-14,Social,942
2025-07-15,Direct,574
2025-07-15,Email,342
2025-07-15,Organic Search,1191
2025-07-15,Paid Search,1264
2025-07-15,Referral,183
2025-07-15,Social,491
2025-07-16,Direct,1236
2025-07-16,Email,125
2025-07-16,Organic Search,639
2025-07-16,Paid Search,1410
2025-07-16,Referral,164
2025-07-16,Social,1340
2025-07-17,Direct,861
2025-07-17,Email,125
2025-07-17,Organic Search,1745
2025-07-17,Paid Search,753
2025-07-17,Referral,217
2025-07-17,Social,1258
2025-07-18,Direct,616
2025-07-18,Email,327
2025-07-18,Organic Search,968
2025-07-18,Paid Search,1107
2025-07-18,Referral,497
2025-07-18,Social,1225
2025-07-19,Direct,345
2025-07-19,Email,166
2025-07-19,Organic Search,1771
2025-07-19,Paid Search,1498
2025-07-19,Referral,219
2025-07-19,Social,931
2025-07-20,Direct,1382
2025-07-20,Email,144
2025-07-20,Organic Search,1399
2025-07-20,Paid Search,425
2025-07-20,Referral,32
2025-07-20,Social,1602
2025-07-21,Direct,438
2025-07-21,Email,340
2025-07-21,Organic Search,1101
2025-07-21,Paid Search,962
2025-07-21,Referral,481
2025-07-21,Social,1847
2025-07-22,Direct,972
2025-07-22,Email,151
2025-07-22,Organic Search,2470
2025-07-22,Paid Search,996
2025-07-22,Referral,29
2025-07-22,Social,1096
2025-07-23,Direct,749
2025-07-23,Email,300
2025-07-23,Organic Search,1311
2025-07-23,Paid Search,1214
2025-07-23,Referral,466
2025-07-23,Social,533
2025-07-24,Direct,600
2025-07-24,Email,315
2025-07-24,Organic Search,2689
2025-07-24,Paid Search,1465
2025-07-24,Referral,50
2025-07-24,Social,1220
2025-07-25,Direct,1134
2025-07-25,Email,315
2025-07-25,Organic Search,1698
2025-07-25,Paid Search,1071
2025-07-25,Referral,190
2025-07-25,Social,669
2025-07-26,Direct,762
2025-07-26,Email,711
2025-07-26,Organic Search,2187
2025-07-26,Paid Search,1151
2025-07-26,Referral,307
2025-07-26,Social,817
2025-07-27,Direct,729
2025-07-27,Email,292
2025-07-27,Organic Search,1502
2025-07-27,Paid Search,954
2025-07-27,Referral,507
2025-07-27,Social,837
2025-07-28,Direct,641
2025-07-28,Email,311
2025-07-28,Organic Search,2195
2025-07-28,Paid Search,1347
2025-07-28,Referral,60
2025-07-28,Social,1504
2025-07-29,Direct,670
2025-07-29,Email,284
2025-07-29,Organic Search,2045
2025-07-29,Paid Search,1410
2025-07-29,Referral,395
2025-07-29,Social,612
2025-07-30,Direct,475
2025-07-30,Email,411
2025-07-30,Organic Search,1471
2025-07-30,Paid Search,995
2025-07-30,Referral,380
2025-07-30,Social,519
2025-07-31,Direct,827
2025-07-31,Email,348
2025-07-31,Organic Search,1673
2025-07-31,Paid Search,553
2025-07-31,Referral,886
2025-07-31,Social,1526
2025-08-01,Direct,492
2025-08-01,Email,464
2025-08-01,Organic Search,2143
2025-08-01,Paid Search,2115
2025-08-01,Referral,77
2025-08-01,Social,2243
2025-08-02,Direct,205
2025-08-02,Email,332
2025-08-02,Organic Search,2052
2025-08-02,Paid Search,1272
2025-08-02,Referral,274
2025-08-02,Social,1151
2025-08-03,Direct,996
2025-08-03,Email,562
2025-08-03,Organic Search,1789
2025-08-03,Paid Search,1053
2025-08-03,Referral,228
2025-08-03,Social,1055
2025-08-04,Direct,1274
2025-08-04,Email,152
2025-08-04,Organic Search,1493
2025-08-04,Paid Search,1387
2025-08-04,Referral,76
2025-08-04,Social,1201
2025-08-05,Direct,802
2025-08-05,Email,330
2025-08-05,Organic Search,1746
2025-08-05,Paid Search,1135
2025-08-05,Referral,50
2025-08-05,Social,812
2025-08-06,Direct,420
2025-08-06,Email,77
2025-08-06,Organic Search,3574
2025-08-06,Paid Search,1152
2025-08-06,Referral,325
2025-08-06,Social,649
2025-08-07,Direct,1044
2025-08-07,Email,345
2025-08-07,Organic Search,1188
2025-08-07,Paid Search,1509
2025-08-07,Referral,156
2025-08-07,Social,1727
2025-08-08,Direct,796
2025-08-08,Email,625
2025-08-08,Organic Search,1340
2025-08-08,Paid Search,1338
2025-08-08,Referral,219
2025-08-08,Social,952
2025-08-09,Direct,585
2025-08-09,Email,186
2025-08-09,Organic Search,2218
2025-08-09,Paid Search,1352
2025-08-09,Referral,274
2025-08-09,Social,775
2025-08-10,Direct,335
2025-08-10,Email,255
2025-08-10,Organic Search,1589
2025-08-10,Paid Search,1888
2025-08-10,Referral,328
2025-08-10,Social,989
2025-08-11,Direct,875
2025-08-11,Email,126
2025-08-11,Organic Search,2343
2025-08-11,Paid Search,1061
2025-08-11,Referral,445
2025-08-11,Social,771
2025-08-12,Direct,525
2025-08-12,Email,372
2025-08-12,Organic Search,2005
2025-08-12,Paid Search,1209
2025-08-12,Referral,529
2025-08-12,Social,1241
2025-08-13,Direct,496
2025-08-13,Email,292
2025-08-13,Organic Search,1137
2025-08-13,Paid Search,948
2025-08-13,Referral,95
2025-08-13,Social,1349
2025-08-14,Direct,657
2025-08-14,Email,346
2025-08-14,Organic Search,883
2025-08-14,Paid Search,849
2025-08-14,Referral,515
2025-08-14,Social,2397
2025-08-15,Direct,825
2025-08-15,Email,348
2025-08-15,Organic Search,1979
2025-08-15,Paid Search,1377
2025-08-15,Referral,419
2025-08-15,Social,807
2025-08-16,Direct,722
2025-08-16,Email,273
2025-08-16,Organic Search,1469
2025-08-16,Paid Search,651
2025-08-16,Referral,423
2025-08-16,Social,1121
2025-08-17,Direct,761
2025-08-17,Email,236
2025-08-17,Organic Search,2308
2025-08-17,Paid Search,1083
2025-08-17,Referral,116
2025-08-17,Social,1375
2025-08-18,Direct,858
2025-08-18,Email,121
2025-08-18,Organic Search,1545
2025-08-18,Paid Search,1292
2025-08-18,Referral,356
2025-08-18,Social,950
2025-08-19,Direct,755
2025-08-19,Email,252
2025-08-19,Organic Search,1427
2025-08-19,Paid Search,2113
2025-08-19,Referral,353
2025-08-19,Social,826
2025-08-20,Direct,665
2025-08-20,Email,430
2025-08-20,Organic Search,1521
2025-08-20,Paid Search,1254
2025-08-20,Referral,90
2025-08-20,Social,764
2025-08-21,Direct,529
2025-08-21,Email,274
2025-08-21,Organic Search,1591
2025-08-21,Paid Search,877
2025-08-21,Referral,228
2025-08-21,Social,952
2025-08-22,Direct,710
2025-08-22,Email,182
2025-08-22,Organic Search,1396
2025-08-22,Paid Search,1067
2025-08-22,Referral,343
2025-08-22,Social,760
2025-08-23,Direct,563
2025-08-23,Email,314
2025-08-23,Organic Search,2677
2025-08-23,Paid Search,1145
2025-08-23,Referral,73
2025-08-23,Social,955
2025-08-24,Direct,1146
2025-08-24,Email,318
2025-08-24,Organic Search,1514
2025-08-24,Paid Search,993
2025-08-24,Referral,147
2025-08-24,Social,906
2025-08-25,Direct,566
2025-08-25,Email,395
2025-08-25,Organic Search,1568
2025-08-25,Paid Search,1027
2025-08-25,Referral,505
2025-08-25,Social,1061
2025-08-26,Direct,916
2025-08-26,Email,289
2025-08-26,Organic Search,1572
2025-08-26,Paid Search,457
2025-08-26,Referral,380
2025-08-26,Social,1492
2025-08-27,Direct,562
2025-08-27,Email,249
2025-08-27,Organic Search,1872
2025-08-27,Paid Search,979
2025-08-27,Referral,313
2025-08-27,Social,1222
2025-08-28,Direct,1020
2025-08-28,Email,312
2025-08-28,Organic Search,1430
2025-08-28,Paid Search,901
2025-08-28,Referral,191
2025-08-28,Social,1679
2025-08-29,Direct,653
2025-08-29,Email,280
2025-08-29,Organic Search,2314
2025-08-29,Paid Search,1034
2025-08-29,Referral,384
2025-08-29,Social,1509
2025-08-30,Direct,1097
2025-08-30,Email,183
2025-08-30,Organic Search,1902
2025-08-30,Paid Search,970
2025-08-30,Referral,407
2025-08-30,Social,1299
2025-08-31,Direct,620
2025-08-31,Email,321
2025-08-31,Organic Search,1893
2025-08-31,Paid Search,1737
2025-08-31,Referral,295
2025-08-31,Social,508
2025-09-01,Direct,454
2025-09-01,Email,265
2025-09-01,Organic Search,2137
2025-09-01,Paid Search,998
2025-09-01,Referral,427
2025-09-01,Social,1377
2025-09-02,Direct,528
2025-09-02,Email,309
2025-09-02,Organic Search,1717
2025-09-02,Paid Search,961
2025-09-02,Referral,371
2025-09-02,Social,1787
2025-09-03,Direct,369
2025-09-03,Email,258
2025-09-03,Organic Search,1916
2025-09-03,Paid Search,655
2025-09-03,Referral,410
2025-09-03,Social,1572
2025-09-04,Direct,721
2025-09-04,Email,548
2025-09-04,Organic Search,1872
2025-09-04,Paid Search,535
2025-09-04,Referral,241
2025-09-04,Social,1242
2025-09-05,Direct,565
2025-09-05,Email,151
2025-09-05,Organic Search,1557
2025-09-05,Paid Search,1366
2025-09-05,Referral,136
2025-09-05,Social,1785
2025-09-06,Direct,555
2025-09-06,Email,142
2025-09-06,Organic Search,1279
2025-09-06,Paid Search,1972
2025-09-06,Referral,604
2025-09-06,Social,1104
2025-09-07,Direct,830
2025-09-07,Email,216
2025-09-07,Organic Search,2486
2025-09-07,Paid Search,984
2025-09-07,Referral,189
2025-09-07,Social,969
2025-09-08,Direct,676
2025-09-08,Email,237
2025-09-08,Organic Search,2351
2025-09-08,Paid Search,1181
2025-09-08,Referral,280
2025-09-08,Social,1494
2025-09-09,Direct,752
2025-09-09,Email,79
2025-09-09,Organic Search,1618
2025-09-09,Paid Search,1853
2025-09-09,Referral,296
2025-09-09,Social,1729
2025-09-10,Direct,785
2025-09-10,Email,185
2025-09-10,Organic Search,1898
2025-09-10,Paid Search,1363
2025-09-10,Referral,204
2025-09-10,Social,386
2025-09-11,Direct,404
2025-09-11,Email,352
2025-09-11,Organic Search,1315
2025-09-11,Paid Search,1175
2025-09-11,Referral,283
2025-09-11,Social,1406
2025-09-12,Direct,834
2025-09-12,Email,381
2025-09-12,Organic Search,1799
2025-09-12,Paid Search,854
2025-09-12,Referral,267
2025-09-12,Social,903
2025-09-13,Direct,673
2025-09-13,Email,308
2025-09-13,Organic Search,1676
2025-09-13,Paid Search,1616
2025-09-13,Referral,100
2025-09-13,Social,578
2025-09-14,Direct,449
2025-09-14,Email,230
2025-09-14,Organic Search,1154
2025-09-14,Paid Search,2042
2025-09-14,Referral,350
2025-09-14,Social,3054
2025-09-15,Direct,409
2025-09-15,Email,481
2025-09-15,Organic Search,2073
2025-09-15,Paid Search,986
2025-09-15,Referral,299
2025-09-15,Social,633
2025-09-16,Direct,481
2025-09-16,Email,427
2025-09-16,Organic Search,1882
2025-09-16,Paid Search,670
2025-09-16,Referral,707
2025-09-16,Social,477
2025-09-17,Direct,928
2025-09-17,Email,287
2025-09-17,Organic Search,1387
2025-09-17,Paid Search,1238
2025-09-17,Referral,580
2025-09-17,Social,1066
2025-09-18,Direct,892
2025-09-18,Email,121
2025-09-18,Organic Search,1329
2025-09-18,Paid Search,816
2025-09-18,Referral,198
2025-09-18,Social,810
2025-09-19,Direct,711
2025-09-19,Email,215
2025-09-19,Organic Search,1592
2025-09-19,Paid Search,241
2025-09-19,Referral,467
2025-09-19,Social,1506
2025-09-20,Direct,565
2025-09-20,Email,389
2025-09-20,Organic Search,1648
2025-09-20,Paid Search,941
2025-09-20,Referral,94
2025-09-20,Social,576
2025-09-21,Direct,711
2025-09-21,Email,232
2025-09-21,Organic Search,775
2025-09-21,Paid Search,789
2025-09-21,Referral,271
2025-09-21,Social,518
2025-09-22,Direct,604
2025-09-22,Email,274
2025-09-22,Organic Search,1214
2025-09-22,Paid Search,646
2025-09-22,Referral,140
2025-09-22,Social,444
2025-09-23,Direct,777
2025-09-23,Email,203
2025-09-23,Organic Search,1194
2025-09-23,Paid Search,833
2025-09-23,Referral,485
2025-09-23,Social,644
2025-09-24,Direct,745
2025-09-24,Email,91
2025-09-24,Organic Search,1242
2025-09-24,Paid Search,790
2025-09-24,Referral,93
2025-09-24,Social,744
2025-09-25,Direct,794
2025-09-25,Email,197
2025-09-25,Organic Search,1472
2025-09-25,Paid Search,583
2025-09-25,Referral,123
2025-09-25,Social,1174
2025-09-26,Direct,713
2025-09-26,Email,227
2025-09-26,Organic Search,1666
2025-09-26,Paid Search,677
2025-09-26,Referral,196
2025-09-26,Social,684
2025-09-27,Direct,947
2025-09-27,Email,149
2025-09-27,Organic Search,901
2025-09-27,Paid Search,545
2025-09-27,Referral,96
2025-09-27,Social,706
2025-09-28,Direct,571
2025-09-28,Email,243
2025-09-28,Organic Search,1429
2025-09-28,Paid Search,965
2025-09-28,Referral,195
2025-09-28,Social,487
2025-09-29,Direct,556
2025-09-29,Email,268
2025-09-29,Organic Search,960
2025-09-29,Paid Search,1333
2025-09-29,Referral,101
2025-09-29,Social,197
2025-09-30,Direct,804
2025-09-30,Email,179
2025-09-30,Organic Search,1465
2025-09-30,Paid Search,912
2025-09-30,Referral,234
2025-09-30,Social,807
2025-10-01,Direct,616
2025-10-01,Email,251
2025-10-01,Organic Search,1179
2025-10-01,Paid Search,478
2025-10-01,Referral,66
2025-10-01,Social,819
2025-10-02,Direct,544
2025-10-02,Email,362
2025-10-02,Organic Search,1099
2025-10-02,Paid Search,667
2025-10-02,Referral,61
2025-10-02,Social,1680
2025-10-03,Direct,357
2025-10-03,Email,106
2025-10-03,Organic Search,1680
2025-10-03,Paid Search,1459
2025-10-03,Referral,381
2025-10-03,Social,1025
2025-10-04,Direct,707
2025-10-04,Email,190
2025-10-04,Organic Search,1562
2025-10-04,Paid Search,881
2025-10-04,Referral,234
2025-10-04,Social,1396
2025-10-05,Direct,275
2025-10-05,Email,102
2025-10-05,Organic Search,1494
2025-10-05,Paid Search,475
2025-10-05,Referral,38
2025-10-05,Social,1101
2025-10-06,Direct,671
2025-10-06,Email,359
2025-10-06,Organic Search,1014
2025-10-06,Paid Search,1173
2025-10-06,Referral,406
2025-10-06,Social,572
2025-10-07,Direct,299
2025-10-07,Email,279
2025-10-07,Organic Search,762
2025-10-07,Paid Search,1652
2025-10-07,Referral,116
2025-10-07,Social,2075
2025-10-08,Direct,671
2025-10-08,Email,320
2025-10-08,Organic Search,1595
2025-10-08,Paid Search,616
2025-10-08,Referral,68
2025-10-08,Social,484
2025-10-09,Direct,316
2025-10-09,Email,157
2025-10-09,Organic Search,718
2025-10-09,Paid Search,1129
2025-10-09,Referral,147
2025-10-09,Social,1062
2025-10-10,Direct,515
2025-10-10,Email,176
2025-10-10,Organic Search,1142
2025-10-10,Paid Search,1025
2025-10-10,Referral,98
2025-10-10,Social,503
2025-10-11,Direct,498
2025-10-11,Email,251
2025-10-11,Organic Search,1471
2025-10-11,Paid Search,720
2025-10-11,Referral,429
2025-10-11,Social,551
2025-10-12,Direct,994
2025-10-12,Email,293
2025-10-12,Organic Search,847
2025-10-12,Paid Search,1010
2025-10-12,Referral,137
2025-10-12,Social,1072
2025-10-13,Direct,181
2025-10-13,Email,146
2025-10-13,Organic Search,2048
2025-10-13,Paid Search,1022
2025-10-13,Referral,141
2025-10-13,Social,978
2025-10-14,Direct,421
2025-10-14,Email,296
2025-10-14,Organic Search,2022
2025-10-14,Paid Search,593
2025-10-14,Referral,73
2025-10-14,Social,934
2025-10-15,Direct,424
2025-10-15,Email,232
2025-10-15,Organic Search,1209
2025-10-15,Paid Search,831
2025-10-15,Referral,26
2025-10-15,Social,1113
2025-10-16,Direct,556
2025-10-16,Email,203
2025-10-16,Organic Search,686
2025-10-16,Paid Search,1032
2025-10-16,Referral,469
2025-10-16,Social,558
2025-10-17,Direct,436
2025-10-17,Email,127
2025-10-17,Organic Search,1186
2025-10-17,Paid Search,1244
2025-10-17,Referral,329
2025-10-17,Social,877
2025-10-18,Direct,483
2025-10-18,Email,235
2025-10-18,Organic Search,1601
2025-10-18,Paid Search,1102
2025-10-18,Referral,72
2025-10-18,Social,1116
